,ENSG00000160307,ENSG00000162520,ENSG00000204261,ENSG00000182326,ENSG00000111801,ENSG00000206337,ENSG00000242574,ENSG00000188501,ENSG00000125730,ENSG00000095303,ENSG00000196735,ENSG00000079931,ENSG00000198734,ENSG00000243649,ENSG00000112936,ENSG00000231852,ENSG00000204264,ENSG00000153029,ENSG00000113578,ENSG00000198483,ENSG00000166710,ENSG00000107562,ENSG00000159403,ENSG00000133321,ENSG00000234745,ENSG00000204257,ENSG00000163661,ENSG00000151468,ENSG00000204287,ENSG00000231389,ENSG00000149131,ENSG00000240065,ENSG00000129009,ENSG00000197943,ENSG00000056998,ENSG00000174348,ENSG00000026297,ENSG00000157150,ENSG00000101104,ENSG00000130055,ENSG00000222009,ENSG00000101160,ENSG00000171631,ENSG00000160219,ENSG00000164761,ENSG00000166741,ENSG00000165633,ENSG00000140092,ENSG00000145721,ENSG00000186204,ENSG00000006042,ENSG00000188488,ENSG00000250942,ENSG00000163395,ENSG00000005243,ENSG00000204482,ENSG00000168306,ENSG00000010704,ENSG00000181804,ENSG00000180638,ENSG00000164106,ENSG00000249306,ENSG00000107611,ENSG00000134343,ENSG00000205542,ENSG00000244509,ENSG00000139178,ENSG00000163453,ENSG00000150977,ENSG00000132274,ENSG00000146122,ENSG00000100055,ENSG00000166278,ENSG00000069535,ENSG00000110092,ENSG00000128262,ENSG00000262001,ENSG00000131386,ENSG00000148735,ENSG00000204252,ENSG00000006756,mgs_level
2,11.5164067747452,0.575820338737262,0.863730508105892,18.4262508395924,3.26298191951115,3.55089208887978,6.62193389547851,0,55.2787525187771,3.26298191951115,14.3955084684315,49.8084593007731,3.93477231470462,5.75820338737262,10.7486463230955,0.863730508105892,7.58163446004061,4.12671242761704,43.7623457440319,1.43955084684315,154.127910668674,2.59119152431768,18.714161008961,5.47029321800398,95.1063259481044,7.86954462940924,0.959700564562103,3.26298191951115,58.445764381832,29.4628073320565,73.8969434712819,5.08641299217914,1.82343107266799,2.30328135494905,3.55089208887978,0.863730508105892,9.50103558916482,0.191940112912421,2.30328135494905,2.11134124203663,1.15164067747452,13.1478977345008,0.671790395193472,2.49522146786147,0.479850282281051,2.11134124203663,7.67760451649682,1.24761073393073,51.3439802040725,0.479850282281051,17.4665502750303,104.703331593725,1.15164067747452,0.767760451649682,2.97507175014252,1.91940112912421,2.11134124203663,1.82343107266799,2.68716158077389,0.479850282281051,9.78894575853345,0.287910169368631,13.243867790957,6.62193389547851,128.120025369041,2.11134124203663,10.0768559279021,19.2899813476983,2.59119152431768,8.25342485523408,10.0768559279021,1.15164067747452,3.55089208887978,33.6854898161298,5.18238304863535,0.671790395193472,3.83880225824841,38.5799626953965,1.72746101621178,2.39925141140526,10.3647660972707,MGS1
4,7.39216092185555,0.938687101188006,1.17335887648501,29.6859795750707,4.92810728123703,2.69872541591552,4.57609961829153,0.469343550594003,18.5390702484631,3.75474840475202,7.04015325891004,10.2082222254196,6.33613793301904,6.92281737126154,8.21351213539505,2.22938186532151,7.04015325891004,5.28011494418253,59.1372873748444,4.81077139358853,134.936270795776,3.87208429240052,28.6299565862342,8.80019157363756,77.4416858480105,6.21880204537054,0.938687101188006,5.86679438242504,39.7768659128417,27.9259412603432,63.3613793301904,1.99471009002451,1.76003831472751,1.64270242707901,5.28011494418253,0.586679438242504,10.4428940007166,0.938687101188006,4.10675606769753,9.62154278717706,1.17335887648501,22.0591468779181,1.99471009002451,6.68814559596454,1.29069476413351,0.821351213539505,9.26953512423156,3.05073307886102,135.288278458721,1.29069476413351,25.2272158444277,35.3181021821987,1.05602298883651,0.117335887648501,5.74945849477654,0.704015325891004,6.10146615772204,2.22938186532151,4.92810728123703,1.05602298883651,8.44818391069205,0,54.2091800936073,1.40803065178201,129.421484076296,10.9122375513106,15.3710012819536,20.0644367878936,3.16806896650952,22.7631622038091,9.85621456247406,0.821351213539505,1.99471009002451,36.3741251710352,6.57080970831604,0.352007662945502,3.87208429240052,29.3339719121252,0.586679438242504,2.11204597767301,7.97884036009805,MGS1
6,5.59315613890745,0.438678912855486,1.20636701035259,18.8631932527859,5.48348641069357,5.48348641069357,16.231119775653,0.329009184641614,22.5919640120575,1.86438537963581,6.9091928774739,7.89622043139875,1.5353761949942,3.50943130284389,7.34787179032939,0.877357825710972,4.93513776962422,2.96108266177453,33.0105881923753,2.19339456427743,120.636701035259,3.29009184641614,17.8761656988611,5.59315613890745,119.649673481334,24.4563493916933,0.877357825710972,4.49645885676873,41.5648269930573,18.8631932527859,49.3513776962422,1.5353761949942,1.42570646678033,2.3030642924913,2.63207347713292,1.75471565142194,12.9410279292368,0.329009184641614,2.74174320534679,7.78655070318487,0.987027553924843,16.3407895038668,1.5353761949942,1.97405510784969,0.438678912855486,0.548348641069357,11.954000375312,1.86438537963581,73.8077270879355,0.877357825710972,16.0117803192252,14.1473949395894,0.877357825710972,0.329009184641614,2.85141293356066,0.548348641069357,3.39976157463002,1.5353761949942,4.38678912855486,0.987027553924843,5.70282586712132,0,28.0754504227511,5.04480749783809,109.34071902923,5.26414695426583,6.25117450819067,14.476404124231,2.19339456427743,13.0506976574507,7.45754151854326,1.20636701035259,1.75471565142194,24.8950283045488,5.59315613890745,0,2.63207347713292,22.8113034684853,0.329009184641614,2.3030642924913,4.93513776962422,MGS1
9,8.08401926577367,1.12278045357968,0.561390226789839,27.5081211127021,5.83845835861432,3.25606331538106,5.27706813182448,0.785946317505774,50.5251204110855,4.49112181431871,8.98224362863742,11.1155264904388,5.05251204110855,5.95073640397229,6.51212663076213,0.449112181431871,4.37884376896074,5.72618031325635,45.135774233903,4.15428767824481,95.8854507357044,3.70517549681293,16.0557604861894,6.28757054004619,38.174535421709,7.07351685755197,0.785946317505774,2.91922917930716,36.3780866959815,25.7116723869746,48.504115594642,1.90872677108545,1.34733654429561,3.36834136073903,5.50162422254042,1.68417068036952,11.4523606265127,1.34733654429561,2.91922917930716,6.84896076683603,1.34733654429561,18.3013213933487,0.673668272147806,4.04200963288684,0.785946317505774,1.12278045357968,10.2173021275751,1.57189263501155,119.239284170162,1.57189263501155,24.9257260694688,36.2658086506236,0.561390226789839,0.336834136073903,3.25606331538106,0.898224362863742,3.25606331538106,2.91922917930716,5.05251204110855,2.35783895251732,8.98224362863742,0,23.5783895251732,1.12278045357968,102.846689547898,8.64540949256351,5.83845835861432,13.922477624388,2.02100481644342,14.1470337151039,11.6769167172286,0.673668272147806,1.01050240822171,33.0097453352425,13.4733654429561,0.224556090715935,1.34733654429561,27.1712869766282,0.224556090715935,3.480619406097,7.52262903898384,MGS1
17,10.0538245400835,0.346683604830465,1.50229562093201,29.3525452089793,7.28035570143976,3.69795845152496,2.19566283059294,0.23112240322031,26.3479539671153,2.3112240322031,3.92908085474527,14.5607114028795,1.2711732177117,5.8936212821179,11.0938753545749,0.346683604830465,6.47142729016867,4.50688686279604,45.8777970392315,3.12015244347418,160.398947834895,2.42678523381325,18.9520370640654,8.89821252398193,100.191561796004,6.70254969338898,0.693367209660929,3.35127484669449,34.7839216846566,18.6053534592349,70.7234553854148,1.61785682254217,0.693367209660929,2.42678523381325,2.65790763703356,0.924489612881239,6.93367209660929,0.808928411271084,2.88903004025387,7.85816170949053,0.462244806440619,21.2632610962685,0.924489612881239,4.50688686279604,0.577806008050774,0.115561201610155,12.1339261690663,0.693367209660929,107.471917497444,0.23112240322031,21.1476998946583,15.4852010157608,0.808928411271084,0.23112240322031,4.04464205635542,0.808928411271084,5.54693767728743,2.3112240322031,3.00459124186403,1.50229562093201,7.85816170949053,0,17.4497414431334,2.65790763703356,134.744361077441,7.39591690304991,5.66249887889759,12.4806097738967,2.19566283059294,13.2895381851678,5.43137647567728,0.577806008050774,1.38673441932186,35.823972499148,6.81811089499914,0.23112240322031,2.08010162898279,32.4726976524535,0,2.3112240322031,5.8936212821179,MGS1
18,9.57028257523646,0.302219449744309,1.51109724872155,23.5731170800561,6.74956771095624,5.540689911979,2.92145468086166,0.100739816581436,16.622069735937,1.00739816581436,4.83551119590895,16.0176308364484,2.51849541453591,5.94364917830475,3.92885284667602,0.906658349232928,6.14512881146762,5.23847046223469,46.3403156274607,2.71997504769878,108.295302825044,3.42515376376884,15.2117123037969,6.14512881146762,74.1445050039372,4.4325519295832,0.503699082907182,3.92885284667602,28.4086282759651,13.1969159721682,48.0528925093452,1.20887779897724,0.604438899488619,1.20887779897724,3.52589358035027,0.302219449744309,6.54808807779337,0.402959266325746,3.62663339693171,7.35400661044486,0.906658349232928,15.3124521203783,0.604438899488619,2.82071486428022,0.302219449744309,0.805918532651491,9.26806312549215,0.805918532651491,139.121686698964,2.31701578137304,24.1775559795447,6.04438899488618,0.302219449744309,0.100739816581436,3.72737321351315,0.503699082907182,5.64142972856044,2.92145468086166,3.82811303009458,0.402959266325746,5.74216954514188,0.100739816581436,23.4723772634747,3.52589358035027,114.944130719419,6.74956771095624,6.6488278943748,13.5998752384939,2.11553614821016,18.4353864344029,7.95844550993348,0.705178716070055,1.61183706530298,27.5019699267321,6.95104734411911,0.100739816581436,2.92145468086166,24.2782957961262,0.100739816581436,1.41035743214011,5.33921027881613,MGS1
32,3.35968703279033,1.04266149293493,0.926810215942161,18.3045017648577,5.67671257264574,2.78043064782648,4.17064597173973,0.695107661956621,19.4630145347854,1.96947170887709,4.86575363369635,9.49980471340715,3.70724086376864,3.93894341775419,7.18277917355175,0.11585127699277,3.4755383097831,4.51819980271804,40.5479469474696,2.43287681684817,93.4919805331655,4.2864972487325,9.84735854438546,4.05479469474696,28.8469679711998,5.79256384963851,0.810958938949391,3.12798447880479,33.5968703279033,20.5056760277203,28.6152654172142,0.463405107971081,0.34755383097831,1.62191787789878,1.62191787789878,0.926810215942161,11.2375738682987,1.1585127699277,3.35968703279033,6.02426640362405,0.926810215942161,12.9753430231903,0.23170255398554,4.74990235670358,0.463405107971081,0.23170255398554,12.1643840842409,0.579256384963851,110.174564420124,2.54872809384094,18.652055595836,15.1765172860529,0.23170255398554,0.23170255398554,2.78043064782648,0.695107661956621,4.2864972487325,3.01213320181202,4.98160491068912,0,3.82309214076141,0.34755383097831,32.4383575579756,1.39021532391324,101.717421199652,4.86575363369635,4.86575363369635,12.8594917461975,2.43287681684817,16.7984351639517,5.32915874166743,0.23170255398554,0.695107661956621,26.7616449853299,9.84735854438546,0.11585127699277,1.62191787789878,32.0908037269973,0.11585127699277,3.24383575579756,4.63405107971081,MGS1
35,5.48174385747259,0.783106265353227,0.783106265353227,21.6257807124468,3.43361977885646,1.74692936117258,3.61433660932259,0.301194717443549,24.6377278868823,2.83123034396936,3.19266400490162,8.49369103190808,7.22867321864517,3.37338083536775,5.24078808351775,0.783106265353227,4.3372039311871,5.72269963142743,38.9745964371952,2.40955773954839,79.1539717441647,3.55409766583388,12.1682665847194,4.57815970514194,39.5769858720823,6.86723955771292,0.722867321864517,3.91553132676614,25.7822678131678,11.8670718672758,60.0582266582437,0.722867321864517,0.783106265353227,2.16860196559355,3.85529238327743,0.481911547909678,8.67440786237421,0.903584152330647,2.53003562652581,3.01194717443549,0.903584152330647,19.7583734642968,0.240955773954839,2.77099140048065,1.02406203930807,0.361433660932259,12.1682665847194,0.903584152330647,90.2379373460873,0.602389434887098,19.5776566338307,29.5773212529565,0.662628378375808,0.542150491398388,4.03600921374356,0.843345208841937,3.61433660932259,1.14453992628549,3.49385872234517,0.421672604420968,3.61433660932259,0.180716830466129,22.7703206387323,3.43361977885646,114.273275798082,4.21672604420969,4.09624815723227,13.07185073705,2.83123034396936,16.8669041768387,5.60222174445001,0.301194717443549,1.50597358721774,23.0112764126871,6.68652272724679,0.0602389434887098,4.45768181816452,21.6257807124468,0.0602389434887098,2.71075245699194,7.71058476655485,MGS1
41,11.0255349994737,1.8614539609501,2.43420902585783,37.8018342839098,7.15943831134655,10.1664024021121,10.0232136358852,0,60.9984144126726,10.309591168339,10.0232136358852,11.3119125319276,9.59364733720438,12.1710451292891,13.4597440253315,2.43420902585783,7.44581584380041,8.01857090870814,65.8668324643883,3.43653038944634,264.183273688688,5.01160681794259,31.071962271244,10.0232136358852,148.486750577327,12.7438001941969,0.286377532453862,5.01160681794259,84.6245608401162,34.0789263620096,173.401595900813,2.57739779208476,2.00464272717703,4.29566298680793,3.00696409076555,4.72522928548872,17.0394631810048,1.00232136358852,3.43653038944634,5.44117311662338,1.28869889604238,28.0649981804785,0.859132597361586,4.72522928548872,2.14783149340397,1.14551012981545,14.0324990902392,4.58204051926179,100.375325125079,0.715943831134655,23.6261464274436,41.3815534395831,0.715943831134655,0.859132597361586,4.152474220581,3.15015285699248,5.01160681794259,1.14551012981545,5.72755064907724,4.29566298680793,7.58900461002734,0.429566298680793,38.3745893488175,7.73219337625428,121.424073760438,6.0139281815311,8.44813720738893,12.0278563630622,2.00464272717703,18.0417845445933,13.8893103240123,1.8614539609501,1.71826519472317,37.6586455176829,13.1733664928777,0.429566298680793,6.87306077889269,35.9403803229597,0.429566298680793,2.72058655831169,9.45045857097745,MGS1
42,9.23505942543044,1.88470600518989,0.753882402075954,38.2595319053547,4.9002356134937,2.45011780674685,10.5543536290634,0.376941201037977,103.564594985184,11.2140007308798,7.25611811998106,14.2295303391836,10.2716477282849,8.66964762387347,12.5332949345127,0.848117702335449,6.50223571790511,7.35035342024056,52.1121210435003,4.24058851167724,179.706717594856,3.67517671012028,35.2440022970509,10.5543536290634,71.1476516959182,10.9312948301013,2.35588250648736,4.24058851167724,81.6077700247221,39.9557673100256,104.883889188817,1.6020001044114,2.54435310700635,4.52329441245573,6.50223571790511,2.82705900778483,16.1142363443735,0.753882402075954,4.9002356134937,6.5964710181646,1.03658830285444,22.8049426627976,0.65964710181646,4.05211791115825,1.97894130544938,5.93682391634814,11.9678831329558,2.63858840726584,131.835185063033,0.376941201037977,19.4124718534558,58.8028273619244,0.65964710181646,0.282705900778483,2.54435310700635,2.63858840726584,4.71176501297471,1.6962354046709,6.21952981712662,3.39247080934179,12.2505890337343,3.76941201037977,42.0289439157345,4.33482381193674,174.523776080583,5.84258861608865,6.78494161868359,17.4335305480064,3.20400020882281,24.8781192685065,7.16188281972157,1.13082360311393,2.54435310700635,36.7517671012028,13.5698832373672,0.0942353002594943,3.10976490856331,42.4058851167724,1.03658830285444,1.97894130544938,3.39247080934179,MGS1
43,7.31663805877464,0.481357767024647,0.385086213619718,22.2387288365387,5.39120699067605,2.11797417490845,3.46577592257746,0.0962715534049295,20.6021124286549,1.34780174766901,8.37562514622887,6.83528029174999,1.92543106809859,5.8725647577007,8.4718966996338,0.288814660214789,2.88814660214789,5.48747854408098,31.4807979634119,2.11797417490845,95.597652531095,2.98441815555281,9.24206912687323,2.88814660214789,40.2415093232605,5.00612077705633,1.05898708745422,2.88814660214789,34.4652161189648,9.43461223368309,44.2849145662676,0.962715534049295,0.385086213619718,1.15525864085915,3.94713368960211,0.481357767024647,7.99053893260915,0.577629320429577,2.11797417490845,2.79187504874296,0.962715534049295,13.2854743698803,0.673900873834506,2.98441815555281,0.577629320429577,0.673900873834506,8.37562514622887,0.481357767024647,84.622695442933,1.25153019426408,17.9065089333169,11.5525864085915,0.385086213619718,0.288814660214789,3.94713368960211,0.288814660214789,2.88814660214789,1.92543106809859,2.40678883512324,0.288814660214789,3.85086213619718,0.288814660214789,33.5987721383204,0.866443980644366,97.8118982594084,3.94713368960211,5.48747854408098,17.5214227196972,1.34780174766901,10.1085131075176,5.29493543727112,0.673900873834506,1.34780174766901,20.8909270888697,4.13967679641197,0.385086213619718,3.94713368960211,15.9810778652183,0.192543106809859,2.21424572831338,6.16137941791549,MGS1
81,6.0077732945128,1.16279483119603,0.290698707799006,34.2055479510164,5.91087372524646,2.22869009312572,4.84497846331677,0.775196554130684,24.3217918858502,1.45349353899503,8.33336295690485,5.52327544818112,5.52327544818112,6.49227114084448,5.13567717111578,0.775196554130684,3.39148492432174,4.3604806169851,46.8993915249064,2.51938880092472,83.4305291383148,3.10078621652274,12.7907431431563,5.42637587891479,40.8916182303936,5.23257674038212,0.678296984864348,3.48838449358808,34.1086483817501,12.0155465890256,51.0660730033588,0.968995692663355,1.06589526192969,2.42248923165839,2.81008750872373,0.484497846331677,7.6550659720405,0.968995692663355,2.71318793945739,2.90698707799006,1.16279483119603,15.4070315133473,0.387598277065342,3.58528406285441,0.290698707799006,0.387598277065342,8.33336295690485,0.484497846331677,117.345378381532,0.387598277065342,22.7713987775888,11.7248478812266,0.484497846331677,0.193799138532671,3.58528406285441,0.775196554130684,3.48838449358808,2.90698707799006,3.77908320138708,0.0968995692663355,6.10467286377913,0.290698707799006,23.4496957624532,0.484497846331677,112.403500348949,6.20157243304547,6.29847200231181,10.2713543422316,1.74419224679404,12.4031448660909,5.32947630964845,0.484497846331677,1.3565939697287,25.1938880092472,7.46126683350783,0.193799138532671,2.22869009312572,28.1008750872373,0,2.42248923165839,6.10467286377913,MGS1
89,9.88344112553423,0.753024085754989,0.847152096474363,23.2496186476853,6.21244870747866,3.01209634301996,4.32988849309119,0.0941280107193736,27.4853791300571,2.25907225726497,3.5768644073362,14.6839696722223,1.7884322036681,4.04750446093307,7.15372881467239,0.376512042877494,2.82384032158121,5.83593666460116,69.7488559430558,2.16494424654559,118.601293506411,3.95337645021369,11.7660013399217,3.67099241805557,32.2859076767451,3.76512042877494,0.941280107193736,1.88256021438747,26.6382270335827,10.1658251576923,51.9586619170942,0.847152096474363,0.188256021438747,2.54145628942309,1.12953612863248,0.376512042877494,9.41280107193736,0,3.48273639661682,2.82384032158121,1.12953612863248,14.0250735971867,0.376512042877494,1.60017618222935,0.564768064316242,0.376512042877494,7.24785682539177,0.282384032158121,120.860365763676,1.12953612863248,20.8964183797009,16.0017618222935,0.470640053596868,0.470640053596868,3.2003523644587,0.470640053596868,3.29448037517808,1.7884322036681,3.67099241805557,0.376512042877494,4.42401650381056,0,23.1554906369659,1.88256021438747,92.8102185693024,4.9887845681268,4.9887845681268,15.8135058008548,1.22366413935186,31.3446275695514,4.23576048237181,0.376512042877494,1.12953612863248,29.2738113337252,14.119201607906,0.0941280107193736,3.76512042877494,35.4862600412039,0.0941280107193736,1.03540811791311,5.74180865388179,MGS1
99,3.04095838202112,1.37333604349341,0.882858885102905,32.8619696121637,3.72762640376782,1.76571777020581,8.43620712431665,0.980954316781006,54.7372508763801,3.53143554041162,4.70858072054883,11.1828792113035,4.61048528887073,3.82572183544592,8.92668428270716,1.86381320188391,5.49334417397363,4.90477158390503,58.8572590068604,3.43334010873352,103.981157578787,3.72762640376782,19.6190863356201,7.06287108082324,42.2791310532614,7.74953910256995,0.392381726712402,4.51238985719263,49.0477158390503,26.9762437114777,68.274420447958,1.37333604349341,1.27524061181531,3.04095838202112,1.86381320188391,1.07904974845911,9.90763859948816,1.86381320188391,3.04095838202112,4.41429442551453,0.686668021746704,22.0714721275726,0.294286295034302,3.53143554041162,0.490477158390503,0.588572590068604,10.8885929162692,1.96190863356201,113.692605314919,0.784763453424805,21.2867086741478,40.8076995780899,0.0980954316781006,0.784763453424805,3.04095838202112,1.17714518013721,6.67048935411084,2.45238579195252,5.88572590068604,2.25619492859631,4.41429442551453,0.392381726712402,24.6219533512032,0.882858885102905,123.894530209441,4.90477158390503,5.10096244726123,20.8943269474354,3.53143554041162,15.9895553635304,7.06287108082324,1.07904974845911,0.980954316781006,19.1286091772296,9.90763859948816,0.0980954316781006,2.55048122363062,22.1695675592507,0.0980954316781006,2.25619492859631,4.61048528887073,MGS1
109,8.79345329587185,1.38843999408503,0.925626662723353,24.1588558970795,6.66451197160814,4.16531998225509,6.2942613065188,0.740501330178682,18.6976585870117,3.98019464971042,2.59175465562539,21.3819759089094,9.25626662723353,6.01657330770179,9.99676795741221,0.555375997634012,4.53557064734443,5.36863464379545,74.7906343480469,2.12894132426371,144.582884717388,9.07114129468886,13.791837274578,5.64632264261245,58.1293544190265,8.05295196569317,0.647938663906347,2.86944265444239,51.0945917823291,21.1042879100924,69.2368743717068,1.20331466154036,1.20331466154036,3.70250665089341,3.60994398462108,1.11075199526802,13.8843999408503,1.29587732781269,5.92401064142946,8.51576529705484,1.48100266035736,19.8084105822797,0.277687998817006,4.7206959798891,0.277687998817006,0.185125332544671,15.8282159325693,2.40662932308072,154.949903339889,2.03637865799138,27.3059865503389,29.527490540875,0.740501330178682,0.647938663906347,5.55375997634012,0.740501330178682,5.64632264261245,2.22150399053605,5.83144797515712,0.647938663906347,6.10913597397413,0.370250665089341,36.8399411763894,1.11075199526802,148.377954034553,6.75707463788047,4.9983839787061,17.7720319242884,3.70250665089341,23.7886052319902,10.7372692875909,0.462813331361676,1.75869065917437,35.3589385160321,21.2894132426371,0.0925626662723353,2.86944265444239,31.9341198639557,0.185125332544671,2.59175465562539,9.4413919597782,MGS1
115,11.74336822425,1.36412863210984,0.948959048424239,27.2232627016703,6.7613332200227,3.91445607474998,6.04961393370452,1.00826898895075,53.912735938602,4.21100577738256,3.49928649106438,8.83718113845072,5.75306423107195,6.10892387423104,3.67721631264392,0.771029226844694,4.98203500422725,4.62617536106816,50.5913792691172,4.80410518264771,96.1414135934807,3.73652625317044,21.3515785895454,7.88822209002648,47.0920927780528,5.39720458791286,0.948959048424239,2.72825726421969,40.3307595580301,26.5115434153522,66.4271333896967,1.36412863210984,1.12688887000378,3.49928649106438,2.3723976210606,0.652409345791664,8.83718113845072,1.00826898895075,6.04961393370452,7.41374256581436,0.652409345791664,14.2936956668901,0.593099405265149,2.84687714527272,1.00826898895075,0.474479524212119,9.90476006792799,1.66067833474242,125.440524213579,1.71998827526893,25.9777539506135,34.9928649106438,0.474479524212119,1.12688887000378,3.38066661001135,1.42343857263636,5.69375429054543,3.32135666948483,4.62617536106816,1.95722803737499,6.58340339844315,0.177929821579545,33.2135666948483,1.95722803737499,117.196442480393,6.04961393370452,3.14342684790529,12.9295670347803,1.77929821579545,19.809520135856,7.23581274423482,0.711719286318179,1.24550875105681,24.8508650806097,15.4205845368939,0.0593099405265149,2.84687714527272,23.1901867458673,0.474479524212119,1.95722803737499,6.46478351739013,MGS1
117,8.64951743591662,0.810892259617184,2.61287505876648,45.5000656785198,8.4693191560017,6.39703893698,21.4435953098766,0.810892259617184,151.636852548413,9.91090539532113,15.0465563728966,8.28912087608677,6.84753463676733,15.6772503525989,20.1822073504721,1.98218107906423,7.83862517629944,5.22575011753296,34.688168883624,3.06337075855381,309.040050054104,3.69406473825606,31.2644015652403,12.79407787396,94.6040969553381,11.9831856143428,0.630693979702254,4.14456043804338,116.408088825045,34.9584663034964,104.244704930787,3.60396559829859,0.900991399574649,5.67624581732029,4.50495699787324,2.43267677885155,23.3356772489834,1.08118967948958,4.77525441774564,10.3614010951085,1.26138795940451,19.0109185310251,0.720793119659719,2.97327161859634,0.540594839744789,2.25247849893662,7.83862517629944,1.44158623931944,140.464559193688,0.720793119659719,18.2000262714079,50.4555183761803,0.991090539532113,1.35148709936197,3.42376731838366,1.44158623931944,3.42376731838366,2.43267677885155,7.11783205663972,1.62178451923437,17.9297288515355,0.450495699787324,41.2654061005189,2.88317247863888,178.936891955525,6.12674151710761,8.1990217361293,23.6059746688558,1.89208193910676,20.2723064904296,8.1990217361293,1.5316853792769,2.88317247863888,34.0574749039217,12.7039787340025,0.450495699787324,3.24356903846873,35.4089620032837,0.991090539532113,4.23465957800085,4.77525441774564,MGS1
119,5.28141404286056,0.918506790062706,1.14813348757838,31.5736709084055,5.85548078664975,3.32958711397731,6.42954753043894,0.459253395031353,37.6587783925709,3.32958711397731,3.55921381149298,10.677641434479,3.78884050900866,5.62585408913407,11.5961482245417,1.14813348757838,4.70734729907137,5.16660069410272,66.017675535757,4.24809390404001,128.820577306294,2.75552037018812,20.551589427653,7.46286766925948,55.340034101278,5.97029413540759,1.03332013882054,3.67402716025082,37.8884050900866,24.4552432854195,74.513863343837,1.26294683633622,0.688880092547029,2.98514706770379,3.21477376521947,0.918506790062706,12.6294683633622,1.4925735338519,4.93697399658704,6.88880092547029,1.14813348757838,15.8442421285817,0.918506790062706,4.13328055528217,0.803693441304867,1.03332013882054,11.0220814807525,0.574066743789191,126.524310331138,0.688880092547029,23.7663631928725,24.6848699829352,0.688880092547029,0.459253395031353,2.98514706770379,0.688880092547029,5.85548078664975,1.95182692888325,5.97029413540759,1.72220023136757,9.41469459814273,0.344440046273515,51.4363802435115,2.87033371894596,108.383801227399,5.28141404286056,6.88880092547029,17.9108824062228,2.06664027764109,21.1256561714422,7.46286766925948,0.344440046273515,0.688880092547029,37.8884050900866,9.29988124938489,0.574066743789191,2.4110803239146,45.8105261543774,1.26294683633622,1.4925735338519,7.34805432050165,MGS1
120,10.3592123471237,0.814769510447929,0.814769510447929,26.8873938447817,6.40176043923373,3.72466061919053,2.32791288699408,0.581978221748521,16.4117858533083,2.21151724264438,1.62953902089586,13.6182903889154,3.72466061919053,4.19024319658935,10.0100254140746,0.232791288699408,4.53943012963846,3.14268239744201,65.4143521245337,3.84105626354024,103.941310404286,1.74593466524556,15.8298076315598,8.03129946012958,69.7209909654728,5.00501270703728,0.814769510447929,4.19024319658935,34.4531107275124,9.42804719232604,66.1127259906319,1.86233030959527,0.814769510447929,2.7934954643929,3.84105626354024,1.16395644349704,13.2691034558663,1.28035208784675,3.60826497484083,8.03129946012958,0.814769510447929,23.0463375812414,0.814769510447929,4.30663884093905,0.698373866098225,0.814769510447929,12.8035208784675,1.74593466524556,145.960138014529,1.16395644349704,22.6971506481923,11.6395644349704,1.74593466524556,0.232791288699408,5.23780399573669,0.232791288699408,5.23780399573669,2.56070417569349,4.19024319658935,0.814769510447929,8.61327768187811,0.116395644349704,27.934954643929,1.39674773219645,153.40945925291,7.21652994968166,6.86734301663254,11.9887513680195,3.37547368614142,18.9724900290018,6.16896915053432,0.232791288699408,1.04756079914734,36.0826497484083,11.5231687906207,0,1.74593466524556,26.4218112673828,0.116395644349704,1.39674773219645,8.96246461492722,MGS1
126,9.05680161035143,1.5221515311515,0.9132909186909,24.8110699577695,5.70806824181813,3.9575939809939,6.62135916050903,0.684968189018175,42.3919201425693,6.01249854804843,8.14351069166053,8.90458645723628,4.41423944033935,4.41423944033935,5.7841758183757,0.9132909186909,6.16471370116358,4.10980913410905,62.5604279303267,3.72927125132118,117.814528511126,3.19651821541815,15.8303759239756,6.31692885427873,49.5460323389813,6.62135916050903,0.76107576557575,3.50094852164845,49.3177096093086,21.7667668954665,57.9939733368722,2.05490456705453,1.29382880147878,2.58765760295755,3.3487333685333,0.9132909186909,10.7311682946181,0.3044303062303,4.33813186378178,4.41423944033935,0.76107576557575,18.3419259503756,1.14161364836363,3.50094852164845,0.76107576557575,0.9132909186909,7.9151879619878,0.76107576557575,127.632405887053,1.75047426082423,24.9632851108846,20.6251532471028,0.9132909186909,0.6088606124606,4.5664545934545,0.837183342133325,4.8708848996848,3.27262579197573,4.18591671066663,1.5221515311515,9.97009252904233,0.6088606124606,28.3881260559755,1.14161364836363,115.987946673744,6.54525158395145,6.54525158395145,13.9276865100362,2.66376517951513,10.1223076821575,7.9151879619878,0.6088606124606,1.5221515311515,29.8341700105694,16.8197744192241,0.076107576557575,2.7398727560727,26.4093290654785,0.380537882787875,2.1310121436121,5.55585308870298,MGS1
137,12.0433894627994,1.1025638240591,2.544378055521,23.1538403052411,8.82051059247278,9.83826181468118,7.88757197211509,0.763313416656299,52.4990005455832,2.88362846292379,13.7396414998134,15.7751439442302,4.24063009253499,12.721890277605,12.9763280831571,0.678500814805599,14.5877675183204,7.54832156471229,60.471385119549,3.73175448143079,311.092623588367,2.2899402499689,17.1321455738414,15.4358935368274,127.134090174199,11.1952634442924,1.1025638240591,4.07100488883359,90.4950461746967,38.5049212402177,73.3629006008554,4.83431830548989,0.339250407402799,3.73175448143079,1.9506898425661,0.593688212954899,6.78500814805599,0.848126018506998,7.54832156471229,6.36094513880249,1.2721890277605,24.7652797404044,0.678500814805599,3.22287887032659,0.508875611104199,0.763313416656299,11.7041390553966,2.1203150462675,136.548288979627,0.848126018506998,28.242596416283,26.7159695829705,1.4418142314619,0.2544378055521,4.74950570363919,1.1025638240591,3.98619228698289,2.88362846292379,2.544378055521,0.932938620357698,4.74950570363919,0.1696252037014,47.2406192308398,7.54832156471229,126.964464970498,8.65088538877138,7.20907115730949,12.9763280831571,3.30769147217729,31.1262248792068,7.29388375916019,0.763313416656299,1.696252037014,32.483226508818,8.31163498136858,0.339250407402799,4.49506789808709,33.4161651291757,0.424063009253499,7.20907115730949,5.59763172214619,MGS1
139,5.92630251780264,0.382342097922751,0.191171048961376,28.0065586728415,4.01459202818889,2.38963811201719,2.86756573442063,0.0955855244806878,12.5217037069701,0.955855244806878,3.1543223078627,8.12476958085846,2.19846706305582,4.30134860163095,2.48522363649788,0.0955855244806878,2.86756573442063,4.20576307715026,42.0576307715026,1.43378286721032,89.1812943404817,1.05144076928757,12.1393616090473,4.49251965059232,48.9397885341121,6.30864461572539,0.86026972032619,2.96315125890132,20.0729601409444,15.29368391691,53.1455516112624,0.764684195845502,0.764684195845502,1.529368391691,3.05873678338201,0.0955855244806878,11.6614339866439,0.286756573442063,2.86756573442063,2.77198020993995,0.669098671364814,14.9113418189873,0.0955855244806878,3.05873678338201,0.191171048961376,0.669098671364814,6.69098671364814,0.955855244806878,55.2484331498375,0.764684195845502,17.2053944065238,15.6760260148328,0.286756573442063,0.191171048961376,4.11017755266957,0.573513146884127,2.10288153857513,1.05144076928757,2.48522363649788,0.0955855244806878,5.73513146884127,0,19.2126904206182,1.05144076928757,101.129484900568,3.53666440578545,6.69098671364814,11.0879208397598,2.19846706305582,21.6023285326354,2.38963811201719,0.0955855244806878,1.62495391617169,30.9697099317428,3.63224993026613,0.0955855244806878,2.86756573442063,24.8522363649788,0.286756573442063,0.86026972032619,10.418822168395,MGS1
142,8.44465328520747,0.569302468665672,0.569302468665672,22.9618662361821,4.64930349410299,2.56186110899552,5.02883847321344,0.47441872388806,18.4074464868567,2.08744238510746,3.89023353588209,14.3274454614194,3.22604732243881,3.22604732243881,5.21860596276866,0.189767489555224,2.94139608810597,5.12372221799105,43.1721038738134,4.17488477021493,98.2046758448284,1.51813991644179,9.96279320164926,4.64930349410299,29.5088446258373,5.88279217621194,0.569302468665672,3.32093106721642,27.136751006397,19.9255864032985,48.8651285604702,1.70790740599702,0.759069958220896,3.51069855677164,5.12372221799105,0.189767489555224,10.0576769464269,0.853953702998508,4.17488477021493,5.12372221799105,0.759069958220896,19.2614001898552,0.569302468665672,3.32093106721642,0.284651234332836,0.284651234332836,11.1013981389806,0.569302468665672,144.602827041081,1.32837242688657,22.7720987466269,14.8967479300851,0.379534979110448,0.379534979110448,2.94139608810597,0.47441872388806,3.03627983288358,3.32093106721642,4.26976851499254,0.759069958220896,5.31348970754627,0,38.0483816558224,1.04372119255373,122.77956574223,6.83162962398806,4.45953600454776,15.655817888306,2.65674485377314,13.6632592479761,6.54697838965523,0.189767489555224,0.94883744777612,32.9246594378314,10.0576769464269,0.094883744777612,3.79534979110448,25.0493086212896,0.284651234332836,1.80279115077463,7.40093209265373,MGS1
145,6.87483150899376,0.18835154819161,1.41263661143707,24.4857012649093,5.55637067165249,4.42626138250283,6.68647996080215,0,39.9305282166213,2.63692167468254,8.47581966862245,5.27384334936508,3.95538251202381,6.40395263851474,8.38164389452665,1.50681238553288,5.6505464457483,6.49812841261054,42.1907467949206,2.82527322287415,143.335528173815,3.95538251202381,22.5080100088974,7.43988615356859,75.4347950507398,6.96900728308957,0.94175774095805,3.861206737928,55.3753551683333,26.8400956173044,58.0122768430159,1.69516393372449,1.50681238553288,3.48450364154478,2.54274590058673,0.470878870479025,10.1709836023469,0.282527322287415,4.23790983431122,6.87483150899376,1.03593351505385,15.7273542739994,0.75340619276644,3.39032786744898,0.847581966862245,0.37670309638322,8.94669853910147,1.78933970782029,84.0989662675539,1.50681238553288,20.9070218492687,6.96900728308957,0.847581966862245,0.282527322287415,3.861206737928,0.659230418670635,4.23790983431122,3.10780054516156,4.42626138250283,1.50681238553288,19.5885610119274,0.18835154819161,38.8945947015675,4.04955828611961,116.777959878798,7.25153460537698,11.0185655692092,14.1263661143707,1.69516393372449,18.835154819161,9.4175774095805,1.03593351505385,1.8835154819161,25.0507559094841,7.15735883128118,0.18835154819161,2.07186703010771,22.696361557089,0.18835154819161,1.60098815962868,5.36801912346088,MGS1
149,7.31790036475211,0.90344448947557,0.271033346842671,23.6702456242599,6.5048003242241,2.80067791737427,4.96894469211563,0.090344448947557,23.3992122774173,2.52964457053159,3.16205571316449,15.3585563210847,4.33653354948273,2.89102236632182,6.23376697738143,0,2.89102236632182,5.60135583474853,57.0073472859084,1.17447783631824,94.7713269459873,5.2399780389583,6.5048003242241,1.17447783631824,20.2371565642528,4.78825579422052,0.180688897895114,3.07171126421694,24.2123123179453,16.8944119531932,32.8853794169107,0.993788938423127,0.542066693685342,2.98136681526938,3.16205571316449,0.361377795790228,5.14963359001075,0.813100040528013,3.61377795790228,2.71033346842671,0.361377795790228,11.83512281213,0.090344448947557,4.33653354948273,0.361377795790228,0.90344448947557,8.4020337521228,1.08413338737068,142.834573786088,1.2648222852658,17.0751008510883,16.9847564021407,0.542066693685342,0.993788938423127,2.89102236632182,0,3.70412240684984,3.07171126421694,4.42687799843029,0.361377795790228,6.14342252843387,0.271033346842671,28.8198792142707,1.53585563210847,96.3071825780957,6.41445587527654,2.89102236632182,13.5516673421335,1.53585563210847,23.1281789305746,3.97515575369251,0.361377795790228,0.451722244737785,23.6702456242599,8.49237820107035,0.361377795790228,1.71654453000358,29.0909125611133,0.180688897895114,2.25861122368892,4.42687799843029,MGS1
153,6.72261362477483,1.07893798916139,0.331980919741967,27.7204067984542,6.0586517852909,2.40686166812926,4.73072810632303,0.414976149677459,28.3013734080027,2.07488074838729,5.89266132541991,11.4533417310979,3.90077580696811,5.97565655535541,7.46957069419426,0.497971379612951,5.31169471587147,3.23681396748418,35.604953642326,4.0667662668391,85.900062983234,2.82183781780672,14.856146158453,6.14164701522639,45.4813860046495,5.56068040567795,0.580966609548442,3.81778057703262,33.1150967442612,17.5119935163888,64.5702888898126,2.15787597832279,1.32792367896787,2.32386643819377,4.39874718658106,0.248985689806475,11.3703465011624,0.829952299354918,3.07082350761319,4.23275672671008,0.995942759225901,15.6031032278725,0.580966609548442,3.23681396748418,0.746957069419426,0.0829952299354918,11.2873512712269,1.07893798916139,90.7137863194925,2.40686166812926,18.3419458157437,22.9896786921312,0.414976149677459,0.165990459870984,3.73478534709713,1.16193321909688,3.65179011716164,3.23681396748418,1.41091890890336,0.746957069419426,11.4533417310979,0.248985689806475,20.9977931736794,1.57690936877434,154.122141990208,6.97159931458131,6.14164701522639,17.5119935163888,2.24087120825828,12.9472558699367,8.54850868335565,0.663961839483934,1.16193321909688,26.9734497290348,6.30763747509737,0.580966609548442,3.31980919741967,19.5038790348406,0.248985689806475,1.90889028851631,8.13353253367819,MGS1
162,12.0152945834443,1.15116594811443,0.86337446108582,25.8292859608175,6.76309994517226,3.74128933137189,9.71296268721548,0.935322332842972,43.8882017718625,9.85685843072978,12.8786690445302,7.84231802152953,9.85685843072978,4.4607680489434,13.6700956338588,0.359739358785758,5.18024676651492,4.89245527948631,30.4339497532752,2.94986274204322,153.896497688547,4.74855953597201,13.2384084033159,6.04362122760074,50.0037708712204,7.33868291922947,0.791426589328668,3.74128933137189,71.5161845266088,29.2108359334036,46.1905336680914,1.00727020460012,0.503635102300062,2.51817551150031,2.80596699852892,0.86337446108582,13.5261998903445,0.359739358785758,2.73401912677176,5.25219463827207,1.07921807635728,13.5261998903445,0.647530845814365,4.1729765619148,0.43168723054291,0.86337446108582,10.432441404787,1.36700956338588,130.08175213693,1.15116594811443,16.4041147606306,47.413647487963,0.43168723054291,2.01454040920025,2.51817551150031,1.07921807635728,3.23765422907183,2.01454040920025,4.24492443367195,0.359739358785758,13.742043505616,0.215843615271455,35.0386135457329,3.23765422907183,127.419680881916,5.61193399705783,5.68388186881498,13.742043505616,2.37427976798601,17.1235934782021,7.69842227801523,0.791426589328668,1.87064466568594,29.4986274204322,9.64101481545833,0.215843615271455,1.87064466568594,18.6344987851023,0.215843615271455,1.22311381987158,5.89972548408644,MGS1
163,3.06739219899965,0.95856006218739,0.766848049749912,20.9924653619039,2.97153619278091,1.91712012437478,10.64001669028,0.766848049749912,32.1117620832776,1.24612808084361,8.91460857834273,12.1737127897799,3.06739219899965,5.55964836068686,2.97153619278091,2.30054414924974,6.99748845396795,6.61406442909299,48.9824191777757,5.75136037312434,60.8685639488993,3.83424024874956,11.3110087338112,6.23064040421804,71.1251566143044,19.5546252686228,0.383424024874956,4.02595226118704,34.4123062325273,19.3629132561853,59.6224358680557,2.87568018656217,1.62955210571856,1.82126411815604,2.87568018656217,0.670992043531173,11.3110087338112,1.91712012437478,6.61406442909299,9.29803260321769,2.77982418034343,23.1012974987161,1.82126411815604,4.12180826740578,0.383424024874956,0.191712012437478,14.2825449265921,2.204688143031,99.4026784488324,2.39640015546848,26.2645457039345,15.5286730074357,0.862704055968651,0.479280031093695,4.69694430471821,1.15027207462487,8.05190452237408,4.12180826740578,3.45081622387461,1.24612808084361,4.50523229228074,0.383424024874956,34.0288822076524,0.95856006218739,105.729174859269,11.7902887649049,6.61406442909299,15.3369609949982,3.64252823631208,8.72289656590525,16.6789450820606,0.862704055968651,1.24612808084361,25.8811216790595,14.3784009328109,0.095856006218739,2.10883213681226,28.277521834528,0,3.45081622387461,7.38091247884291,MGS1
172,3.81999319155472,0.734614075298985,1.90999659577736,22.2588064815593,6.61152667769087,8.44806186593833,6.83191090028056,0.587691260239188,52.084137938698,3.45268615390523,3.89345459908462,13.1495919478518,5.1422985270929,6.90537230781046,7.27267934545995,0.954998297888681,5.58306697227229,5.95037400992178,37.4653178402482,4.9219143045032,94.1040630458,6.46460386263107,19.2468887728334,8.44806186593833,100.862512538551,8.81536890358782,0.661152667769087,3.67307037649493,57.6672049109703,30.413022717378,89.9902242241257,2.27730363342685,1.90999659577736,1.90999659577736,4.70153008191351,2.57114926354645,9.62344438641671,1.24884392800827,5.068837119563,9.62344438641671,1.17538252047838,24.3157258923964,1.90999659577736,2.57114926354645,0.293845630119594,1.39576674306807,9.62344438641671,2.86499489366604,103.874430247277,1.76307378071756,19.2468887728334,23.8014960396871,0.661152667769087,0.661152667769087,4.55460726685371,1.61615096565777,3.37922474637533,3.45268615390523,4.18730022920422,1.54268955812787,3.23230193131554,0.146922815059797,28.7234103441903,0.954998297888681,108.208653291541,9.25613734876721,10.5784426843054,16.5288166942272,2.20384222589696,16.7492009168169,8.59498468099813,0.293845630119594,1.68961237318767,29.678408642079,12.7822849102023,0.220384222589696,2.05691941083716,30.7068683474976,0.51422985270929,3.23230193131554,7.86037060569914,MGS1
173,4.4777080040052,0.62347832967161,1.41699620379911,28.2832442278303,4.6477475484611,3.57083043357377,5.15786618182878,0.680158177823575,31.7407149651002,1.9271148371668,7.93517874127504,5.55462511889253,1.36031635564715,7.1983407152995,9.86229357844184,1.70039544455894,6.404822841172,4.4777080040052,51.6920215145917,4.02426921878948,103.043963940272,2.09715438162269,28.736683013046,11.5060091748488,59.0604017743471,6.68822208193182,0.736838025975539,3.40079088911787,54.355974377734,23.4087772867614,84.5663334427311,1.41699620379911,1.02023726673536,2.77731255944626,2.60727301499037,2.04047453347072,11.9594479600645,0.453438785215717,4.42102815585324,8.61533691909862,1.87043498901483,25.9026906054478,1.70039544455894,3.34411104096591,0.340079088911787,0.906877570431433,9.69225403398594,2.21051407792662,88.7039623578246,0.566798481519646,26.5261689351194,38.9957355285516,0.62347832967161,0.170039544455894,3.79754982618163,1.02023726673536,3.6841901298777,2.04047453347072,3.62751028172573,0.453438785215717,4.25098861139734,0.170039544455894,32.02411420586,2.43723347053448,115.286811141096,7.93517874127504,8.55865707094665,23.2954175904574,3.28743119281395,15.927037330702,6.12142360041217,1.07691711488733,1.30363650749519,35.5949446394338,10.0890129710497,0,2.7206327112943,26.0160503017517,0.453438785215717,2.89067225575019,3.5141505854218,MGS1
177,5.44788585241412,1.45788494642068,0.69057707988348,20.1034661032746,6.75230922552736,2.37865438626532,5.14096270579924,0.69057707988348,58.085205496866,3.60634697272484,9.05423282513896,8.36365574525548,5.06423191914552,3.37615461276368,8.51711731856292,0.61384629322976,5.14096270579924,4.75730877253064,52.0234733512221,5.754808999029,80.1836720531374,5.21769349245296,14.809041824168,8.13346338529432,52.330396497837,7.2894247321034,0.69057707988348,3.91327011933972,45.9617412055783,32.3036611812161,45.2711641256948,1.99500045299672,2.37865438626532,2.14846202630416,3.91327011933972,0.61384629322976,13.3511568777473,1.5346157330744,5.29442427910668,9.2076943984464,1.38115415976696,29.3878912883747,0.23019235996116,4.06673169264716,1.1509617998058,0.30692314661488,13.7348108110159,1.07423101315208,96.2971372504186,0.92076943984464,29.0042373551062,33.4546229810219,0.84403865319092,0.53711550657604,4.91077034583808,0.46038471992232,7.59634787871828,4.29692405260832,4.06673169264716,0.3836539332686,4.9875011324918,0.07673078665372,28.774044995145,0.07673078665372,112.333871661046,10.8190409181745,6.06173214564388,10.5121177715596,3.29942382610996,14.809041824168,9.66807911836872,1.1509617998058,1.07423101315208,28.3903910618764,13.0442337311324,0.07673078665372,1.45788494642068,33.9917384875979,0.46038471992232,3.91327011933972,7.82654023867944,MGS1
189,6.9456545459353,1.05060320862887,1.98447272741008,26.2650802157217,7.06238823578295,4.78608128375373,7.93789090964034,0.29183422461913,38.1135497352584,2.45140748680069,6.07015187207791,15.6423144395854,3.38527700558191,9.22196149796451,10.9146000007555,0.933869518781216,7.12075508070677,4.31914652436313,55.6236032124062,3.73547807512487,135.994748672515,5.89505133730643,19.6112598944055,8.98849411826921,109.204366852478,10.6811326210602,0.758768984009738,2.74324171141982,61.4602877047888,30.9927946545516,91.7526802202545,2.39304064187687,0.992236363705042,2.27630695202921,5.01954866344904,0.817135828933564,8.69665989365008,1.98447272741008,4.96118181852521,7.99625775456416,2.27630695202921,22.9965368999875,0.758768984009738,3.09344278096278,0.642035294162086,0.642035294162086,14.5917112309565,2.04283957233391,112.88147808268,1.342437433248,27.5491508040459,10.9146000007555,0.408567914466782,0.87550267385739,4.72771443882991,1.10897005355269,5.66158395761112,4.55261390405843,3.96894545482017,2.04283957233391,9.04686096319303,0.350201069542956,26.0316128360264,1.92610588248626,124.554847067445,11.3231679152222,5.42811657791582,13.8329422469468,3.44364385050573,16.5761839583666,10.2725647065934,0.933869518781216,2.21794010710539,30.8176941197801,13.6578417121753,0.175100534771478,3.44364385050573,27.5491508040459,0.233467379695304,5.95341818223025,9.10522780811686,MGS1
217,6.09634778750967,1.58053461157658,0.79026730578829,20.8856359386905,5.4189758111197,3.95133652894145,11.1766376104344,0.451581317593309,42.2228531949744,2.82238323495818,5.98345245811134,12.9829628808076,9.1445216812645,5.4189758111197,4.29002251713643,0.564476646991636,6.209243116908,5.64476646991636,38.9488886424229,4.29002251713643,105.670028316834,7.11240575209461,10.4992656340444,4.51581317593309,58.1410946401385,16.7085087509524,0.338685988194982,2.93527856435651,22.0145892326738,6.88661509329796,41.8841672067794,1.46763928217825,1.12895329398327,1.35474395277993,3.95133652894145,0.903162635186617,7.45109174028959,1.12895329398327,3.95133652894145,5.30608048172138,0.903162635186617,17.4987760567407,0.903162635186617,2.59659257616152,0.677371976389963,0.677371976389963,14.3377068335876,0.338685988194982,96.4126113061714,2.14501125856822,20.7727406092922,16.9342994097491,1.01605796458494,0.903162635186617,2.4836972467632,0.338685988194982,4.17712718773811,2.59659257616152,3.16106922315316,1.58053461157658,13.095858210206,0.338685988194982,39.6262606188128,2.25790658796654,114.02428269231,8.58004503427287,5.98345245811134,14.6763928217825,2.4836972467632,13.5474395277993,8.35425437547621,0.564476646991636,1.91922059977156,27.9980416907851,10.8379516222394,0.338685988194982,2.4836972467632,26.0788210910136,0.338685988194982,1.91922059977156,5.64476646991636,MGS1
218,3.28939015263667,0.530546798812367,2.12218719524947,23.2379497879817,2.33440591477441,4.56270246978635,5.30546798812367,0,52.7363518019493,3.28939015263667,8.59485814076034,3.07717143311173,1.16720295738721,5.62379606741109,5.19935862836119,2.44051527453689,6.04823350646098,3.92604631121151,16.8713882022333,2.97106207334925,82.9775193342542,1.48553103667463,23.768496586794,9.65595173838508,109.504859274873,7.10932710408572,0.848874878099787,5.62379606741109,35.5466355204286,22.1768561903569,70.1382868029949,1.48553103667463,2.22829655501194,2.44051527453689,2.86495271358678,2.01607783548699,13.6881074093591,1.16720295738721,4.88103054907377,4.03215567097399,1.37942167691215,14.5369822874589,1.48553103667463,2.22829655501194,0.212218719524947,1.27331231714968,9.9742798176725,2.22829655501194,29.3922926542051,0.63665615857484,13.2636699703092,37.1382759168657,1.5916403964371,0.63665615857484,2.33440591477441,0.742765518337314,3.60771823192409,0.31832807928742,2.22829655501194,1.80385911596205,1.80385911596205,0.212218719524947,35.3344168009036,2.22829655501194,62.6045222598593,4.7749211893113,10.6109359762473,12.3086857324469,3.81993695144904,9.86817045791002,9.33762365909766,0.742765518337314,2.44051527453689,17.2958256412832,4.66881182954883,0.742765518337314,3.50160887216162,27.800652257768,0.424437439049893,1.48553103667463,3.1832807928742,MGS1
229,3.95041042849795,0.734960079720549,1.01057010961575,23.0593725012322,6.4309006975548,2.48049026905685,4.31789046835822,0.367480039860274,17.8227819332233,2.48049026905685,3.67480039860274,7.80895084703083,5.87968063776439,2.38862025909178,9.6463510463322,0.459350049825343,4.04228043846302,5.60407060786918,25.7236027902192,3.49106037867261,57.9699762879583,4.40976047832329,12.1268413153891,3.30732035874247,30.5008433084028,5.14472055804384,0.64309006975548,3.49106037867261,19.8439221524548,16.2609917638171,49.609805381137,0.918700099650686,0.734960079720549,1.92927020926644,2.48049026905685,1.01057010961575,8.26830089685617,1.28618013951096,5.42033058793905,3.49106037867261,0.734960079720549,20.9463622720356,0.275610029895206,4.04228043846302,0.367480039860274,0.183740019930137,9.6463510463322,1.83740019930137,98.0253006327282,1.83740019930137,21.9569323816514,15.3422916641665,0.551220059790412,1.01057010961575,2.9398403188822,0.459350049825343,2.84797030891713,3.39919036870754,4.86911052814864,0.826830089685617,5.78781062779932,0.459350049825343,33.7162936571802,0.551220059790412,104.180591300388,6.06342065769453,3.76667040856781,11.4837512456336,2.48049026905685,10.2894411160877,10.3813111260528,0.734960079720549,1.37805014947603,25.7236027902192,7.25773078724042,0.183740019930137,2.11301022919658,22.9675024912671,0.183740019930137,2.38862025909178,8.36017090682124,MGS1
237,4.43847827802158,2.02626182257507,1.44732987326791,31.9377458701118,3.66656901227869,3.08763706297153,7.23664936633953,0.385954632871441,103.918284900636,6.17527412594306,8.78046789782529,9.16642253069673,13.4119234922826,8.97344521426101,10.3242864293111,0.675420607525022,7.62260399921097,7.14016070812167,59.437013462202,3.08763706297153,121.76868667094,2.50870511366437,34.3499623255583,9.45588850535031,77.2874152325061,6.85069473346808,0.675420607525022,6.0787854677252,48.6302837418016,22.1923913901079,112.505775482025,1.35084121505004,1.73679584792149,5.98229680950734,4.05252364515013,2.50870511366437,9.45588850535031,0.964886582178603,4.53496693623944,3.47359169584297,2.50870511366437,22.8678119976329,0.675420607525022,2.21923913901079,0.964886582178603,2.70168243010009,9.7453544800039,2.31572779722865,94.7518623699389,0,20.3591068839685,65.1298442970557,0.964886582178603,0.578931949307162,4.43847827802158,1.73679584792149,3.37710303762511,1.54381853148577,4.05252364515013,3.18412572118939,8.20153594851813,2.70168243010009,42.9374529069479,2.70168243010009,113.567150722422,8.39451326495385,11.771616302579,19.0082656689185,2.99114840475367,12.8329915429754,16.4995605552541,0.771909265742883,1.25435255683218,29.1395747817938,7.33313802455739,0.868397923960743,2.60519377188223,42.9374529069479,2.99114840475367,1.73679584792149,2.41221645544651,MGS1
243,6.61002661329158,0.734447401476842,1.2240790024614,23.2575010467667,5.7531713115686,3.79464490763035,6.48761871304544,0.734447401476842,25.9504748521818,1.34648690270754,3.42742120689193,4.40668440886105,2.81538170566123,4.16186860836877,2.93778960590737,1.10167110221526,7.34447401476842,4.52909230910719,44.434067789349,4.40668440886105,72.2206611452228,3.54982910713807,12.9752374260909,7.46688191501456,68.0587925368541,5.1411318103379,0.12240790024614,4.77390810959948,35.8655147721191,20.6869351415977,55.0835551107632,1.2240790024614,0.489631600984562,1.71371060344597,4.28427650861491,1.83611850369211,10.5270794211681,1.46889480295368,6.97725031403,5.38594761083018,1.59130270319983,23.9919484482435,0.856855301722983,3.30501330664579,0.856855301722983,0.244815800492281,10.7718952216604,1.34648690270754,102.210596705527,2.44815800492281,27.7865933558739,13.5872769273216,1.10167110221526,0.12240790024614,4.16186860836877,0.979263201969123,5.26353971058404,1.46889480295368,5.1411318103379,2.20334220443053,5.99798711206088,0,28.2762249568584,0.979263201969123,110.534333922265,5.50835551107632,6.12039501230702,5.7531713115686,1.34648690270754,13.097645326337,7.34447401476842,0.856855301722983,2.32575010467667,26.4401064531663,18.1163692364288,0,2.81538170566123,21.2989746428284,0,2.69297380541509,4.77390810959948,MGS1
246,6.86533590998387,0.792154143459677,0.660128452883064,19.8038535864919,4.75292486075806,1.0562055246129,2.24443673980242,0.264051381153226,11.4862350801653,0.528102762306451,3.16861657383871,11.8823121518952,0.924179834036289,4.22482209845161,5.67710469479435,0.132025690576613,5.01697624191129,3.56469364556855,38.4194759577943,3.03659088326209,47.1331715358508,2.1124110492258,8.97774695920967,5.01697624191129,34.8547823122258,3.16861657383871,0.792154143459677,1.58430828691935,15.9751085597701,13.5986461293911,35.9109878368387,1.71633397749597,0.264051381153226,1.58430828691935,2.50848812095564,0.264051381153226,6.33723314767741,0.792154143459677,3.56469364556855,4.75292486075806,0.396077071729838,18.4835966807258,0.528102762306451,1.98038535864919,0.396077071729838,0.528102762306451,7.52546436286693,0.924179834036289,103.244090030911,1.32025690576613,19.8038535864919,7.2614129817137,0.264051381153226,0,5.28102762306451,0.792154143459677,4.75292486075806,3.30064226441532,2.37646243037903,0.132025690576613,4.88495055133467,0.264051381153226,22.840444469754,1.0562055246129,103.904218483794,5.1490019324879,2.64051381153226,9.90192679324596,2.90456519268548,11.8823121518952,6.07318176652419,0.264051381153226,1.45228259634274,21.7842389451411,10.0339524838226,0,1.18823121518952,19.8038535864919,0,0.924179834036289,5.41305331364112,MGS1
251,17.9035306364815,1.46483432480303,0.813796847112796,18.7987071683056,5.04554045209933,6.02209666863469,4.23174360498654,0.488278108267677,52.8154153776204,3.01104833431734,4.06898423556398,17.6593915823477,9.11452468766331,6.91727320045876,8.30072784055051,0.895176531824075,6.26623572276853,4.31312328969782,48.2581530337888,3.82484518143014,77.6362192145607,8.54486689468435,18.4731884294605,4.3945029744091,43.0498532122669,8.30072784055051,0.651037477690236,3.5807061272963,29.2966864960606,15.9504182034108,71.4513631765034,1.70897337893687,2.19725148720455,2.52277022604967,2.68552959547223,1.13931558595791,7.1614122545926,1.30207495538047,2.52277022604967,3.1738077037399,1.30207495538047,20.670439916665,0.813796847112796,3.1738077037399,1.54621400951431,2.19725148720455,14.1600651397626,1.70897337893687,115.559152290017,0.244139054133839,24.16976635925,23.8442476204049,0.732417162401516,1.54621400951431,4.88278108267677,0.651037477690236,4.3945029744091,2.7669092801835,2.68552959547223,1.05793590124663,7.73107004757156,0,15.5435197798544,0.813796847112796,87.8900594881819,6.10347635334597,4.80140139796549,16.0317978881221,1.79035306364815,16.1945572575446,9.35866374179715,0.732417162401516,1.79035306364815,28.7270287030817,10.9862574360227,0.406898423556398,2.68552959547223,20.9145789707988,0.244139054133839,3.9876045508527,7.568310678149,MGS1
254,8.33128818233686,1.11083842431158,1.48111789908211,26.5675523147853,6.20218120240633,4.16564409116843,12.1266527987348,1.20340829300421,47.1180631645496,3.23994540424211,8.05357857625897,16.6625763646737,3.98050435378317,7.68329910148844,7.77586897018107,1.01826855561895,4.0730742224758,6.1096113337137,49.7100194879433,3.23994540424211,126.543010502828,4.90620304070948,19.0693929506821,8.60899778841476,59.6149954380549,18.3288340011411,0.647989080848423,3.42508514162738,66.2800259839244,35.2691199718927,69.7051111255517,2.40681658600843,0.925698686926318,4.0730742224758,4.81363317201685,1.85139737385264,11.6638034552716,0.462849343463159,4.0730742224758,6.1096113337137,1.38854803038948,26.1972728400148,1.20340829300421,3.88793448509053,0.555419212155791,0.277709606077895,11.0158143744232,1.01826855561895,125.709881684594,1.01826855561895,19.7173820315306,16.6625763646737,0.277709606077895,0.833128818233686,3.61022487901264,1.85139737385264,3.70279474770527,3.51765501032001,4.16564409116843,0.647989080848423,18.2362641324485,0.277709606077895,26.5675523147853,2.12910697993053,134.226309604316,9.71983621272634,6.75760041456212,22.7721876983874,3.14737553554948,14.6260392534358,9.62726634403371,1.38854803038948,0.647989080848423,32.2143143050359,16.7551462333664,0.462849343463159,1.66625763646737,27.7709606077895,0.185139737385264,3.23994540424211,12.4043624048127,MGS1
264,8.20764545354589,1.58219671393656,1.28553483007345,36.884960893646,8.60319463203003,2.57106966014691,8.8009692212721,0.791098356968279,66.6500365745775,4.35104096332553,8.00987086430382,11.1742642921769,9.49318028361934,9.69095487286141,7.31765980195658,1.28553483007345,6.62544873960933,7.31765980195658,60.1234751295892,3.55994260635725,116.983669536684,3.36216801711518,22.3485285843539,9.69095487286141,68.8255570562402,9.69095487286141,0.692211062347244,3.95549178484139,43.8070715171184,28.9739773239632,100.667265924213,1.58219671393656,2.47218236552587,5.53768849877795,5.14213932029381,2.57106966014691,9.98761675672452,1.48330941931552,7.61432168581968,9.29540569437727,2.86773154401001,33.0283564034256,1.77997130317863,7.51543439119865,1.18664753545242,0.19777458924207,14.6353196039132,2.47218236552587,142.199929665048,3.26328072249415,31.0506105110049,62.496770200494,0.988872946210348,1.08776024083138,7.21877250733554,0.791098356968279,5.63657579339898,4.5488155525676,5.63657579339898,0.692211062347244,10.3831659352087,0.692211062347244,47.6636760073388,1.77997130317863,140.51884565649,12.2620245330083,8.30653274816692,27.1940060207846,3.55994260635725,20.2718953973121,21.0629937542804,0.791098356968279,2.66995695476794,36.5882990097829,12.3609118276294,0.395549178484139,4.35104096332553,37.5771719559932,0.593323767726209,2.47218236552587,10.1853913459666,MGS1
265,9.83585378158155,0.724747120748114,1.55302954446024,23.2954431669037,8.2828242371213,3.31312969484852,8.80050075194139,1.03535302964016,62.7423935961939,4.76262393634475,10.5606009023297,15.6338307475665,10.6641362052937,5.28030045116483,10.4570655993656,0,5.79797696598491,6.72979469266106,44.9343214863831,1.96717075631631,160.169113685333,4.65908863338073,13.8737305971782,9.21464196379745,46.1767451219513,8.38635954008532,0.724747120748114,3.93434151263262,78.3762243437603,39.5504857322542,50.3181572405119,2.38131196817237,1.96717075631631,4.03787681559664,2.69191787706442,0.724747120748114,12.941912870502,1.34595893853221,4.86615923930877,8.48989484304934,0.931817726676147,24.2272608935798,0.414141211856065,4.4520180274527,0.621211817784098,0.414141211856065,9.11110666083343,0.310605908892049,110.368632959641,2.38131196817237,19.8787781690911,52.2853279968282,0.931817726676147,1.55302954446024,3.52020030077655,1.55302954446024,4.24494742152467,3.52020030077655,3.93434151263262,0.414141211856065,6.72979469266106,0.724747120748114,32.8206910395932,0.310605908892049,144.224677028875,9.83585378158155,5.38383575412885,17.3939308979547,4.03787681559664,24.0201902876518,12.424236355682,1.03535302964016,1.13888833260418,28.6792789210325,11.2853480230778,0,2.17424136224434,44.9343214863831,0.207070605928033,4.55555333041672,6.72979469266106,MGS1
266,5.10691921144141,1.04222841049825,0.521114205249124,18.1347743426695,4.37735932409264,3.96046795989334,2.91823954939509,0.416891364199299,18.8643342300183,1.87601113889684,4.27313648304281,15.2165347932744,8.54627296608563,3.43935375464422,7.81671307873685,0.312668523149474,5.52381057564071,3.85624511884351,33.4555319769937,3.54357659569404,92.4456600111945,5.62803341669053,9.48427853553405,4.69002784724211,60.8661391730976,4.69002784724211,0.416891364199299,4.27313648304281,37.4159999368871,19.0727799121179,47.6298383597699,1.14645125154807,0.729559887348773,1.04222841049825,1.56334261574737,0.416891364199299,8.33782728398598,1.2506740925979,4.89847352934176,6.46181614508913,1.14645125154807,15.6334261574737,0.416891364199299,4.16891364199299,0.833782728398598,1.14645125154807,8.4420501250358,0.625337046298948,86.6091809124043,0.625337046298948,21.2614595741642,22.9290250309614,1.56334261574737,0.521114205249124,3.02246239044492,0.312668523149474,4.06469080094316,2.18867966204632,4.06469080094316,0.938005569448422,8.75471864818527,0.104222841049825,29.2866183350007,0.729559887348773,95.15545387849,7.50404455558738,4.69002784724211,15.9460946806232,2.50134818519579,16.675654567972,10.9433983102316,0.625337046298948,1.2506740925979,26.3683787856057,10.109615581833,0.416891364199299,1.77178829784702,22.4079108257123,0,2.70979386729544,4.37735932409264,MGS1
286,11.6171687299202,1.05610624817456,0.792079686130923,26.9307093284514,3.69637186861097,2.37623905839277,5.41254452189464,1.18811952919638,28.646881981735,1.84818593430549,6.07261092700374,4.35643827372007,7.7887835802874,7.92079686130923,5.28053124087282,0.792079686130923,3.82838514963279,4.62046483576371,40.2640507116552,4.35643827372007,74.8515303393722,2.24422577737095,19.141925748164,4.88449139780736,54.9175249050773,6.20462420802556,0.396039843065461,2.37623905839277,25.742589799255,23.6303773029059,73.1353576860885,1.71617265328367,1.45214609124002,1.84818593430549,3.30033202554551,3.56435858758915,10.6930757627675,1.3201328102182,4.35643827372007,5.54455780291646,1.98019921532731,20.9901116824694,1.05610624817456,3.43234530656733,0.396039843065461,0.528053124087282,8.05281014233105,1.84818593430549,95.3135888977543,2.50825233941459,19.5379655912294,25.8746030802768,0.528053124087282,0.528053124087282,5.01650467882918,0.924092967152743,2.64026562043641,2.77227890145823,3.30033202554551,0.528053124087282,6.33663748904738,0.264026562043641,33.0033202554551,0.924092967152743,115.379607613071,10.9571023248111,8.58086326641833,13.993407788313,1.3201328102182,8.05281014233105,9.37294295254925,0.528053124087282,1.3201328102182,27.4587624525386,11.8811952919638,0,1.05610624817456,18.7458859050985,0.13201328102182,2.64026562043641,5.67657108393828,MGS1
288,4.34793395952983,1.29262901499536,1.05760555772347,27.2627210435384,6.58065680361272,3.4078401304423,0,0.705070371815648,15.0415012654005,1.4101407436313,0.235023457271883,11.5161494063223,3.99539877362201,6.11060988906895,9.98849693405502,1.05760555772347,5.99309816043301,5.64056297452519,43.4793395952983,2.46774630135477,102.235203913269,5.4055395172533,15.2765247226724,5.4055395172533,70.6245489102008,2.35023457271883,0.235023457271883,4.46544568816577,1.64516420090318,8.46084446178778,68.7443612520257,2.58525802999071,0.587558643179707,1.997699386811,8.2258210045159,1.05760555772347,7.40323890406431,0.705070371815648,5.05300433134548,6.11060988906895,1.52765247226724,20.6820642399257,0.352535185907824,4.23042223089389,0.470046914543766,0.352535185907824,10.8110790345066,1.05760555772347,128.55783112772,0.705070371815648,27.0276975862665,20.094505596746,0.940093829087531,0.82258210045159,5.28802778861736,0.235023457271883,4.58295741680171,3.99539877362201,3.52535185907824,0.82258210045159,7.75577408997213,0.352535185907824,29.0253969730775,0.470046914543766,131.260600886347,11.1636142204144,6.58065680361272,17.0392006522115,2.23272284408289,17.6267592953912,9.40093829087531,0,1.17511728635941,39.4839408216763,17.5092475667553,0.235023457271883,2.82028148726259,20.094505596746,0,2.11521111544695,12.5737549640457,MGS1
291,3.96707068985916,0.976509708273024,1.28166899210834,22.1545640064442,7.07969538497942,4.33326183046154,3.29572026542146,0.549286710903576,46.9334978538722,2.50230612744962,4.15016626016035,10.2533519368667,4.27222997369448,5.98112196317227,6.40834496054172,1.22063713534128,5.12667596843337,5.67596267933695,42.966427164013,3.0515928383532,83.4915800573435,3.41778397895558,20.1405127331311,6.7745361011441,53.463906527948,5.37080339550163,0.549286710903576,2.99056098158614,31.8586292324074,14.8307411943965,70.2476671388906,1.58682827594366,1.95301941654605,2.25817870038137,3.17365655188733,1.70889198947779,10.7416067910033,1.03754156504009,3.96707068985916,6.89659981467823,1.15960527857422,20.9339268711029,1.22063713534128,3.47881583572265,1.03754156504009,0.549286710903576,11.0467660748386,1.28166899210834,93.1956452833067,0.488254854136512,23.1921055714843,30.6379920970661,0.61031856767064,0.793414137971832,3.90603883309209,0.732382281204768,4.76048482783099,3.41778397895558,3.29572026542146,1.34270084887541,5.43183525226869,0.366191140602384,29.7225142455602,1.09857342180715,83.918803054713,7.20175909851355,8.72755551769015,8.84961923122428,3.29572026542146,9.52096965566198,10.0092245097985,0.488254854136512,2.1971468436143,24.6568701338939,15.1969323349989,0.30515928383532,4.15016626016035,16.4786013271073,0.366191140602384,3.41778397895558,5.73699453610401,MGS1
292,5.62881731562275,0.922756936987336,0.184551387397467,16.5173491720733,5.35199023452655,2.30689234246834,2.67599511726327,0.276827081096201,30.9123573890758,2.76827081096201,0.922756936987336,11.9035644871366,3.78330344164808,3.50647636055188,11.442186018643,0.276827081096201,5.16743884712908,4.79833607233415,38.2021371912757,3.78330344164808,60.5328550663692,4.89061176603288,12.9185971178227,3.78330344164808,43.9232302005972,3.50647636055188,0.461378468493668,3.41420066685314,11.8112887934379,11.2576346312455,67.0844293189793,1.19958401808354,1.1073083243848,1.47641109917974,3.87557913534681,0.553654162192402,8.58163951398222,2.12234095507087,3.96785482904554,4.06013052274428,1.93778956767341,19.1010685956379,0.553654162192402,3.50647636055188,0.461378468493668,0.461378468493668,11.442186018643,0.922756936987336,105.747944978749,3.04509789205821,22.3307178750935,29.8973247583897,0.830481243288602,0.645929855891135,4.52150899123795,0.184551387397467,5.81336870302022,2.12234095507087,2.58371942356454,0.645929855891135,8.67391520768096,0.276827081096201,21.5925123255037,0.553654162192402,94.6748617349007,8.48936382028349,3.96785482904554,13.1031485052202,2.67599511726327,11.8112887934379,14.7641109917974,0.276827081096201,1.1073083243848,26.1140213167416,9.96577491946323,0.184551387397467,1.47641109917974,30.5432546142808,0.0922756936987336,1.84551387397467,7.65888257699489,MGS1
293,2.59370517314964,1.29685258657482,1.37790587323575,28.8549700512898,4.6200373396728,2.26949202650594,2.26949202650594,0.0810532866609263,27.477064178054,0.810532866609263,4.13371761970724,8.99691481936282,1.2157992999139,16.2106573321853,9.96955425929394,2.35054531316686,8.59164838605819,4.53898405301188,24.8833590049044,5.02530377297743,93.6165460933699,6.07899649956948,48.1456522765902,9.32112796600653,65.4910556220285,4.45793076635095,0.972639439931116,3.32318475309798,29.1791831979335,16.453817192168,111.12405601213,2.35054531316686,0.810532866609263,2.7558117464715,4.45793076635095,2.10738545318408,6.32215635955226,0.648426293287411,3.72845118640261,5.59267677960392,2.59370517314964,25.0454655782262,1.5400124465576,2.7558117464715,2.59370517314964,1.29685258657482,8.02427537943171,1.45895915989667,99.4523827329566,0.729479579948337,22.3707071184157,9.32112796600653,1.2157992999139,0.0810532866609263,3.89055775972446,0.972639439931116,5.75478335292577,2.51265188648872,2.83686503313242,1.78317230654038,3.56634461308076,0.0810532866609263,26.6665313114448,0.810532866609263,102.046087906106,7.29479579948337,17.5075099187601,13.6980054456966,4.78214391299465,11.4285134191906,6.24110307289133,1.5400124465576,1.86422559320131,33.7992205376063,11.4285134191906,0.648426293287411,2.59370517314964,21.8843873984501,0.0810532866609263,0.810532866609263,11.7527265658343,MGS1
295,5.10730622623277,0.71681490894495,0.627213045326832,24.4613087677464,4.83850063537841,3.67367640834287,2.8672596357798,0.627213045326832,23.4756882679471,3.04646336301604,5.91372299879584,12.4546590429185,2.77765777216168,6.54093604412267,10.3938161797018,1.25442609065366,5.82412113517772,6.36173231688643,37.3639771287555,4.7488987717603,77.9536213477634,2.77765777216168,18.2787801780962,6.45133418050455,51.7002753076545,7.79536213477633,1.16482422703554,4.21128759005158,25.3573274039276,21.5940491319666,86.734603982339,1.97124099959861,0.627213045326832,1.70243540874426,3.22566709025228,1.52323168150802,12.9026683610091,0.806416772563069,4.65929690814218,5.28650995346901,2.06084286321673,25.2677255403095,1.16482422703554,4.65929690814218,0.71681490894495,0.448009318090594,9.22899195266624,1.88163913598049,92.9171325719892,1.25442609065366,27.0597628126719,15.7699279967889,0.985620499799307,0.179203727236238,4.39049131728782,0.358407454472475,6.54093604412267,2.59845404492544,3.04646336301604,0.985620499799307,2.32964845407109,0.268805590854356,31.7190597208141,0.896018636181188,112.808746295212,10.9314273614105,9.58739940713871,22.4004659045297,3.40487081748851,15.5011224059346,11.289834815883,0.896018636181188,1.52323168150802,27.5077721307625,8.15376958924881,0.71681490894495,1.97124099959861,27.4181702671444,0.179203727236238,2.32964845407109,9.58739940713871,MGS1
307,6.98990600492255,0.455863435103645,2.20333993633428,24.8445572131486,5.47036122124374,4.17874815511674,8.58542802778531,0.151954478367882,33.5059624801179,2.27931717551822,11.4725631167751,19.1462642743531,1.51954478367882,15.6513112718918,3.7228847200131,1.29161306612699,7.0658832441065,6.76197428737073,57.5147700622432,2.50724889307005,203.619001012961,1.97540821878246,24.0088075821253,6.83795152655467,78.4085108378269,9.19324594125684,0.607817913471526,2.27931717551822,67.999629069627,28.8713508898975,90.7928008248093,1.6714992620467,0.607817913471526,3.49495300246128,3.41897576327734,0.91172687020729,16.1071747069955,0.455863435103645,7.36979220084226,4.93852054695615,1.06368134857517,17.8546512082261,0.531840674287586,2.50724889307005,0.683795152655467,0.379886195919704,8.73738250615319,3.26702128490945,55.0075211691731,0.303908956735763,20.0579911445604,10.7887679641196,0.759772391839408,0.227931717551822,3.87483919838098,0.531840674287586,4.02679367674886,2.35529441470217,6.45806533063497,2.0513854579664,6.61001980900285,0.227931717551822,27.8076695413223,3.79886195919704,128.40153422086,5.01449778614009,10.9407224424875,16.1071747069955,2.35529441470217,8.35749631023349,11.7764720735108,0.455863435103645,2.27931717551822,38.1405740703383,4.63461159022039,0.303908956735763,5.09047502532403,36.3171203299237,0.151954478367882,4.02679367674886,9.04129146288896,MGS1
308,9.41058896247917,1.06938510937263,0.748569576560843,34.7550160546106,2.13877021874527,1.81795468593348,3.42203234999243,0.427754043749053,70.0447246639075,5.13304852498864,2.99427830624337,105.334433273204,6.63018767811033,6.20243363436127,22.0293332530762,0.64163106562358,6.30937214529854,4.3844789484278,43.6309124624034,2.24570872968253,159.980012362146,3.42203234999243,28.8733979530611,9.30365045154191,59.9925046358047,3.63590937186695,0.32081553281179,1.92489319687074,52.5068088701963,22.0293332530762,96.1377213325997,1.06938510937263,0.64163106562358,4.70529448123959,3.31509383905516,2.13877021874527,13.5811908890324,0.427754043749053,13.2603753562207,11.1216051374754,1.71101617499621,25.6652426249432,0.64163106562358,2.45958575155706,0.855508087498107,1.28326213124716,11.1216051374754,3.42203234999243,41.1713267108464,0.64163106562358,28.9803364639984,17.0032232390249,0.64163106562358,0.427754043749053,6.09549512342401,1.06938510937263,4.70529448123959,1.60407766405895,11.8701747140362,0.64163106562358,17.0032232390249,0.427754043749053,29.3011519968102,6.73712618904759,140.303326349689,3.52897086092969,5.2399870359259,22.9917798515116,1.49713915312169,18.6073009030838,10.2660970499773,0.213877021874527,0.748569576560843,49.1917150311411,8.66201938591833,1.39020064218442,11.1216051374754,56.6774107967496,2.45958575155706,2.56652426249432,12.6187442905971,MGS1
311,1.83856750639868,0.668570002326793,1.58785375552613,31.9242176111044,6.76927127355878,3.76070626308821,5.59927376948689,0.167142500581698,21.3106688241665,1.33714000465359,6.51855752268623,4.67999001628755,1.50428250523528,7.35427002559472,7.43784127588557,0.835712502908491,6.26784377181368,4.429276265415,51.1456051779997,2.17285250756208,128.198297946163,3.25927876134312,20.3078138206763,5.93355877065029,57.4970202001042,6.10070127123199,1.08642625378104,3.25927876134312,33.3449288660488,17.4663913107875,69.3641377414048,1.25356875436274,0.91928375319934,2.50713750872547,2.92499376017972,3.09213626076142,12.7028300442091,0.0835712502908491,5.76641627006859,4.17856251454246,0.91928375319934,15.8785375552613,0.417856251454246,2.75785125959802,0.752141252617642,0.417856251454246,8.85855253083001,0.91928375319934,73.5427002559472,1.50428250523528,21.2270975738757,15.7949663049705,1.08642625378104,0.334285001163396,4.34570501512415,0.584998752035944,3.92784876366991,3.67713501279736,3.50999251221566,1.67142500581698,4.5964187659967,0.334285001163396,28.4142250988887,2.17285250756208,90.7583778158621,6.43498627239538,9.8614075343202,14.7085400511894,2.08928125727123,12.5356875436274,10.3628350360653,0.752141252617642,0.752141252617642,24.2356625843462,8.60783877995746,0.835712502908491,4.84713251686925,23.817806332892,0.167142500581698,2.25642375785293,7.43784127588557,MGS1
313,6.69447001944306,0.803336402333167,1.24963440362937,43.1123869252133,8.03336402333167,4.01668201166583,5.89113361710989,1.24963440362937,24.9034284723282,2.49926880725874,4.73075881373976,14.460055241997,4.10594161192508,14.9063532432932,14.1922764412193,0.803336402333167,6.06965281762837,5.44483561581369,40.4345989174361,5.44483561581369,137.638303599749,2.8563072082957,33.2045712964376,12.4070844360345,35.8823593042148,6.06965281762837,0.357038401036963,3.57038401036963,34.3649460998077,12.4963440362937,103.184097899682,1.07111520311089,1.24963440362937,2.32074960674026,4.90927801425824,0.535557601555445,9.99707522903497,1.24963440362937,6.69447001944306,6.33743161840609,1.42815360414785,25.7960244749206,0.624817201814685,2.49926880725874,1.16037480337013,0.803336402333167,7.76558522255395,1.07111520311089,151.741320440709,2.49926880725874,24.8141688720689,23.0289768668841,1.78519200518482,0.267778800777722,3.74890321088811,0.535557601555445,5.35557601555445,3.21334560933267,6.33743161840609,2.23149000648102,5.26631641529521,0,38.560147311992,0.892596002592408,145.671667623081,9.99707522903497,9.72929642825724,19.5478524567737,2.4100092069995,20.9760060609216,9.46151762747952,0.535557601555445,1.33889400388861,60.9643069770614,8.30114282410939,0.803336402333167,4.64149921348052,43.1123869252133,0.178519200518482,2.76704760803646,7.2300276209985,MGS1
314,3.39269041550033,0.753931203444518,1.13089680516678,29.7802825360585,7.84088451582299,3.31729729515588,12.3644717364901,0.150786240688904,41.3908230691041,3.61886977653369,28.3478132495139,11.0827886906344,3.54347665618924,5.72987714617834,14.2492997451014,0.678538083100067,6.86077395134512,8.97178132098977,66.7229115048399,3.39269041550033,155.611400390949,5.42830466480053,20.0545700116242,9.65031940408984,69.5878500779291,13.5707616620013,0.376965601722259,4.74976658170047,84.8926535078528,36.9426289687814,70.0402087999958,2.33718673067801,0.527751842411163,3.76965601722259,4.14662161894485,1.13089680516678,18.2451351233573,0.527751842411163,5.88066338686724,12.1382923754567,2.26179361033356,24.8043365933247,0.904717444133422,4.44819410032266,0.678538083100067,0.452358722066711,9.95189188546764,1.8848280086113,98.0110564477874,2.94033169343362,19.9037837709353,9.87649876512319,0.678538083100067,0.980110564477874,4.52358722066711,2.71415233240027,4.29740785963376,3.31729729515588,5.50369778514499,1.20628992551123,4.44819410032266,0.0753931203444518,49.0055282238937,0.82932432378897,137.215479026902,10.0272850058121,11.6105405330456,19.526818169213,4.74976658170047,30.3834274988141,7.84088451582299,2.26179361033356,1.73404176792239,24.0504053898801,10.178071246501,0.452358722066711,3.61886977653369,41.8431817911708,0.226179361033356,5.88066338686724,7.08695331237847,MGS1
315,13.2738529051519,0.507281002744658,0.591827836535435,29.5913918267717,5.49554419640046,2.62095184751407,12.5974782348257,0.676374670326211,19.7839591070417,2.79004551509562,5.58009103019124,12.851118736198,2.28276451235096,3.72006068679416,6.00282519914512,0.169093667581553,4.31188852332959,3.97370118816649,46.3316649173454,2.45185817993251,127.665719024072,4.73462269228348,18.8539439353431,5.66463786398202,42.5270573967605,16.3175389216198,0.507281002744658,3.88915435437571,56.1390976370755,26.6322526440946,64.5092341823624,1.09910883928009,0.93001517169854,2.8745923488864,4.31188852332959,1.01456200548932,15.8102579188752,0.93001517169854,4.39643535712037,5.66463786398202,1.60638984202475,24.0113007965805,0.676374670326211,4.14279485574804,0.845468337907764,0.845468337907764,8.03194921012375,2.28276451235096,131.80851387982,0.845468337907764,24.5185817993251,16.4866325892014,0.591827836535435,0.591827836535435,4.56552902470192,0.845468337907764,4.14279485574804,2.95913918267717,3.88915435437571,1.18365567307087,20.6294274449494,0.169093667581553,34.3260145190552,1.4372961744432,124.030205171069,8.28558971149608,6.93284037084366,23.0812856248819,2.95913918267717,18.0084755974354,9.21560488319462,1.09910883928009,0.422734168953882,41.8506827264343,11.2447288941733,0,4.81916952607425,19.8685059408324,0.169093667581553,2.53640501372329,10.9065415590102,MGS1
316,7.01116946215452,0.494906079681496,0.577390426295078,18.4764936414425,4.70160775697421,1.64968693227165,2.3920460517939,0.577390426295078,19.8787275338734,1.56720258565807,4.94906079681496,8.33091900797184,3.38185821115689,3.2993738645433,2.96943647808897,0.907327812749408,4.12421733067913,6.26881034263228,21.6108988127586,2.06210866533956,76.7104423506318,2.30956170518031,14.6822136972177,4.28918602390629,38.5201898685431,6.02135730279153,0.247453039840748,3.7942799442248,34.6434255777047,18.1465562549882,45.1189375976297,1.64968693227165,0.742359119522243,1.73217127888523,1.8971399721124,0.494906079681496,9.23824682072125,1.23726519920374,2.72198343824823,3.46434255777047,1.64968693227165,18.8064310278968,0.494906079681496,3.95924863745196,0,0.494906079681496,7.34110684860885,0.989812159362991,58.9763078287115,1.31974954581732,18.3940092948289,30.1067865139576,0.0824843466135826,0.32993738645433,3.95924863745196,0.494906079681496,2.14459301195315,2.22707735856673,2.72198343824823,0.824843466135826,4.78409210358779,0.247453039840748,38.4377055219295,0.659874772908661,101.950652414388,6.68123207570019,7.91849727490393,17.7341345219203,1.64968693227165,12.9500424183325,6.10384164940511,0.494906079681496,1.97962431872598,22.1882892390537,2.06210866533956,0.164968693227165,1.81465562549882,17.981587561761,0.247453039840748,2.30956170518031,5.1965138366557,MGS1
317,4.79092783972817,0.479092783972817,0.766548454356507,23.9546391986409,6.32402474844119,3.16201237422059,2.49128247665865,0.766548454356507,31.4284866286168,1.14982268153476,6.0365690780575,8.9111257818944,0.766548454356507,8.81530722509983,7.37802887318138,1.91637113589127,4.88674639652274,6.89893608920857,55.2873072704631,3.64110515819341,106.646053712349,1.91637113589127,26.6375587888886,8.9111257818944,44.3639917958829,6.803117532414,0.862367011151071,2.39546391986409,37.6566928202634,16.672428882254,65.8273485178651,1.72473402230214,0.479092783972817,2.01218969268583,1.34145979512389,2.01218969268583,9.58185567945634,0.0958185567945634,4.12019794216623,8.43203299792158,1.53309690871301,22.5173608467224,1.14982268153476,3.25783093101516,1.53309690871301,0.766548454356507,9.58185567945634,1.43727835191845,65.4440742906868,1.0540041247402,26.7333773456832,11.4982268153476,0.28745567038369,0.383274227178254,2.68291959024778,0.958185567945634,6.13238763485206,3.06619381742603,4.69510928293361,0.766548454356507,4.88674639652274,0.574911340767381,33.4406763213026,0.862367011151071,95.8185567945634,6.89893608920857,12.073138156115,17.6306144501997,3.25783093101516,17.9180701205834,9.48603712266178,0.958185567945634,0.958185567945634,33.4406763213026,8.81530722509983,0.191637113589127,4.9825649533173,34.1114062188646,0.191637113589127,2.77873814704234,4.69510928293361,MGS1
318,2.04781187389661,0.758448842183928,0.758448842183928,21.6916368864603,6.67434981121857,3.26133002139089,4.47484816888518,0.379224421091964,18.733686401943,1.59274256858625,1.82027722124143,17.4443233702303,2.95795048451732,3.79224421091964,6.2951253901266,1.0618283790575,4.01977886357482,4.1714686320116,35.7987853510814,2.65457094764375,74.2521416498066,4.1714686320116,15.5482012647705,4.62653793732196,53.8498677950589,7.73617819027607,0.303379536873571,2.88210560029893,38.1499767618516,15.0172870752418,60.2208380694039,2.123656758115,1.28936303171268,2.19950164233339,3.1854851371725,2.123656758115,9.70814517995428,0.985983494839106,2.57872606342536,6.06759073747142,0.985983494839106,21.5399471180236,0.682603957965535,3.71639932670125,0.606759073747142,0.606759073747142,10.0115247168279,0.834293726402321,70.5357423231053,2.57872606342536,21.9191715391155,22.1467061917707,0.455069305310357,0.151689768436786,4.1714686320116,1.36520791593107,5.53667654794268,2.27534652655178,2.50288117920696,0.303379536873571,2.27534652655178,0.303379536873571,25.5597259815984,0.606759073747142,101.252920431554,8.19124749558642,7.50864353762089,14.7897524225866,2.50288117920696,12.0593365907245,9.63230029573589,1.51689768436786,1.59274256858625,21.3882573495868,7.20526400074732,0.455069305310357,2.123656758115,33.4475939403112,0,3.33717490560928,6.75019469543696,MGS1
319,12.4246362806736,0.690257571148532,2.00174695633074,27.4722513317116,4.00349391266148,3.86544239843178,5.86718935476252,0.552206056918826,70.54432377138,3.93446815554663,5.03888026938428,10.6299665956874,5.38400905495855,6.83354995437047,4.4176484553506,1.51856665652677,6.97160146860017,4.14154542689119,39.3446815554663,3.52031361285751,98.6378069171252,2.76103028459413,29.1978952595829,8.14503933955268,119.138456780237,10.353863567228,0.552206056918826,3.65836512708722,43.4862269823575,19.1201347208143,95.3245705756123,2.41590149901986,1.31148938518221,1.86369544210104,3.10615907016839,2.27784998479016,9.80165751030915,0.966360599607945,4.62472572669516,7.38575601128929,1.10441211383765,25.8156331609551,1.24246362806736,3.31323634151295,0.552206056918826,1.10441211383765,7.38575601128929,0.966360599607945,102.986429615361,0.897334842493091,19.9484438061926,30.5093846447651,0.828309085378238,0.966360599607945,5.59108632630311,0.897334842493091,6.41939541168135,2.34687574190501,2.48492725613471,2.55395301324957,4.14154542689119,0.276103028459413,22.9165513621313,1.72564392787133,120.795074950993,9.18042569627547,10.5609408385725,13.1148938518221,3.72739088420207,12.9768423375924,6.90257571148532,0.897334842493091,1.31148938518221,27.4032255745967,9.59458023896459,0.690257571148532,2.96810755593869,25.4705043753808,0.138051514229706,3.10615907016839,5.38400905495855,MGS1
320,7.36695025039563,0.931453479935079,1.86290695987016,30.3992544815176,7.36695025039563,9.48388997752081,7.1129174831406,0.931453479935079,52.5847828217895,5.16533293418544,7.19759507222561,21.8468179839319,6.35081918137554,8.97582444301076,11.854862471901,1.10080865810509,11.346796937391,4.7419449887604,32.7702269758978,3.4717811524853,162.580971043214,3.97984668699534,37.5968495537432,6.18146400320552,145.814808404382,12.024217650071,0.508065534510043,5.75807605778049,64.5243228827755,32.8549045649828,120.24217650071,3.72581391974032,3.5564587415703,2.70968285072023,8.63711408667073,5.41936570144046,12.362928006411,1.01613106902009,5.75807605778049,5.75807605778049,2.3709724943802,25.7419870818422,1.35484142536012,2.79436043980524,1.69355178170014,1.1854862471901,10.6693762247109,1.86290695987016,92.9759928153379,2.28629490529519,24.9798887800771,30.1452217142626,0.169355178170014,0.59274312359505,5.9274312359505,1.43951901444512,6.01210882503551,3.81049150882532,4.6572673996754,1.27016383627511,7.87501578490567,0.169355178170014,18.0363264751065,2.28629490529519,129.641388889146,8.55243649758573,9.99195551203085,14.9879332680463,3.38710356340029,15.1572884462163,11.516152115561,1.1854862471901,3.13307079614527,27.2661836853723,8.04437096307568,0.423387945425036,2.96371561797525,26.9274733290323,0.338710356340029,4.7419449887604,11.346796937391,MGS1
321,7.9554541911608,0.488492801211628,1.46547840363488,25.6807644065542,4.04751178146778,2.58203337783289,3.9777270955804,0.907200916535881,46.3370314292173,1.81440183307176,3.27988023670665,7.11803796051229,1.46547840363488,10.0489947677821,3.34966492259402,1.39569371774751,5.37342081332791,3.83815772380565,20.446912965001,3.48923429436877,86.8819339297824,2.02375589073389,33.4268645400528,7.11803796051229,70.3429633744744,4.60578926856678,0.558277487099003,2.51224869194552,27.8440896690628,19.4699273625777,73.9019823547306,2.02375589073389,0.279138743549502,0.697846858873754,2.86117212138239,3.34966492259402,11.3749037996422,0.558277487099003,4.2568658391299,4.5360045826794,1.53526308952226,20.1677742214515,1.32590903186013,3.21009555081927,2.02375589073389,2.02375589073389,8.65330105003455,1.18633966008538,55.9673180816751,1.39569371774751,19.4001426766904,21.7728219968611,0.348923429436877,0.488492801211628,2.72160274960764,1.46547840363488,3.90794240969302,2.09354057662126,2.93095680726977,0.348923429436877,7.3971767040618,0,24.7735634900183,1.39569371774751,127.566405802122,5.72234424276479,16.538970555308,18.5627264460419,1.95397120484651,9.90942539600731,6.14105235808904,0.907200916535881,1.95397120484651,29.0304293291482,3.07052617904452,0.418708115324253,2.16332526250864,39.777270955804,0.558277487099003,2.16332526250864,5.30363612744053,MGS1
322,12.0896671519298,0.515673006480418,0.687564008640557,25.6690563225808,4.01079005040325,3.26592904104265,3.49511704392283,0.114594001440093,22.1166422779379,2.00539502520163,7.67779809648622,10.5999451332086,2.463771030962,8.82373811088715,5.15673006480418,1.14594001440093,6.35996707992515,5.27132406624427,39.3057424939519,2.63566203312214,119.636137503457,3.72430504680302,25.0387893146603,5.27132406624427,96.3735552111181,7.67779809648622,0.80215801008065,3.43782004320279,31.7998353996258,18.3350402304149,101.243800272322,2.00539502520163,0.859455010800697,1.26053401584102,2.11998902664172,0.859455010800697,7.90698609936641,0.916752011520743,2.29188002880186,2.92214703672237,1.20323701512098,25.2679773175405,0.859455010800697,1.89080102376153,0.744861009360604,0.687564008640557,11.058321138969,1.54701901944125,52.5986466610026,0.171891002160139,23.8928493002594,11.4021031432892,0.343782004320279,0.0572970007200464,3.9534930496832,0.859455010800697,3.43782004320279,1.77620702232144,2.3491770295219,0.630267007920511,6.47456108136525,0.286485003600232,24.0647403024195,3.78160204752306,96.4881492125582,5.15673006480418,10.7145391346487,13.9231711749713,2.3491770295219,16.2150512037731,4.92754206192399,0.458376005760372,4.41186905544358,29.4506583701039,4.12538405184334,0.572970007200464,4.23997805328344,15.5274871951326,0.572970007200464,2.86485003600232,4.52646305688367,MGS1
324,9.38470764990222,0.565343834331459,0.565343834331459,24.7620599437179,5.70997272674774,2.99632232195673,6.21878217764605,0.169603150299438,30.1328263698668,2.54404725449157,4.24007875748594,6.78412601197751,5.99264464391347,4.0704756071865,11.0242047694635,0.565343834331459,4.24007875748594,6.10571341077976,39.121793335737,3.4485973894219,95.6561767688829,2.54404725449157,13.568252023955,6.8971947788438,34.4294395107859,5.65343834331459,1.24375643552921,4.46621629121853,42.0615812742606,23.9705785756539,56.0255739822476,1.41335958582865,0.904550134930334,2.26137533732584,2.8267191716573,1.24375643552921,11.250342303196,0.678412601197751,3.05285670538988,7.51907299660841,1.75256588642752,20.3523780359325,0.339206300598875,2.88325355509044,0.395740684032021,0.508809450898313,8.42362313153874,1.3568252023955,96.4476581369469,1.30029081896236,23.0660284407235,16.6211087293449,0.678412601197751,0.169603150299438,3.84433807345392,0.565343834331459,5.31423204271572,3.33552862255561,6.10571341077976,0.791481368064043,6.33185094451234,0.282671917165729,29.0021387012038,1.52642835269494,103.797127983256,7.80174491377413,6.67105724511122,15.7730929778477,2.26137533732584,15.1512147600831,6.44491971137863,0.282671917165729,0.678412601197751,29.7370856858347,6.61452286167807,0.169603150299438,3.16592547225617,28.7760011674713,0,3.61820053972134,5.14462889241628,MGS1
335,2.77979080269792,1.20860469682518,0.423011643888814,16.557884346505,5.19700019634828,2.05462798460281,4.41140714341191,0.423011643888814,30.3359778903121,2.05462798460281,5.80130254476087,7.73507005968116,5.6200118402371,3.56538385563429,3.38409315111051,0.604302348412591,4.65312808277695,4.2905466737294,38.3731991241995,3.62581409047555,67.6818630222102,3.86753502984058,9.85012827912523,4.41140714341191,47.0147227064996,5.74087230991961,0.362581409047555,2.77979080269792,33.1761989278512,10.0918492184903,42.4220248585639,1.81290704523777,1.08774422714266,2.17548845428533,3.50495362079303,0.725162818095109,11.4817446198392,1.20860469682518,3.50495362079303,3.92796526468184,1.51075587103148,18.6125123311078,0.604302348412591,3.44452338595177,0.302151174206296,0.181290704523777,10.4544306275378,0.66473258325385,78.4988750587956,1.75247681039651,17.5851983388064,26.2871521559477,0.785593052936368,0.785593052936368,3.26323268142799,0.66473258325385,3.74667456015806,2.17548845428533,2.71936056785666,0.846023287777627,4.59269784793569,0.0604302348412591,34.1430826853114,0.785593052936368,99.1055851396649,6.82861653706228,3.26323268142799,12.5090586121406,2.41720939365036,8.82281428682383,11.9651864985693,0.66473258325385,1.57118610587274,24.4742451107099,12.0860469682518,0.362581409047555,1.08774422714266,19.5793960885679,0,2.71936056785666,7.25162818095109,MGS1
347,1.93259051290227,0.610291740916507,0.610291740916507,15.9693005539819,3.66175044549904,3.15317399473529,6.61149385992883,0,25.3271072480351,1.93259051290227,6.40806327962333,4.88233392733206,3.35660457504079,3.05145870458254,6.40806327962333,0.81372232122201,5.39091037809581,4.98404921748481,27.8699895018538,3.25488928488804,95.3072268731279,1.42401406213852,15.9693005539819,6.91663973038708,50.1456380453063,5.59434095840132,1.22058348183301,4.3737574765683,37.5329420663652,24.8185307972713,43.5341441853775,1.11886819168026,0.305145870458254,1.83087522274952,2.74631283412428,1.01715290152751,10.6801054660389,0.712007031069259,3.56003515534629,5.69605624855407,0.915437611374761,20.444773320703,0.406861160611005,2.94974341442979,0.508576450763756,0.712007031069259,8.7475149531366,1.22058348183301,74.4555923918139,0.508576450763756,17.9018910668842,11.5955430774136,0.406861160611005,0.101715290152751,2.74631283412428,0.305145870458254,5.18747979779031,1.62744464244402,3.7634657356518,1.22058348183301,5.08576450763756,0.203430580305502,37.3295114860597,1.32229877198577,92.2557681685453,6.91663973038708,5.69605624855407,15.9693005539819,2.74631283412428,17.8001757767315,5.59434095840132,0.915437611374761,0.712007031069259,26.7511213101736,6.91663973038708,0,2.94974341442979,28.7854271132286,0.406861160611005,1.83087522274952,4.78061863717931,MGS1
348,10.5090962734025,0.834834750690857,1.17859023626944,33.7862534397241,6.13849081390336,3.63398656183079,6.43313837297072,0.491079265112269,64.282275803196,4.22328167996551,11.4421468771159,11.4421468771159,5.25454813670127,8.54477921295347,7.70994446226262,1.22769816278067,6.08938288739213,5.50008776925741,42.9694356973235,2.84825973765116,103.961480424267,2.7500438846287,26.7638199486186,7.70994446226262,78.9655458300528,8.39745543341979,0.883942677202083,4.32149753298796,46.5543143326431,27.4022229932646,96.988154859673,1.47323779533681,1.81699328091539,1.37502194231435,3.33933900276343,1.76788535440417,12.3751974808292,0.93305060371331,4.81257679810023,6.48224629948194,1.47323779533681,22.0985669300521,0.736618897668403,3.2902310762522,2.11164083998275,0.834834750690857,9.72336944922292,1.37502194231435,78.3271427854068,1.81699328091539,21.4110559588949,19.692278531002,0.638403044645949,1.12948230975822,4.0268499739206,1.22769816278067,3.97774204740938,3.38844692927465,4.27238960647674,1.37502194231435,5.00900850414514,0.196431706044907,32.1165839383424,1.81699328091539,99.3453353322119,6.5804621525044,12.4243054073404,10.9510676120036,2.11164083998275,19.9378181635581,7.26797312366157,0.491079265112269,2.20985669300521,29.3174321272024,9.62515359620046,1.08037438324699,2.5536121785838,24.1610998435236,0,3.09379937020729,7.16975727063912,MGS1
349,6.94186593616791,0.98167801117526,0.77131843735199,29.0296211876113,6.24066735675701,2.52431488587924,7.15222550999118,0.42071914764654,64.8608685955082,5.89006806705156,8.06378366322535,9.46618082204715,5.32910920352284,5.89006806705156,12.481334713514,2.38407516999706,6.24066735675701,5.96018792499265,43.6846714972991,4.34743119234758,98.2379209754671,2.66455460176142,28.2583027502593,8.13390352116644,51.0472565811135,7.99366380528426,0.21035957382327,3.71635247087777,54.9739686258145,33.0264530902534,81.9701139331342,2.24383545411488,2.1035957382327,3.92671204470104,2.8047943176436,2.17371559617379,14.0940914461591,1.12191772705744,7.36258508381445,10.3777389752813,1.96335602235052,28.8893814717291,1.4023971588218,3.5059928970545,0.42071914764654,0.84143829529308,12.5514545714551,0.91155815323417,86.7382642731283,3.22551346529014,29.59058005114,37.3037644246599,0.7011985794109,0.91155815323417,3.71635247087777,0.98167801117526,6.3107872146981,3.43587303911341,5.04862977175848,1.33227730088071,15.2160091732165,0.21035957382327,42.0017949067129,0.28047943176436,99.1494791287012,10.7283382649868,10.3777389752813,11.4295368443977,3.36575318117232,19.8439197973285,12.8319340032195,1.05179786911635,1.33227730088071,31.2734566417261,14.1642113041002,0.56095886352872,2.66455460176142,27.9778233184949,0.14023971588218,3.57611275499559,4.9083900558763,MGS1
350,5.5832993155893,0.620366590621033,0.958748367323415,19.8517308998731,4.22977220877977,3.21462687867263,3.7221995437262,0.169190888351191,43.5948522318235,2.48146636248413,8.572338343127,10.038659375504,6.37285679456152,4.62455094826588,9.98226241272026,1.63551192072818,5.52690235280557,4.00418435764485,37.842362027883,4.22977220877977,96.5516002857463,1.8610997718631,24.6454727364901,7.21881123631748,61.5290863970498,5.63969627837303,0.394778739486112,2.08668762299802,40.0982405392322,21.7128306717362,67.4507674893414,2.03029066021429,1.91749673464683,1.46632103237699,4.51175702269842,4.17337524599604,12.971301440258,0.676763553404764,3.66580258094247,11.7305682590159,1.24073318124207,23.5175334808155,0.902351404539685,2.93264206475398,0.394778739486112,0.733160516188494,8.23395656642462,1.63551192072818,61.8674681737521,2.03029066021429,20.6412883788453,28.2548783546489,0.451175702269842,0.620366590621033,3.55300865537501,0.902351404539685,4.73734487383335,1.8610997718631,3.89139043207739,0.338381776702382,6.76763553404764,0.338381776702382,32.5410475262124,3.04543599032144,93.1677825187224,4.85013879940081,7.72638390137105,16.9190888351191,2.53786332526786,16.3551192072818,11.504980407881,1.01514533010715,0.676763553404764,19.0621734209008,9.8694684871528,0.394778739486112,2.03029066021429,28.7060540569187,0.394778739486112,3.21462687867263,6.42925375734525,MGS1
351,11.5111404118059,1.34296638137736,1.72667106177089,31.9114392527287,7.48224126767386,11.3192880716092,13.1738606935112,1.98247418203324,73.9271017558203,5.11606240524708,11.2553372915436,12.5343528928553,6.1392748862965,16.7551043771842,11.4471896317403,5.69161942583738,9.65656778990387,7.09853658728033,65.6135003472938,6.33112722649326,192.811601897749,4.02889914413208,38.8181234998122,15.3481872157412,263.605115430356,12.8541067931833,0.255803120262354,3.83704680393531,82.8802109650027,50.6490178119461,121.698334464815,4.4765546045912,3.45334212354178,5.49976708564061,3.38939134347619,7.73804438793621,16.5632520369874,1.6627202817053,7.2264381474115,11.2553372915436,2.17432652223001,32.5509470533846,2.87778510295148,3.51729290360737,1.72667106177089,1.85457262190207,16.3713996967907,2.81383432288589,126.366741409603,1.72667106177089,33.254405634106,31.6556361324663,0.639507800655885,0.511606240524708,4.15680070426325,1.79062184183648,7.67409360787062,3.3254405634106,6.33112722649326,8.05779828826415,6.52297956669003,0.191852340196766,35.1729290360737,5.11606240524708,155.912001799905,12.4704021127898,12.0866974323962,20.0165941605292,4.28470226439443,17.2027598376433,13.6854669340359,1.85457262190207,3.83704680393531,44.6376444857808,23.5338870641366,0.639507800655885,7.35433970754268,35.748486056664,0.127901560131177,8.8891584291168,9.14496154937916,MGS1
352,10.3109473558089,0.537028508115046,0.483325657303542,11.170192968793,4.24252521410886,1.87959977840266,1.71849122596815,0.214811403246018,21.2663289213558,2.79254824219824,1.23516556866461,9.45170174282481,4.34993091573187,1.82589692759116,5.53139363358498,0.805542762172569,4.83325657303542,3.32957675031329,27.0662368089983,3.81290240761683,58.9120273402206,3.32957675031329,8.21653617416021,3.70549670599382,42.4252521410886,3.75919955680532,0.644434209738055,2.47033113732921,16.1645580942629,18.3663749775346,35.9809100437081,1.07405701623009,1.28886841947611,2.09441118164868,2.63143968976373,0.644434209738055,9.50540459363632,0.966651314607083,4.51103946816639,4.88695942384692,1.23516556866461,19.6015405461992,0.161108552434514,2.20181688327169,0.214811403246018,0.375919955680532,9.18318748876729,1.1814627178531,68.4711347846684,3.00735964544426,20.5681918608063,32.4902247409603,0.214811403246018,0.805542762172569,3.38327960112479,0.537028508115046,4.6184451697894,2.3092225848947,1.98700548002567,0.268514254057523,6.12212499251153,0.107405701623009,17.775643618608,0.590731358926551,83.6153387135127,6.71285635143808,5.42398793196197,13.5868212553107,2.47033113732921,9.18318748876729,8.75356468227525,0.69813706054956,1.44997697191062,17.453426513739,7.46469626279914,0.214811403246018,1.50367982272213,30.4495164101231,0.0537028508115046,1.28886841947611,5.20917652871595,MGS1
353,3.90069574998372,1.22593294999488,1.28165717499465,26.6361795498888,4.9594560249793,6.24111319997395,5.51669827497697,0.501518024997906,89.103035774628,3.45490194998558,12.3150537249486,12.5379506249477,6.24111319997395,8.24718529996557,9.30594557496115,2.78621124998837,6.07394052497464,5.51669827497697,35.6077797748514,4.06786842498302,93.170904199611,7.02125234997069,27.8621124998837,7.6899430499679,110.27824127454,7.52277037496859,0.724414924996976,4.01214419998325,44.9694495748123,24.0171409748997,90.3846929496227,2.22896899999069,3.12055659998697,3.90069574998372,5.23807714997813,5.85104362497557,11.8692599249505,1.56027829999349,4.62511067498069,5.57242249997674,2.34041744999023,24.9644527998958,1.61600252499325,4.51366222498116,0.835863374996511,0.835863374996511,13.5967108999432,1.33738139999442,85.8710307246415,3.23200504998651,27.2491460248862,30.2025299498739,0.724414924996976,0.501518024997906,4.51366222498116,1.22593294999488,5.68387094997627,2.7304870249886,3.45490194998558,0.947311824996045,6.96552812497092,0.445793799998139,21.3981023999107,1.61600252499325,105.43023369956,8.74870332496348,9.86318782495882,14.1539531499409,3.45490194998558,10.308981624957,11.6463630249514,1.22593294999488,2.84193547498814,26.580455324889,15.2127134249365,1.05876027499558,2.00607209999163,30.5925995248723,0.222896899999069,3.62207462498488,11.4791903499521,MGS1
354,9.7097939174856,1.25500737708998,1.71737851601786,21.2690723906827,5.94477178621567,6.20898386560303,17.437997239566,0.79263623816209,54.0313702347158,4.88792346866622,11.3611194136566,9.31347579840455,10.2382180762603,6.07687782590935,10.9648012945756,1.58527247632418,7.33188520299933,5.74661272667515,52.710309837779,5.74661272667515,131.775774594447,6.86951406407144,21.5993374899169,7.19977916330565,106.147202893873,21.1369663509891,0.726583218315249,4.22739327019781,76.1591318834074,36.5933729951498,65.8548607873003,2.31185569463943,3.83107515111677,4.35949930989149,3.96318119081045,3.63291609157624,17.1077321403318,1.18895435724313,6.67135500453092,8.71899861978298,1.4531664366305,28.204639474601,1.98159059540522,3.17054495264836,0.528424158774726,0.924742277855771,12.021649612125,2.17974965494575,106.477467993107,1.65132549617102,26.0248898196553,42.1418266622844,0.396318119081045,1.25500737708998,4.82187044881938,1.98159059540522,5.08608252820674,3.76502213126993,5.41634762744095,1.71737851601786,4.55765836943201,0.264212079387363,33.8851991814293,1.05684831754945,114.073565275494,9.44558183809823,7.79425634192721,16.1169368426292,4.02923421065729,15.9187777830886,18.0324744181875,1.7834315358647,2.64212079387363,29.855964970772,18.9572166960433,0.462371138927886,3.76502213126993,31.0449193280152,0.726583218315249,4.62371138927886,9.97400599687296,MGS1
355,7.97661841165165,0.896779584741902,0.660784957178243,14.6788658344595,5.00308610434956,2.64313982871297,4.20070437063312,0.141596776538195,48.7092911291391,3.16232800935302,2.59594090320024,11.7525324526702,10.1005700597246,2.8319355307639,6.41905386973151,0.84958065922917,4.7670914767859,4.38950007268404,30.773699434301,4.43669899819678,68.7216355465373,3.30392478589122,13.4516937711285,4.53109684922224,57.8186837530963,5.14468288088775,0.235994627563658,3.44552156242941,23.9298552349549,16.7556185570197,52.7211997977213,2.02955379704746,2.64313982871297,1.69916131845834,3.35112371140395,2.78473660525117,10.9501507189537,0.84958065922917,4.43669899819678,3.44552156242941,1.13277421230556,20.7675272256019,0.613586031665512,3.58711833896761,0.802381733716438,0.613586031665512,13.8764841007431,0.943978510254633,81.2293508074112,2.07675272256019,19.1627637581691,21.4755111082929,0.707983882690975,1.935155946022,3.44552156242941,0.707983882690975,4.48389792370951,1.935155946022,3.63431726448034,0.424790329614585,4.20070437063312,0.896779584741902,27.1865810953334,0.28319355307639,97.4185822582781,6.13586031665512,4.38950007268404,19.4931562367582,3.11512908384029,10.2893657617755,12.8853066649757,0.943978510254633,1.69916131845834,23.4106670543149,13.9236830262558,0.377591404101853,1.935155946022,26.8089896912316,0.28319355307639,2.26554842461112,7.31583345447341,MGS1
356,5.4271682968929,1.33018830806199,0.851320517159671,18.0373534573205,4.57584777973323,3.24565947167125,4.25660258579836,0.585282855547274,38.7882910630875,2.23471635754414,4.84188544134563,13.7275433391997,4.1501875211534,4.04377245650844,4.1501875211534,0.798112984837192,8.0343373806944,4.09697998883092,35.3298014621264,5.53358336153786,66.9350756616792,4.89509297366811,13.9403734684896,7.60867712211456,84.3871462634524,5.32075323224795,0.478867790902315,3.45848960096116,23.9965970774382,20.3252773471872,70.9256405858651,2.18150882522166,2.23471635754414,2.3411314221891,2.97962181005885,2.81999921309141,11.4396194493331,1.22377324341703,4.04377245650844,5.85282855547274,0.691697920192233,21.9215033168615,0.95773558180463,3.77773479489604,0.638490387869754,0.798112984837192,10.5350913998509,1.33018830806199,109.075441261083,4.04377245650844,23.198484092601,27.4018791460769,0.319245193934877,0.106415064644959,4.52264024741075,0.851320517159671,6.2252812817301,3.08603687470381,2.92641427773637,0.425660258579836,2.66037661612397,0.0532075323224795,31.7116892641978,1.33018830806199,109.341478922695,8.08754491301688,6.70414907263241,15.1109391795842,4.30981011812084,8.24716750998432,10.6947139968184,0.904528049482151,1.5430184373519,25.858860708725,12.3441474988152,0.532075323224795,1.8090560989643,33.6803679601295,0.372452726257356,1.86226363128678,7.98112984837192,MGS1
375,6.31618973744594,1.23419799467334,1.30679787671295,30.1289510464375,7.04218855784202,5.29979138889142,10.3091832496244,0.145199764079217,53.9417123554291,6.60658926560437,14.5925762899613,9.36538478310949,14.5199764079217,6.60658926560437,14.5925762899613,1.669797286911,7.11478843988163,6.17098997336672,45.4475261567949,4.71899233257455,120.661003949829,1.52459752283178,31.5809486872297,9.4379846651491,85.9582603348965,10.8899823059413,0.725998820396085,5.1545916248122,61.7824996157068,32.8877465639426,109.33542235165,1.37939775875256,2.39579610730708,5.51759103501024,3.70259398402003,2.03279669710904,16.6253729870703,1.16159811263374,2.83139539954473,7.40518796804007,1.7423971689506,25.0469593036649,1.45199764079217,6.09839009132711,1.08899823059413,0.798598702435693,10.9625821879809,1.08899823059413,110.932619756522,0.580799056316868,25.772958124061,42.3257312290918,0.871198584475302,0.217799646118825,4.50119268645573,0.798598702435693,6.0257902092875,2.5409958713863,4.93679197869338,1.08899823059413,10.018783721466,0.94379846651491,35.791741845527,0.653398938356476,118.047408196403,8.05858690639654,10.8899823059413,25.3373588318234,3.48479433790121,18.5129699201002,13.2131785312087,1.16159811263374,1.23419799467334,35.791741845527,6.96958867580241,0.580799056316868,2.90399528158434,26.4263570624175,0.435599292237651,2.5409958713863,4.2833930403369,MGS1
376,5.97137147909249,1.47441271088704,1.84301588860879,29.5619748532851,7.66694609661258,4.86556194592722,5.01300321701592,0.737206355443518,51.3095623388688,2.58022224405231,4.79184131038287,3.68603177721759,3.61231114167324,6.63485719899166,7.66694609661258,0.81092699098787,7.96182863878999,6.92973974116907,46.738882935119,3.90719368385064,104.093537388625,4.2757968615724,26.0233843471562,7.88810800324564,80.1343308367104,7.66694609661258,1.25325080425398,4.79184131038287,36.9340384077202,15.5550540998582,90.0128959996535,2.43278097296361,0.737206355443518,2.87510478622972,4.2757968615724,1.54813334643139,10.9106540605641,1.03208889762092,5.01300321701592,8.18299054542305,1.76929525306444,26.613149431511,0.958368262076573,3.980914319395,0.663485719899166,1.03208889762092,14.9652890155034,1.69557461752009,110.359791409895,1.76929525306444,26.5394287959666,22.4110732054829,0.368603177721759,0.81092699098787,5.16044448810462,1.17953016870963,7.29834291889083,3.61231114167324,3.980914319395,1.91673652415315,6.70857783453601,0.368603177721759,31.4787113774382,2.06417779524185,123.924388350055,11.4266985093745,8.62531435868916,14.8178477444147,2.65394287959666,11.7953016870963,14.3018032956042,1.10580953316528,1.54813334643139,34.9435812480227,14.5229652022373,0.368603177721759,4.1283555904837,25.6547811694344,0,4.1283555904837,12.0164635937293,MGS1
377,8.64379936504041,0.960422151671156,0.960422151671156,21.2664905012899,3.84168860668462,2.53825854370234,3.7730870244224,0.411609493573353,34.1635879665883,1.44063322750673,3.43007911311127,9.87862784576046,5.21372025192913,7.40897088432035,6.24274398586252,2.05804746786676,6.17414240360029,3.91029018894685,42.0527699267442,4.87071234061801,81.7730860565727,5.00791550514246,17.4248018946053,5.83113449228916,63.8680730861319,5.41952499871581,0.75461740488448,4.80211075835578,32.3113452455082,15.4353560090007,70.59102814783,1.64643797429341,2.12664905012899,1.23482848072006,3.36147753084905,1.23482848072006,8.98680727635153,1.30343006298228,4.45910284704465,5.21372025192913,1.30343006298228,30.733508853477,0.411609493573353,3.56728227763572,1.02902373393338,0.686015822622254,11.7994721491028,0.891820569408931,93.0237455475777,0.274406329048902,28.8812661323969,19.8944588560454,0.617414240360029,0.274406329048902,5.62532974550249,0.75461740488448,5.07651708740468,3.36147753084905,3.08707120180014,1.44063322750673,9.05540885861376,0.205804746786676,21.3350920835521,0.960422151671156,133.430077500028,10.0844325925471,8.23218987146705,17.9050129704408,3.01846961953792,13.0343006298228,9.94722942802269,0.75461740488448,2.19525063239121,30.5277041066903,18.4538256285386,0.137203164524451,1.30343006298228,24.0791553740411,0.137203164524451,2.81266487275124,12.9656990475606,MGS1
379,10.0130638052522,0.160209020884036,0.0801045104420179,19.9460231000625,6.40836083536143,2.72355335502861,4.80627062652107,0.480627062652107,20.0261276105045,5.60731573094125,3.92512101165888,8.73139163817995,7.85024202331775,4.40574807431098,5.60731573094125,0.961254125304215,5.44710671005722,6.32825632491941,39.5716281583568,4.80627062652107,84.990885578981,2.08271727149247,14.4188118795632,10.5737953783464,47.6621837130007,7.77013751287574,0.240313531326054,4.40574807431098,40.132359731451,25.3130252996777,49.5045874531671,1.76229922972439,0.720940593978161,2.96386688635466,4.0052255221009,1.04135863574623,13.7779757960271,0.480627062652107,4.96647964740511,10.5737953783464,0.961254125304215,21.3077997775768,0.640836083536143,2.96386688635466,0.320418041768072,0.160209020884036,9.45233223215811,0.720940593978161,77.9416886600834,1.52198569839834,25.3130252996777,35.0056710631618,0.480627062652107,0.160209020884036,3.84501650121686,0.400522552210089,5.28689768917318,2.08271727149247,5.76752475182529,1.3617766775143,5.28689768917318,0.400522552210089,38.7705830539367,0.881149614862197,98.368338822798,9.05180967994802,4.64606160563704,15.7805885570775,2.56334433414457,16.7418426823817,7.93034653375977,0.560731573094125,1.76229922972439,30.5198184784088,6.2481518144774,0.0801045104420179,2.2429262923765,26.754906487634,0,2.72355335502861,6.56856985624547,MGS1
384,12.7735372915126,1.02188298332101,2.36310439892983,57.0338440066037,5.87582715409579,6.06743021346848,5.10941491660503,0.766412237490755,126.010945380772,5.87582715409579,9.96335908737981,15.775318555018,5.93969484055335,17.3081430299995,12.6458019185975,0.894147610405881,9.38854990926175,8.04732849365293,48.3478386483751,4.40687036557184,169.760310604202,2.74631051767521,77.5992390459389,13.6676849019185,95.0351174488536,8.49440229885587,1.34122141560882,3.57659044162352,56.5229025149432,31.8061078558663,154.943007346048,1.91603059372689,3.25725200933571,4.21526730619915,3.32111969579327,5.55648872180797,15.2643770633575,0.44707380520294,5.1732826030626,7.53638700199242,1.59669216143907,27.8463112954974,3.12951663642058,3.83206118745377,2.04376596664201,11.4323158759038,10.0910944602949,0.766412237490755,74.7890608418062,0.830279923948318,24.7806623455344,80.0262111313263,0.830279923948318,0.958015296863444,6.57837170512898,1.59669216143907,5.10941491660503,2.49083977184495,4.98167954368991,2.55470745830252,12.0709927404794,1.02188298332101,23.5671763028407,2.87404589059033,116.430792412137,9.70788834154956,19.9267181747596,21.5234103361987,3.32111969579327,21.9066164549441,12.5180665456823,1.40508910206638,3.9597965603689,44.2603067150911,20.2460566070474,1.34122141560882,5.87582715409579,45.0267189525819,2.36310439892983,2.29923671247226,7.9195931207378,MGS1
386,5.69576940888921,0.474647450740768,0.553755359197563,17.5619556774084,5.06290614123486,3.79717960592614,4.03450333129653,0.0791079084567946,28.3206312275325,2.05680561987666,5.22112195814845,6.17041685962998,1.26572653530871,5.45844568351883,6.40774058500037,0.791079084567947,4.74647450740768,4.03450333129653,30.1401131220388,5.06290614123486,77.8421819214859,2.53145307061743,14.8722867898774,7.4361433949387,83.9334908726591,4.82558241586447,0.316431633827179,4.27182705666691,34.4119401787057,21.0427036495074,71.9881966956831,1.5030502606791,1.26572653530871,0.949294901481536,2.68966888753102,1.10751071839513,9.96759646555613,0.632863267654357,3.95539542283973,7.04060385265472,0.632863267654357,21.5173511002481,0.632863267654357,2.29412934524704,0.237323725370384,0.474647450740768,7.27792757802511,0.711971176111152,76.5764553861772,0.791079084567947,23.6532646285816,20.6471641072234,0.949294901481536,0.316431633827179,3.40164006364217,0.711971176111152,4.35093496512371,2.61056097907422,3.24342424672858,0.711971176111152,4.11361123975332,0,25.2354227977175,1.81948189450628,99.2804251132773,6.48684849345716,6.56595640191396,17.4828477689516,1.97769771141987,9.25562528944497,4.98379823277806,0.632863267654357,1.18661862685192,26.2638256076558,7.59435921185229,0.0791079084567946,2.9269926129014,35.2821271717304,0,4.11361123975332,4.35093496512371,MGS1
389,4.98105077940602,1.13852589243566,1.28084162899012,32.0921985930302,5.33684012079216,3.13094620419807,5.83494519873276,0.711578682772288,62.4766083474069,4.12715636007927,2.63284112625747,7.11578682772288,6.83115535461397,6.33305027667336,6.19073454011891,0.853894419326746,7.47157616910903,5.76378733045553,49.454718452674,3.84252488697036,105.171329313744,4.05599849180204,28.9612523888321,9.46399648087143,47.1776666678027,6.47536601322782,0.284631473108915,2.98863046764361,41.5561950739016,19.7107295127924,78.2024972366745,1.70778883865349,1.63663097037626,2.34820965314855,2.77515686281192,3.7002091504159,11.8833640022972,1.63663097037626,5.1945243842377,6.11957667184168,1.20968376071289,25.9726219211885,1.35199949726735,3.98484062352481,0.996210155881203,1.85010457520795,8.8947335346536,1.20968376071289,139.611737559923,3.48673554558421,29.245883861941,44.5448255415452,1.92126244348518,0.853894419326746,4.05599849180204,1.20968376071289,5.40799798906939,2.77515686281192,4.48294570146541,1.85010457520795,6.68883961805951,0.213473604831686,43.7620889904957,0.640420814495059,103.321224738536,9.3928386125942,7.75620764221794,21.133886878337,3.48673554558421,9.17936500776252,10.0332594270893,0.640420814495059,1.63663097037626,33.0884087489114,12.3814690802378,0.640420814495059,1.92126244348518,27.8227264963965,0.56926294621783,3.05978833592084,11.6698903974655,MGS1
394,11.1331662805877,1.19283924434868,0.874748779189032,22.7434682589148,6.04371883803331,3.9761308144956,5.64610575658375,0.79522616289912,17.5744982000705,1.9880654072478,6.60037715206269,9.14510087333988,4.13517604707542,4.85087959368463,4.37374389594516,0.556658314029384,5.56658314029384,4.77135697739472,50.576383960384,6.04371883803331,85.2482446627856,2.46520110498727,17.9721112815201,8.42939732673067,51.451132739573,8.34987471044076,0.318090465159648,2.14711063982762,42.7831675639726,19.005905293289,68.4689726256142,2.22663325611754,0.874748779189032,4.45326651223507,3.41947250046621,2.54472372127718,11.0536436642978,1.11331662805877,9.62223657107935,10.0993722688188,1.51092970950833,26.0834181430911,1.27236186063859,4.53278912852498,0.159045232579824,0.556658314029384,10.5765079665583,1.9880654072478,124.850507575162,1.27236186063859,31.8090465159648,24.2543979684232,0.636180930319296,1.19283924434868,6.44133191948287,0.79522616289912,5.9641962217434,3.10138203530657,4.85087959368463,0.477135697739472,12.3260055249364,0.159045232579824,35.4670868653007,1.51092970950833,102.902265479146,13.1212316878355,5.9641962217434,13.9164578507346,3.02185941901666,13.518844769285,17.3359303512008,1.59045232579824,0.39761308144956,28.866709713238,19.8011314561881,0.238567848869736,5.16897005884428,22.8229908752047,0.238567848869736,4.53278912852498,12.0079150597767,MGS1
396,8.3384658946185,1.13403136166812,0.733784998726428,20.9462263272817,5.20320271824194,2.06793954186539,4.73624862814331,0.266830908627792,32.7534940340615,2.13464726902234,6.07040317128227,8.27175816746155,7.67138862304902,5.136494991085,11.4737290709951,0.600369544412532,5.60344908118363,6.6707727156948,36.1555881190658,2.86843226774876,74.379115779997,1.6676931789237,16.3433931534523,6.5373572613809,45.4279621938816,9.27237407481577,0.533661817255584,4.93637180961415,33.7541099414157,21.3464726902234,48.2296867344734,1.13403136166812,0.66707727156948,3.26867863069045,5.136494991085,0.66707727156948,12.9412990684479,0.66707727156948,2.80172454059182,6.13711089843922,0.867200453040324,18.6781636039454,0.466954090098636,2.86843226774876,0.400246362941688,0.466954090098636,9.53920498344356,0.66707727156948,102.06282255013,1.6676931789237,24.8152745023847,34.621310394456,0.200123181470844,0.266830908627792,3.53550953931824,0.933908180197272,3.40209408500435,3.06855544921961,4.73624862814331,0.600369544412532,4.06917135657383,0.33353863578474,37.8232812979895,0.800492725883376,103.663808001897,8.73871225756019,5.87027998981142,16.6102240620801,1.86781636039454,11.8739754339367,6.6707727156948,0.600369544412532,1.20073908882506,28.3507840417029,8.07163498599071,0.133415454313896,2.53489363196402,32.6200785797476,0.200123181470844,3.26867863069045,6.73748044285175,MGS1
404,5.1233755086178,0.931522819748691,0.465761409874345,21.0923381328811,4.79068878727898,2.39534439363949,2.86110580351384,0.332686721338818,25.0180414446791,2.06265767230067,2.99418049204936,10.6459750828422,3.26032986912042,4.59107675447569,5.1233755086178,0.598836098409873,4.92376347581451,4.12531534460134,33.202134789614,2.12919501656844,64.740835972534,4.25839003313687,10.5129003943067,3.92570331179805,52.6975766600688,5.18991285288556,0.598836098409873,5.25645019715333,27.4799231825864,22.4896223625041,44.0477219052595,1.26420954108751,1.13113485255198,1.33074688535527,4.32492737740464,0.931522819748691,9.91406429589678,0.998060164016454,4.05877800033358,5.25645019715333,1.39728422962304,21.8907862640942,0.598836098409873,2.32880704937173,0.266149377071054,0.399224065606582,10.7125124271099,0.598836098409873,81.0424853181361,1.13113485255198,21.8907862640942,11.8436472796619,0.266149377071054,0.532298754142109,3.39340455765594,0.931522819748691,4.19185268886911,1.99612032803291,2.66149377071054,0.465761409874345,4.59107675447569,0.133074688535527,20.82618875581,0.465761409874345,136.734242470254,7.05295849238294,4.92376347581451,12.6420954108751,1.92958298376514,13.0413194764817,7.18603318091847,0.864985475480927,1.53035891815856,25.7499522316245,6.78680911531189,0.465761409874345,1.4638215738908,17.4327841981541,0.0665373442677636,2.12919501656844,8.38370537773821,MGS1
405,16.8893717845373,0.818427707620751,1.26484282086843,20.7583027660172,5.58018891559603,3.57132090598146,5.28257884009758,0.59522015099691,28.8681773233501,3.7945284626053,2.52968564173687,14.4340886616751,6.17540906659294,5.05937128347373,11.1603778311921,0.446415113247682,6.69622669871524,5.9522015099691,47.9152221552513,3.42251586823223,92.7799410366433,5.50578639672142,15.7733340014181,4.3153460947276,75.6673616954822,6.24981158546755,0.967232745369979,5.72899395334526,30.1330201442186,13.3924533974305,60.0428327318133,1.41364785861766,2.00886800961457,2.00886800961457,3.12490579273378,1.26484282086843,6.4730191420914,1.33924533974305,3.42251586823223,3.7945284626053,1.41364785861766,20.3862901716442,0.669622669871524,3.86893098147991,0.372012594373069,0.669622669871524,13.9876735484274,0.223207556623841,101.1130231506,2.30647808511303,15.6989314825435,26.4872967193625,0.967232745369979,0.669622669871524,4.01773601922914,0.59522015099691,5.80339647221987,3.05050327385916,2.60408816061148,1.78566045299073,5.4313838778468,0.446415113247682,26.0408816061148,2.60408816061148,94.4167964518848,6.39861662321678,5.9522015099691,18.9726423130265,2.60408816061148,13.3924533974305,14.5084911805497,0.669622669871524,1.71125793411612,22.3951581812587,8.92830226495365,0.148805037749227,2.30647808511303,34.2995612011969,0.297610075498455,2.38088060398764,6.39861662321678,MGS1
406,17.1975523738885,1.84259489720234,1.56341385217168,29.9282080272864,6.53283645371738,3.46184495838015,10.2180262481221,1.22839659813489,77.8915115635533,4.85775018353343,11.3905866372508,19.4868369431399,6.53283645371738,8.43126755992585,10.1621900391159,3.62935358539854,7.20287096179095,5.69529331862541,54.9428296620333,4.85775018353343,124.793927128704,2.79181045030657,37.5219324521203,9.54799174004847,96.5966415806074,9.21297448601169,1.34006901614715,4.24355188446599,69.0135543315784,26.4105268599002,113.235831864435,1.89843110620847,4.18771567545986,2.95931907732497,2.90348286831883,1.9542673152146,9.99468141209753,1.61925006117781,6.47700024471125,11.1672418012263,2.28928456925139,28.029776921078,2.56846561428205,3.18266391334949,1.61925006117781,1.56341385217168,13.177345325447,2.17761215123913,116.976857867845,2.01010352422073,29.5931907732497,15.3549574766861,0.39085346304292,0.167508627018394,5.47194848260088,0.670034508073577,7.20287096179095,3.18266391334949,5.02525881055183,2.73597424130044,10.1063538301098,0.614198299067446,27.192233785986,0.279181045030657,116.418495777784,10.7763883381834,11.7256038912876,17.7559144639498,3.74102600341081,11.5580952642692,18.9843110620847,0.837543135091971,1.78675868819621,36.963570362059,14.461578132588,0.335017254036789,4.24355188446599,31.4916218794581,1.28423280714102,4.46689672049051,7.8170692608584,MGS1
413,5.19507568935162,1.10395358398722,0.584446015052057,22.4037639103289,7.14322907285848,3.05210696749408,2.20790716797444,0.584446015052057,8.83162867189776,1.75333804515617,3.63655298254614,6.55878305780642,5.4548294738192,2.7923531830265,8.05236731849501,0.0649384461168953,1.29876892233791,6.36396771945574,47.729757895918,2.85729162914339,98.3168074209794,4.22099899759819,4.35087588983198,0.974076691753429,13.8318890228987,3.76642987477993,0.779261353402743,3.57161453642924,25.1311786472385,14.0267043612494,31.0405772438759,0.454569122818267,0.454569122818267,1.03901513787032,3.37679919807855,0.324692230584476,7.40298285732606,1.10395358398722,2.7274147369096,3.24692230584476,0.974076691753429,13.8968274690156,0.129876892233791,5.00026035100094,0.194815338350686,0.259753784467581,7.92249042626122,0.389630676701372,121.30501734636,0.844199799519639,22.4687023564458,17.8580726821462,0.714322907285848,0.389630676701372,3.05210696749408,0.259753784467581,2.20790716797444,3.44173764419545,4.67556812041646,0,12.3383047622101,0.454569122818267,33.7679919807855,0.714322907285848,106.174359401124,5.26001413546852,2.07803027574065,17.4684420054448,2.27284561409133,15.9748577447562,6.42890616557263,0.129876892233791,1.03901513787032,31.7549001511618,5.26001413546852,0.389630676701372,2.53259939855892,31.1704541361097,0.0649384461168953,2.14296872185754,7.20816751897538,MGS1
414,15.2994633357514,1.61899082918005,0.566646790213016,28.4132890521098,7.69020643860522,6.07121560942517,10.1186926823753,0.890444956049025,53.2647982800235,6.71881194109719,13.8423715894894,22.4230229841436,16.1899082918005,5.58551836067116,8.58065139465424,0.323798165836009,4.04747707295012,8.09495414590023,71.154646942463,3.23798165836009,183.512610487558,5.90931652650717,13.1947752578174,3.80462844857311,39.8271743978291,7.77115598006422,0.728545873131021,2.99513303398308,83.4589772442314,38.0462844857311,70.911798318086,1.13329358042603,1.45709174626204,5.09982111191714,4.12842661440912,0.728545873131021,10.9281880969653,1.69994037063905,4.93792202899914,7.85210552152322,1.45709174626204,20.9659312378816,0.728545873131021,3.5617798241961,1.29519266334404,0.971394497508028,13.0328761748994,1.13329358042603,139.637959016779,2.50943578522907,24.6896101449957,35.617798241961,0.809495414590023,0.404747707295011,4.93792202899914,0.647596331672018,5.18077065337615,5.58551836067116,5.74741744358916,0.890444956049025,18.6183945355705,0.404747707295011,35.294000076125,3.31893119981909,131.381105787961,9.39014680924427,4.45222478024513,22.3420734426846,3.4808302827371,18.2136468282755,13.1947752578174,0.323798165836009,0.971394497508028,46.1412386316313,18.3755459111935,0.161899082918005,5.26172019483515,29.5465826325358,1.94278899501606,4.04747707295012,10.2805917652933,MGS1
415,4.6793983369446,1.00272821505956,0.802182572047645,23.1964460417111,5.01364107529778,3.27557883586122,6.68485476706371,0.802182572047645,27.4079045449612,1.87175933477784,12.7680726050917,11.1637074609964,3.27557883586122,5.14733817063906,7.62073443445263,0.735334024377008,2.27285062080166,5.68212655200415,44.2537385579617,2.20600207313102,108.963132703138,3.54297302654377,9.49249376923047,3.87721576489695,36.9003983141917,5.48158090899224,0.802182572047645,3.67667012188504,47.529317393823,20.8567468732388,47.529317393823,1.13642531040083,0.200545643011911,1.87175933477784,2.74079045449612,0.668485476706371,9.02455393553601,1.13642531040083,4.01091286023822,4.47885269393268,1.13642531040083,14.6398319398695,0.401091286023822,4.07776140790886,0.869031119718282,0.200545643011911,12.901769700433,1.06957676273019,108.896284155468,1.47066804875402,16.2441970839648,8.62346264951218,0.601636929035734,0,2.74079045449612,0.735334024377008,3.74351866955568,3.34242738353185,3.94406431256759,0.935879667388919,5.14733817063906,0.401091286023822,38.7053091012989,1.00272821505956,101.676641007039,7.35334024377008,4.54570124160332,14.2387406538457,1.60436514409529,15.843105797941,8.48976555417091,0.267394190682548,0.802182572047645,27.6752987356438,12.7680726050917,0,2.87448754983739,27.0068132589374,0.534788381365097,4.41200414626205,7.2196431484288,MGS1
425,3.58957048958751,1.28856376549295,0.644281882746476,16.475208144517,4.87813425508046,2.66916779994969,4.14181210337021,0.0920402689637823,23.7463893926558,1.65672484134808,4.23385237233399,4.60201344818912,3.68161075855129,3.86569129647886,2.94528860684103,0.644281882746476,4.87813425508046,4.14181210337021,41.7862821095572,3.1293691447686,64.8883896194666,4.87813425508046,12.6095168480382,3.95773156544264,41.3260807647383,5.33833559989938,1.10448322756539,2.48508726202212,31.2016511787222,19.1443759444667,49.1495036266598,1.5646845723843,0.920402689637823,1.5646845723843,4.23385237233399,1.19652349652917,6.81097990331989,0.828362420674041,4.32589264129777,3.22140941373238,2.39304699305834,23.8384296616196,0.644281882746476,2.20896645513078,0.276120806891347,0.276120806891347,12.2413557721831,1.19652349652917,79.1546313088528,1.19652349652917,21.9055840133802,19.9727383651408,0.736322151710259,0.0920402689637823,5.15425506197181,0.920402689637823,4.97017452404425,2.76120806891347,3.31344968269616,1.19652349652917,3.77365102751508,0,24.0225101995472,1.28856376549295,89.0949803569413,10.4005503929074,4.23385237233399,13.9901208824949,2.20896645513078,10.7687114687625,12.1493155032193,0.276120806891347,1.47264430342052,21.2613021306337,12.4254363101106,0.184080537927565,0.920402689637823,23.8384296616196,0,3.77365102751508,8.19158393777663,MGS1
447,8.66482676398769,0.231834829805691,0.86938061177134,26.0524389994145,4.81057271846808,3.8252746917939,4.83955207219379,0.608566428239938,50.2212200066578,3.97017146042245,8.08523968947346,5.91178816004511,3.04283214119969,8.02728098202204,12.3741840408787,3.36160503218252,5.24526302435375,4.75261401101666,33.2972774308423,2.86895601884542,98.4428646062414,3.70935727689105,25.3859138637231,9.76604220556472,49.3518393948864,6.57831329573647,1.0142773803999,4.63669659611381,41.9910835485557,28.0520144064886,77.7516060460835,1.56488510118841,1.85467863844553,3.10079084865111,2.14447217570264,3.21670826355396,13.5333581899072,0.782442550594206,4.23098564395386,7.99830162829633,1.30407091765701,19.3871876425009,1.5359057474627,3.04283214119969,0.86938061177134,2.69507989649115,7.99830162829633,1.24611221020559,74.8246913197867,1.0142773803999,15.9966032565927,32.9205458324081,0.376731598434247,0.376731598434247,2.810997311394,0.782442550594206,4.23098564395386,1.70978186981697,4.37588241258241,1.59386445491412,4.3469030588567,0.231834829805691,33.0944219547624,4.78159336474237,87.5176482516483,5.12934560945091,10.4615466949818,18.6337244456324,2.52120377413689,14.6055942777585,10.0558357428218,0.840401258045629,1.10121544157703,30.8050530104312,6.25954040475365,0.666525135691361,3.41956373963394,24.3426571295975,1.47794704001128,2.43426571295975,5.21628367062804,MGS1
452,5.83292421237988,0.910101650158563,2.89577797777725,41.0786790276115,10.093854665395,13.81699777968,11.8726897088867,1.44788898888862,57.5432452441164,5.50197815777677,12.2036357634898,11.8726897088867,7.52902274222084,15.6372010799971,9.47333081301413,2.06841284126946,11.3349023701566,7.57039099904623,65.5686870682419,6.20523852380839,203.821401378693,3.18535577555497,45.0500316828489,16.0095153914256,162.287671526002,11.0866928292043,0.827365136507785,5.87429246920527,85.2599773171272,48.0285461742769,144.913003659339,4.34366696666587,3.59903834380886,3.64040660063425,4.2195621961897,4.92282256222132,20.8496014399962,2.10978109809485,8.39775613555402,12.2036357634898,2.35799063904719,43.6021426939603,2.23388586857102,4.05408916888814,0.868733393333174,1.03420642063473,15.7613058504733,4.01272091206276,115.458804799661,3.51630183015808,38.2242693066597,31.4398751872958,0.496419081904671,0.661892109206228,6.12250201015761,3.18535577555497,8.77007044698252,3.88861614158659,7.19807668761773,4.01272091206276,9.39059429936336,0.330946054603114,32.7222911488829,7.23944494444312,192.321025981235,15.5544645663464,10.7557467746012,20.8082331831708,4.17819393936431,27.7167320730108,15.6372010799971,1.65473027301557,2.97851449142803,43.6021426939603,23.5385381336465,0.910101650158563,4.88145430539593,51.5862162612604,0.620523852380839,6.32934329428455,13.81699777968,MGS1
466,6.59397242202468,1.06929282519319,0.712861883462127,25.6630278046366,4.58904837478744,1.69304697322255,4.76726384565298,0.846523486611276,17.9552086897023,2.09403178267,5.03458705195127,9.89095863303702,5.61378733226425,2.94055526928128,7.12861883462127,0.178215470865532,2.71778593069936,3.43064781416149,44.1083290392191,1.87126244408808,92.6720448500765,2.3613549889683,8.95532741099297,2.67323206298298,19.7373633983577,3.34154007872872,0.801969618894893,2.49501659211745,31.8560154172138,11.405790135394,36.177740585703,0.623754148029361,0.534646412596596,2.31680112125191,4.05440196219085,0.44553867716383,10.6929282519319,1.02473895747681,2.58412432755021,2.04947791495362,1.29206216377511,13.3661603149149,0.0891077354327659,4.23261743305638,0.534646412596596,0.222769338581915,10.8265898550811,1.02473895747681,104.434265927202,0.579200280312978,21.6977335778785,15.5047459653013,0.44553867716383,0.623754148029361,3.07421687243042,0.490092544880213,2.62867819526659,4.4553867716383,3.11877074014681,0.400984809447447,5.52467959683149,0,28.737244677067,0.623754148029361,113.478701073627,6.05932600942808,3.87618649132532,13.5443757857804,1.51483150235702,13.0097293731838,7.26228043777042,0.44553867716383,0.935631222044042,28.1134905290376,11.0939130613794,0.668308015745744,2.18313951810276,18.7126244408808,0.0891077354327659,2.58412432755021,8.42068099839638,MGS1
468,7.43716095799267,0.805692437115872,1.05359780238229,14.0686294788695,5.82577608376092,4.400320233479,5.08205998796166,0.743716095799267,35.6983725983648,4.58624925742881,6.01170510771074,10.0401672932901,3.65660413767973,2.16917194608119,3.09881706583028,0.681739754482661,4.83415462269523,4.95810730532845,49.8289784185509,3.03684072451367,95.8154236754722,3.96648584426276,7.25123193404285,4.27636755084578,54.7251093825627,5.63984705981111,0.681739754482661,3.78055682031294,32.6615318738511,16.6716358141669,34.8926801612489,1.85929023949817,1.17755048501551,2.91288804188046,2.2311482873978,0.681739754482661,9.35842753880744,0.991621461065689,5.76379974244432,6.56949217956019,0.991621461065689,17.4153519099662,0.681739754482661,2.47905365266422,0.495810730532845,0.805692437115872,12.1473628980547,1.1155741436989,97.3648322083873,2.2311482873978,18.1590680057654,5.5158943771779,0.55778707184945,0.247905365266422,3.40869877241331,0.681739754482661,4.33834389216239,3.78055682031294,2.97486438319707,0.433834389216239,6.56949217956019,0.371858047899633,31.731886754102,1.42545585028193,107.219070477728,6.81739754482661,3.90450950294615,16.5476831315337,2.10719560476459,18.3449970297152,10.5979543651396,0.247905365266422,0.805692437115872,28.6330696882718,13.4488660657034,0.185929023949817,1.92126658081477,32.4136265085847,0.185929023949817,4.77217828137863,5.5778707184945,MGS1
480,9.66410811543018,2.00575828810815,1.54990413171993,38.0182366427772,3.82917491366102,6.29078735815738,5.10556655154802,0.729366650221146,79.7744773679378,3.28214992599516,10.6669872594843,14.6785038357006,4.19385823877159,14.0403080167571,7.3848373334891,1.54990413171993,7.47600816476675,7.84069148987732,38.7476032929984,2.91746660088458,134.294634471968,2.00575828810815,40.9357032436618,8.29654564626553,88.2533646767587,7.84069148987732,0.729366650221146,3.3733207572728,60.2639194745222,31.180424296954,102.293672693516,2.18809995066344,1.36756246916465,3.46449158855044,3.09980826343987,2.46161244449637,10.9404997533172,0.638195818943503,4.46737073260452,7.93186232115496,2.7351249383293,24.7072952762413,1.27639163788701,2.64395410705165,2.18809995066344,1.36756246916465,8.75239980265375,1.73224579427522,86.2476063886505,1.73224579427522,24.7072952762413,35.9213075233914,0.547024987665859,0.547024987665859,4.37619990132688,1.45873330044229,5.47024987665859,3.92034574493866,4.83205405771509,2.91746660088458,7.65834982732203,0.0911708312776432,23.7955869634649,1.82341662555286,128.82438459531,7.93186232115496,19.6017287246933,22.6103661568555,3.64683325110573,20.5134370374697,9.93762060926311,0.547024987665859,1.91458745683051,33.9155492352833,5.65259153921388,0.547024987665859,4.10268740749395,24.2514411198531,0.0911708312776432,5.37907904538095,8.29654564626553,MGS1
490,5.39003503296394,1.25767484102492,1.97634617875344,28.4773517574928,5.56970286739607,12.0377449069528,7.36638121171739,0.449169586080328,29.8248605157338,3.05435318534623,11.5885753208725,16.6192746849722,6.0188724534764,7.90538471501378,10.1512326454154,0.62883742051246,2.6051835992659,8.71388996995837,58.2123783560106,2.69501751648197,244.617756579347,3.68319060585869,14.1039250029223,3.86285844029082,42.3117750087669,4.58152977801935,0.359335668864263,3.86285844029082,64.9499221472155,27.309510833684,61.1768976241407,1.07800700659279,0.269501751648197,2.96451926813017,3.05435318534623,0.988173089376722,11.4987414036564,0.539003503296394,5.7493707018282,4.31202802637115,0.898339172160657,11.7682431553046,0.898339172160657,2.8746853509141,1.97634617875344,1.61701050988918,11.2292396520082,1.61701050988918,126.48615544022,0.269501751648197,18.6854547809417,19.3142922014541,1.07800700659279,0.0898339172160657,1.97634617875344,0.449169586080328,2.06618009596951,3.68319060585869,7.90538471501378,2.8746853509141,4.76119761245148,0.179667834432131,35.1250616314817,22.6381471384486,80.2216880739467,4.49169586080328,6.55787595677279,22.9974828073128,1.97634617875344,26.051835992659,5.21036719853181,0.269501751648197,1.34750875824099,39.616757492285,9.79189697655116,0.449169586080328,4.22219410915509,35.2148955486977,0.179667834432131,4.04252627472296,4.85103152966755,MGS1
491,9.45740040250972,0.492572937630715,1.47771881289214,34.1845618715716,5.31978772641172,6.00938983909472,7.78265241456529,0.394058350104572,20.4910342054377,5.31978772641172,5.12275855135943,16.1563923542874,7.97968158961758,4.72870020125486,12.2158088532417,0.394058350104572,2.56137927567972,6.69899195177772,62.6552776666269,1.87177716299672,266.678988433269,2.46286468815357,13.8905568411862,3.05395221331043,74.7725719323425,4.33464185115029,0.788116700209143,1.87177716299672,64.6255694171498,34.9726785717807,48.4691770628623,0.295543762578429,0.985145875261429,4.23612726362415,3.34949597588886,0.197029175052286,15.5653048291306,0.689602112683,2.85692303825814,3.54652515094115,0.886631287735286,9.85145875261429,0.689602112683,4.92572937630715,0.591087525156857,1.47771881289214,9.55591499003586,1.77326257547057,114.67097988043,0.788116700209143,19.7029175052286,31.1306096582612,0.197029175052286,0.394058350104572,2.16732092557514,0.591087525156857,1.47771881289214,3.74355432599343,7.78265241456529,0.689602112683,12.2158088532417,0.197029175052286,33.100901408784,12.8068963783986,121.665515594787,4.827214788781,6.00938983909472,23.0524134811174,2.46286468815357,37.7310870225127,4.137612676098,0.0985145875261429,0,45.9077977871826,8.47225452724829,0.197029175052286,2.95543762578429,20.2940050303854,0.985145875261429,5.12275855135943,5.41830231393786,MGS1
495,8.96377285015975,0.667514999479981,1.81182642715995,24.6026956951193,2.76541928355992,2.67005999791992,2.67005999791992,0.286077856919992,26.5098814079192,2.00254499843994,11.0616771342397,29.1799414058392,2.57470071227993,6.86586856607981,2.86077856919992,0.572155713839984,4.57724571071987,5.14940142455985,40.2416185400789,1.14431142767997,199.873062701434,2.19326356971994,16.5925157013595,4.19580856815988,112.810034912117,5.14940142455985,1.14431142767997,1.81182642715995,52.9244035301985,20.5022464125994,68.0865299469581,2.28862285535994,0.572155713839984,1.71646714151995,3.24221571175991,1.62110785587995,8.10553927939977,0.381437142559989,6.77050928043981,4.29116785379988,1.90718571279995,13.8270964177996,0.286077856919992,2.19326356971994,0.381437142559989,0.667514999479981,7.72410213683978,2.00254499843994,31.0871271186391,0.572155713839984,22.3140728397594,13.1595814183196,0.381437142559989,0.190718571279995,4.10044928251988,0.858233570759976,2.86077856919992,1.81182642715995,4.19580856815988,0.858233570759976,6.29371285223982,0.286077856919992,18.5950606997995,0.572155713839984,105.276651346557,3.71901213995989,6.48443142351982,15.9250007018795,1.90718571279995,12.2059885619197,8.48697642195976,0.476796428199986,0.762874285119978,21.7419171259194,11.3477549911597,0.381437142559989,6.38907213787982,26.7959592648392,0.572155713839984,1.62110785587995,13.4456592752396,MGS1
499,3.21743660312273,0.884795065858751,0.723923235702614,23.8090308631082,6.59574503640159,3.94135983882534,11.9849513466322,1.04566689601489,15.0415161195988,1.36741055632716,3.37830843327887,6.59574503640159,2.25220562218591,6.8370527816358,6.43487320624546,0.563051405546478,5.22833448007443,4.34353941421568,42.1484195009077,2.73482111265432,107.060202968909,1.44784647140523,12.8697464124909,6.67618095147966,30.7265195598221,17.9372090624092,0.643487320624546,1.04566689601489,28.6351857677923,10.5371048752269,45.6875997643428,1.5282823864833,0.482615490468409,1.28697464124909,3.61961617851307,0.804359150780682,9.41100206413398,1.20653872617102,5.22833448007443,7.31966827210421,1.5282823864833,18.1785168076434,0.482615490468409,3.37830843327887,0.723923235702614,0.241307745234205,13.5132337331155,0.563051405546478,102.314483979303,1.44784647140523,19.7872351092048,11.1001562807734,0.482615490468409,0.241307745234205,4.26310349913762,0.321743660312273,5.3087703951525,3.61961617851307,2.81525702773239,0.723923235702614,10.8588485355392,0,31.852622370915,1.28697464124909,131.754028897876,11.743643601398,6.35443729116739,12.0653872617102,2.01089787695171,11.9045154315541,9.73274572444626,0.241307745234205,1.28697464124909,23.9699026932643,12.3871309220225,0.402179575390341,3.13700068804466,38.5288033223947,0,2.57394928249818,7.80228376257262,MGS1
501,6.72486654818818,1.06182103392445,0.778668758211263,32.1377832934467,6.58329041033159,2.90231082606016,13.7328853720895,0.63709262035467,26.8286781238244,2.90231082606016,6.93723075497307,19.8914473688514,11.9631836488821,9.98111771888983,8.63614440925219,0.707880689282966,4.1057079978412,9.13166089175027,65.620539896531,2.83152275713187,161.821525570086,1.98206592999231,16.6351961981497,3.89334379105632,38.7918617727066,17.8385933699308,0.778668758211263,7.00801882390137,57.7630642454901,9.20244896067856,60.9485273472634,1.48654944749423,0.63709262035467,2.47758241249038,3.25625117070165,0.707880689282966,10.6182103392445,1.06182103392445,4.74280061819587,7.43274723747115,1.27418524070934,23.5016388841945,0.353940344641483,7.57432337532774,1.34497330963764,2.0528539989206,13.2373688895915,2.61915855034698,167.696935291135,0.283152275713187,32.4917236380882,26.970254261681,0.920244896067856,0.0707880689282966,5.59225744533544,0.707880689282966,3.96413185998461,6.3001381346184,4.74280061819587,0.495516482498077,12.3879120624519,0.21236420678489,45.8706686655362,2.1944301367772,149.575189645491,9.69796544317664,8.56535634032389,29.2354724673865,2.61915855034698,19.2543547484967,7.78668758211263,0.495516482498077,1.69891365427912,42.472841356978,9.13166089175027,0.566304551426373,3.53940344641483,52.1000187312263,0.707880689282966,4.60122448033928,8.77772054710878,MGS1
503,3.44757809888501,0.235062143105796,0.70518642931739,19.1967416869734,4.30947262360627,3.52593214658695,8.07046691329901,0.626832381615457,45.6804098102265,1.56708095403864,4.46618071901013,10.2643802489531,2.82074571726956,5.32807524373139,6.11161572075071,0.470124286211593,5.17136714832752,6.42503191155844,55.0045414867564,3.29087000348115,97.3157272457997,3.21251595577922,15.043977158771,5.40642929143332,46.6990124303516,9.16742358112606,0.235062143105796,2.50732952646183,60.7243869689974,31.5766812238787,51.4002552924675,2.11555928795217,1.25366476323091,2.1939133356541,2.58568357416376,1.17531071552898,10.0293181058473,0.548478333913525,5.64149143453912,6.89515619777003,2.03720524025024,19.4318038300792,0.70518642931739,2.50732952646183,0.626832381615457,0.0783540477019322,8.46223715180867,1.17531071552898,112.516412499975,1.41037285863478,26.6403762186569,16.140933826598,0.548478333913525,0.313416190807729,4.85795095751979,0.861894524721254,6.11161572075071,4.1527645282024,3.29087000348115,0.940248572423186,3.44757809888501,0.313416190807729,30.5580786037535,1.33201881093285,108.442002019474,9.32413167652993,6.42503191155844,16.3759959697038,2.58568357416376,21.3906550226275,10.1860262012512,1.80214309714444,1.17531071552898,31.2632650330709,16.4543500174058,0.0783540477019322,3.13416190807729,23.0360900243681,0.156708095403864,7.99211286559708,6.89515619777003,MGS1
506,11.2303071976522,1.20176719089267,0.953125703121774,21.424608196259,6.83764091369968,2.65217586955624,4.26834554006707,0.704484215350876,26.9776014231424,1.94769165420536,4.76562851560887,9.61413752714137,7.16916289739421,5.67731397076883,8.28804959236325,0.99456595108359,7.16916289739421,5.80163471465428,53.1678381350103,5.84307496261609,88.0190866708977,3.35666008490712,17.9850676154283,8.57813132809597,60.4613217762899,6.83764091369968,0.704484215350876,6.42323843408152,30.7486639876677,26.8118404312951,64.3567050847006,2.030572150129,1.57472942254902,2.77649661344169,4.5998675237616,1.49184892662539,11.0231059578431,1.40896843070175,7.00340190554695,13.3437598437048,2.65217586955624,32.9864373776057,0.66304396738906,3.5638613247162,0.580163471465428,0.621603719427244,13.5924013314757,3.8125028124871,125.48107082838,1.36752818273994,31.1630664672858,35.7214937430856,0.953125703121774,1.16032694293086,5.59443347484519,0.870245207198141,7.45924463312693,3.39810033286893,4.55842727579979,2.40353438178534,7.83220686478327,0.33152198369453,44.5897068069143,0.497282975541795,159.047671677451,9.697018023065,8.70245207198141,17.5292248878483,3.93682355637254,16.2860174489938,12.9293573640867,0.787364711274509,1.32608793477812,29.2153748130805,12.2248731487358,0.290081735732714,2.27921363789989,52.7534356553921,0.165760991847265,4.76562851560887,7.70788612089782,MGS1
517,4.74250229970548,0.592812787463185,0.592812787463185,13.4653190295209,5.84344033356568,4.57312721757314,4.74250229970548,0.254062623198508,33.7903288854015,3.64156426584528,3.89562688904378,8.38406656555075,3.13343901944826,2.37125114985274,2.87937639624975,0.846875410661692,4.82718984077165,4.91187738183782,41.1581449581582,2.87937639624975,68.2581580993324,3.38750164264677,7.45250361382289,4.4037521354408,40.9040823349597,6.09750295676418,0.592812787463185,2.71000131411742,24.3053242859906,19.9015721505498,35.3993921656587,1.27031311599254,0.931562951727862,1.94781344452189,3.81093934797762,0.592812787463185,7.96062886021991,0.931562951727862,4.82718984077165,5.25062754610249,1.1009380338602,19.9862596916159,0.677500328529354,2.62531377305125,0.508125246397015,0.338750164264677,11.2634429618005,0.677500328529354,84.7722286072354,1.01625049279403,20.9178226433438,8.04531640128608,0.508125246397015,0.169375082132338,3.89562688904378,0.677500328529354,6.52094066209503,3.38750164264677,2.71000131411742,0.677500328529354,6.77500328529354,0.931562951727862,23.543136416395,1.86312590345572,104.927863380984,6.6056282031612,4.23437705330846,11.6868806671314,2.37125114985274,13.1265688652562,10.3318800100726,0.931562951727862,1.18562557492637,17.7843836238955,12.1103183724622,0,1.60906328025722,22.6115734646672,0.254062623198508,3.55687672477911,6.85969082635971,MGS1
518,4.95471242564462,1.08384334310976,1.00642596145906,20.9026930456883,4.33537337243905,3.09669526602789,4.02570384583626,0.309669526602789,17.651163016359,1.62576501466464,6.73531220361066,13.9351286971255,3.17411264767859,4.56762551739114,11.6126072476046,0.85159119815767,6.58047744030927,4.95471242564462,43.8182380142946,3.32894741097998,117.132498437505,3.40636479263068,17.0318239631534,5.4966340971995,66.5015308379489,5.5740514788502,0.541921671554881,5.5740514788502,43.4311511060411,17.7285803980097,40.8763775115681,1.78059977796604,0.464504289904183,1.31609548806185,3.09669526602789,0.309669526602789,8.3610772182753,0.929008579808367,4.56762551739114,4.87729504399393,1.70318239631534,16.7221544365506,1.23867810641116,3.63861693758277,0.464504289904183,0.774173816506972,13.2383722622692,0.696756434856275,114.268055316429,1.39351286971255,26.2444923795864,18.0382499246125,0.696756434856275,0.387086908253486,5.10954718894602,0.929008579808367,4.87729504399393,3.87086908253486,2.7096083577744,1.16126072476046,8.98041627148088,0.0774173816506972,28.4895964474566,1.23867810641116,129.983783791521,8.5159119815767,6.73531220361066,18.7350063594687,3.01927788437719,11.2255203393511,7.27723387516554,0.696756434856275,2.24510406787022,27.2509183410454,10.2965117595427,0.154834763301394,1.70318239631534,25.2380664181273,0.0774173816506972,5.7288862421516,11.0706855760497,MGS1
526,6.48921847742997,0.79692156740368,1.76461204210815,36.4876231932685,6.48921847742997,4.89537534262261,9.44921287064363,0.626152660102891,58.687581142371,3.24460923871498,9.22152099424258,19.0691946485881,5.12306721902366,17.2476596373796,12.4661302329576,1.02461344380473,7.45690895213443,4.95229831172287,47.1322184150176,3.92768486791814,152.098173435902,3.5292240842163,34.2676273983582,11.0999789745513,96.1998177794442,9.10767505604206,0.284614845501314,5.35075909542471,63.6968024231941,27.3799481372264,90.6213668076185,1.82153501120841,1.19538235110552,3.58614705331656,3.24460923871498,1.65076610390762,12.9784369548599,3.01691736231393,4.72460643532182,14.6861260278678,2.04922688760946,26.2414887552212,0.683075629203154,3.69999299151709,1.82153501120841,0.79692156740368,10.5876722526489,1.42307422750657,108.2674872287,1.13845938200526,21.1753445052978,36.4876231932685,0.739998598303417,0.341537814601577,5.74921987912655,0.853844536503943,5.29383612632444,4.4399915898205,5.00922128082313,2.95999439321367,8.99382911784153,0.0569229691002629,28.803022364733,1.30922828930605,172.818134188398,8.53844536503943,10.8722870981502,19.0122716794878,3.13076330051446,16.7922758845775,10.3030574071476,2.04922688760946,1.82153501120841,31.0230181596433,9.05075208694179,0.512306721902366,2.10614985670973,42.8629957324979,0.512306721902366,3.5292240842163,7.11537113753286,MGS1
11,29.6666709471371,1.16721328316605,0.97267773597171,24.5114789464871,5.3497275478444,4.76612090626138,6.22513751021894,0.778142188777368,29.3748676263456,3.79344317028967,3.6961753966925,17.5081992474908,5.93333418942743,5.05792422705289,6.0306019630246,0.194535547194342,7.78142188777368,6.12786973662177,53.9836143464299,4.86338867985855,158.643738736986,3.11256875510947,9.92131290691144,5.3497275478444,50.5792422705289,8.94863517093973,1.26448105676322,4.37704981187269,47.3694057418223,41.4360715523948,42.2142137411722,1.75081992474908,4.37704981187269,3.89071094388684,3.50163984949815,0.97267773597171,10.6994550956888,0.778142188777368,4.08524649108118,9.62950958611992,1.65355215115191,26.2622988712362,0.875409962374539,6.80874415180197,0.97267773597171,0.486338867985855,10.5049195484945,2.23715879273493,92.5989204645067,3.89071094388684,20.9125713233918,21.6907135121691,0.194535547194342,0.291803320791513,4.27978203827552,0.875409962374539,6.12786973662177,3.30710430230381,4.66885313266421,0.389071094388684,14.3956304923813,0.291803320791513,42.2142137411722,2.72349766072079,188.699480778512,7.68415411417651,7.19781524619065,23.7333367577097,2.82076543431796,16.3409859643247,13.5202205300068,0.680874415180197,2.04262324554059,24.9978178144729,10.8939906428831,0.097267773597171,1.65355215115191,42.116945967575,0.875409962374539,3.11256875510947,9.0459029445369,MGS4
33,10.7011101713287,1.3481713601674,1.60095349019878,32.5246340640384,6.40381396079513,4.55007834056496,6.15103183076374,0.674085680083698,49.2082546461099,3.53894982043941,6.82511751084744,21.4864810526679,10.2798066212764,5.64546757070097,10.5325887513078,0.674085680083698,4.04451408050219,4.80286047059635,51.0619902663401,3.03338556037664,127.992018505892,4.97138189061727,16.0095349019878,3.96025337049172,51.3147723963715,5.05564260062773,1.43243207017786,2.94912485036618,39.2654908648754,17.6104883921866,66.5659609082652,1.09538923013601,1.09538923013601,2.69634272033479,3.45468911042895,1.26391065015693,9.6057209411927,0.75834639009416,2.27503917028248,4.4658176305545,1.51669278018832,14.9984063818623,0.842607100104622,3.20190698039756,0.926867810115085,0.842607100104622,9.85850307122408,0.75834639009416,141.557992817577,1.17964994014647,22.5818702828039,32.6931554840593,0.589824970073236,1.43243207017786,4.21303550052311,1.01112852012555,3.1176462703871,3.20190698039756,4.4658176305545,0.589824970073236,11.122413721381,0.842607100104622,31.6820269639338,1.17964994014647,130.941143356258,8.17328887101484,6.9093782208579,14.8298849618414,2.94912485036618,21.7392631826993,10.027024491245,1.09538923013601,1.3481713601674,24.435605903034,9.52146023118223,0.0842607100104622,3.45468911042895,36.4848874345301,0.589824970073236,1.76947491021971,7.92050674098345,MGS4
46,18.8613792785486,1.42350032290933,1.9217254359276,30.7476069748415,7.90042679214678,4.76872608174626,7.18867663069212,0.142350032290933,61.5663889658285,4.62637604945532,6.76162653381932,15.5873285358572,7.68690174371038,9.60862717963798,13.9503031645114,0.711750161454665,8.32747688901958,5.62282627549185,40.9968092997887,4.27050096872799,106.833699234345,3.55875080727333,21.4948548759309,4.34167598487346,69.1821156933934,9.46627714734705,1.2811502906184,4.05697592029159,43.9149849617528,15.7296785681481,91.8869458437973,2.41995054894586,2.06407546821853,1.56585035520026,3.98580090414612,0.569400129163732,10.6050774056745,1.85055041978213,5.12460116247359,4.98225113018266,1.77937540363666,19.217254359276,0.355875080727333,3.20287572654599,1.4946753390548,1.7082003874912,14.3773532613842,1.4946753390548,108.257199557255,1.63702537134573,23.0607052311311,40.9968092997887,0.569400129163732,2.56230058123679,4.27050096872799,1.4946753390548,6.69045151767385,3.41640077498239,3.98580090414612,0.854100193745598,9.46627714734705,0.142350032290933,26.1924059415317,2.06407546821853,137.866006273769,9.03922705047425,8.18512685672865,16.1567286650209,2.34877553280039,14.0926531968024,11.0321275025473,1.067625242182,2.06407546821853,22.7760051665493,7.75807675985585,0.498225113018266,2.77582562967319,31.1034820555689,0.142350032290933,2.63347559738226,8.04277682443772,MGS4
47,8.79567332679329,1.49526446555486,1.49526446555486,31.6644239764558,9.93911085927641,8.09201946064982,17.4154331870507,0.879567332679329,34.03925577469,2.37483179823419,14.6008177224769,13.4573801899937,2.19891833169832,8.44384639372156,5.45331746261184,1.40730773228693,10.3788945256161,6.1569713287553,53.5656505601711,6.06901459548737,247.686160882499,6.24492806202323,21.8132698504474,14.3369475226731,163.863394078159,18.9106976526056,1.05548079921519,4.13396646359285,69.6617327482028,30.9607701103124,93.1461805307409,3.51826933071731,1.67117793209072,2.99052893110972,4.92557706300424,2.55074526477005,18.0311303199262,2.02300486516246,8.17997619391776,6.4208415285591,2.02300486516246,27.7943277126668,0.439783666339664,5.01353379627217,0.791610599411396,0.61569713287553,10.8186781919557,2.19891833169832,106.603560720735,1.49526446555486,33.9512990414221,10.9066349252237,0.439783666339664,0.351826933071731,5.36536072934391,1.75913466535866,7.91610599411396,1.93504813189452,5.8931011289515,1.75913466535866,5.80514439568357,0.351826933071731,31.9282941762596,1.05548079921519,176.265293468937,10.2029810590802,5.36536072934391,12.3139426575106,3.51826933071731,26.0351930473081,12.2259859242427,1.67117793209072,1.23139426575106,31.7523807097238,13.9851205896013,0.351826933071731,5.18944726280804,26.6508901801837,0.0879567332679329,4.22192319686078,9.49932719293675,MGS4
60,10.65986331513,0.799489748634751,0.355328777171001,38.9085011002246,7.19540773771276,5.15226726897951,6.21825360049251,0.532993165756501,66.0911525538061,8.43905845781127,6.21825360049251,16.4339559441588,9.86037356649527,8.70555504068952,12.9695003667415,0.710657554342001,4.26394532605201,6.30708579478526,54.9871282672123,2.75379802307525,178.908039305599,5.15226726897951,21.7638876017238,5.06343507468676,92.7408108416312,5.95175701761426,1.68781169156225,3.28679118883176,43.2612786205693,26.5608260935323,81.9032831379157,1.2436507200985,1.15481852580575,2.487301440197,4.26394532605201,1.776643885855,13.9466545039618,0.710657554342001,3.19795899453901,5.86292482332151,0.888321942927502,16.1674593612805,1.2436507200985,3.64211996600276,0.888321942927502,2.75379802307525,13.502493532498,2.22080485731875,115.037691609111,1.33248291439125,18.5659286071848,53.2104843813573,0.888321942927502,0.799489748634751,3.55328777171001,0.621825360049251,2.75379802307525,2.57613363448975,4.26394532605201,1.51014730297675,14.7461442525965,0.710657554342001,36.4211996600276,22.030384184602,114.948859414819,7.01774334912726,10.1268701493735,18.9212573843558,1.776643885855,12.7030037838633,7.90606529205476,0.621825360049251,1.15481852580575,35.2663811342218,11.2816886751793,0.266496582878251,5.86292482332151,43.2612786205693,0.621825360049251,2.22080485731875,7.19540773771276,MGS4
73,24.1752925818068,1.18409596319054,2.86156524437713,37.1016735133034,9.96614102352034,10.5581890051156,23.2872206094139,1.28277062678975,66.802747256666,10.6568636687148,17.4654154570604,36.410950868109,8.68337039673059,9.86746635992113,8.88071972392902,0.888071972392901,7.30192510634163,8.58469573313138,87.9191252668972,4.73638385276214,260.303762574719,9.27541837832586,23.1885459458146,8.88071972392902,115.745380401875,25.7540871993941,1.57879461758738,3.65096255317082,115.350681747478,47.5611878548198,90.1886425296791,2.07216793558344,2.96023990797634,5.32843183435741,4.73638385276214,0.986746635992113,14.011802231088,1.87481860838501,7.59794909713927,10.6568636687148,1.97349327198423,20.5243300286359,1.08542129959132,6.61120246114716,2.96023990797634,0.690722645194479,14.5051755490841,3.65096255317082,140.907419619674,1.97349327198423,31.3785430245492,24.0766179182075,0.690722645194479,0.986746635992113,3.25626389877397,1.7761439447858,5.62445582515504,4.63770918916293,6.01915447955189,2.6642159171787,14.4065008854848,1.48011995398817,42.4301053476608,7.8939730879369,176.923671833386,9.47276770552428,5.13108250715899,20.3269807014375,4.44035986196451,23.4845699366123,11.2489116503101,0.690722645194479,2.56554125357949,39.5685401032837,21.7084259918265,0.690722645194479,3.74963721677003,46.3770918916293,1.48011995398817,5.62445582515504,11.1502369867109,MGS4
94,9.79360741931182,0.705845579770221,1.49992185701172,38.0274306101207,5.64676463816177,8.11722416735754,8.64660835218521,0.529384184827666,41.5566585089718,2.11753673931066,13.8522195029906,22.0576743678194,6.97022510023094,10.5876836965533,12.4405283434502,0.352922789885111,5.64676463816177,5.29384184827666,45.0858864078229,2.73515162160961,197.107378150834,8.38191625977138,23.4693655273599,7.41137858758732,73.3197095986317,8.47014695724266,0.705845579770221,4.85268836092027,60.0851049779401,28.3220538882801,101.024148604613,1.49992185701172,0.617614882298944,2.82338231908089,5.1173804533341,1.49992185701172,12.3522976459789,0.882306974712777,3.61745859632238,6.52907161287455,0.617614882298944,14.293372990347,1.49992185701172,2.11753673931066,1.49992185701172,3.08807441149472,8.20545486482882,2.29399813425322,127.846280635881,0.970537672184054,20.2930604183939,31.5865896947174,0.970537672184054,1.14699906712661,3.35276650390855,0.705845579770221,3.176305108966,1.85284464689683,4.94091905839155,1.14699906712661,9.0877618395416,0.264692092413833,31.9395124846025,6.61730231034583,124.846436921858,7.67607068000116,7.85253207494371,21.5282901829917,2.55869022666705,19.7636762335662,7.14668649517349,0.882306974712777,0.264692092413833,32.2924352744876,11.2052985788523,0.264692092413833,3.9703813862075,30.2631292326482,0.352922789885111,2.73515162160961,6.88199440275966,MGS4
95,5.44038062080712,1.74502774629662,0.615892145751749,22.172117247063,7.69865182189687,3.79800156546912,12.9337350607867,0.821189527668999,18.2714669906352,2.66886596492425,6.26157014847612,21.8641711741871,2.15562251013112,5.54302931176574,6.98011098518649,0.513243454793124,4.41389371122087,6.46686753039337,54.4038062080712,3.59270418355187,122.665185695557,3.49005549259325,11.9072481512005,4.82448847505537,52.6587784617746,14.0628706613316,0.821189527668999,3.18210941971737,42.3939093659121,16.5264392443386,44.7548292579605,1.2317842915035,0.821189527668999,3.07946072875875,3.6953528745105,0.513243454793124,10.675463859697,0.4105947638345,4.72183978409675,6.15892145751749,1.2317842915035,16.0131957895455,0.4105947638345,4.5165424021795,0.4105947638345,0.923838218627624,6.56951622135199,2.25827120108975,112.092370526818,0.821189527668999,17.4502774629662,10.5728151687384,0.4105947638345,0,4.61919109313812,0.923838218627624,3.90065025642775,2.56621727396562,4.5165424021795,1.2317842915035,5.44038062080712,0.20529738191725,26.8939570311597,4.61919109313812,135.393623374426,5.95362407560024,5.02978585697262,14.0628706613316,2.56621727396562,15.0893575709179,8.00659789477274,0.718540836710374,1.02648690958625,29.6654716870426,16.3211418624214,0,2.56621727396562,25.8674701215735,0.4105947638345,1.74502774629662,7.59600313093824,MGS4
106,11.3809704682888,0.919674381275862,0.919674381275862,26.440638461681,5.17316839467672,3.10390103680603,5.63300558531466,0.344877892978448,54.9505442812328,3.56373822744397,16.0943016723276,4.94324979935776,6.89755785956897,5.63300558531466,12.9904006355216,0.804715083616379,5.28812769233621,5.9778834782931,35.4074636791207,1.26455227425431,145.653430134565,3.67869752510345,19.5430806021121,6.89755785956897,72.3093982278147,7.81723224084483,0.689755785956897,4.0235754180819,62.6528172244181,22.0721851506207,72.5393168231336,2.06926735787069,1.26455227425431,2.06926735787069,3.10390103680603,0.919674381275862,15.6344644816897,0.574796488297414,4.13853471574138,6.78259856190948,1.72438946489224,15.7494237793491,1.60943016723276,4.25349401340086,0.344877892978448,1.26455227425431,12.7604820402026,0.344877892978448,76.3329736458966,2.41414525084914,21.3824293646638,26.900475652319,0.574796488297414,1.03463367893534,3.67869752510345,0.919674381275862,3.21886033446552,2.52910454850862,3.21886033446552,0.574796488297414,7.01251715722845,0.114959297659483,31.1539696657198,4.25349401340086,109.901088562466,7.24243575254741,8.39202872914224,16.439179565306,2.29918595318966,25.1760861874267,8.04715083616379,0.919674381275862,1.60943016723276,28.1650279265733,6.32276137127155,0.114959297659483,2.75902314382759,20.8076328763664,0.344877892978448,2.52910454850862,7.47235434786638,MGS4
107,50.1759603748003,2.99422548348718,6.26065328365502,85.2900592266046,15.5155320507972,16.8765436342005,20.6873760677296,2.54055495568609,232.279310234157,23.1371969178555,24.1352720790179,57.4346888196178,26.4036247180233,16.4228731063994,25.6777518735416,2.90349137792696,15.0618615229961,9.7992834005035,90.1897009268563,5.89771686141415,488.421690230652,7.98460128929915,76.9425215150646,11.9769019339487,214.495425544354,21.5039830177716,3.81083243352914,5.35331222805284,182.829222703839,83.9290476432013,180.197933642592,4.99037580581197,4.71817348913132,9.43634697826263,6.26065328365502,5.1718440169324,22.8649946011748,2.08688442788501,8.61974002822068,16.5136072119596,2.44982085012588,27.4016998791857,2.81275727236675,8.07533539485937,3.72009832796892,11.4324973005874,14.8803933118757,4.44597117245066,170.580118453209,3.35716190572805,33.4808849517203,68.6857179090847,1.5424797945237,0.635138738921523,6.98652612813676,2.99422548348718,7.44019665593785,4.53670527801088,12.1583701450692,4.17376885577001,32.936480318359,3.0849595890474,45.2763186745486,8.61974002822068,204.877610354971,8.89194234490133,18.6004916398446,20.9595783844103,4.35523706689045,25.859220084662,17.511682373122,2.08688442788501,4.26450296133023,81.2070244763948,38.3805266519721,1.5424797945237,7.7123989726185,56.7995500806962,11.5232314061476,4.99037580581197,13.7008499395929,MGS4
116,7.25726111099924,1.5466294170982,1.90354389796701,32.2412747718163,6.30548916201573,6.30548916201573,5.82960318752398,0.475885974491754,17.6077810561949,1.90354389796701,11.659206375048,17.1318950817031,2.26045837883583,10.5884629324415,6.78137513650749,1.07074344260645,6.90034663013043,5.5916602002781,50.6818562833718,3.56914480868815,170.605121855294,3.45017331506521,19.8682394350307,8.20903305998275,82.9231310551881,9.75566247708095,0.475885974491754,3.33120182144227,58.1770603816169,24.6270991799482,84.5887319659092,1.42765792347526,0.356914480868815,1.78457240434408,4.0450307831799,0.832800455360569,13.6817217666379,0.71382896173763,4.6398882512946,8.09006156635981,1.5466294170982,15.7042371582279,0.475885974491754,3.92605928955697,0.951771948983507,1.07074344260645,9.63669098345801,2.02251539158995,156.923400088656,0.951771948983507,28.4341869758823,10.8264059196874,0.951771948983507,0.237942987245877,4.16400227680284,0.951771948983507,7.01931812375336,3.45017331506521,4.75885974491753,1.66560091072114,12.1350923495397,0,23.6753272309647,4.87783123854047,142.051963385788,9.04183351534332,9.04183351534332,14.8714367028673,2.97428734057346,18.0836670306866,5.71063169390104,0.594857468114692,0.951771948983507,32.5981892526851,17.1318950817031,0.118971493622938,3.21223032781934,21.8907548266207,0,3.56914480868815,7.01931812375336,MGS4
124,4.47637538536955,1.0601941702191,2.94498380616418,34.5152102082441,6.36116502131462,14.3715209740812,26.7404529599707,0.706796113479402,59.7242715890095,6.00776696457492,13.6647248606018,15.0783170875606,4.82977344210925,10.9553397589307,11.5443365201636,5.65436890783522,13.9003235650949,8.5993527139994,46.4129447851474,3.53398056739701,278.006471301898,2.94498380616418,34.0440127992579,14.8427183830675,142.655015570593,27.3294497212036,0.82459546572597,4.94757279435582,82.4595465725969,31.2168283453403,117.799352246567,4.35857603312298,1.4135922269588,5.18317149884895,3.41618121515044,3.29838186290388,19.5546924729301,1.0601941702191,5.30097085109552,9.6595468842185,2.00258898819164,18.3766989504645,1.0601941702191,3.53398056739701,1.0601941702191,1.4135922269588,12.8401293948758,4.00517797638328,88.4673135371719,1.0601941702191,22.6174756313409,28.7430419481624,1.17799352246567,0.353398056739701,3.06278315841074,2.23818769268477,5.30097085109552,3.53398056739701,6.36116502131462,6.95016178254746,4.94757279435582,0,41.1119739340519,14.3715209740812,118.03495095106,7.65695789602686,13.0757280993689,13.3113268038621,2.94498380616418,23.2064723925737,9.89514558871163,1.29579287471224,2.70938510167104,32.1592231633128,10.0129449409582,1.17799352246567,2.94498380616418,33.3372166857785,0.471197408986268,4.12297732862985,9.42394817972536,MGS4
125,9.5159906640107,0.679713618857907,1.27446303535858,33.5608599311092,7.64677821215146,5.35274474850602,11.9799525323706,0.849642023572384,73.9188560507974,7.05202879565079,16.2281626502325,14.8687354125167,6.88210039093631,6.71217198622184,5.69260155793498,1.69928404714477,7.90167081922317,6.71217198622184,79.0167081922317,5.09785214143431,154.210027278388,6.28735097443564,25.1494038977426,13.4243439724437,56.7560871746353,11.045346306441,0.764677821215146,6.20238677207841,65.5074000174308,33.8157525381809,83.5198109171654,1.95417665421648,1.78424824950201,4.58806692729088,5.5226731532205,1.86921245185925,16.5680194596615,1.52935564243029,7.81670661686594,13.7642007818726,1.78424824950201,24.7245828859564,0.934606225929623,4.75799533200535,2.54892607071715,1.01957042828686,12.9145587583002,2.2090692612882,195.417665421648,4.16324591550468,29.22768561089,22.0057284105248,0.849642023572384,0.509785214143431,5.09785214143431,1.86921245185925,7.81670661686594,3.3136038919323,6.03245836736393,2.37899766600268,7.64677821215146,0.764677821215146,43.5016716069061,0.679713618857907,148.007640506309,12.7446303535858,8.75131284279556,22.9403346364544,3.48353229664678,27.5284015637453,10.8754179017265,1.1045346306441,2.03914085657372,36.6195712159698,18.7770887209497,0.339856809428954,3.05871128486058,36.8744638230415,0.764677821215146,2.88878288014611,9.77088327108242,MGS4
133,19.0192380590292,2.09599766364811,5.12354984447317,88.9634563903978,11.3339132923194,16.0693154213022,16.5350926798907,1.39733177576541,143.226507015955,6.75377024953282,19.5626448607157,68.7021456417993,8.07347248220015,48.9842416948874,16.2245745074984,3.80384761180584,21.4257538950696,11.4891723785156,81.0452429943938,6.90902933572897,537.739845040389,5.82221573235587,76.6979885809014,17.9324244556561,491.860785069424,15.2930199903214,1.94073857745196,7.29717705121936,149.126352291408,28.4124127738967,261.844448869818,8.07347248220015,2.79466355153082,2.56177492223659,4.96829075827701,8.2287315683963,18.5534608004407,2.56177492223659,10.0918406027502,10.6352474044367,1.94073857745196,38.5818829197449,2.71703400843274,4.19199532729623,3.88147715490392,3.02755218082505,11.2562837492214,6.05510436165011,148.971093205212,2.40651583604043,27.2479696274255,34.2346285062525,0.776295430980783,0.93155451717694,7.99584293910207,2.79466355153082,7.29717705121936,5.12354984447317,11.3339132923194,13.1970223266733,17.0784994815772,0.543406801686548,28.1018946015044,7.45243613741552,245.61987436232,12.8088746111829,22.2796788691485,29.3439672910736,3.64858852560968,36.0201079975083,11.0233951199271,2.94992263772698,7.84058385290591,89.5068631920843,16.2245745074984,2.32888629294235,6.13273390474819,39.4358078938238,0.93155451717694,7.21954750812128,15.6035381627137,MGS4
148,10.8729322521636,1.23089799081097,2.46179598162195,39.2861608733836,5.74419062378455,6.15448995405487,10.052333591623,0.205149665135162,60.3140015497377,3.7952688050005,16.5145480433806,10.3600580893257,5.12874162837906,11.4883812475691,9.23173493108231,1.6411973210813,7.0776634471631,7.48796277743343,66.4684915037926,2.87209531189227,244.846125338816,3.2823946421626,27.6952047932469,7.0776634471631,139.706921957046,8.7188607682444,1.74377215364888,2.05149665135162,58.6728042286564,24.8231094813546,81.1366925609567,1.84634698621646,1.33347282337856,3.17981980959502,3.38496947473018,2.35922114905437,12.6167044058125,0.923173493108231,4.82101713067632,3.59011913986534,1.43604765594614,21.6432896717596,0.718023827973068,3.89784363756808,1.02574832567581,1.12832315824339,11.1806567498663,1.84634698621646,135.193629324072,1.33347282337856,26.6694564675711,30.7724497702744,0.923173493108231,0.307724497702744,4.82101713067632,0.820598660540649,6.05191512148729,3.07724497702744,4.41071780040599,2.25664631648679,8.20598660540649,1.53862248851372,32.0033477610853,9.94975875905537,135.911653152045,7.89826210770375,12.001255410407,17.0274222062185,1.74377215364888,16.8222725410833,6.05191512148729,0.512874162837906,1.6411973210813,34.2599940775721,13.7450275640559,0.615448995405487,3.59011913986534,25.233408811625,0.512874162837906,3.17981980959502,8.92401043337956,MGS4
150,27.0775349118315,3.06177073207989,2.48768871981491,96.0630567190066,10.3334762207696,11.4816402452996,23.1546411613542,2.10496737830492,179.879030509694,21.8151164660692,21.0496737830492,56.642758543478,44.0129542736484,33.8708387236338,45.5438396396884,1.53088536603995,7.94146783633222,15.1174929896445,91.1833596147542,4.68833643349733,511.889794269607,7.17602515331224,67.6459971118901,17.2224603679494,111.084869373274,15.6915750019094,2.6790493905699,5.6451397872723,174.233890722421,78.8405963510572,201.885507646518,2.96609039670239,2.8704100613249,10.6205172269021,5.6451397872723,3.06177073207989,21.8151164660692,2.7747297259474,6.98466448255725,12.4384435990746,2.96609039670239,27.938657930229,1.62656570141744,6.41058247029227,8.4198695132197,15.021812654267,14.5434109773795,4.30561509198735,209.06153279983,3.73153307972237,34.6362814066538,141.224175017185,1.43520503066245,1.24384435990746,4.78401676887483,1.81792637217243,7.36738582406724,5.4537791165173,13.5866076236045,8.03714817170971,44.2999952797809,4.87969710425233,80.6585227232296,13.299566617472,240.444682803649,10.3334762207696,14.065009300492,46.7876839995958,5.07105777500732,40.7598228708135,13.108205946717,0.956803353774966,7.17602515331224,84.6770968090845,31.7658713453289,1.72224603679494,6.12354146415978,65.0626280566977,9.28099253161717,7.84578750095472,9.95075487925964,MGS4
157,13.2942552818332,0.891234990960884,0.891234990960884,22.8750314346627,6.98134076252692,2.5251658077225,12.9229073689328,1.18831332128118,21.5381789482214,1.26258290386125,10.5462807263705,13.071446534093,1.63393081676162,2.74797455546273,8.39246283154832,1.78246998192177,5.6444882760856,4.97606203286493,48.0524199293077,4.60471411996457,100.115397317939,7.64976700574759,14.5568381856944,9.28369782250921,42.333662070642,20.3498656269402,0.81696540838081,3.9362878767439,40.2541137583999,25.6972755727055,44.338940800304,2.37662664256236,1.4111220690214,1.4111220690214,7.35268867542729,0.965504573540958,12.2544811257122,0.891234990960884,5.12460119802508,7.42695825800737,0.742695825800737,17.2305431585771,0.594156660640589,2.22808747740221,0.148539165160147,0.445617495480442,9.50650657024943,0.668426243220663,122.470541674541,2.74797455546273,23.8405360082036,13.2199856992531,0.222808747740221,0.297078330320295,3.78774871158376,0.891234990960884,5.05033161544501,2.45089622514243,2.89651372062287,1.33685248644133,5.57021869350552,0.297078330320295,19.8299785488797,2.07954831224206,138.587041094417,6.83280159736678,3.71347912900368,16.6363864979365,1.93100914708192,11.2147069695911,9.8778544831498,0.891234990960884,1.1140437387011,24.6575014165845,10.6205503089505,0.668426243220663,1.63393081676162,24.1376143385239,0,1.48539165160147,6.09010577156604,MGS4
160,19.9388496734175,1.19156472151897,3.1775059240506,68.3163773670878,7.7054518658227,11.2801460303796,15.8080919721517,0.953251777215179,124.875982815188,4.13075770126577,15.9669672683542,29.9479933341769,12.1539601594935,30.1863062784807,33.28437455443,0.476625888607589,13.18664958481,10.4063319012657,58.783859594936,4.21019534936704,316.479590035439,6.19613655189866,45.9943982506324,12.5511483999999,141.557888916454,14.7754025468353,1.03268942531644,5.16344712658222,94.6102388886065,42.1813911417717,220.280598184808,3.09806827594933,1.82706590632909,5.40176007088601,3.1775059240506,7.4671389215189,13.1072119367087,1.50931531392403,6.43444949620246,7.22882597721511,1.74762825822783,28.9947415569617,1.98594120253162,4.44850829367083,1.3504400177215,1.82706590632909,20.1771626177213,1.19156472151897,203.439816787339,2.22425414683542,29.5508050936705,57.1156689848095,1.27100236962024,2.22425414683542,5.00457183037969,3.01863062784807,4.92513418227842,4.05132005316451,8.34095305063281,6.43444949620246,22.4014167645567,0.635501184810119,43.3729558632906,5.08400947848095,209.000452154428,9.13532953164546,14.6165272506327,29.3124921493667,2.85975533164554,26.691049762025,12.5511483999999,0.953251777215179,2.78031768354427,50.0457183037969,9.85026836455685,0.953251777215179,5.40176007088601,59.1016101873411,0.635501184810119,8.65870364303787,5.71951066329107,MGS4
178,3.11472286348906,0.991048183837428,0.63710240389549,18.4759697129692,7.43286137878071,6.51260235093167,3.468668643431,0.283156623953551,27.6785599914596,2.19446383564002,5.30918669912908,11.0431083341885,1.55736143174453,8.49469871860653,5.30918669912908,1.69893974372131,4.6012951392452,4.10577104732649,34.1911623423913,4.10577104732649,70.7183668323993,3.53945779941939,12.4588914539562,6.86654813087361,54.0829151751282,5.30918669912908,0.849469871860653,3.468668643431,34.9698430582635,19.1130721168647,48.0658369161153,1.1326264958142,1.34499396377937,1.62815058773292,3.39787948744261,2.12367467965163,10.5475842422698,0.778680715872265,4.31813851529165,8.14075293866459,1.48657227575614,19.6793853647718,0.63710240389549,2.12367467965163,0.92025902784904,0.566313247907102,12.0341565180259,1.20341565180259,79.6378004869362,1.41578311976775,16.9893974372131,17.9096564650621,0.63710240389549,0.424734935930326,4.31813851529165,0.849469871860653,3.89340357936132,2.61919877157035,2.47762045959357,0.991048183837428,3.04393370750067,0.424734935930326,34.9698430582635,3.61024695540777,96.3440413001957,7.5036505347691,7.43286137878071,14.0870420416892,2.54840961558196,13.7330962617472,9.48574690244395,0.991048183837428,1.20341565180259,25.6256744677964,14.5825661336079,0.212367467965163,1.98209636767486,29.6606563591345,0.707891559883877,1.41578311976775,8.28233125064136,MGS4
198,6.34737146257535,0.943528190382822,0.686202320278416,18.4416873574824,6.09004559247094,3.00213515121807,2.65903399107886,0.42887645017401,12.0085406048723,0.85775290034802,4.97496682201851,13.5524958254987,2.91635986118327,4.4603150818097,5.06074211205332,0.514651740208812,5.40384327219252,3.34523631135728,45.2893531383754,4.2029892117053,86.7188182251848,6.69047262271456,10.807686544385,5.91849501240134,44.0027237878534,6.34737146257535,0.686202320278416,3.94566334160089,33.1950372434684,18.9563390976912,34.9105430441644,1.54395522062644,0.42887645017401,2.31593283093965,2.91635986118327,0.600427030243614,9.77838306396743,1.11507877045243,5.40384327219252,6.60469733267975,0.943528190382822,17.9270356172736,0.257325870104406,3.08791044125287,0.085775290034802,0.42887645017401,12.6089676351159,0.85775290034802,116.911720317435,0.85775290034802,21.6153730887701,13.8955969856379,0.771977610313218,0.343101160139208,3.85988805156609,0.600427030243614,4.80341624194891,3.43101160139208,2.65903399107886,0.771977610313218,2.65903399107886,0.343101160139208,36.6260488448604,2.65903399107886,96.0683248389782,7.20512436292337,4.2887645017401,18.4416873574824,3.25946102132248,17.0692827169256,7.29089965295817,0.943528190382822,0.343101160139208,25.132159980197,10.8934618344199,0.085775290034802,2.74480928111366,25.8183623004754,0,3.00213515121807,4.71764095191411,MGS4
203,4.69612106250241,0.768456173864031,2.39075254091032,34.7512958625178,7.76994575795853,8.96532202841369,5.54996125568467,0.683072154545805,72.7471844591282,1.19537627045516,8.79455398977724,23.822141389785,1.62229636704629,20.2360125784195,6.57456948750337,3.07382469545612,11.8683786852334,5.72072929432112,52.3404038420723,5.37919321704822,229.853780004663,3.75689685000193,36.715128306837,13.9175951488708,206.800094788743,8.62378595114079,1.02460823181871,3.58612881136548,56.5242207886654,26.0421258920588,82.6517307000424,4.26920096591128,0.853840193182256,1.45152832840984,3.6715128306837,7.85532977727676,15.7960435738717,0.768456173864031,8.45301791250434,13.4052910329614,2.21998450227387,30.652862935243,2.9884406761379,2.9884406761379,1.62229636704629,1.96383244431919,14.002979168189,2.90305665681967,108.437704534147,2.646904598865,27.7498062784233,15.6252755352353,1.87844842500096,1.36614430909161,5.12304115909354,0.853840193182256,6.40380144886692,3.58612881136548,8.19686585454966,4.61073704318418,7.76994575795853,0.0853840193182256,44.9973781807049,11.2706905500058,121.24530743188,9.47762614432305,10.58761839546,17.3329559215998,2.73228861818322,37.3128164420646,12.9783709363703,1.19537627045516,4.01304890795661,42.0943215238852,21.0898527716017,0.341536077272903,3.6715128306837,41.4966333886577,1.19537627045516,4.95227312045709,6.3184174295487,MGS4
209,13.3249192922348,0.958000733428648,1.21927366072737,26.5627476087034,5.74800440057189,3.04818415181843,6.53182318246806,0.522545854597444,48.9451283806273,7.66400586742918,5.57382244903941,11.2347358738451,5.22545854597444,8.9703705039228,9.05746147968904,1.9160014668573,5.48673147327317,6.44473220670181,49.4676742352247,3.91909390948083,107.03480921671,3.65782098218211,26.040201754106,8.09946074626039,93.5357079729425,5.22545854597444,0.696727806129926,3.30945707911715,33.9654805488339,20.3792883293003,74.2015113528371,1.56763756379233,2.00309244262354,3.48363903064963,3.74491195794835,3.04818415181843,10.4509170919489,2.00309244262354,5.48673147327317,10.3638261161826,1.9160014668573,22.8178356507551,1.56763756379233,2.61272927298722,0.958000733428648,0.522545854597444,10.5380080677151,0.609636830363685,122.798275830399,2.43854732145474,31.0914783485479,18.463286862443,0.696727806129926,0.522545854597444,4.44163976407828,0.870909757662407,5.57382244903941,3.65782098218211,5.05127659444196,2.61272927298722,7.0543690370655,0.174181951532481,39.800575925172,1.13218268496113,109.734629465463,9.31873440698776,9.31873440698776,17.1569222259494,2.87400220028594,21.7727439415602,13.9345561225985,0.696727806129926,1.48054658802609,28.8271129786257,10.1896441646502,0.522545854597444,4.18036683677956,37.623301531016,0.435454878831204,1.56763756379233,6.70600513400054,MGS4
223,10.6364163753947,1.93389388643541,0.429754196985646,26.6447602131101,3.11571792814593,1.61157823869617,1.61157823869617,0.214877098492823,29.6530395920096,2.25620953417464,5.5868045608134,17.7273606256579,5.37192746232058,5.69424311005981,5.47936601156699,0.859508393971292,6.12399730704546,3.65291067437799,31.3720563799522,2.47108663266747,80.5789119348087,3.22315647739235,16.438098034701,6.33887440553828,46.735768922189,4.72729616684211,0.537192746232058,4.72729616684211,38.1406849824761,10.3141007276555,63.6036211538756,1.826455337189,0.644631295478469,2.14877098492823,6.12399730704546,0.752069844724881,5.47936601156699,1.18182404171053,3.7603492236244,3.11571792814593,2.14877098492823,23.8513579327034,0.537192746232058,2.90084082965311,0.429754196985646,1.28926259095694,12.5703102618301,1.39670114020335,88.6368031282895,0.752069844724881,23.3141651864713,19.5538159628469,0.107438549246412,2.14877098492823,3.86778777287082,0.107438549246412,3.65291067437799,3.00827937889952,1.07438549246412,0.107438549246412,9.23971523519139,0.322315647739235,23.9587964819498,2.04133243568182,128.711381997201,7.52069844724881,5.69424311005981,16.6529751331938,2.04133243568182,11.2810476708732,9.02483813669857,0.537192746232058,1.93389388643541,24.4959892281818,8.16532974272728,0.429754196985646,2.90084082965311,21.8100254970215,0,2.57852518191388,7.52069844724881,MGS4
224,12.1521586595816,1.33785232949522,1.78380310599363,32.5544066843838,7.24670011809913,5.01694623560709,8.47306475346975,0.891901552996816,86.5144506406912,7.80413858872214,10.2568678594634,13.4900109890768,9.03050322409276,9.03050322409276,13.4900109890768,1.33785232949522,7.46967550634833,8.91901552996816,60.4263302155343,4.79397084735789,139.025154573379,5.6858724003547,28.9868004723965,14.1589371538245,86.5144506406912,10.368355553588,0.780413858872214,5.7973600944793,77.0379966401,43.4802007085948,128.991262102165,3.01016774136425,4.01355698848567,3.67909390611187,5.01694623560709,4.79397084735789,13.712986377326,2.11826618836744,7.46967550634833,10.4798432477126,1.56082771774443,31.105066660764,1.11487694124602,6.46628625922692,0.780413858872214,1.56082771774443,13.3785232949522,3.12165543548886,108.477526383238,2.11826618836744,32.21994360201,44.3721022615916,1.22636463537062,1.56082771774443,5.5743847062301,1.56082771774443,4.57099545910868,3.34463082373806,6.46628625922692,0.780413858872214,32.6658943785084,0.445950776498408,32.5544066843838,2.89868004723965,145.156977750232,8.91901552996816,8.91901552996816,19.9562972483038,4.68248315323328,15.3853017891951,16.7231541186903,1.56082771774443,2.56421696486585,43.9261514850932,19.2873710835561,0.55743847062301,4.12504468261027,33.7807713197544,1.00338924712142,6.35479856510231,14.2704248479491,MGS4
226,9.11279981085267,0.959242085352912,1.24701471095879,22.2544163801876,6.5228461803998,4.60436200969398,9.11279981085267,0.76739366828233,95.8282843267559,2.87772625605874,7.57801247428801,6.5228461803998,7.00246722307626,6.5228461803998,8.92095139378208,2.2062567963117,6.5228461803998,4.79621042676456,47.4824832249692,5.08398305237044,87.1951055585797,2.58995363045286,22.2544163801876,8.44133035110563,92.7587096536266,6.81061880600568,0.479621042676456,3.93289254994694,53.1420115285513,28.2976415179109,95.7323601182207,2.49402942191757,2.30218100484699,3.74104413287636,5.75545251211747,4.22066517555281,13.8130860290819,0.76739366828233,5.75545251211747,5.56360409504689,2.68587783898815,27.7220962666992,0.863317876817621,4.89213463529985,0.863317876817621,0.863317876817621,14.8682523229701,1.82255996217053,70.6961416905096,2.2062567963117,25.8036120959933,56.1156619931454,0.76739366828233,1.91848417070582,4.98805884383514,1.15109050242349,5.65952830358218,2.39810521338228,4.4125135926234,0.479621042676456,8.24948193403505,0.76739366828233,27.0506268069521,0.863317876817621,113.190566071644,9.78426927059971,12.7579197351937,14.8682523229701,3.2614230901999,7.76986089135859,12.9497681522643,1.72663575363524,2.49402942191757,28.6813383520521,14.5804796973643,0.959242085352912,4.4125135926234,21.3910985033699,0.383696834141165,4.12474096701752,10.1679661047409,MGS4
228,10.0297374888145,1.26588919761736,2.14227402673707,21.1306119909975,6.03731771171357,2.82390667160796,7.01107863295769,0.584256552746474,29.5049559136969,2.04489793461266,5.93994161958915,19.2804662406336,7.40058300145534,6.3294459880868,8.6664721990727,2.82390667160796,6.3294459880868,4.67405242197179,43.4297370874879,4.67405242197179,92.6046636103162,3.89504368497649,16.8460639375233,7.20583081720652,52.3883375629339,6.23206989596239,0.486880460622062,3.31078713223002,33.9842561514199,24.2466469389787,53.0699702078047,2.53177839523472,1.65539356611501,2.14227402673707,5.16093288259386,1.85014575036383,11.3930027785562,1.46064138186619,6.13469380383798,8.37434392269946,2.04489793461266,26.2915448735913,0.486880460622062,4.28454805347414,0.973760921244124,0.973760921244124,14.2169094501642,1.07113701336854,111.690377666701,4.08979586922532,25.3177839523472,23.4676382019834,1.5580174739906,1.16851310549295,5.25830897471827,1.36326528974177,6.71895035658445,2.82390667160796,4.96618069834503,2.04489793461266,6.71895035658445,0.486880460622062,22.201749004366,1.46064138186619,127.952185051478,10.8087462258098,6.62157426446004,12.6588919761736,3.31078713223002,13.3405246210445,14.2169094501642,1.65539356611501,2.23965011886148,28.4338189003284,10.1271135809389,0.486880460622062,2.62915448735913,24.2466469389787,0.486880460622062,2.92128276373237,10.8087462258098,MGS4
232,17.6305808686555,1.65286695643646,2.91219416134042,35.4972855882305,9.20883018586025,13.9313072042501,17.394457017736,1.33803515521046,96.0236993739274,8.57916658340827,13.7738913036371,21.7233942845934,15.2693423594606,12.5145640987332,9.28753813616675,1.73157490674295,9.36624608647325,6.29663602451983,53.5214062084185,5.66697242206785,246.119760608419,6.69017577605232,30.6173926692277,12.1997322975072,155.763033656559,12.9868118005721,0.865787453371477,3.93539751532489,95.7875755230079,48.7989291900287,103.500954653045,4.56506111777688,3.38444186317941,4.95860086930937,3.30573391287291,3.38444186317941,13.7738913036371,1.96769875766245,6.06051217360034,9.05141428524725,1.73157490674295,33.2934629796486,1.41674310551696,4.87989291900287,0.550955652145485,1.96769875766245,14.4035549060891,1.57415900612996,113.811696143196,4.32893726685738,22.6678896882714,47.0673542832857,0.865787453371477,1.65286695643646,4.87989291900287,1.73157490674295,6.21792807421333,4.09281341593789,6.69017577605232,1.18061925459747,12.5932720490397,0.787079503064979,33.2147550293421,1.73157490674295,140.808523098325,12.1210243472007,10.0746176392317,19.6769875766245,3.46314981348591,24.7142963962403,15.7415900612996,1.41674310551696,4.48635316747038,33.7657106814876,15.5054662103801,0.393539751532489,4.01410546563139,37.8585240974255,1.65286695643646,5.98180422329384,7.08371552758481,MGS4
234,6.74213440388463,1.03725144675148,0.933526302076333,17.8407248841255,4.35645607635622,1.97077774882781,13.5879939524444,0.207450289350296,63.1686131071652,3.21547948492959,3.11175434025444,3.52665491895504,2.28195318285326,3.11175434025444,10.6836899015403,2.07450289350296,4.66763151038167,5.08253208908226,36.2000754916267,4.14900578700592,80.3869871232398,4.77135665505681,17.7369997394503,8.09056128466155,112.852957406561,17.5295494501,0.622350868050889,3.52665491895504,27.6946136282645,15.2475962672468,58.7084318861338,1.03725144675148,0.518625723375741,2.17822803817811,2.90430405090415,1.03725144675148,10.2687893228397,1.24470173610178,3.63038006363018,7.36448527193552,1.45215202545207,20.2264032116539,0.518625723375741,3.31920462960474,0.933526302076333,1.14097659142663,12.2395670716675,1.03725144675148,72.1927006939031,0.726076012726037,22.0934558158065,28.6281399303409,0.829801157401185,0.622350868050889,2.38567832752841,0.414900578700592,3.94155549765563,2.28195318285326,2.90430405090415,0.518625723375741,1.76332745947752,0,32.9845960066971,0.726076012726037,76.6528819149345,6.11978353583374,9.85388874413907,9.33526302076333,3.21547948492959,5.3937075231077,9.54271331011363,0.933526302076333,0.311175434025444,26.4499118921628,8.71291215271244,0.726076012726037,4.66763151038167,34.7479234661746,0.207450289350296,3.42292977427989,5.18625723375741,MGS4
249,8.75164748666698,1.10457686724923,0.764707061941775,17.7581973273146,7.90197297339834,3.65360040705515,6.03268904420734,0.594772159288047,53.6144617872511,4.41830746899692,6.96733100880284,10.2810616105505,4.67320982297751,3.22876315042083,5.60785178757302,1.10457686724923,3.82353530970887,4.41830746899692,52.424917468675,3.9934702123626,81.5687532737893,3.48366550440142,11.4706059291266,5.86275414155361,41.0392789908753,7.73203807074461,0.594772159288047,4.58824237165065,38.065418194435,23.4510165662144,43.07849782272,1.35947922122982,1.44444667255669,2.46405608847905,3.65360040705515,1.27451176990296,11.6405408317804,1.27451176990296,4.24837256634319,11.5555733804535,1.52941412388355,25.2353330440786,0.594772159288047,4.92811217695811,0.169934902653728,0.424837256634319,7.81700552207148,1.01960941592237,109.523044760328,2.29412118582532,20.1372859644667,31.0980871856322,0.764707061941775,0.594772159288047,3.65360040705515,0.934641964595503,4.50327492032379,2.54902353980592,3.65360040705515,0.679739610614911,6.71242865482225,0.339869805307456,36.7909064245321,1.52941412388355,103.150485910813,6.54249375216852,5.43791688491929,15.7189784954698,2.54902353980592,11.3856384777998,6.37255884951479,0.509804707961183,1.18954431857609,31.2680220882859,9.85622435391621,0.254902353980592,1.78431647786414,27.1895844245964,0.339869805307456,2.37908863715219,7.64707061941775,MGS4
253,14.2152754521822,1.46460413749756,1.2922977683802,31.7043719175941,9.21839074777873,4.39381241249267,9.39069711689609,1.72306369117359,37.9074012058191,3.96304648969927,7.06456113381174,19.642926079379,6.03072291910758,7.32302068748777,7.06456113381174,0.861531845586797,4.91073151984474,8.27070571763325,57.4641741006394,5.25534425807946,138.620473954916,3.10151464411247,21.0213770323178,10.6829948852763,93.1315925079328,10.6829948852763,0.344612738234719,3.87689330514059,65.3902670800379,30.4982273337726,79.7778489013374,2.15382961396699,2.84305509043643,4.39381241249267,7.15071431837042,1.11999139926284,15.4214200360037,1.72306369117359,4.47996559705135,10.8553012543936,2.58459553676039,32.6520569477396,0.947685030145477,3.96304648969927,0.861531845586797,0.344612738234719,12.1475990227738,2.58459553676039,147.666558333577,1.63691050661491,34.2889674543545,24.8982703374584,0.861531845586797,0.689225476469438,5.85841654999022,2.15382961396699,5.0830378889621,3.87689330514059,5.34149744263814,2.06767642940831,7.66763342572249,0.689225476469438,37.390482098467,1.63691050661491,142.152754521822,10.8553012543936,6.97840794925306,17.0583305426186,3.35997419778851,26.4490276595147,12.3199053918912,1.03383821470416,2.06767642940831,41.6119881418423,18.5229346801161,0.258459553676039,2.75690190587775,26.1905681058386,0.344612738234719,8.09839934851589,14.2152754521822,MGS4
270,8.59159800449689,1.22737114349956,1.13970177610673,29.7199155461678,4.64647647181975,2.98075849135606,3.15609722614172,0.876693673928254,61.4562265423706,5.61083951314083,2.27940355221346,17.9722203155292,11.9230339654243,4.73414583921257,13.5887519458879,1.57804861307086,4.4711377370341,5.34783141096235,47.5167971269114,3.68211343049867,86.0036494123617,4.64647647181975,17.0078572742081,6.13685571749778,57.774113111872,5.96151698271213,0.263008102178476,3.50677469571302,20.4269626025283,14.7284537219947,57.248096907515,2.01639545003498,1.84105671524933,2.80541975657041,2.54241165439194,1.13970177610673,10.6956628219247,2.54241165439194,5.26016204356953,9.11761420885384,0.701354939142603,21.7420031134207,1.13970177610673,3.06842785874889,0.876693673928254,0.876693673928254,9.55596104581797,1.05203240871391,116.687927999851,2.45474228699911,20.1639545003498,52.8646285378737,0.701354939142603,0.526016204356953,3.68211343049867,1.13970177610673,4.90948457399822,4.38346836964127,3.06842785874889,0.789024306535429,8.50392863710407,0.438346836964127,33.8403758136306,1.05203240871391,98.6280383169286,9.73129978060362,5.34783141096235,18.9365833568503,3.59444406310584,17.1831960089938,14.7284537219947,0.263008102178476,1.13970177610673,32.0869884657741,10.1696466175677,0.350677469571302,2.71775038917759,28.141866933097,0.438346836964127,1.40270987828521,5.43550077835518,MGS4
272,17.5484759513958,1.97729306494601,1.15342095455184,24.304227256628,5.3551687175621,4.28413497404968,4.77845824028618,1.07103374351242,33.9435309482398,3.21310123053726,8.32110831498111,19.7729306494601,12.9347921331885,5.51994313964094,5.76710477275919,1.73013143182776,7.08530014938986,5.8494919837986,47.8669696139013,3.54265007469493,99.7709125687339,4.69607102924677,15.5711828864498,6.92052572731102,70.2762910166227,4.77845824028618,0.82387211039417,4.03697334093143,48.608454513256,33.6139821040821,63.5205397113905,1.56535700974892,2.14206748702484,2.47161633118251,4.69607102924677,1.56535700974892,9.47452926953295,1.31819537663067,5.51994313964094,6.01426640587744,1.48296979870951,26.281520321574,0.741484899354753,4.61368381820735,1.31819537663067,0.906259321433587,12.6876305000702,2.05968027598542,99.6061381466551,1.64774422078834,20.349641126736,30.9775913508208,1.07103374351242,0.494323266236502,4.8608454513256,0.494323266236502,5.60233035068035,3.3778756526161,4.53129660716793,1.23580816559125,10.1336269578483,1.15342095455184,27.4349412761258,0.741484899354753,125.475722413032,9.39214205849353,7.25007457146869,12.6876305000702,2.63639075326134,24.7161633118251,14.0882130877403,1.31819537663067,3.04832680845843,33.2844332599244,8.98020600329645,0.164774422078834,3.46026286365551,34.6026286365551,0.164774422078834,3.78981170781318,13.6762770325432,MGS4
280,9.76094775722244,1.50851010793438,0.709887109616177,21.5628209545914,5.67909687692942,4.17058676899504,10.4708348668386,0.177471777404044,29.4603150490714,1.86345366274247,4.08185088029302,13.8427986375155,3.46069965937886,5.23541743341931,9.40600420241435,0.798622998318199,5.50162509952537,3.63817143678291,45.3440391267333,4.34805854639909,92.285324250103,6.12277632043953,13.5765909714094,4.52553032380313,46.3201339024556,19.3444237370408,0.709887109616177,2.66207666106066,24.2248976156521,16.061195855066,45.2553032380313,1.5972459966364,0.798622998318199,1.5972459966364,4.34805854639909,0.887358887020222,8.16370176058604,1.77471777404044,4.88047387861122,3.54943554808089,1.41977421923235,21.5628209545914,0.709887109616177,2.66207666106066,0.443679443510111,0.266207666106066,10.2046272007325,1.15356655312629,121.745639299174,1.15356655312629,24.4911052817581,20.054310846657,0.976094775722244,0.532415332212133,3.63817143678291,0.621151220914155,4.52553032380313,2.48460488365662,4.17058676899504,0.798622998318199,6.12277632043953,0.532415332212133,36.7366579226372,1.24230244182831,94.3262496902496,6.21151220914155,5.67909687692942,13.2216474166013,2.75081254976269,9.40600420241435,7.54255053967188,0.443679443510111,0.887358887020222,25.7334077235864,11.979344974773,0.532415332212133,2.3958689949546,24.8460488365662,0.0887358887020222,3.54943554808089,5.05794565601526,MGS4
284,14.9519887884138,1.15699913243678,1.51299886549426,26.6999799793104,5.69599572891955,4.89499632954024,14.506989122092,0.800999399379312,60.9649542860921,6.58599506156323,5.07299619606897,15.1299886549426,7.74299419400001,8.09899392705749,16.2869877873793,2.04699846508046,8.00999399379312,6.05199546197702,56.5149576228737,6.49699512829886,117.212912109173,3.38199746404598,31.3279765090575,10.6799919917242,62.9229528179082,19.6689852514253,1.06799919917242,4.98399626280461,40.8509693683449,17.9779865194023,84.1939368680921,3.47099739731035,2.13599839834483,4.18299686342529,6.05199546197702,1.69099873202299,11.3919914578391,0.88999933264368,3.20399759751725,11.7479911908966,1.33499899896552,35.1549736394254,1.69099873202299,5.60699579565518,1.24599906570115,0.978999265908048,11.8369911241609,1.86899859855173,139.907895091586,2.40299819813794,32.5739755747587,49.8399626280461,0.533999599586208,0.533999599586208,5.42899592912645,1.24599906570115,8.18799386032185,3.20399759751725,3.73799719710345,2.04699846508046,5.42899592912645,0.622999532850576,33.374974974138,3.11499766425288,144.090891955012,11.5699913243678,11.7479911908966,24.2079818479081,3.82699713036782,11.7479911908966,14.9519887884138,1.33499899896552,3.82699713036782,37.9139715706208,16.9099873202299,0.266999799793104,2.75899793119541,34.7099739731035,0.088999933264368,4.09399693016093,9.70099272581611,MGS4
294,15.7827507677337,3.15655015354673,2.15974484190039,83.7316461782922,8.72204647690544,12.2108650676676,25.8338709935009,2.24281195120426,448.230121803636,19.1054351398881,26.0000052121086,20.0191733422306,32.4792397378098,30.8178975517326,27.0798776330588,7.3099056187398,8.05750960247455,11.6293953025406,84.5623172713308,6.31310030709346,131.66136824662,7.64217405595524,102.338678662357,6.14696608848574,133.405777542001,18.1086298282418,1.0798724209502,8.14057671177841,99.1821285088104,62.9648688523269,253.936153141904,3.98722124658534,10.8817913188058,12.6262006141869,8.72204647690544,18.6070324840649,27.4121460702742,1.91054351398881,12.7092677234908,14.370609909568,5.23322788614326,33.8913805959754,4.98402655823168,6.39616741639732,5.81469765127029,9.96805311646336,29.4057566935669,8.47284514899386,141.961689800299,5.48242921405485,38.3770044983839,108.319510532235,1.99361062329267,3.6549528093699,3.98722124658534,2.07667773259653,11.5463281932367,5.06709366753554,9.71885178855178,4.7348252303201,9.05431491412089,2.24281195120426,62.9648688523269,3.98722124658534,78.9968209479721,19.8530391236229,24.0894616981198,27.4952131795781,5.39936210475099,27.7444145074897,34.9712530169256,4.81789233962396,11.7124624118444,67.6166269733431,53.1629499544713,4.81789233962396,8.8051135862093,47.8466549590241,5.31629499544713,16.198086314253,24.587864353943,MGS4
300,4.74895607490762,1.01041618615056,2.22291560953123,25.9676959840693,5.05208093075279,3.23333179568178,6.26458035413346,1.01041618615056,23.1385306628478,2.12187399091617,6.66874682859368,18.8947826810154,2.93020693983662,6.66874682859368,11.2156196662712,1.41458266061078,7.37603815889907,4.74895607490762,47.3885191304611,3.13229017706673,93.1603723630814,4.64791445629256,19.1979075368606,7.27499654028401,76.4885052915972,5.15312254936784,1.01041618615056,5.75937226105818,34.5562335663491,19.905198867166,61.8374705924141,1.91979075368606,0.404166474460223,2.12187399091617,2.82916532122156,1.61666589784089,11.8218693779615,0.808332948920446,4.84999769352268,10.6093699545809,1.41458266061078,23.1385306628478,1.41458266061078,4.84999769352268,1.01041618615056,0.404166474460223,8.99270405673996,1.51562427922584,104.173908792122,2.22291560953123,28.1906115936006,15.6614508853336,0.606249711690334,0.202083237230111,4.74895607490762,1.11145780476561,5.55728902382807,4.14270636321729,3.23333179568178,1.21249942338067,11.6197861407314,0.303124855845167,48.7020601724569,5.15312254936784,89.5228740929394,7.88124625197435,8.08332948920446,24.1489468489983,2.52604046537639,12.731243945497,9.90207862427546,0.404166474460223,1.11145780476561,27.281237026065,12.3270774710368,0,2.82916532122156,33.7479006174286,0.202083237230111,1.91979075368606,8.58853758227974,MGS4
302,9.22752897079877,1.11848836009682,1.77093990348663,35.0459686163671,6.05847861719111,4.93999025709429,5.4060270738013,0.652451543389812,61.7964818953494,4.75357553041149,3.63508717031467,8.20224797404335,3.26225771694906,13.235445594479,10.6256394209198,3.82150189699747,6.89734488726373,3.63508717031467,47.2561332140907,4.47395344038728,102.900929128908,3.26225771694906,38.4014336966575,13.6082750478447,114.551849546583,7.17696697728793,0.932073633414017,4.00791662368028,41.0112398702168,28.4282458191275,97.681316781789,2.60980617355925,3.44867244363186,2.70301353690065,2.42339144687645,5.03319762043569,13.1422382311376,1.39811045012103,5.5924418004841,8.01583324736055,1.30490308677962,27.0301353690065,1.11848836009682,3.54187980697327,0.652451543389812,1.02528099675542,9.41394369748158,1.77093990348663,98.9862198685687,1.86414726682803,21.7173156585466,38.3082263333161,0.932073633414017,0.466036816707009,4.93999025709429,1.86414726682803,6.33810070721532,3.35546508029046,4.84678289375289,1.21169572343822,6.71093016058093,0.55924418004841,28.6146605458103,2.33018408353504,102.714514402225,9.87998051418858,10.8120541476026,18.6414726682803,2.98263562692486,22.3697672019364,9.87998051418858,1.11848836009682,1.95735463016944,39.3335073300715,10.905261510944,1.02528099675542,4.38074607704588,27.7757942757377,1.77093990348663,3.16905035360766,9.04111424411597,MGS4
334,3.59458067530112,1.0606959369741,2.88745005065172,36.7118649297147,9.01591546427985,12.7872787957433,16.0282941587197,0.88391328081175,96.8179680249137,3.24101536297642,19.9175125942914,26.8709637366772,2.71066739448937,20.8603534271573,7.89629197525163,4.83205926843757,9.01591546427985,6.12846541362813,51.3848253911897,5.71597254924932,189.393152301931,5.24455213281638,35.0618934721994,12.4337134834186,155.863375183139,13.5533369724468,1.11962348902822,4.41956640405875,110.960580517902,57.2775805966014,141.42612492988,3.06423270681407,1.59104390546115,3.535653123247,3.94814598762582,4.12492864378817,18.680034001155,1.88568166573173,8.89806036017162,12.7872787957433,2.00353676983997,30.288761755816,1.82675411367762,4.18385619584228,2.65173984243525,1.17855104108233,10.076611401254,2.06246432189408,126.988874676621,3.24101536297642,26.4584708722984,12.0801481710939,1.4142612492988,0.471420416432933,3.71243577940935,3.00530515475995,6.24632051773637,4.41956640405875,6.77666848622342,4.06600109173405,9.72304608892925,0.0589275520541167,30.3476893078701,2.06246432189408,147.259952583238,8.78020525606338,12.4926410354727,14.9675982217456,3.06423270681407,21.3317738435902,9.31055322455044,1.64997145751527,3.00530515475995,44.0778089364793,14.2604675970962,0.942840832865867,3.535653123247,35.1208210242535,0.3535653123247,6.65881338211518,11.7855104108233,MGS4
364,10.2307842150759,1.55507920069154,1.80061802185336,46.7342222944669,5.4837003392807,5.64739288672191,9.08493638298743,1.0640015583679,118.677096894881,3.43754349626551,7.93908855089892,19.2338743243428,6.05662425532495,12.2769410580911,15.7963308280772,1.63692547441215,9.08493638298743,6.05662425532495,43.7059101668044,7.12062581369285,138.565741408988,8.34831991950196,40.1046741230976,15.5507920069154,116.058016135821,11.7858634157675,0.736616463485467,3.68308231742734,59.9114723634846,33.7206647728903,132.918348522266,2.70092703278005,2.37354193789762,4.01046741230977,6.22031680276617,3.2738509488243,12.1132485106499,0.900309010926682,6.6295481713692,6.79324071881042,2.37354193789762,31.8382004773163,1.88246429557397,5.07446897067766,0.900309010926682,1.63692547441215,14.6504829959887,2.53723448533883,114.748475756292,2.70092703278005,36.2578992582291,49.2714567798057,1.30954037952972,0.736616463485467,6.87508699253103,1.39138665325033,5.40185406556009,4.25600623347159,5.32000779183948,1.39138665325033,9.57601402531107,0.409231368603037,33.9662035940521,2.37354193789762,123.99710468672,12.1132485106499,11.5403245946057,16.2055621966803,3.92862113858916,19.3157205980634,10.640015583679,1.30954037952972,2.86461958022126,38.4677486486855,11.3766320471644,0.900309010926682,4.91077642323645,30.5286600977866,0.65477018976486,5.72923916044252,13.340942616459,MGS4
383,11.4573355225638,0.954777960213652,2.29146710451277,37.5545997684036,9.2295202820653,5.34675657719645,7.7655274097377,0.572866776128191,46.9750756425117,3.62815624881188,8.46569791389438,40.0370224649591,7.63822368170922,9.99334265023622,10.8208168824214,1.4639928723276,9.10221655403682,8.08378672980892,47.3569868265971,3.62815624881188,202.540231293323,3.50085252078339,25.7153530617544,10.7571650184071,105.853049855687,12.2211578907347,0.509214912113948,5.09214912113948,80.4559561140037,33.2899248794493,104.961923759487,2.60972642458398,1.78225219239882,2.99163760866944,3.75545997684036,1.40034100831336,14.639928723276,1.0184298242279,4.90119352909675,5.66501589726767,2.10051151247003,31.5713245510648,0.700170504156678,3.3735487927549,1.0184298242279,1.08208168824214,8.02013486579468,1.65494846437033,108.080865096185,1.20938541627063,23.8057971413271,19.9230334364582,0.700170504156678,0.254607456056974,5.53771216923918,1.08208168824214,5.41040844121069,3.11894133669793,4.07371929691158,0.891126096199409,8.46569791389438,1.27303728028487,19.35016666033,2.9279857446552,170.332388102116,8.08378672980892,7.319964361638,17.24965514786,3.75545997684036,22.9783229091419,11.6482911146066,1.59129660035609,2.35511896852701,37.5545997684036,6.49249012945283,0.954777960213652,6.93805317755254,27.2429977980962,0.700170504156678,5.02849725712523,7.70187554572346,MGS4
388,4.83989148161256,0.870092850626977,1.35952007910465,20.175277973913,6.30817316704558,3.91541782782139,5.22055710376186,0.652569637970232,39.5348439003632,3.96979863098558,4.78551067844837,11.2024454518223,8.86407091576232,6.58007718286651,8.10273967146372,1.03323526011953,5.38369951325442,3.15408658352279,50.3566237300363,4.45922585946326,89.9458484335637,4.35046425313488,13.7039623973749,5.70998433223953,53.9457567388725,5.38369951325442,0.870092850626977,4.02417943414977,32.4109586858549,24.852027046033,54.2720415578577,1.41390088226884,1.14199686644791,2.88218256770186,3.31722899301535,2.28399373289581,10.4411142075237,1.03323526011953,2.12085132340326,5.60122272591116,1.08761606328372,21.04537082454,0.598188834806046,3.26284818985116,1.08761606328372,0.54380803164186,8.64654770310558,1.25075847277628,105.335615729028,2.22961292973163,19.305185123286,27.0816399757646,0.27190401582093,0.380665622149302,3.04532497719442,0.652569637970232,6.14503075755302,3.48037140250791,4.78551067844837,0.815712047462791,6.6344579860307,0.27190401582093,23.2749837542716,3.37160979617953,118.169485275776,7.83083565564279,4.51360666262744,16.9124297840619,3.53475220567209,12.1269191056135,9.02721332525488,1.03323526011953,2.39275533922419,23.6012685732567,13.2145351688972,0.326284818985116,1.63142409492558,26.9728783694363,0.27190401582093,3.31722899301535,9.24473653791163,MGS4
397,16.1118911596452,2.16630469373381,0.947758303508541,29.0420223003689,5.55115577769288,4.7387915175427,6.70200514623897,1.8278195853379,46.9817330453519,4.33260938746761,5.4834587560137,22.9492903492425,9.34218899172704,8.46212770989768,18.0074077666623,0.609273195112633,5.07727662593861,6.70200514623897,42.7845177012427,3.85873023571334,143.991565111619,2.64018384548808,24.3032307828261,6.29582301616388,37.9780291620208,6.49891408120142,0.676970216791815,4.4003064091468,40.2120308774338,24.8448069562596,78.731636212888,1.76012256365872,1.21854639022527,3.24945704060071,3.52024512731744,1.28624341190445,11.1700085770649,1.48933447694199,5.00957960425943,4.67109449586352,1.42163745526281,20.1060154387169,0.880061281829359,3.24945704060071,2.50478980212971,0.947758303508541,10.2222502735564,1.69242554197954,153.875330276779,1.35394043358363,19.02286309185,27.4849908017477,1.89551660701708,0.203091065037544,3.04636597556317,0.947758303508541,3.52024512731744,3.38485108395907,7.78515749310587,0.541576173433452,9.81606814348131,0.203091065037544,37.3687559669082,6.49891408120142,137.695742095455,8.25903664486014,7.04049025463487,22.9492903492425,1.42163745526281,20.4445005471128,8.46212770989768,0.947758303508541,1.69242554197954,44.2738521781847,13.7424954008738,0.270788086716726,3.99412427907171,37.7072410753041,1.15084936854608,2.43709278045053,7.04049025463487,MGS4
403,9.41676807607073,1.04630756400786,1.56946134601179,30.6698904699804,6.08166271579568,4.70838403803536,7.71651828455796,0.850124895756385,68.8601165562672,6.86639338880157,10.920835199332,17.5256516971316,4.57759559253438,8.30506628931238,11.3785947585855,3.46589380577603,8.23967206656189,7.25875872530452,49.5688208448723,6.86639338880157,122.875744548173,7.84730673005894,33.678024716503,9.80913341257368,108.423621320314,9.15519118506876,0.784730673005894,4.96996092903733,60.3588675987033,40.6752065508055,104.238391064283,3.26971113752456,3.727470696778,3.66207647402751,4.51220136978389,5.68929737929273,14.2559405596071,1.63485556876228,4.38141292428291,11.5747774268369,1.63485556876228,30.8006789154813,2.68116313277014,5.23153782003929,0.719336450255403,1.17709600950884,10.7246525310806,1.89643245976424,99.5954012489981,2.09261512801572,30.8660731382318,39.3673220957957,0.784730673005894,0.915519118506876,5.62390315654224,1.24249023225933,6.27784538404715,3.92365336502947,6.01626849304519,2.48498046451866,8.43585473481336,0.326971113752456,31.9777749249902,2.2234035735167,138.308781117289,9.54755652157171,12.4902965453438,15.7600076828684,3.727470696778,11.8363543178389,17.5256516971316,1.5040671232613,2.9427400237721,37.9940434180354,16.4793441331238,0.915519118506876,2.9427400237721,33.547236271002,0.850124895756385,4.51220136978389,10.1361045263261,MGS4
411,10.8718460746073,1.55312086780104,2.69207617085514,45.0405051662302,6.62664903595111,8.90455964205931,10.3541391186736,1.03541391186736,130.462152895287,12.0108013776614,18.9480745871727,19.0516159783594,16.0489156339441,13.1497566807155,13.9780878102094,5.17706955933681,11.5966358129144,9.31872520680625,60.9858794089876,5.79831790645722,204.597788984991,2.17436921492146,61.607127756108,22.8826474522687,173.224747455409,14.90996033089,1.03541391186736,4.76290399458986,81.6941576463348,34.6863660475566,195.071980995811,3.62394869153576,6.21248347120417,4.96998677696333,6.10894208001743,4.96998677696333,15.9453742427574,1.34603808542757,4.65936260340312,10.4576805098603,3.41686590916229,33.6509521356892,4.03811425628271,4.55582121221639,2.69207617085514,3.20978312678882,15.8418328515706,4.24519703865618,105.715760401658,1.76020365017451,33.0297037885688,107.372422660645,1.96728643254799,0.414165564746944,6.93727320951132,3.00270034441535,5.48769373289701,3.31332451797556,5.38415234171028,3.7274900827225,13.6674636366492,2.38145199729493,50.217574725567,4.14165564746944,146.096902964485,13.356839463089,21.8472335404013,38.5173975214658,4.45227982102965,24.2286855376963,21.1224438020942,1.34603808542757,3.20978312678882,50.0104919431935,6.3160248623909,1.65666225898778,3.31332451797556,60.2610896706804,3.52040730034903,5.38415234171028,10.1470563363001,MGS4
416,18.8470927332248,1.5212899964038,1.85935444004908,41.2438621247251,7.6909660929303,10.9025783075605,9.71935275480202,0.84516110911322,78.0928864820615,9.46580442206806,14.1141905221908,22.058704947855,21.3825760605645,10.3954816420926,13.5225777458115,0.084516110911322,7.01483720563972,8.19806275839823,49.86450543768,2.28193499460569,167.341899604417,3.97225721283213,19.6077377314267,3.71870888009817,52.4845048759309,9.80386886571335,1.09870944184719,5.91612776379254,90.8548192296711,35.7503149154892,102.095461980877,1.69032221822644,2.02838666187173,4.90193443285667,7.09935331655104,1.43677388549247,11.7477394166738,1.77483832913776,4.39483776738874,6.59225665108311,1.26774166366983,22.312253280589,1.60580610731512,5.23999887650196,1.01419333093586,1.69032221822644,14.8748355203927,1.18322555275851,98.8838497662467,1.5212899964038,24.678704386106,68.1199853945255,0.84516110911322,1.18322555275851,5.15548276559064,0.760644998201898,2.87354777098495,3.04257999280759,5.15548276559064,1.43677388549247,12.5083844148756,1.69032221822644,36.9335404682477,3.63419276918684,119.252232495875,8.28257886930955,7.43741776019633,20.6219310623626,4.31032165647742,22.3967693915003,10.8180621966492,0.84516110911322,2.11290277278305,39.63805601741,10.22644942027,0.591612776379254,4.64838610012271,31.6090254808344,2.19741888369437,4.90193443285667,11.4941910839398,MGS4
417,19.6632613828755,1.0785755188919,1.41044490932018,45.5490738362811,10.1220164080625,3.98243268513933,10.3709184508837,0.746706128463625,106.032270241835,7.0522245466009,10.702787841312,20.327000163732,24.3924001964784,11.2835592745614,19.3313919924472,1.65934695214139,5.80771433249486,8.62860415113522,58.6579147581981,4.14836738035347,171.908344241848,3.06979186146157,38.7457513325014,7.88189802267159,93.7531027959884,10.2049837556695,1.65934695214139,8.71157149874229,65.793106652406,33.9336451712914,118.145502992467,1.99121634256967,3.40166125188985,5.72474698488779,5.22694289924537,1.99121634256967,17.2572083022704,2.07418369017673,6.38848576574434,11.7813633602039,0.995608171284833,26.2176818438339,1.9082489949626,3.89946533753226,2.32308573299794,5.72474698488779,10.2879511032766,3.31869390428278,133.245560256953,1.32747756171311,19.9121634256967,62.2255107053021,1.0785755188919,1.0785755188919,4.23133472796054,1.32747756171311,5.80771433249486,4.0654000327464,9.2093755843847,4.48023677078175,17.6720450403058,0.663738780856555,46.0468779219235,2.65495512342622,150.751670602045,9.37531027959884,9.95608171284833,20.7418369017673,3.56759594710398,25.9687798010127,9.70717967002712,1.16154286649897,2.57198777581915,48.3699636549215,13.4407103123452,0.663738780856555,3.81649798992519,52.1034942972396,1.16154286649897,2.73792247103329,4.48023677078175,MGS4
419,22.4782092882374,1.97400704797553,2.1013623413933,40.6900162469794,7.13189643139545,7.45028466493989,22.4782092882374,1.27355293417776,148.177883891582,6.11305408405324,8.02338348531988,19.9311034198819,13.627016395702,22.0961434079841,15.9830893239309,1.46458587430442,9.10590347937097,9.9973905332954,57.6919479182525,6.62247525772434,153.526806215129,4.45743526962216,58.9655008524302,15.6010234436775,116.275382890429,30.692625713684,2.03768469468441,8.85119289253542,52.279347947997,28.5912633722907,150.916022700064,4.26640232949549,6.55879761101546,5.85834349721769,3.94801409595105,8.08706113202877,14.4548258029176,1.65561881443109,8.66015995240876,11.8440422878532,3.43859292227995,41.1357597739416,4.71214585645771,4.01169174265994,2.73813880848218,5.7946658505088,12.2897858148154,4.26640232949549,100.674359446752,2.54710586835552,26.8082892644418,76.2858207572477,0.891487053924431,1.08251999405109,5.66731055709103,2.22871763481108,8.34177171886432,3.62962586240661,6.68615290443323,2.48342822164663,12.2261081681065,1.01884234734221,41.0720821272327,4.52111291633104,140.918632166769,9.93371288658652,17.8934187251975,23.1786634020352,3.88433644924216,20.440524593553,19.4216822462108,1.65561881443109,3.82065880253328,39.3527856660927,22.6055645816552,0.764131760506655,2.92917174860884,49.3501761993881,3.12020468873551,3.56594821569772,9.9973905332954,MGS4
420,5.92868738983051,0.959052371884347,1.74373158524427,27.9868919431705,6.01587396909272,8.10835187138584,8.28272502991027,1.91810474376869,66.8721062941176,2.78997053639083,3.22590343270189,11.9445613589232,6.19024712761715,8.28272502991027,13.8626661026919,1.91810474376869,7.23648607876371,5.2311947557328,48.0398051734796,3.83620948753739,101.136431944167,3.05153027417747,28.1612651016949,9.32896398105683,126.07179361316,7.93397871286141,0.959052371884347,3.48746317048853,57.8918886301097,24.4122421934197,104.362335376869,3.05153027417747,2.44122421934197,4.79526185942173,2.52841079860419,2.17966448155533,13.2523600478564,1.22061210967099,6.45180686540379,8.89303108474576,2.52841079860419,30.6896759002991,0.959052371884347,4.01058264606181,0.610306054835493,1.13342553040877,15.0832782123629,1.91810474376869,97.7361553529412,1.39498526819541,28.3356382602193,42.5470506799601,0.52311947557328,0.78467921335992,5.31838133499501,1.3077986889332,7.75960555433699,2.44122421934197,2.6155973778664,1.13342553040877,6.62618002392821,0.871865792622133,36.7055498693918,1.83091816450648,121.276531753739,8.71865792622133,9.67771029810568,22.7556971874377,3.74902290827517,8.80584450548355,11.7701882003988,1.22061210967099,1.91810474376869,31.3871685343968,12.9908003100698,0.697492634097707,5.40556791425723,18.4835548035892,0.697492634097707,7.06211292023928,10.7239492492522,MGS4
428,28.9489981054075,4.8368650201055,3.75398479172367,183.078950611754,25.7725494354875,18.6255399281674,37.3954638867858,2.23795247198911,468.237410752302,18.3367718672656,24.4730931614293,103.739925878979,49.2349543837604,69.9540627534661,70.0262547686915,3.39302471559639,14.2218269994147,28.4436539988293,142.146077978921,9.38496197930917,678.388367073602,7.7245456291237,126.191642614096,24.4730931614293,207.479851757958,36.4569676888549,4.47590494397822,8.66304182705462,369.984078030458,134.06057227367,550.752884154997,3.60960076127276,7.00262547686915,10.9731863142692,11.261954375171,11.1897623599456,37.5398479172367,3.32083270037094,16.2432034257274,17.4704676845602,4.98124905055641,78.6171045805207,5.41440114190914,11.5507224360728,10.9731863142692,10.9009942990437,26.5666616029675,10.5400342229165,218.380846057002,3.24864068514548,66.9941901292224,141.568541857118,2.45452851766548,1.15507224360728,10.5400342229165,4.62028897442913,10.2512661620146,12.2726425883274,28.3714619836039,16.026627380051,71.0369429818479,7.29139353777097,86.4860342400953,4.69248098965459,401.315412638305,21.2966444915093,26.2778935420657,98.9030608588736,10.0346901163383,84.0315057224298,31.1147585621712,2.88768060901821,12.4170266187783,200.332842250638,60.424716743706,3.46521673082185,12.5614106492292,108.937750975212,8.08550570525098,19.1308840347456,30.4650304251421,MGS4
437,11.7871236531865,1.61467447303924,0.968804683823545,31.5668859479172,7.83117119424032,2.9871477751226,4.52108852450988,1.29173957843139,30.1944126458338,5.40915948468146,10.1724491801472,12.9173957843139,10.0917154564953,7.50823629963248,10.3339166274511,0.565136065563735,2.82568032781867,9.04217704901976,63.6181742377461,2.9871477751226,135.148253393385,3.55228384068633,15.0972063229169,4.11741990625007,29.3063416856622,6.21649672120108,0.888070960171583,6.94310023406874,50.9429796243881,18.7302238872552,72.6603512867659,0.807337236519621,1.04953840747551,3.22934894607848,5.65136065563735,0.40366861825981,9.3651119436276,1.21100585477943,6.70089906311285,6.94310023406874,1.04953840747551,23.332046135417,0.322934894607848,5.00549086642165,1.37247330208336,1.37247330208336,12.9173957843139,1.53394074938728,155.250950582723,0.807337236519621,30.5173475404417,27.0457974234073,1.21100585477943,0.807337236519621,5.24769203737754,0.322934894607848,3.95595245894614,3.87521873529418,6.29723044485304,1.21100585477943,8.79997587806387,0.565136065563735,41.0127316151967,1.04953840747551,113.99601779657,9.12291077267172,7.26603512867659,19.0531587818631,2.74494660416671,25.4311229503681,9.68804683823545,0.322934894607848,1.45320702573532,43.9998793903193,12.75592833701,0,4.6825559718138,35.4421046832114,0.0807337236519621,3.31008266973045,8.07337236519621,MGS4
451,7.64475977268466,0.634281378519688,2.10314351824949,36.8217031845903,5.64176594578038,6.54311316788731,6.04236471116124,0.267065843587237,51.4435581209915,3.10464043170163,8.41257407299797,16.3577829197183,4.07275411470536,13.7538909447427,7.2107777768554,2.30344290093992,9.54760390824372,7.71152623358147,53.212869334757,4.47335288008622,152.160764383828,5.80868209802241,37.5227510240068,10.8495498957315,119.077983009459,8.21227469030754,0.467365226277665,5.14101748905431,43.9657145005489,20.1634711908364,106.959870356688,3.73892181022132,1.83607767466225,3.13802366215004,3.47185596663408,10.4823343607991,12.0179629614257,0.901347222106925,6.91032870281976,9.21377160375968,2.06976028780109,28.1754464984535,1.4688621397298,3.90583796246334,0.701047839416497,1.36871244838459,11.2501486611124,1.4688621397298,72.107777768554,2.63727520542397,30.5790390907386,35.5197571971025,1.26856275703938,0.600898148071283,4.97410133681229,1.33532921793619,5.80868209802241,3.23817335349525,3.13802366215004,2.63727520542397,3.90583796246334,0.43398199582926,35.0190087403765,5.17440071950272,111.600139389017,8.94670576017244,15.8570344629922,23.0678122398476,4.23967026694739,23.8022433097125,17.1923636809284,1.36871244838459,1.83607767466225,28.9098775683184,12.3517952659097,1.00149691345214,4.20628703649898,34.6851764358924,0.300449074035642,3.03787397080482,8.34580761210116,MGS4
459,10.2428392568648,1.50947104838008,2.3720259331687,56.2817062324574,6.90043907830895,4.85187122693598,10.6741166992592,0.323458081795732,64.2603389167521,8.40991012668903,11.213213502252,27.2782982314401,20.7013172349269,14.8790717626037,23.5046206104899,2.26420657257012,8.0864520448933,9.0568262902805,70.1904037496739,4.42059378454167,238.172967562257,4.52841314514025,38.275873012495,7.76299396309757,99.5172698324869,10.3506586174634,1.61729040897866,3.88149698154879,98.7625343082969,40.6478989456637,149.114175707833,1.61729040897866,1.29383232718293,4.52841314514025,3.55803889975305,1.40165168778151,16.3885428109838,1.50947104838008,7.11607779950611,7.43953588130184,1.61729040897866,26.8470207890458,1.72510976957724,6.25352291471749,2.69548401496443,5.06750994813314,18.6527493835539,2.04856785137297,144.585762562692,0.862554884788619,31.375433934186,88.0884176090377,1.18601296658435,0.862554884788619,6.79261971771037,1.40165168778151,5.82224547232318,3.98931634214736,7.54735524190042,4.85187122693598,18.868388104751,0.323458081795732,52.0767511691129,9.81156181447054,129.059774636497,7.43953588130184,14.1243362384136,24.7984529376728,2.91112273616159,23.1811625286941,13.8008781566179,0.970374245387196,2.47984529376728,61.5648549017877,19.5153042683425,0.431277442394309,4.7440518663374,55.4191513476688,8.84118756908334,3.3424001785559,8.62554884788619,MGS4
473,12.3625947586721,1.35356876919767,2.70713753839535,38.5315909631604,8.5726022049186,13.1747360201907,9.92617097411627,0.631665425625581,113.429062858765,4.87284756911163,13.8064014458163,18.8597248508209,9.74569513822325,14.4380668714419,15.7916356406395,0.812141261518604,7.85069886134651,6.2264163383093,43.5849143681651,3.15832712812791,219.729330199756,5.77522674857674,33.3880296402093,9.56521930233023,139.146869473521,10.4675984817953,0.992617097411627,6.40689217420232,89.5160146029395,46.2920519065604,84.0115016082023,2.61689962044884,1.89499627687674,3.51927879991395,3.42904088196744,4.78260965116511,16.0623493944791,0.360951671786046,5.86546466652325,6.04594050241628,1.89499627687674,26.5299478762744,1.26333085125116,3.15832712812791,1.26333085125116,5.23379924089767,15.9721114765325,1.89499627687674,77.2436577622139,0.631665425625581,22.8301932404674,30.5004162659209,0.721903343572093,0.902379179465116,3.60951671786046,1.17309293330465,4.60213381527209,3.8802304717,5.68498883063023,2.07547211276977,19.581628194393,0.992617097411627,39.4339701426256,11.821167250993,127.054988468688,6.85808176393488,9.92617097411627,18.1378215072488,3.42904088196744,23.461858666093,8.03117469723953,0.992617097411627,4.78260965116511,33.6587433940488,10.2871226459023,0.992617097411627,4.06070630759302,39.7949218144116,2.70713753839535,8.48236428697209,8.84331595875813,MGS4
477,11.2664341917357,1.27359690863099,1.56750388754583,44.8697987809995,4.80048065560911,3.72282173292135,5.3882946134388,0.881720936744531,53.882946134388,3.62485273994974,9.69893030418984,12.5400311003667,6.46595353612656,8.13142641664401,12.5400311003667,1.95937985943229,5.58423259938203,6.46595353612656,65.9331322698966,2.93906978914844,153.713349972463,3.33094576103489,33.7013335822354,9.69893030418984,60.9367136283442,7.15173648692786,1.07765892268776,8.03345742367239,58.8793647759403,24.1003722710172,83.6655199977588,2.15531784537552,2.0573488524039,7.93548843070078,3.13500777509166,1.76344187348906,15.6750388754583,0.881720936744531,7.05376749395625,7.24970547989948,2.44922482429036,24.0024032780456,1.86141086646068,3.42891475400651,0.979689929716145,1.95937985943229,11.4623721776789,1.3715659016026,158.415861635101,1.3715659016026,32.9175816384625,45.8494887107156,1.46953489457422,0.783751943772916,6.17204655721172,1.3715659016026,6.17204655721172,3.72282173292135,5.19235662749557,1.76344187348906,12.0501861355086,0.783751943772916,49.6702794366086,1.17562791565937,146.561613485535,11.3644031847073,9.99283728310468,32.3297676806328,4.0167287118362,26.7455350812508,11.8542481495654,0.783751943772916,1.56750388754583,29.6846048703992,9.60096131121822,0.489844964858073,5.19235662749557,30.762263793087,0.391875971886458,4.31063569075104,7.64158145178593,MGS4
484,6.89833429302664,1.98327110924516,1.29343767994249,39.751651363566,7.93308443698063,6.20850086372397,5.08752154110715,0.86229178662833,51.2201321257228,9.39898047424879,10.9511056901798,13.4517518714019,10.6924181541913,10.864876511517,16.8146898392524,1.63835439459383,8.01931361564347,8.96783458093463,79.3308443698063,4.91506318378148,147.710583049433,5.77735497040981,27.6795663507694,10.34750143954,83.124928230971,6.55341757837531,0.344916714651332,5.08752154110715,40.8726306861828,22.0746697376852,103.819931110051,2.50064618122216,1.89704193058233,3.53539632517615,5.86358414907264,1.81081275191949,9.65766801023729,1.37966685860533,9.22652211692313,6.20850086372397,1.63835439459383,26.2136703135012,1.63835439459383,3.88031303982748,1.034750143954,1.55212521593099,16.9009190179153,1.81081275191949,129.085080458261,1.81081275191949,33.6293796785049,34.4054422864704,1.20720850127966,1.034750143954,6.89833429302664,0.776062607965497,6.20850086372397,3.70785468250182,7.76062607965497,4.91506318378148,10.1750430822143,0,50.7027570537458,3.19047961052482,135.552268857973,13.0206059780878,8.45045950895763,15.9523980526241,2.84556289587349,30.6975876039685,11.2960224048311,1.12097932261683,1.55212521593099,38.716901219612,15.3487938019843,0.431145893314165,5.00129236244431,37.682151075658,0.517375071976998,3.62162550383899,8.3642303302948,MGS4
497,7.75091565860398,2.01322484639064,1.61057987711252,32.2115975422503,6.44231950845006,4.12711093510082,14.4952188940126,1.40925739247345,118.075637240811,5.63702956989381,13.2872839861783,15.6024925595275,19.2262972830307,15.3005088325689,5.53636832757427,2.51653105798831,7.75091565860398,7.54959317396492,46.8074776785825,4.83173963133755,122.102086933593,7.24760944700632,37.2446596582269,10.4687692012314,84.0521373368094,23.2527469758119,0.402644969278129,6.240997023811,64.121211357542,35.1307735695167,129.04771265364,4.12711093510082,1.50991863479298,3.62380472350316,3.32182099654456,7.24760944700632,9.3614955357165,1.61057987711252,5.63702956989381,7.65025441628445,3.32182099654456,26.1719230030784,1.81190236175158,3.82512720814222,1.91256360407111,3.32182099654456,10.8714141705095,4.12711093510082,120.088862087202,3.4224822388641,26.3732454877174,73.1807231662999,1.00661242319532,2.01322484639064,5.73769081221334,2.01322484639064,7.24760944700632,3.62380472350316,5.43570708525474,6.84496447772819,15.4011700748884,0.100661242319532,39.3585457469371,5.43570708525474,115.257122455864,12.3813328053025,14.0925739247345,26.2725842453979,3.22115975422503,20.3335709485455,13.5892677131369,1.30859615015392,3.1204985119055,33.5201936924042,18.5216685867939,0.90595118087579,4.32843341973989,41.5730930779668,0.201322484639064,6.94562572004772,5.83835205453287,MGS4
509,6.78974155273218,0.96996307896174,0.872966771065566,25.8010179003823,6.30476001325131,2.230915081612,6.11076739745896,0.48498153948087,38.3135416189887,2.03692246581965,6.59574893693983,16.0043908028687,4.461830163224,4.94681170270487,13.7734757212567,1.06695938685791,4.26783754743165,7.27472309221305,53.1539767271033,2.90988923688522,100.003193440955,3.58886339215844,13.8704720291529,4.75281908691252,27.1589662109287,5.52878955008192,0.96996307896174,2.13391877371583,52.6689951876225,14.3554535686337,57.421814274535,0.96996307896174,0.290988923688522,2.52190400530052,3.49186708426226,0.581977847377044,9.89362340540974,0.872966771065566,5.81977847377044,4.07384493163931,2.13391877371583,16.5863686502457,0.48498153948087,3.49186708426226,0.678974155273218,0.096996307896174,9.3116455580327,1.74593354213113,128.229119038742,2.6189003131967,21.0481988134697,5.62578585797809,0.678974155273218,0.581977847377044,4.75281908691252,0.872966771065566,4.94681170270487,4.461830163224,4.55882647112018,0.48498153948087,7.66270832379774,0.193992615792348,41.9994013190433,1.35794831054644,124.349266722895,7.85670093959009,5.62578585797809,20.1752320424042,2.52190400530052,16.7803612660381,6.01377108956279,0.775970463169392,0.775970463169392,28.6139108293713,14.4524498765299,0.193992615792348,2.90988923688522,34.3366929952456,0.193992615792348,4.65582277901635,8.14768986327861,MGS4
515,21.0154486688533,3.01487449257811,2.43850142782053,61.9379362666415,11.1727701783777,6.02974898515622,18.4439380722426,1.64044641507927,224.342131359489,13.0792349310374,21.9908492399815,33.5626469247299,14.8970269045036,20.2617300457088,21.3258033960305,3.28089283015853,9.75400571128213,9.8426784904756,73.1107064450192,5.67505786838233,255.998313531559,5.18735758281822,62.2482909938187,17.025173605147,184.350707943232,17.5128738907111,1.72911919427274,6.56178566031707,159.433656989866,71.6032691987302,205.321820222489,3.63558394693243,4.25629340128675,5.32036675160843,5.45337592039864,5.67505786838233,20.5720847728859,1.86212836306295,9.22196903612128,11.3944521263614,2.57151059661074,38.3953133907742,2.43850142782053,5.80806703717254,2.70451976540095,6.25143093313991,13.5669352166015,5.01001202443127,124.939945883605,2.52717420701401,41.5431970521425,94.8355373474203,1.24141890870863,1.81779197346621,7.35984067305833,2.43850142782053,8.51258680257349,5.54204869959212,7.35984067305833,7.8032045690257,22.0351856295783,2.12814670064337,44.5580715447206,1.50743724628906,216.538926790463,12.1925071391027,16.2271185924057,36.8435397548884,3.2365564405618,22.6115586943358,19.5966842017577,2.57151059661074,5.54204869959212,59.7211167868047,19.375002253774,2.08381031104664,5.40903953080191,54.3564136455995,1.95080114225643,7.40417706265507,15.0300360732938,MGS4
516,25.6518108208539,2.50150637437405,3.5475908582032,74.4994080222672,16.2825324004711,17.8744000932546,21.2855451492192,2.54698830845358,252.197324470984,22.9683767101617,26.606931436524,37.7500052860084,21.3765090173783,30.2454861628863,19.9665690609129,2.95632571516933,15.7367491915168,13.1897608830632,94.6479048194982,7.50451912312216,381.093125652367,4.91204888058905,95.1027241602935,22.3316296330484,231.457562530719,19.1478942474814,2.00120509949924,5.18494048506622,157.185564178849,81.9584452113098,232.003345739673,6.59488044153159,9.32379648630328,6.45843463929301,5.50331402362291,9.55120615670092,19.8301232586743,3.09277151740792,8.68704940918989,13.4171705534608,2.18313283581735,42.6620541665975,4.36626567163471,5.45783208954339,2.22861476989688,3.82048246268037,19.5117497201176,4.36626567163471,173.377132711162,2.63795217661264,45.6638618158463,111.021401088128,1.27349415422679,0.636747077113395,7.77741072759932,2.50150637437405,8.868977145508,6.59488044153159,9.91506162933715,10.5972906405301,33.7930770210895,1.81927736318113,46.0277172884825,4.04789213307801,263.658771859025,12.4620499377907,16.873797543505,43.9355483208243,4.91204888058905,36.8858485384974,20.921689676583,2.91084378108981,10.0969893656553,66.5855514924293,33.4292215484532,1.4554218905449,5.6397598258615,48.5747055969361,2.72891604477169,13.1442789489837,12.7349415422679,MGS4
521,8.96681986324049,2.8059436306739,1.70796568823628,38.1242341124171,8.29583334286195,5.55088848676792,10.552788002317,0.792984069538275,85.032291764335,7.44185049874381,8.78382353950089,20.1295956113562,10.3697916785774,10.552788002317,11.2237745226956,0.731985294958408,7.80784314622301,7.31985294958408,52.7639400115852,4.02591912227124,161.524755087489,5.30689338844846,27.8154412084195,7.44185049874381,49.3480086351126,7.80784314622301,1.09797794243761,4.26991422059071,63.8657169851211,34.3423100884653,80.5793812200047,2.37895220861482,1.76896446281615,3.41593137647257,4.75790441722965,2.25695465945509,12.9317402109319,1.21997549159735,5.48988971218806,8.17383579370222,2.19595588487522,24.2775122827872,0.975980393277877,5.06289829012899,1.64696691365642,1.15897671701748,14.3347120262688,2.31795343403496,147.00704673748,2.13495711029536,23.9725184098878,35.9282782275418,1.15897671701748,2.19595588487522,5.42889093760819,1.58596813907655,6.28287378172633,4.33091299517058,6.3438725563062,1.95196078655575,16.0426777145051,0.609987745798673,37.5142463666184,3.72092524937191,150.666973212272,8.84482231408076,9.45481005987943,23.423529438669,2.9889399544135,22.508547819971,12.0167585922339,0.792984069538275,1.95196078655575,38.2462316615768,18.1166360502206,0.243995098319469,3.84292279853164,36.1112745512814,0.609987745798673,3.5379289256323,12.3827512397131,MGS4
523,41.942137425796,4.53033540139259,4.0188459205902,105.220693193634,19.4366002704908,16.9522227923078,44.2073051264923,4.23805569807694,467.647525305042,20.094229602951,25.136054485146,79.7923590051728,28.1319214441314,65.9821430235083,22.0671176003317,7.08778280540454,19.5096701963197,23.8938657460545,97.6944908332564,9.35295050610084,417.594626112237,11.5450482809682,110.993217334119,22.5055371553051,291.914353686507,31.7123478097482,1.38832859074934,8.18383169283824,226.662909921288,96.3061622425071,551.897149785779,6.57629332460215,11.5450482809682,11.1066287259947,9.20681065444302,17.3906423472813,28.3511312216182,5.77252414048411,16.0753836823608,13.9563558333223,5.04182488219498,64.52074450693,3.14200681064325,6.57629332460215,10.5951392451924,9.86443998690323,24.0400055977123,10.0105798385611,197.873359144696,5.55331436299737,62.7670662870361,118.227139991181,3.21507673647216,3.14200681064325,10.6682091710213,7.16085273123346,12.2757475392574,10.1567196902189,18.1944115313993,20.4595792320956,46.107123198044,4.60340532722151,51.2220180060679,3.87270606893238,349.274245462203,23.1631664877654,17.8290619022547,61.4518076221157,6.35708354711542,66.2744227268239,27.8396417408158,6.86857302791781,20.7518589354112,123.707384428349,65.9821430235083,4.60340532722151,9.86443998690323,52.1719270418438,4.74954517887933,24.0400055977123,30.3240192189988,MGS4
