Feature:,Flag:,Collapse Group:,Notes:
mh_AA repair,MH: Abdominal aortic aneurysm (AAA),Abdominal aortic aneurysm (AAA),"AAA = abdominal aortic aneurysm. ""mh_aneurysm"" alone is ambiguous (could be aortic or cerebral) -- verify before merging into this group"
mh_AAA,MH: Abdominal aortic aneurysm (AAA),Abdominal aortic aneurysm (AAA),"AAA = abdominal aortic aneurysm. ""mh_aneurysm"" alone is ambiguous (could be aortic or cerebral) -- verify before merging into this group"
mh_abdominal aortic aneurysm-s/p sx,MH: Abdominal aortic aneurysm (AAA),Abdominal aortic aneurysm (AAA),"AAA = abdominal aortic aneurysm. ""mh_aneurysm"" alone is ambiguous (could be aortic or cerebral) -- verify before merging into this group"
mh_Alcohol abuse,MH: Alcohol abuse,Alcohol abuse,"EtOH = ethanol/alcohol, standard medical shorthand"
mh_EtOH,MH: Alcohol abuse,Alcohol abuse,"EtOH = ethanol/alcohol, standard medical shorthand"
mh_EtOH abuse,MH: Alcohol abuse,Alcohol abuse,"EtOH = ethanol/alcohol, standard medical shorthand"
mh_alcohol abuse,MH: Alcohol abuse,Alcohol abuse,"EtOH = ethanol/alcohol, standard medical shorthand"
mh_Alzheimer's,MH: Alzheimer's disease,Alzheimer's disease,"Alzheimer's, including compound entries like ""Alzheimer's depression"" and ""early Alzheimers"" -- the depression component should probably also count toward a depression flag if compound entries get split. "
mh_Alzheimers,MH: Alzheimer's disease,Alzheimer's disease,"Alzheimer's, including compound entries like ""Alzheimer's depression"" and ""early Alzheimers"" -- the depression component should probably also count toward a depression flag if compound entries get split. "
mh_alzheimer's,MH: Alzheimer's disease,Alzheimer's disease,"Alzheimer's, including compound entries like ""Alzheimer's depression"" and ""early Alzheimers"" -- the depression component should probably also count toward a depression flag if compound entries get split. "
mh_early Alzheimers,MH: Alzheimer's disease,Alzheimer's disease,"Alzheimer's, including compound entries like ""Alzheimer's depression"" and ""early Alzheimers"" -- the depression component should probably also count toward a depression flag if compound entries get split. "
mh_Anemia,MH: Anemia,Anemia,
mh_anemic,MH: Anemia,Anemia,
mh_chronic anemia,MH: Anemia,Anemia,
mh_aortic anersym,MH: Abdominal aortic aneurysm (AAA),Aortic aneurysm (location unspecified),"AAA = abdominal aortic aneurysm. ""mh_aneurysm"" alone is ambiguous (could be aortic or cerebral) -- verify before merging into this group. "
mh_aortic aneurysm,MH: Abdominal aortic aneurysm (AAA),Aortic aneurysm (location unspecified),"AAA = abdominal aortic aneurysm. ""mh_aneurysm"" alone is ambiguous (could be aortic or cerebral) -- verify before merging into this group. "
mh_A Fib,MH: Atrial fibrillation,Atrial fibrillation (A Fib),"A Fib = atrial fibrillation (irregular heartbeat). Several rows also append other conditions (e.g. ""high cholesterol"") in the same cell -- these are compound entries that should be split before collapsing. Includes a row noting Coumadin (a blood thinner) prescribed for A Fib"
mh_A fib,MH: Atrial fibrillation,Atrial fibrillation (A Fib),"A Fib = atrial fibrillation (irregular heartbeat). Several rows also append other conditions (e.g. ""high cholesterol"") in the same cell -- these are compound entries that should be split before collapsing. Includes a row noting Coumadin (a blood thinner) prescribed for A Fib"
mh_A. Fib,MH: Atrial fibrillation,Atrial fibrillation (A Fib),"A Fib = atrial fibrillation (irregular heartbeat). Several rows also append other conditions (e.g. ""high cholesterol"") in the same cell -- these are compound entries that should be split before collapsing. Includes a row noting Coumadin (a blood thinner) prescribed for A Fib"
mh_A. fib,MH: Atrial fibrillation,Atrial fibrillation (A Fib),"A Fib = atrial fibrillation (irregular heartbeat). Several rows also append other conditions (e.g. ""high cholesterol"") in the same cell -- these are compound entries that should be split before collapsing. Includes a row noting Coumadin (a blood thinner) prescribed for A Fib"
mh_Afib,MH: Atrial fibrillation,Atrial fibrillation (A Fib),"A Fib = atrial fibrillation (irregular heartbeat). Several rows also append other conditions (e.g. ""high cholesterol"") in the same cell -- these are compound entries that should be split before collapsing. Includes a row noting Coumadin (a blood thinner) prescribed for A Fib"
mh_on Coumadin for A Fib,MH: Atrial fibrillation,Atrial fibrillation (A Fib),"A Fib = atrial fibrillation (irregular heartbeat). Several rows also append other conditions (e.g. ""high cholesterol"") in the same cell -- these are compound entries that should be split before collapsing. Includes a row noting Coumadin (a blood thinner) prescribed for A Fib"
mh_Bladder cancer with mets,MH: Bladder cancer,Bladder cancer,
mh_bladder cancer,MH: Bladder cancer,Bladder cancer,
mh_bladder cancer diagnosed 11/04,MH: Bladder cancer,Bladder cancer,
mh_Breast cancer,MH: Breast cancer,Breast cancer,
mh_Masectomy,MH: Breast cancer,Breast cancer,
mh_breast cancer,MH: Breast cancer,Breast cancer,
mh_breast cancer(s/p mastectomy),MH: Breast cancer,Breast cancer,
"oc_""laser for cataract surgery""",OC: Cataract surgery,Cataracts,"Laterality variants (OD=right eye, OS=left eye, OU=both eyes). surgery implies the patient had cataracts"
oc_Cataract surgery,OC: Cataract surgery,Cataracts,"Laterality variants (OD=right eye, OS=left eye, OU=both eyes). surgery implies the patient had cataracts"
oc_cataracts surgery,OC: Cataract surgery,Cataracts,"Laterality variants (OD=right eye, OS=left eye, OU=both eyes). surgery implies the patient had cataracts"
oc_Cataracts,OC: Cataracts (general/unspecified),Cataracts,"Laterality variants (OD=right eye, OS=left eye, OU=both eyes). surgery implies the patient had cataracts"
oc_cataract,OC: Cataracts (general/unspecified),Cataracts,"Laterality variants (OD=right eye, OS=left eye, OU=both eyes). surgery implies the patient had cataracts"
oc_cataracts,OC: Cataracts (general/unspecified),Cataracts,"Laterality variants (OD=right eye, OS=left eye, OU=both eyes). surgery implies the patient had cataracts"
oc_Cataracts (no surgery),OC: Cataracts (no surgery),Cataracts,"Laterality variants (OD=right eye, OS=left eye, OU=both eyes). surgery implies the patient had cataracts"
oc_cataracts (no surgery),OC: Cataracts (no surgery),Cataracts,"Laterality variants (OD=right eye, OS=left eye, OU=both eyes). surgery implies the patient had cataracts"
oc_develop cataract,OC: Cataracts (no surgery),Cataracts,"Laterality variants (OD=right eye, OS=left eye, OU=both eyes). surgery implies the patient had cataracts"
oc_senile cataracts (no surgery),OC: Cataracts (no surgery),Cataracts,"Laterality variants (OD=right eye, OS=left eye, OU=both eyes). surgery implies the patient had cataracts"
oc_radiation cataracts,OC: Cataracts (general/unspecified),Cataracts,"Laterality variants (OD=right eye, OS=left eye, OU=both eyes). surgery implies the patient had cataracts"
oc_Cataracts (OD),OC: Cataracts (general/unspecified),Cataracts,"Laterality variants (OD=right eye, OS=left eye, OU=both eyes). surgery implies the patient had cataracts"
oc_cataracts (OD),OC: Cataracts (general/unspecified),Cataracts,"Laterality variants (OD=right eye, OS=left eye, OU=both eyes). surgery implies the patient had cataracts"
oc_Cataracts (OS),OC: Cataracts (general/unspecified),Cataracts,"Laterality variants (OD=right eye, OS=left eye, OU=both eyes). surgery implies the patient had cataracts"
oc_cataracts (OS),OC: Cataracts (general/unspecified),Cataracts,"Laterality variants (OD=right eye, OS=left eye, OU=both eyes). surgery implies the patient had cataracts"
oc_Cataract surgery (OU),OC: Cataract surgery,Cataracts,"Laterality variants (OD=right eye, OS=left eye, OU=both eyes). surgery implies the patient had cataracts"
oc_Cataract surgery (OU) 1 yr before death,OC: Cataract surgery,Cataracts,"Laterality variants (OD=right eye, OS=left eye, OU=both eyes). surgery implies the patient had cataracts"
oc_Cataract surgery OU in 2008,OC: Cataract surgery,Cataracts,"Laterality variants (OD=right eye, OS=left eye, OU=both eyes). surgery implies the patient had cataracts"
oc_Cataracts (surgery OU),OC: Cataract surgery,Cataracts,"Laterality variants (OD=right eye, OS=left eye, OU=both eyes). surgery implies the patient had cataracts"
oc_cataract surgery OU in 2008,OC: Cataract surgery,Cataracts,"Laterality variants (OD=right eye, OS=left eye, OU=both eyes). surgery implies the patient had cataracts"
oc_cataract surgery ou approx 5 yrs before death,OC: Cataract surgery,Cataracts,"Laterality variants (OD=right eye, OS=left eye, OU=both eyes). surgery implies the patient had cataracts"
oc_Cataracts (OU),OC: Cataracts (general/unspecified),Cataracts,"Laterality variants (OD=right eye, OS=left eye, OU=both eyes). surgery implies the patient had cataracts"
oc_Cataracts OU,OC: Cataracts (general/unspecified),Cataracts,"Laterality variants (OD=right eye, OS=left eye, OU=both eyes). surgery implies the patient had cataracts"
oc_cataracts (OU),OC: Cataracts (general/unspecified),Cataracts,"Laterality variants (OD=right eye, OS=left eye, OU=both eyes). surgery implies the patient had cataracts"
mh_CKD,MH: Kidney/renal disease,Chronic kidney disease (CKD),"Renal failure, CKD (chronic kidney disease), and related kidney conditions. ""mh_kidney cancer"" and ""mh_kidney atrophy"" are related organ but distinct pathology from failure/CKD"
mh_CKD - stage 3,MH: Kidney/renal disease,Chronic kidney disease (CKD),"Renal failure, CKD (chronic kidney disease), and related kidney conditions. ""mh_kidney cancer"" and ""mh_kidney atrophy"" are related organ but distinct pathology from failure/CKD"
mh_Chronic Kidney disease,MH: Kidney/renal disease,Chronic kidney disease (CKD),"Renal failure, CKD (chronic kidney disease), and related kidney conditions. ""mh_kidney cancer"" and ""mh_kidney atrophy"" are related organ but distinct pathology from failure/CKD"
mh_chronic kidney disease,MH: Kidney/renal disease,Chronic kidney disease (CKD),"Renal failure, CKD (chronic kidney disease), and related kidney conditions. ""mh_kidney cancer"" and ""mh_kidney atrophy"" are related organ but distinct pathology from failure/CKD"
mh_chronic kidney disease - stage 3,MH: Kidney/renal disease,Chronic kidney disease (CKD),"Renal failure, CKD (chronic kidney disease), and related kidney conditions. ""mh_kidney cancer"" and ""mh_kidney atrophy"" are related organ but distinct pathology from failure/CKD"
mh_cirrhosis,MH: Liver disease,Cirrhosis (unspecified cause),"ESLD = end stage liver disease. Encephalopathy here appears to be hepatic/metabolic encephalopathy (liver-related), not a separate neuro condition -- ""mh_haptic encephalopathy"" looks like a typo for ""hepatic encephalopathy"""
mh_liver cirrhosis,MH: Liver disease,Cirrhosis (unspecified cause),"ESLD = end stage liver disease. Encephalopathy here appears to be hepatic/metabolic encephalopathy (liver-related), not a separate neuro condition -- ""mh_haptic encephalopathy"" looks like a typo for ""hepatic encephalopathy"""
mh_colon cancer,MH: Colorectal cancer,Colon cancer,
mh_possible colon cancer,MH: Colorectal cancer,Colon cancer,
mh_CHF,MH: Congestive heart failure (CHF),Congestive heart failure (CHF),CHF = congestive heart failure
mh_congestive heart failure,MH: Congestive heart failure (CHF),Congestive heart failure (CHF),CHF = congestive heart failure
mh_heart failure,MH: Congestive heart failure (CHF),Congestive heart failure (CHF),CHF = congestive heart failure
mh_COPD,MH: COPD,COPD,COPD = chronic obstructive pulmonary disease
mh_chronic obstructive pulmonary disease,MH: COPD,COPD,COPD = chronic obstructive pulmonary disease
mh_emphysema,MH: COPD,COPD,Emphysema is a form/consequence of COPD
mh_severe COPD,MH: COPD,COPD,COPD = chronic obstructive pulmonary disease
mh_corneal ulcer,OC: Corneal/eye ulcer,Corneal ulcer,
oc_eye ulcers,OC: Corneal/eye ulcer,Corneal ulcer,
mh_CAD,MH: Coronary artery disease (CAD),Coronary artery disease (CAD),"CAD = coronary artery disease. CABG = coronary artery bypass graft (a surgery for CAD, not a separate disease) -- decide whether CABG/stent history should merge into CAD or stay as a treatment-history flag"
mh_Coronary Artery Disease,MH: Coronary artery disease (CAD),Coronary artery disease (CAD),"CAD = coronary artery disease. CABG = coronary artery bypass graft (a surgery for CAD, not a separate disease) -- decide whether CABG/stent history should merge into CAD or stay as a treatment-history flag"
mh_coronary artery disease,MH: Coronary artery disease (CAD),Coronary artery disease (CAD),"CAD = coronary artery disease. CABG = coronary artery bypass graft (a surgery for CAD, not a separate disease) -- decide whether CABG/stent history should merge into CAD or stay as a treatment-history flag"
mh_coronary artery disesase,MH: Coronary artery disease (CAD),Coronary artery disease (CAD),"CAD = coronary artery disease. CABG = coronary artery bypass graft (a surgery for CAD, not a separate disease) -- decide whether CABG/stent history should merge into CAD or stay as a treatment-history flag"
mh_ischemic heart disease,MH: Coronary artery disease (CAD),Coronary artery disease (CAD),"CAD = coronary artery disease. CABG = coronary artery bypass graft (a surgery for CAD, not a separate disease) -- decide whether CABG/stent history should merge into CAD or stay as a treatment-history flag"
mh_CABG,MH: Coronary artery disease (CAD),Coronary revascularization history (CABG/stent),"CABG = coronary artery bypass graft; stent placement -- both are CAD treatments. Candidate to merge with CAD group above, or keep as a distinct ""history of cardiac procedure"" flag."
mh_CABG - 1979,MH: Coronary artery disease (CAD),Coronary revascularization history (CABG/stent),"CABG = coronary artery bypass graft; stent placement -- both are CAD treatments. Candidate to merge with CAD group above, or keep as a distinct ""history of cardiac procedure"" flag."
mh_CAD (CABG - 1998),MH: Coronary artery disease (CAD),Coronary revascularization history (CABG/stent),"CAD = coronary artery disease. CABG = coronary artery bypass graft (a surgery for CAD, not a separate disease) -- decide whether CABG/stent history should merge into CAD or stay as a treatment-history flag"
mh_CAD s/p CABG,MH: Coronary artery disease (CAD),Coronary revascularization history (CABG/stent),"CAD = coronary artery disease. CABG = coronary artery bypass graft (a surgery for CAD, not a separate disease) -- decide whether CABG/stent history should merge into CAD or stay as a treatment-history flag"
mh_CAD s/p stent,MH: Coronary artery disease (CAD),Coronary revascularization history (CABG/stent),"CAD = coronary artery disease. CABG = coronary artery bypass graft (a surgery for CAD, not a separate disease) -- decide whether CABG/stent history should merge into CAD or stay as a treatment-history flag"
mh_cardiac bypass (2003),MH: Coronary artery disease (CAD),Coronary revascularization history (CABG/stent),"CABG = coronary artery bypass graft; stent placement -- both are CAD treatments. Candidate to merge with CAD group above, or keep as a distinct ""history of cardiac procedure"" flag."
mh_coronary artery disease s/p bypass,MH: Coronary artery disease (CAD),Coronary revascularization history (CABG/stent),"CAD = coronary artery disease. CABG = coronary artery bypass graft (a surgery for CAD, not a separate disease) -- decide whether CABG/stent history should merge into CAD or stay as a treatment-history flag"
mh_stent placement,MH: Coronary artery disease (CAD),Coronary revascularization history (CABG/stent),"CABG = coronary artery bypass graft; stent placement -- both are CAD treatments. Candidate to merge with CAD group above, or keep as a distinct ""history of cardiac procedure"" flag."
mh_stent placement - 1995,MH: Coronary artery disease (CAD),Coronary revascularization history (CABG/stent),"CABG = coronary artery bypass graft; stent placement -- both are CAD treatments. Candidate to merge with CAD group above, or keep as a distinct ""history of cardiac procedure"" flag."
mh_stents,MH: Coronary artery disease (CAD),Coronary revascularization history (CABG/stent),"CABG = coronary artery bypass graft; stent placement -- both are CAD treatments. Candidate to merge with CAD group above, or keep as a distinct ""history of cardiac procedure"" flag."
mh_Dementia,MH: Dementia (unspecified),Dementia (unspecified),
mh_dementia,MH: Dementia (unspecified),Dementia (unspecified),
mh_Depression,MH: Depression,Depression,"Includes a compound ""depression/bipolar"" entry -- consider whether to split into separate depression and bipolar flags. "
mh_depression,MH: Depression,Depression,"Includes a compound ""depression/bipolar"" entry -- consider whether to split into separate depression and bipolar flags. "
mh_on antidepressant,MH: Depression,Depression,"Includes a compound ""depression/bipolar"" entry -- consider whether to split into separate depression and bipolar flags. "
mh_Eye drops for eyes,OC: Dry eye / lubricating drops,Dry eye drops/treatment (various),"Dry eye diagnosis and related lubricating drop use -- distinct from ""drops at time of surgery"" (a peri-operative note)."
mh_rewetting drops for eyes,OC: Dry eye / lubricating drops,Dry eye drops/treatment (various),"Dry eye diagnosis and related lubricating drop use -- distinct from ""drops at time of surgery"" (a peri-operative note)."
oc_Restasis for dry eyes,OC: Dry eye / lubricating drops,Dry eye drops/treatment (various),"Dry eye diagnosis and related lubricating drop use -- distinct from ""drops at time of surgery"" (a peri-operative note)."
oc_drops for dryness,OC: Dry eye / lubricating drops,Dry eye drops/treatment (various),"Dry eye diagnosis and related lubricating drop use -- distinct from ""drops at time of surgery"" (a peri-operative note)."
oc_saline drop,OC: Dry eye / lubricating drops,Dry eye drops/treatment (various),"Dry eye diagnosis and related lubricating drop use -- distinct from ""drops at time of surgery"" (a peri-operative note)."
oc_used eye drops,OC: Dry eye / lubricating drops,Dry eye drops/treatment (various),"Dry eye diagnosis and related lubricating drop use -- distinct from ""drops at time of surgery"" (a peri-operative note)."
oc_dry eye,OC: Dry eye / lubricating drops,Dry eye syndrome (diagnosis),"Dry eye diagnosis and related lubricating drop use -- distinct from ""drops at time of surgery"" (a peri-operative note)."
oc_dry eye syndrome,OC: Dry eye / lubricating drops,Dry eye syndrome (diagnosis),"Dry eye diagnosis and related lubricating drop use -- distinct from ""drops at time of surgery"" (a peri-operative note)."
mh_ESLD,MH: Liver disease,End stage liver disease (ESLD),"ESLD = end stage liver disease. Encephalopathy here appears to be hepatic/metabolic encephalopathy (liver-related), not a separate neuro condition -- ""mh_haptic encephalopathy"" looks like a typo for ""hepatic encephalopathy"""
mh_end stage liver disease,MH: Liver disease,End stage liver disease (ESLD),"ESLD = end stage liver disease. Encephalopathy here appears to be hepatic/metabolic encephalopathy (liver-related), not a separate neuro condition -- ""mh_haptic encephalopathy"" looks like a typo for ""hepatic encephalopathy"""
mh_esophageal cancer,MH: Esophageal cancer,Esophageal cancer,
mh_esophageal cancern diagnosed 2 years ago,MH: Esophageal cancer,Esophageal cancer,
mh_Grave's disease,MH: Thyroid disease,Graves' disease,Hypothyroidism (underactive thyroid) and Grave's disease (autoimmune hyperthyroidism) are different directions of thyroid dysfunction -- confirm before merging into one bucket.
mh_grave's disease,MH: Thyroid disease,Graves' disease,Hypothyroidism (underactive thyroid) and Grave's disease (autoimmune hyperthyroidism) are different directions of thyroid dysfunction -- confirm before merging into one bucket.
mh_possible Graves' disease,MH: Thyroid disease,Graves' disease,Hypothyroidism (underactive thyroid) and Grave's disease (autoimmune hyperthyroidism) are different directions of thyroid dysfunction -- confirm before merging into one bucket.
mh_Heart Disease,MH: Heart disease (unspecified/generic),"Heart disease (unspecified, generic chart note)","Vague chart-note phrasing (""heart disease"", ""heart problems"") -- doesn't specify CAD/CHF/valve/other. Consider a separate ""generic heart disease"" bucket rather than merging into a specific diagnosis, since merging would fabricate specificity that isn't in the source"
mh_Heart disease,MH: Heart disease (unspecified/generic),"Heart disease (unspecified, generic chart note)","Vague chart-note phrasing (""heart disease"", ""heart problems"") -- doesn't specify CAD/CHF/valve/other. Consider a separate ""generic heart disease"" bucket rather than merging into a specific diagnosis, since merging would fabricate specificity that isn't in the source"
mh_heart diseaes,MH: Heart disease (unspecified/generic),"Heart disease (unspecified, generic chart note)","Vague chart-note phrasing (""heart disease"", ""heart problems"") -- doesn't specify CAD/CHF/valve/other. Consider a separate ""generic heart disease"" bucket rather than merging into a specific diagnosis, since merging would fabricate specificity that isn't in the source"
mh_heart disease,MH: Heart disease (unspecified/generic),"Heart disease (unspecified, generic chart note)","Vague chart-note phrasing (""heart disease"", ""heart problems"") -- doesn't specify CAD/CHF/valve/other. Consider a separate ""generic heart disease"" bucket rather than merging into a specific diagnosis, since merging would fabricate specificity that isn't in the source"
mh_heart problems,MH: Heart disease (unspecified/generic),"Heart disease (unspecified, generic chart note)","Vague chart-note phrasing (""heart disease"", ""heart problems"") -- doesn't specify CAD/CHF/valve/other. Consider a separate ""generic heart disease"" bucket rather than merging into a specific diagnosis, since merging would fabricate specificity that isn't in the source"
mh_mild herat disease,MH: Heart disease (unspecified/generic),"Heart disease (unspecified, generic chart note)","Vague chart-note phrasing (""heart disease"", ""heart problems"") -- doesn't specify CAD/CHF/valve/other. Consider a separate ""generic heart disease"" bucket rather than merging into a specific diagnosis, since merging would fabricate specificity that isn't in the source"
mh_minor heart problems,MH: Heart disease (unspecified/generic),"Heart disease (unspecified, generic chart note)","Vague chart-note phrasing (""heart disease"", ""heart problems"") -- doesn't specify CAD/CHF/valve/other. Consider a separate ""generic heart disease"" bucket rather than merging into a specific diagnosis, since merging would fabricate specificity that isn't in the source"
mh_Dyslipidemia,MH: High cholesterol / hyperlipidemia,High cholesterol / hyperlipidemia,"Same underlying condition written many ways (typos: ""nigh cholesterol"", ""hihg cholesterol""; synonyms: hyperlipidemia, dyslipidemia, elevated/increased cholesterol).  "
mh_High Cholesterol,MH: High cholesterol / hyperlipidemia,High cholesterol / hyperlipidemia,"Same underlying condition written many ways (typos: ""nigh cholesterol"", ""hihg cholesterol""; synonyms: hyperlipidemia, dyslipidemia, elevated/increased cholesterol).  "
mh_High cholesterol,MH: High cholesterol / hyperlipidemia,High cholesterol / hyperlipidemia,"Same underlying condition written many ways (typos: ""nigh cholesterol"", ""hihg cholesterol""; synonyms: hyperlipidemia, dyslipidemia, elevated/increased cholesterol).  "
mh_Hyperlipidemia,MH: High cholesterol / hyperlipidemia,High cholesterol / hyperlipidemia,"Same underlying condition written many ways (typos: ""nigh cholesterol"", ""hihg cholesterol""; synonyms: hyperlipidemia, dyslipidemia, elevated/increased cholesterol).  "
mh_elevated cholesterol,MH: High cholesterol / hyperlipidemia,High cholesterol / hyperlipidemia,"Same underlying condition written many ways (typos: ""nigh cholesterol"", ""hihg cholesterol""; synonyms: hyperlipidemia, dyslipidemia, elevated/increased cholesterol).  "
mh_high chol,MH: High cholesterol / hyperlipidemia,High cholesterol / hyperlipidemia,"Same underlying condition written many ways (typos: ""nigh cholesterol"", ""hihg cholesterol""; synonyms: hyperlipidemia, dyslipidemia, elevated/increased cholesterol).  "
mh_high cholesterol,MH: High cholesterol / hyperlipidemia,High cholesterol / hyperlipidemia,"Same underlying condition written many ways (typos: ""nigh cholesterol"", ""hihg cholesterol""; synonyms: hyperlipidemia, dyslipidemia, elevated/increased cholesterol).  "
mh_high lipids,MH: High cholesterol / hyperlipidemia,High cholesterol / hyperlipidemia,"Same underlying condition written many ways (typos: ""nigh cholesterol"", ""hihg cholesterol""; synonyms: hyperlipidemia, dyslipidemia, elevated/increased cholesterol).  "
mh_hihg cholesterol,MH: High cholesterol / hyperlipidemia,High cholesterol / hyperlipidemia,"Same underlying condition written many ways (typos: ""nigh cholesterol"", ""hihg cholesterol""; synonyms: hyperlipidemia, dyslipidemia, elevated/increased cholesterol).  "
mh_hyperlipidemia,MH: High cholesterol / hyperlipidemia,High cholesterol / hyperlipidemia,"Same underlying condition written many ways (typos: ""nigh cholesterol"", ""hihg cholesterol""; synonyms: hyperlipidemia, dyslipidemia, elevated/increased cholesterol).  "
mh_increased cholesterol,MH: High cholesterol / hyperlipidemia,High cholesterol / hyperlipidemia,"Same underlying condition written many ways (typos: ""nigh cholesterol"", ""hihg cholesterol""; synonyms: hyperlipidemia, dyslipidemia, elevated/increased cholesterol).  "
mh_nigh cholesterol,MH: High cholesterol / hyperlipidemia,High cholesterol / hyperlipidemia,"Same underlying condition written many ways (typos: ""nigh cholesterol"", ""hihg cholesterol""; synonyms: hyperlipidemia, dyslipidemia, elevated/increased cholesterol).  "
mh_Jon hodgkins lymphoma diagnosed 21 years ago,MH: Lymphoma,Hodgkin's lymphoma,Hodgkin's and Non-Hodgkin's lymphoma are clinically distinct -- verify whether rows distinguish them before merging into one lymphoma bucket. 
mh_hodgkins lymphoma,MH: Lymphoma,Hodgkin's lymphoma,Hodgkin's and Non-Hodgkin's lymphoma are clinically distinct -- verify whether rows distinguish them before merging into one lymphoma bucket. 
mh_HBP,MH: Hypertension (high blood pressure),Hypertension (HTN),"HBP/HTN = hypertension. ""mh_HN"" is ambiguous -- likely a typo for HTN but could mean something else; verify before merging. Includes compound entries like ""mh_HTN basal cell carcinoma"" and ""mh_HTN (took meds)"" that append extra info to the same cell."
mh_HTN,MH: Hypertension (high blood pressure),Hypertension (HTN),"HBP/HTN = hypertension. ""mh_HN"" is ambiguous -- likely a typo for HTN but could mean something else; verify before merging. Includes compound entries like ""mh_HTN basal cell carcinoma"" and ""mh_HTN (took meds)"" that append extra info to the same cell."
mh_HTn,MH: Hypertension (high blood pressure),Hypertension (HTN),"HBP/HTN = hypertension. ""mh_HN"" is ambiguous -- likely a typo for HTN but could mean something else; verify before merging. Includes compound entries like ""mh_HTN basal cell carcinoma"" and ""mh_HTN (took meds)"" that append extra info to the same cell."
mh_High Blood Pressure,MH: Hypertension (high blood pressure),Hypertension (HTN),"HBP/HTN = hypertension. ""mh_HN"" is ambiguous -- likely a typo for HTN but could mean something else; verify before merging. Includes compound entries like ""mh_HTN basal cell carcinoma"" and ""mh_HTN (took meds)"" that append extra info to the same cell."
mh_High blood pressure,MH: Hypertension (high blood pressure),Hypertension (HTN),"HBP/HTN = hypertension. ""mh_HN"" is ambiguous -- likely a typo for HTN but could mean something else; verify before merging. Includes compound entries like ""mh_HTN basal cell carcinoma"" and ""mh_HTN (took meds)"" that append extra info to the same cell."
mh_Hypertension,MH: Hypertension (high blood pressure),Hypertension (HTN),"HBP/HTN = hypertension. ""mh_HN"" is ambiguous -- likely a typo for HTN but could mean something else; verify before merging. Includes compound entries like ""mh_HTN basal cell carcinoma"" and ""mh_HTN (took meds)"" that append extra info to the same cell."
mh_high BP,MH: Hypertension (high blood pressure),Hypertension (HTN),"HBP/HTN = hypertension. ""mh_HN"" is ambiguous -- likely a typo for HTN but could mean something else; verify before merging. Includes compound entries like ""mh_HTN basal cell carcinoma"" and ""mh_HTN (took meds)"" that append extra info to the same cell."
mh_high blood pessure,MH: Hypertension (high blood pressure),Hypertension (HTN),"HBP/HTN = hypertension. ""mh_HN"" is ambiguous -- likely a typo for HTN but could mean something else; verify before merging. Includes compound entries like ""mh_HTN basal cell carcinoma"" and ""mh_HTN (took meds)"" that append extra info to the same cell."
mh_high blood pressure,MH: Hypertension (high blood pressure),Hypertension (HTN),"HBP/HTN = hypertension. ""mh_HN"" is ambiguous -- likely a typo for HTN but could mean something else; verify before merging. Includes compound entries like ""mh_HTN basal cell carcinoma"" and ""mh_HTN (took meds)"" that append extra info to the same cell."
mh_hypertension,MH: Hypertension (high blood pressure),Hypertension (HTN),"HBP/HTN = hypertension. ""mh_HN"" is ambiguous -- likely a typo for HTN but could mean something else; verify before merging. Includes compound entries like ""mh_HTN basal cell carcinoma"" and ""mh_HTN (took meds)"" that append extra info to the same cell."
mh_hypotension,MH: Hypotension (low blood pressure),Hypotension (low blood pressure),Opposite condition from hypertension -- do not merge with the HTN group.
mh_low blood pressure,MH: Hypotension (low blood pressure),Hypotension (low blood pressure),Opposite condition from hypertension -- do not merge with the HTN group.
mh_Hypothyroid,MH: Thyroid disease,Hypothyroidism,Hypothyroidism (underactive thyroid) and Grave's disease (autoimmune hyperthyroidism) are different directions of thyroid dysfunction -- confirm before merging into one bucket. 
mh_hypothroid,MH: Thyroid disease,Hypothyroidism,Hypothyroidism (underactive thyroid) and Grave's disease (autoimmune hyperthyroidism) are different directions of thyroid dysfunction -- confirm before merging into one bucket. 
mh_hypothroidism,MH: Thyroid disease,Hypothyroidism,Hypothyroidism (underactive thyroid) and Grave's disease (autoimmune hyperthyroidism) are different directions of thyroid dysfunction -- confirm before merging into one bucket. 
mh_hypothyroid,MH: Thyroid disease,Hypothyroidism,Hypothyroidism (underactive thyroid) and Grave's disease (autoimmune hyperthyroidism) are different directions of thyroid dysfunction -- confirm before merging into one bucket. 
mh_hypothyroidism,MH: Thyroid disease,Hypothyroidism,Hypothyroidism (underactive thyroid) and Grave's disease (autoimmune hyperthyroidism) are different directions of thyroid dysfunction -- confirm before merging into one bucket. 
mh_ICH,MH: Brain hemorrhage/infarction (other),Intracranial hemorrhage (ICH),ICH = intracranial hemorrhage. Brain bleed/infarct events distinct from ischemic stroke (CVA) label above -- verify overlap
mh_cerebral hemorrhage,MH: Brain hemorrhage/infarction (other),Intracranial hemorrhage (ICH),ICH = intracranial hemorrhage. Brain bleed/infarct events distinct from ischemic stroke (CVA) label above -- verify overlap
mh_head bleed,MH: Brain hemorrhage/infarction (other),Intracranial hemorrhage (ICH),ICH = intracranial hemorrhage. Brain bleed/infarct events distinct from ischemic stroke (CVA) label above -- verify overlap
mh_generalized jaundice,MH: Jaundice,Jaundice,"Symptom, often liver-related -- consider cross-referencing with liver disease group"
mh_jaundice,MH: Jaundice,Jaundice,"Symptom, often liver-related -- consider cross-referencing with liver disease group"
mh_kidney disease,MH: Kidney/renal disease,"Kidney disease/problems (vague, unspecified)","Renal failure, CKD (chronic kidney disease), and related kidney conditions. ""mh_kidney cancer"" and ""mh_kidney atrophy"" are related organ but distinct pathology from failure/CKD -- consider whether to keep separate"
mh_kidney issues,MH: Kidney/renal disease,"Kidney disease/problems (vague, unspecified)","Renal failure, CKD (chronic kidney disease), and related kidney conditions. ""mh_kidney cancer"" and ""mh_kidney atrophy"" are related organ but distinct pathology from failure/CKD -- consider whether to keep separate"
mh_kidney issues (has 2 but only 1 works),MH: Kidney/renal disease,"Kidney disease/problems (vague, unspecified)","Renal failure, CKD (chronic kidney disease), and related kidney conditions. ""mh_kidney cancer"" and ""mh_kidney atrophy"" are related organ but distinct pathology from failure/CKD -- consider whether to keep separate"
mh_kidney problems,MH: Kidney/renal disease,"Kidney disease/problems (vague, unspecified)","Renal failure, CKD (chronic kidney disease), and related kidney conditions. ""mh_kidney cancer"" and ""mh_kidney atrophy"" are related organ but distinct pathology from failure/CKD -- consider whether to keep separate"
mh_kidnry disease,MH: Kidney/renal disease,"Kidney disease/problems (vague, unspecified)","Renal failure, CKD (chronic kidney disease), and related kidney conditions. ""mh_kidney cancer"" and ""mh_kidney atrophy"" are related organ but distinct pathology from failure/CKD -- consider whether to keep separate"
oc_lasik,OC: LASIK / refractive surgery,LASIK (eye unspecified),
oc_lasik surgery,OC: LASIK / refractive surgery,LASIK (eye unspecified),
oc_lasik (OU),OC: LASIK / refractive surgery,LASIK (OU - both eyes),
oc_lasik 10 yrs ago (OU),OC: LASIK / refractive surgery,LASIK (OU - both eyes),
oc_2 eye surgeries: lazy eye correction,OC: Lazy eye (amblyopia),Lazy eye (amblyopia),
oc_lazy eye,OC: Lazy eye (amblyopia),Lazy eye (amblyopia),
mh_Leukemia,MH: Leukemia (unspecified/related),Leukemia (unspecified subtype),Generic leukemia mention without AML/CML/CLL subtype specified
mh_leukemia,MH: Leukemia (unspecified/related),Leukemia (unspecified subtype),Generic leukemia mention without AML/CML/CLL subtype specified
mh_MS,MH: Multiple sclerosis (MS),Multiple sclerosis (MS),MS = multiple sclerosis
mh_MS (diagnosed 1960),MH: Multiple sclerosis (MS),Multiple sclerosis (MS),MS = multiple sclerosis
mh_myleodyspastic syndrome,MH: Leukemia (unspecified/related),Myelodysplastic syndrome (pre-leukemic),Generic leukemia mention without AML/CML/CLL subtype specified.
mh_pre-leukemic blood disorder,MH: Leukemia (unspecified/related),Myelodysplastic syndrome (pre-leukemic),Generic leukemia mention without AML/CML/CLL subtype specified.
mh_MI,MH: Myocardial infarction (MI),Myocardial infarction (MI / heart attack),MI = myocardial infarction (heart attack). STEMI is a specific/severe MI subtype -- decide whether to keep separate
mh_MI - 1yr ago,MH: Myocardial infarction (MI),Myocardial infarction (MI / heart attack),MI = myocardial infarction (heart attack). STEMI is a specific/severe MI subtype -- decide whether to keep separate
mh_STEMI,MH: Myocardial infarction (MI),Myocardial infarction (MI / heart attack),MI = myocardial infarction (heart attack). STEMI is a specific/severe MI subtype -- decide whether to keep separate
mh_heart attack,MH: Myocardial infarction (MI),Myocardial infarction (MI / heart attack),MI = myocardial infarction (heart attack). STEMI is a specific/severe MI subtype -- decide whether to keep separate
mh_multiple myocardial infarctions,MH: Myocardial infarction (MI),Myocardial infarction (MI / heart attack),MI = myocardial infarction (heart attack). STEMI is a specific/severe MI subtype -- decide whether to keep separate
mh_recent MI,MH: Myocardial infarction (MI),Myocardial infarction (MI / heart attack),MI = myocardial infarction (heart attack). STEMI is a specific/severe MI subtype -- decide whether to keep separate
mh_Non-Hodgkin's lymphoma,MH: Lymphoma,Non-Hodgkin's lymphoma,Hodgkin's and Non-Hodgkin's lymphoma are clinically distinct -- verify whether rows distinguish them before merging into one lymphoma bucket
mh_Non-Hodgkins lymphoma,MH: Lymphoma,Non-Hodgkin's lymphoma,Hodgkin's and Non-Hodgkin's lymphoma are clinically distinct -- verify whether rows distinguish them before merging into one lymphoma bucket
mh_non-Hodgkin's lymphoma,MH: Lymphoma,Non-Hodgkin's lymphoma,Hodgkin's and Non-Hodgkin's lymphoma are clinically distinct -- verify whether rows distinguish them before merging into one lymphoma bucket
mh_DJD,MH: Osteoarthritis (OA/DJD),Osteoarthritis (OA/DJD),"OA = osteoarthritis; DJD = degenerative joint disease, essentially the same condition as OA. Distinct from rheumatoid arthritis (autoimmune)"
mh_Degenerative Joint disease,MH: Osteoarthritis (OA/DJD),Osteoarthritis (OA/DJD),"OA = osteoarthritis; DJD = degenerative joint disease, essentially the same condition as OA. Distinct from rheumatoid arthritis (autoimmune)"
mh_OA,MH: Osteoarthritis (OA/DJD),Osteoarthritis (OA/DJD),"OA = osteoarthritis; DJD = degenerative joint disease, essentially the same condition as OA. Distinct from rheumatoid arthritis (autoimmune)"
mh_asteoarthritis,MH: Osteoarthritis (OA/DJD),Osteoarthritis (OA/DJD),"OA = osteoarthritis; DJD = degenerative joint disease, essentially the same condition as OA. Distinct from rheumatoid arthritis (autoimmune)"
mh_osteoarthritis,MH: Osteoarthritis (OA/DJD),Osteoarthritis (OA/DJD),"OA = osteoarthritis; DJD = degenerative joint disease, essentially the same condition as OA. Distinct from rheumatoid arthritis (autoimmune)"
mh_osteoperosis,MH: Osteoporosis,Osteoporosis,
mh_osteoporosis,MH: Osteoporosis,Osteoporosis,
mh_Parkinson's,MH: Parkinson's disease,Parkinson's disease,"Parkinson's disease, various spellings"
mh_Parkinsons,MH: Parkinson's disease,Parkinson's disease,"Parkinson's disease, various spellings"
mh_parkinson,MH: Parkinson's disease,Parkinson's disease,"Parkinson's disease, various spellings"
mh_parkinson's,MH: Parkinson's disease,Parkinson's disease,"Parkinson's disease, various spellings"
oc_confirmed phakic,OC: Phakic (natural lens),Phakic,"Has natural (not artificial) lens -- essentially the absence of pseudophakic status. ""confirmed phakis"" looks like a typo for ""phakic"". Laterality variants (OD/OS/OU) present"
oc_phakic,OC: Phakic (natural lens),Phakic,"Has natural (not artificial) lens -- essentially the absence of pseudophakic status. ""confirmed phakis"" looks like a typo for ""phakic"". Laterality variants (OD/OS/OU) present"
oc_confirmed phakic (OD),OC: Phakic (natural lens),Phakic,"Has natural (not artificial) lens -- essentially the absence of pseudophakic status. ""confirmed phakis"" looks like a typo for ""phakic"". Laterality variants (OD/OS/OU) present"
oc_confirmed phakis (OD),OC: Phakic (natural lens),Phakic,"Has natural (not artificial) lens -- essentially the absence of pseudophakic status. ""confirmed phakis"" looks like a typo for ""phakic"". Laterality variants (OD/OS/OU) present"
oc_Confirmed phakic (OU),OC: Phakic (natural lens),Phakic,"Has natural (not artificial) lens -- essentially the absence of pseudophakic status. ""confirmed phakis"" looks like a typo for ""phakic"". Laterality variants (OD/OS/OU) present"
oc_confirmed phakic (OU),OC: Phakic (natural lens),Phakic,"Has natural (not artificial) lens -- essentially the absence of pseudophakic status. ""confirmed phakis"" looks like a typo for ""phakic"". Laterality variants (OD/OS/OU) present"
oc_confirmed phakic(OU),OC: Phakic (natural lens),Phakic,"Has natural (not artificial) lens -- essentially the absence of pseudophakic status. ""confirmed phakis"" looks like a typo for ""phakic"". Laterality variants (OD/OS/OU) present"
mh_Pleural effusions,MH: Pleural effusion,Pleural effusion,"Fluid around the lungs -- can be a symptom of several underlying conditions (heart failure, cancer, infection); kept as its own bucket rather than merged into one cause"
mh_large pleural effusion,MH: Pleural effusion,Pleural effusion,"Fluid around the lungs -- can be a symptom of several underlying conditions (heart failure, cancer, infection); kept as its own bucket rather than merged into one cause"
mh_pleural effusion,MH: Pleural effusion,Pleural effusion,"Fluid around the lungs -- can be a symptom of several underlying conditions (heart failure, cancer, infection); kept as its own bucket rather than merged into one cause"
mh_polio,MH: Polio (history),Polio (history),
mh_polio (childhood),MH: Polio (history),Polio (history),
oc_confirmed pseudophakic,OC: Pseudophakic (artificial lens),Pseudophakic,"keep separate from cataracts -- pseudophakic isn't always caused by cataracts. Includes typos: ""confimred"", ""pseduophakic"" (letters transposed), ""pseeudophakic"". Laterality (OD/OS/OU) preserved as real clinical info; only spelling/typo variants are merge candidates"
oc_pseudophakic,OC: Pseudophakic (artificial lens),Pseudophakic,"keep separate from cataracts -- pseudophakic isn't always caused by cataracts. Includes typos: ""confimred"", ""pseduophakic"" (letters transposed), ""pseeudophakic"". Laterality (OD/OS/OU) preserved as real clinical info; only spelling/typo variants are merge candidates"
oc_OD pseudophakic,OC: Pseudophakic (artificial lens),Pseudophakic,"keep separate from cataracts -- pseudophakic isn't always caused by cataracts. Includes typos: ""confimred"", ""pseduophakic"" (letters transposed), ""pseeudophakic"". Laterality (OD/OS/OU) preserved as real clinical info; only spelling/typo variants are merge candidates"
oc_confirmed pseudophakic (OD),OC: Pseudophakic (artificial lens),Pseudophakic,"keep separate from cataracts -- pseudophakic isn't always caused by cataracts. Includes typos: ""confimred"", ""pseduophakic"" (letters transposed), ""pseeudophakic"". Laterality (OD/OS/OU) preserved as real clinical info; only spelling/typo variants are merge candidates"
oc_OU pseudophakic - cataract surgery,OC: Cataract surgery,Pseudophakic,"keep separate from cataracts -- pseudophakic isn't always caused by cataracts. Includes typos: ""confimred"", ""pseduophakic"" (letters transposed), ""pseeudophakic"". Laterality (OD/OS/OU) preserved as real clinical info; only spelling/typo variants are merge candidates"
oc_IOL surgery (OU)-Date?,OC: Glaucoma / elevated IOP treatment,Pseudophakic,IOP = intraocular pressure. IOL = intraocular lens (surgical implant) -- verify whether this IOL surgery row belongs here or with cataract/pseudophakic surgery group instead
oc_OU pseudophakic,OC: Pseudophakic (artificial lens),Pseudophakic,"keep separate from cataracts -- pseudophakic isn't always caused by cataracts. Includes typos: ""confimred"", ""pseduophakic"" (letters transposed), ""pseeudophakic"". Laterality (OD/OS/OU) preserved as real clinical info; only spelling/typo variants are merge candidates"
oc_confimred pseudophakic (OU),OC: Pseudophakic (artificial lens),Pseudophakic,"keep separate from cataracts -- pseudophakic isn't always caused by cataracts. Includes typos: ""confimred"", ""pseduophakic"" (letters transposed), ""pseeudophakic"". Laterality (OD/OS/OU) preserved as real clinical info; only spelling/typo variants are merge candidates"
oc_confirmed pseduophakic (OU),OC: Pseudophakic (artificial lens),Pseudophakic,"keep separate from cataracts -- pseudophakic isn't always caused by cataracts. Includes typos: ""confimred"", ""pseduophakic"" (letters transposed), ""pseeudophakic"". Laterality (OD/OS/OU) preserved as real clinical info; only spelling/typo variants are merge candidates"
oc_confirmed pseeudophakic (OU),OC: Pseudophakic (artificial lens),Pseudophakic,"keep separate from cataracts -- pseudophakic isn't always caused by cataracts. Includes typos: ""confimred"", ""pseduophakic"" (letters transposed), ""pseeudophakic"". Laterality (OD/OS/OU) preserved as real clinical info; only spelling/typo variants are merge candidates"
oc_confirmed pseudophakic (OU),OC: Pseudophakic (artificial lens),Pseudophakic,"keep separate from cataracts -- pseudophakic isn't always caused by cataracts. Includes typos: ""confimred"", ""pseduophakic"" (letters transposed), ""pseeudophakic"". Laterality (OD/OS/OU) preserved as real clinical info; only spelling/typo variants are merge candidates"
oc_confirmed pseudophakic (OU)\,OC: Pseudophakic (artificial lens),Pseudophakic,"keep separate from cataracts -- pseudophakic isn't always caused by cataracts. Includes typos: ""confimred"", ""pseduophakic"" (letters transposed), ""pseeudophakic"". Laterality (OD/OS/OU) preserved as real clinical info; only spelling/typo variants are merge candidates"
mh_Pulmonary Embolism,MH: Pulmonary vascular disease,Pulmonary embolism,"Pulmonary embolism (clot in lung) and pulmonary hypertension are distinct from COPD/fibrosis -- vascular, not obstructive/restrictive lung disease. "
mh_pulmonary embolism,MH: Pulmonary vascular disease,Pulmonary embolism,"Pulmonary embolism (clot in lung) and pulmonary hypertension are distinct from COPD/fibrosis -- vascular, not obstructive/restrictive lung disease. "
mh_Acute Renal Failure,MH: Kidney/renal disease,Renal failure (acute/unspecified),"Renal failure, CKD (chronic kidney disease), and related kidney conditions. ""mh_kidney cancer"" and ""mh_kidney atrophy"" are related organ but distinct pathology from failure/CKD -- consider whether to keep separate"
mh_Renal failure,MH: Kidney/renal disease,Renal failure (acute/unspecified),"Renal failure, CKD (chronic kidney disease), and related kidney conditions. ""mh_kidney cancer"" and ""mh_kidney atrophy"" are related organ but distinct pathology from failure/CKD -- consider whether to keep separate"
mh_acute kidney failure,MH: Kidney/renal disease,Renal failure (acute/unspecified),"Renal failure, CKD (chronic kidney disease), and related kidney conditions. ""mh_kidney cancer"" and ""mh_kidney atrophy"" are related organ but distinct pathology from failure/CKD -- consider whether to keep separate"
mh_acute renal failure,MH: Kidney/renal disease,Renal failure (acute/unspecified),"Renal failure, CKD (chronic kidney disease), and related kidney conditions. ""mh_kidney cancer"" and ""mh_kidney atrophy"" are related organ but distinct pathology from failure/CKD -- consider whether to keep separate"
mh_renal failure,MH: Kidney/renal disease,Renal failure (acute/unspecified),"Renal failure, CKD (chronic kidney disease), and related kidney conditions. ""mh_kidney cancer"" and ""mh_kidney atrophy"" are related organ but distinct pathology from failure/CKD -- consider whether to keep separate"
mh_hypoxic respiratory failure,MH: Respiratory failure/symptoms (unspecified),Respiratory failure,Generic respiratory symptom/failure notes without a named diagnosis
mh_respiratory failure,MH: Respiratory failure/symptoms (unspecified),Respiratory failure,Generic respiratory symptom/failure notes without a named diagnosis
oc_detached retina (had surgery),OC: Retinal detachment,Retinal detachment,"Includes surgery-status and timing variants (e.g. ""20 yrs ago"") -- decide whether timing/laterality should be preserved or collapsed to a simple yes/no. ""oc_retina surgery (OS)"" is grouped here assuming it refers to detachment surgery -- verify"
oc_retinal detachment,OC: Retinal detachment,Retinal detachment,"Includes surgery-status and timing variants (e.g. ""20 yrs ago"") -- decide whether timing/laterality should be preserved or collapsed to a simple yes/no. ""oc_retina surgery (OS)"" is grouped here assuming it refers to detachment surgery -- verify"
oc_retinal detachment s/p sx,OC: Retinal detachment,Retinal detachment,"Includes surgery-status and timing variants (e.g. ""20 yrs ago"") -- decide whether timing/laterality should be preserved or collapsed to a simple yes/no. ""oc_retina surgery (OS)"" is grouped here assuming it refers to detachment surgery -- verify"
oc_retinal detachment surgery - unknown date,OC: Retinal detachment,Retinal detachment,"Includes surgery-status and timing variants (e.g. ""20 yrs ago"") -- decide whether timing/laterality should be preserved or collapsed to a simple yes/no. ""oc_retina surgery (OS)"" is grouped here assuming it refers to detachment surgery -- verify"
oc_retina detachment surgery (OD),OC: Retinal detachment,Retinal detachment,"Includes surgery-status and timing variants (e.g. ""20 yrs ago"") -- decide whether timing/laterality should be preserved or collapsed to a simple yes/no. ""oc_retina surgery (OS)"" is grouped here assuming it refers to detachment surgery -- verify"
oc_retina detachment surgery (OD) - 20 yrs ago,OC: Retinal detachment,Retinal detachment,"Includes surgery-status and timing variants (e.g. ""20 yrs ago"") -- decide whether timing/laterality should be preserved or collapsed to a simple yes/no. ""oc_retina surgery (OS)"" is grouped here assuming it refers to detachment surgery -- verify"
oc_Detached retina surgery (OU) - 20yrs ago,OC: Retinal detachment,Retinal detachment,"Includes surgery-status and timing variants (e.g. ""20 yrs ago"") -- decide whether timing/laterality should be preserved or collapsed to a simple yes/no. ""oc_retina surgery (OS)"" is grouped here assuming it refers to detachment surgery -- verify"
oc_detached retina (OU),OC: Retinal detachment,Retinal detachment,"Includes surgery-status and timing variants (e.g. ""20 yrs ago"") -- decide whether timing/laterality should be preserved or collapsed to a simple yes/no. ""oc_retina surgery (OS)"" is grouped here assuming it refers to detachment surgery -- verify"
oc_retina detachment surgery (OU),OC: Retinal detachment,Retinal detachment,"Includes surgery-status and timing variants (e.g. ""20 yrs ago"") -- decide whether timing/laterality should be preserved or collapsed to a simple yes/no. ""oc_retina surgery (OS)"" is grouped here assuming it refers to detachment surgery -- verify"
oc_retina surgery (OS),OC: Retinal detachment,Retinal detachment,"Includes surgery-status and timing variants (e.g. ""20 yrs ago"") -- decide whether timing/laterality should be preserved or collapsed to a simple yes/no. ""oc_retina surgery (OS)"" is grouped here assuming it refers to detachment surgery -- verify"
oc_retinal detachment surgery (OS) 5 yrs ago,OC: Retinal detachment,Retinal detachment,"Includes surgery-status and timing variants (e.g. ""20 yrs ago"") -- decide whether timing/laterality should be preserved or collapsed to a simple yes/no. ""oc_retina surgery (OS)"" is grouped here assuming it refers to detachment surgery -- verify"
mh_RA,MH: Rheumatoid arthritis (RA),Rheumatoid arthritis (RA),"RA = rheumatoid arthritis, an autoimmune joint disease -- distinct from osteoarthritis (wear-and-tear); several rows are compound entries combining RA with other conditions"
mh_RA in hands,MH: Rheumatoid arthritis (RA),Rheumatoid arthritis (RA),"RA = rheumatoid arthritis, an autoimmune joint disease -- distinct from osteoarthritis (wear-and-tear); several rows are compound entries combining RA with other conditions"
mh_Rheumatoid Arthritis,MH: Rheumatoid arthritis (RA),Rheumatoid arthritis (RA),"RA = rheumatoid arthritis, an autoimmune joint disease -- distinct from osteoarthritis (wear-and-tear); several rows are compound entries combining RA with other conditions"
mh_Rheumatoid arthritis,MH: Rheumatoid arthritis (RA),Rheumatoid arthritis (RA),"RA = rheumatoid arthritis, an autoimmune joint disease -- distinct from osteoarthritis (wear-and-tear); several rows are compound entries combining RA with other conditions"
mh_possible rheumatoid arthritis,MH: Rheumatoid arthritis (RA),Rheumatoid arthritis (RA),"RA = rheumatoid arthritis, an autoimmune joint disease -- distinct from osteoarthritis (wear-and-tear); several rows are compound entries combining RA with other conditions"
mh_rhematoid arthritis,MH: Rheumatoid arthritis (RA),Rheumatoid arthritis (RA),"RA = rheumatoid arthritis, an autoimmune joint disease -- distinct from osteoarthritis (wear-and-tear); several rows are compound entries combining RA with other conditions"
mh_rheumatiod arthritis,MH: Rheumatoid arthritis (RA),Rheumatoid arthritis (RA),"RA = rheumatoid arthritis, an autoimmune joint disease -- distinct from osteoarthritis (wear-and-tear); several rows are compound entries combining RA with other conditions"
mh_rheumatoid arthritis,MH: Rheumatoid arthritis (RA),Rheumatoid arthritis (RA),"RA = rheumatoid arthritis, an autoimmune joint disease -- distinct from osteoarthritis (wear-and-tear); several rows are compound entries combining RA with other conditions"
mh_epilepsy,MH: Seizure disorder / epilepsy,Seizure disorder / epilepsy,Seizure-related diagnoses
mh_seizure,MH: Seizure disorder / epilepsy,Seizure disorder / epilepsy,Seizure-related diagnoses
mh_seizure disorder,MH: Seizure disorder / epilepsy,Seizure disorder / epilepsy,Seizure-related diagnoses
mh_seizures,MH: Seizure disorder / epilepsy,Seizure disorder / epilepsy,Seizure-related diagnoses
mh_sepsis,MH: Sepsis,Sepsis,
mh_septic shock,MH: Sepsis,Sepsis,
mh_Smoker,MH: Smoking history,"Smoking history (ever smoked, any amount/type)","Several rows are compound entries appending other conditions (e.g. ""smoker (1pk/day;25yrs); A. Fib; heart disease..."" or ""1/2 pack day for 60 yrs; HBP"") that will need to be split during cleanup so those extra conditions aren't lost"
mh_Smoker (1 pack/day) for 35 years,MH: Smoking history,"Smoking history (ever smoked, any amount/type)","Several rows are compound entries appending other conditions (e.g. ""smoker (1pk/day;25yrs); A. Fib; heart disease..."" or ""1/2 pack day for 60 yrs; HBP"") that will need to be split during cleanup so those extra conditions aren't lost"
mh_Smoker (1 pack/day) for 40 years,MH: Smoking history,"Smoking history (ever smoked, any amount/type)","Several rows are compound entries appending other conditions (e.g. ""smoker (1pk/day;25yrs); A. Fib; heart disease..."" or ""1/2 pack day for 60 yrs; HBP"") that will need to be split during cleanup so those extra conditions aren't lost"
mh_Smoker (1 pack/day) for 48 years,MH: Smoking history,"Smoking history (ever smoked, any amount/type)","Several rows are compound entries appending other conditions (e.g. ""smoker (1pk/day;25yrs); A. Fib; heart disease..."" or ""1/2 pack day for 60 yrs; HBP"") that will need to be split during cleanup so those extra conditions aren't lost"
mh_Smoker (1 pack/day) for 60 years,MH: Smoking history,"Smoking history (ever smoked, any amount/type)","Several rows are compound entries appending other conditions (e.g. ""smoker (1pk/day;25yrs); A. Fib; heart disease..."" or ""1/2 pack day for 60 yrs; HBP"") that will need to be split during cleanup so those extra conditions aren't lost"
mh_Smoker (1 pack/day) quit 30 years ago,MH: Smoking history,"Smoking history (ever smoked, any amount/type)","Several rows are compound entries appending other conditions (e.g. ""smoker (1pk/day;25yrs); A. Fib; heart disease..."" or ""1/2 pack day for 60 yrs; HBP"") that will need to be split during cleanup so those extra conditions aren't lost"
mh_Smoker (1 pack/day) since 18 years,MH: Smoking history,"Smoking history (ever smoked, any amount/type)","Several rows are compound entries appending other conditions (e.g. ""smoker (1pk/day;25yrs); A. Fib; heart disease..."" or ""1/2 pack day for 60 yrs; HBP"") that will need to be split during cleanup so those extra conditions aren't lost"
mh_Smoker (1 pk/day; over 10 yrs),MH: Smoking history,"Smoking history (ever smoked, any amount/type)","Several rows are compound entries appending other conditions (e.g. ""smoker (1pk/day;25yrs); A. Fib; heart disease..."" or ""1/2 pack day for 60 yrs; HBP"") that will need to be split during cleanup so those extra conditions aren't lost"
mh_Smoker (1.5 pack/day) for 50 years - quit 2006,MH: Smoking history,"Smoking history (ever smoked, any amount/type)","Several rows are compound entries appending other conditions (e.g. ""smoker (1pk/day;25yrs); A. Fib; heart disease..."" or ""1/2 pack day for 60 yrs; HBP"") that will need to be split during cleanup so those extra conditions aren't lost"
mh_Smoker (1.5 packs/day) for 10-15 years,MH: Smoking history,"Smoking history (ever smoked, any amount/type)","Several rows are compound entries appending other conditions (e.g. ""smoker (1pk/day;25yrs); A. Fib; heart disease..."" or ""1/2 pack day for 60 yrs; HBP"") that will need to be split during cleanup so those extra conditions aren't lost"
mh_Smoker (1pk/day; 25yrs),MH: Smoking history,"Smoking history (ever smoked, any amount/type)","Several rows are compound entries appending other conditions (e.g. ""smoker (1pk/day;25yrs); A. Fib; heart disease..."" or ""1/2 pack day for 60 yrs; HBP"") that will need to be split during cleanup so those extra conditions aren't lost"
mh_Smoker (2 packs/day) for 30 years;HBP,MH: Smoking history,"Smoking history (ever smoked, any amount/type)","Several rows are compound entries appending other conditions (e.g. ""smoker (1pk/day;25yrs); A. Fib; heart disease..."" or ""1/2 pack day for 60 yrs; HBP"") that will need to be split during cleanup so those extra conditions aren't lost"
mh_Smoker (4 cigarettes/day) for 50 years,MH: Smoking history,"Smoking history (ever smoked, any amount/type)","Several rows are compound entries appending other conditions (e.g. ""smoker (1pk/day;25yrs); A. Fib; heart disease..."" or ""1/2 pack day for 60 yrs; HBP"") that will need to be split during cleanup so those extra conditions aren't lost"
mh_Smoker (? Amount; 20yrs),MH: Smoking history,"Smoking history (ever smoked, any amount/type)","Several rows are compound entries appending other conditions (e.g. ""smoker (1pk/day;25yrs); A. Fib; heart disease..."" or ""1/2 pack day for 60 yrs; HBP"") that will need to be split during cleanup so those extra conditions aren't lost"
mh_Smoker (half pk/day; 35yr),MH: Smoking history,"Smoking history (ever smoked, any amount/type)","Several rows are compound entries appending other conditions (e.g. ""smoker (1pk/day;25yrs); A. Fib; heart disease..."" or ""1/2 pack day for 60 yrs; HBP"") that will need to be split during cleanup so those extra conditions aren't lost"
mh_Smoker (unknown how much) for 50 years,MH: Smoking history,"Smoking history (ever smoked, any amount/type)","Several rows are compound entries appending other conditions (e.g. ""smoker (1pk/day;25yrs); A. Fib; heart disease..."" or ""1/2 pack day for 60 yrs; HBP"") that will need to be split during cleanup so those extra conditions aren't lost"
mh_Smoker 1 pack/day for 50 years,MH: Smoking history,"Smoking history (ever smoked, any amount/type)","Several rows are compound entries appending other conditions (e.g. ""smoker (1pk/day;25yrs); A. Fib; heart disease..."" or ""1/2 pack day for 60 yrs; HBP"") that will need to be split during cleanup so those extra conditions aren't lost"
mh_casual smoker for 1 yr,MH: Smoking history,"Smoking history (ever smoked, any amount/type)","Several rows are compound entries appending other conditions (e.g. ""smoker (1pk/day;25yrs); A. Fib; heart disease..."" or ""1/2 pack day for 60 yrs; HBP"") that will need to be split during cleanup so those extra conditions aren't lost"
mh_heavy smoker,MH: Smoking history,"Smoking history (ever smoked, any amount/type)","Several rows are compound entries appending other conditions (e.g. ""smoker (1pk/day;25yrs); A. Fib; heart disease..."" or ""1/2 pack day for 60 yrs; HBP"") that will need to be split during cleanup so those extra conditions aren't lost"
mh_light smoker,MH: Smoking history,"Smoking history (ever smoked, any amount/type)","Several rows are compound entries appending other conditions (e.g. ""smoker (1pk/day;25yrs); A. Fib; heart disease..."" or ""1/2 pack day for 60 yrs; HBP"") that will need to be split during cleanup so those extra conditions aren't lost"
mh_light smoker (20yrs),MH: Smoking history,"Smoking history (ever smoked, any amount/type)","Several rows are compound entries appending other conditions (e.g. ""smoker (1pk/day;25yrs); A. Fib; heart disease..."" or ""1/2 pack day for 60 yrs; HBP"") that will need to be split during cleanup so those extra conditions aren't lost"
mh_light smoker (35 yrs),MH: Smoking history,"Smoking history (ever smoked, any amount/type)","Several rows are compound entries appending other conditions (e.g. ""smoker (1pk/day;25yrs); A. Fib; heart disease..."" or ""1/2 pack day for 60 yrs; HBP"") that will need to be split during cleanup so those extra conditions aren't lost"
mh_light smoker (unknown how much; quit 30 yrs ago),MH: Smoking history,"Smoking history (ever smoked, any amount/type)","Several rows are compound entries appending other conditions (e.g. ""smoker (1pk/day;25yrs); A. Fib; heart disease..."" or ""1/2 pack day for 60 yrs; HBP"") that will need to be split during cleanup so those extra conditions aren't lost"
mh_occasional smoker,MH: Smoking history,"Smoking history (ever smoked, any amount/type)","Several rows are compound entries appending other conditions (e.g. ""smoker (1pk/day;25yrs); A. Fib; heart disease..."" or ""1/2 pack day for 60 yrs; HBP"") that will need to be split during cleanup so those extra conditions aren't lost"
mh_pipe smoker (10yrs),MH: Smoking history,"Smoking history (ever smoked, any amount/type)","Several rows are compound entries appending other conditions (e.g. ""smoker (1pk/day;25yrs); A. Fib; heart disease..."" or ""1/2 pack day for 60 yrs; HBP"") that will need to be split during cleanup so those extra conditions aren't lost"
mh_pipe smoker (during early 40s),MH: Smoking history,"Smoking history (ever smoked, any amount/type)","Several rows are compound entries appending other conditions (e.g. ""smoker (1pk/day;25yrs); A. Fib; heart disease..."" or ""1/2 pack day for 60 yrs; HBP"") that will need to be split during cleanup so those extra conditions aren't lost"
mh_smoked 1.5 ppd age 15 until 1969,MH: Smoking history,"Smoking history (ever smoked, any amount/type)","Several rows are compound entries appending other conditions (e.g. ""smoker (1pk/day;25yrs); A. Fib; heart disease..."" or ""1/2 pack day for 60 yrs; HBP"") that will need to be split during cleanup so those extra conditions aren't lost"
mh_smoked 2 ppd,MH: Smoking history,"Smoking history (ever smoked, any amount/type)","Several rows are compound entries appending other conditions (e.g. ""smoker (1pk/day;25yrs); A. Fib; heart disease..."" or ""1/2 pack day for 60 yrs; HBP"") that will need to be split during cleanup so those extra conditions aren't lost"
mh_smoker,MH: Smoking history,"Smoking history (ever smoked, any amount/type)","Several rows are compound entries appending other conditions (e.g. ""smoker (1pk/day;25yrs); A. Fib; heart disease..."" or ""1/2 pack day for 60 yrs; HBP"") that will need to be split during cleanup so those extra conditions aren't lost"
mh_smoker (0.5 cigarette/day; 53yrs),MH: Smoking history,"Smoking history (ever smoked, any amount/type)","Several rows are compound entries appending other conditions (e.g. ""smoker (1pk/day;25yrs); A. Fib; heart disease..."" or ""1/2 pack day for 60 yrs; HBP"") that will need to be split during cleanup so those extra conditions aren't lost"
mh_smoker (0.5pk/day; on/off throughout life),MH: Smoking history,"Smoking history (ever smoked, any amount/type)","Several rows are compound entries appending other conditions (e.g. ""smoker (1pk/day;25yrs); A. Fib; heart disease..."" or ""1/2 pack day for 60 yrs; HBP"") that will need to be split during cleanup so those extra conditions aren't lost"
mh_smoker (1 -1.5 pk/day; 55 yrs),MH: Smoking history,"Smoking history (ever smoked, any amount/type)","Several rows are compound entries appending other conditions (e.g. ""smoker (1pk/day;25yrs); A. Fib; heart disease..."" or ""1/2 pack day for 60 yrs; HBP"") that will need to be split during cleanup so those extra conditions aren't lost"
mh_smoker (1 Pk/day; 25 yrs),MH: Smoking history,"Smoking history (ever smoked, any amount/type)","Several rows are compound entries appending other conditions (e.g. ""smoker (1pk/day;25yrs); A. Fib; heart disease..."" or ""1/2 pack day for 60 yrs; HBP"") that will need to be split during cleanup so those extra conditions aren't lost"
mh_smoker (1 cigar/day; 20 yrs),MH: Smoking history,"Smoking history (ever smoked, any amount/type)","Several rows are compound entries appending other conditions (e.g. ""smoker (1pk/day;25yrs); A. Fib; heart disease..."" or ""1/2 pack day for 60 yrs; HBP"") that will need to be split during cleanup so those extra conditions aren't lost"
mh_smoker (1 cigarette/day; 50 yrs),MH: Smoking history,"Smoking history (ever smoked, any amount/type)","Several rows are compound entries appending other conditions (e.g. ""smoker (1pk/day;25yrs); A. Fib; heart disease..."" or ""1/2 pack day for 60 yrs; HBP"") that will need to be split during cleanup so those extra conditions aren't lost"
mh_smoker (1 cigarette/day;? Long),MH: Smoking history,"Smoking history (ever smoked, any amount/type)","Several rows are compound entries appending other conditions (e.g. ""smoker (1pk/day;25yrs); A. Fib; heart disease..."" or ""1/2 pack day for 60 yrs; HBP"") that will need to be split during cleanup so those extra conditions aren't lost"
mh_smoker (1 pack/day; 40yr),MH: Smoking history,"Smoking history (ever smoked, any amount/type)","Several rows are compound entries appending other conditions (e.g. ""smoker (1pk/day;25yrs); A. Fib; heart disease..."" or ""1/2 pack day for 60 yrs; HBP"") that will need to be split during cleanup so those extra conditions aren't lost"
mh_smoker (1 pack/day; 50 yr),MH: Smoking history,"Smoking history (ever smoked, any amount/type)","Several rows are compound entries appending other conditions (e.g. ""smoker (1pk/day;25yrs); A. Fib; heart disease..."" or ""1/2 pack day for 60 yrs; HBP"") that will need to be split during cleanup so those extra conditions aren't lost"
mh_smoker (1 pk/day; 20 yrs),MH: Smoking history,"Smoking history (ever smoked, any amount/type)","Several rows are compound entries appending other conditions (e.g. ""smoker (1pk/day;25yrs); A. Fib; heart disease..."" or ""1/2 pack day for 60 yrs; HBP"") that will need to be split during cleanup so those extra conditions aren't lost"
mh_smoker (1 pk/day; 20yrs),MH: Smoking history,"Smoking history (ever smoked, any amount/type)","Several rows are compound entries appending other conditions (e.g. ""smoker (1pk/day;25yrs); A. Fib; heart disease..."" or ""1/2 pack day for 60 yrs; HBP"") that will need to be split during cleanup so those extra conditions aren't lost"
mh_smoker (1 pk/day; 30 yrs),MH: Smoking history,"Smoking history (ever smoked, any amount/type)","Several rows are compound entries appending other conditions (e.g. ""smoker (1pk/day;25yrs); A. Fib; heart disease..."" or ""1/2 pack day for 60 yrs; HBP"") that will need to be split during cleanup so those extra conditions aren't lost"
mh_smoker (1 pk/day; 40 yrs),MH: Smoking history,"Smoking history (ever smoked, any amount/type)","Several rows are compound entries appending other conditions (e.g. ""smoker (1pk/day;25yrs); A. Fib; heart disease..."" or ""1/2 pack day for 60 yrs; HBP"") that will need to be split during cleanup so those extra conditions aren't lost"
mh_smoker (1 pk/day; 40yrs),MH: Smoking history,"Smoking history (ever smoked, any amount/type)","Several rows are compound entries appending other conditions (e.g. ""smoker (1pk/day;25yrs); A. Fib; heart disease..."" or ""1/2 pack day for 60 yrs; HBP"") that will need to be split during cleanup so those extra conditions aren't lost"
mh_smoker (1 pk/day; 45 yrs),MH: Smoking history,"Smoking history (ever smoked, any amount/type)","Several rows are compound entries appending other conditions (e.g. ""smoker (1pk/day;25yrs); A. Fib; heart disease..."" or ""1/2 pack day for 60 yrs; HBP"") that will need to be split during cleanup so those extra conditions aren't lost"
mh_smoker (1 pk/day; 50 + yrs),MH: Smoking history,"Smoking history (ever smoked, any amount/type)","Several rows are compound entries appending other conditions (e.g. ""smoker (1pk/day;25yrs); A. Fib; heart disease..."" or ""1/2 pack day for 60 yrs; HBP"") that will need to be split during cleanup so those extra conditions aren't lost"
mh_smoker (1 pk/day; 50 yrs),MH: Smoking history,"Smoking history (ever smoked, any amount/type)","Several rows are compound entries appending other conditions (e.g. ""smoker (1pk/day;25yrs); A. Fib; heart disease..."" or ""1/2 pack day for 60 yrs; HBP"") that will need to be split during cleanup so those extra conditions aren't lost"
mh_smoker (1 pk/day; 50+ yr),MH: Smoking history,"Smoking history (ever smoked, any amount/type)","Several rows are compound entries appending other conditions (e.g. ""smoker (1pk/day;25yrs); A. Fib; heart disease..."" or ""1/2 pack day for 60 yrs; HBP"") that will need to be split during cleanup so those extra conditions aren't lost"
mh_smoker (1 pk/day; 50+yrs),MH: Smoking history,"Smoking history (ever smoked, any amount/type)","Several rows are compound entries appending other conditions (e.g. ""smoker (1pk/day;25yrs); A. Fib; heart disease..."" or ""1/2 pack day for 60 yrs; HBP"") that will need to be split during cleanup so those extra conditions aren't lost"
mh_smoker (1 pk/day; 50yrs),MH: Smoking history,"Smoking history (ever smoked, any amount/type)","Several rows are compound entries appending other conditions (e.g. ""smoker (1pk/day;25yrs); A. Fib; heart disease..."" or ""1/2 pack day for 60 yrs; HBP"") that will need to be split during cleanup so those extra conditions aren't lost"
mh_smoker (1 pk/day; 55+ yrs),MH: Smoking history,"Smoking history (ever smoked, any amount/type)","Several rows are compound entries appending other conditions (e.g. ""smoker (1pk/day;25yrs); A. Fib; heart disease..."" or ""1/2 pack day for 60 yrs; HBP"") that will need to be split during cleanup so those extra conditions aren't lost"
mh_smoker (1 pk/day; 55yrs),MH: Smoking history,"Smoking history (ever smoked, any amount/type)","Several rows are compound entries appending other conditions (e.g. ""smoker (1pk/day;25yrs); A. Fib; heart disease..."" or ""1/2 pack day for 60 yrs; HBP"") that will need to be split during cleanup so those extra conditions aren't lost"
mh_smoker (1 pk/day; 60yrs),MH: Smoking history,"Smoking history (ever smoked, any amount/type)","Several rows are compound entries appending other conditions (e.g. ""smoker (1pk/day;25yrs); A. Fib; heart disease..."" or ""1/2 pack day for 60 yrs; HBP"") that will need to be split during cleanup so those extra conditions aren't lost"
mh_smoker (1 pk/day; 70yrs),MH: Smoking history,"Smoking history (ever smoked, any amount/type)","Several rows are compound entries appending other conditions (e.g. ""smoker (1pk/day;25yrs); A. Fib; heart disease..."" or ""1/2 pack day for 60 yrs; HBP"") that will need to be split during cleanup so those extra conditions aren't lost"
mh_smoker (1 pk/day; 75 yrs),MH: Smoking history,"Smoking history (ever smoked, any amount/type)","Several rows are compound entries appending other conditions (e.g. ""smoker (1pk/day;25yrs); A. Fib; heart disease..."" or ""1/2 pack day for 60 yrs; HBP"") that will need to be split during cleanup so those extra conditions aren't lost"
mh_smoker (1+ pk/day; 30yrs),MH: Smoking history,"Smoking history (ever smoked, any amount/type)","Several rows are compound entries appending other conditions (e.g. ""smoker (1pk/day;25yrs); A. Fib; heart disease..."" or ""1/2 pack day for 60 yrs; HBP"") that will need to be split during cleanup so those extra conditions aren't lost"
mh_smoker (1-1.5pk/day; 40yrs),MH: Smoking history,"Smoking history (ever smoked, any amount/type)","Several rows are compound entries appending other conditions (e.g. ""smoker (1pk/day;25yrs); A. Fib; heart disease..."" or ""1/2 pack day for 60 yrs; HBP"") that will need to be split during cleanup so those extra conditions aren't lost"
mh_smoker (1-2 cigars/day; 23 yrs),MH: Smoking history,"Smoking history (ever smoked, any amount/type)","Several rows are compound entries appending other conditions (e.g. ""smoker (1pk/day;25yrs); A. Fib; heart disease..."" or ""1/2 pack day for 60 yrs; HBP"") that will need to be split during cleanup so those extra conditions aren't lost"
mh_smoker (1-2pk/day; 30+yrs),MH: Smoking history,"Smoking history (ever smoked, any amount/type)","Several rows are compound entries appending other conditions (e.g. ""smoker (1pk/day;25yrs); A. Fib; heart disease..."" or ""1/2 pack day for 60 yrs; HBP"") that will need to be split during cleanup so those extra conditions aren't lost"
mh_smoker (1-2pk/day; 50yrs),MH: Smoking history,"Smoking history (ever smoked, any amount/type)","Several rows are compound entries appending other conditions (e.g. ""smoker (1pk/day;25yrs); A. Fib; heart disease..."" or ""1/2 pack day for 60 yrs; HBP"") that will need to be split during cleanup so those extra conditions aren't lost"
mh_smoker (1-2pk/day; 60years),MH: Smoking history,"Smoking history (ever smoked, any amount/type)","Several rows are compound entries appending other conditions (e.g. ""smoker (1pk/day;25yrs); A. Fib; heart disease..."" or ""1/2 pack day for 60 yrs; HBP"") that will need to be split during cleanup so those extra conditions aren't lost"
mh_smoker (1-2pk/week; 60yrs),MH: Smoking history,"Smoking history (ever smoked, any amount/type)","Several rows are compound entries appending other conditions (e.g. ""smoker (1pk/day;25yrs); A. Fib; heart disease..."" or ""1/2 pack day for 60 yrs; HBP"") that will need to be split during cleanup so those extra conditions aren't lost"
mh_smoker (1.5 pk/day; 30 yrs),MH: Smoking history,"Smoking history (ever smoked, any amount/type)","Several rows are compound entries appending other conditions (e.g. ""smoker (1pk/day;25yrs); A. Fib; heart disease..."" or ""1/2 pack day for 60 yrs; HBP"") that will need to be split during cleanup so those extra conditions aren't lost"
mh_smoker (1.5pk/day; 45 yrs),MH: Smoking history,"Smoking history (ever smoked, any amount/type)","Several rows are compound entries appending other conditions (e.g. ""smoker (1pk/day;25yrs); A. Fib; heart disease..."" or ""1/2 pack day for 60 yrs; HBP"") that will need to be split during cleanup so those extra conditions aren't lost"
mh_smoker (1pack/day; 25 yrs),MH: Smoking history,"Smoking history (ever smoked, any amount/type)","Several rows are compound entries appending other conditions (e.g. ""smoker (1pk/day;25yrs); A. Fib; heart disease..."" or ""1/2 pack day for 60 yrs; HBP"") that will need to be split during cleanup so those extra conditions aren't lost"
mh_smoker (1pk/day+cigars+pipe; 30 yrs),MH: Smoking history,"Smoking history (ever smoked, any amount/type)","Several rows are compound entries appending other conditions (e.g. ""smoker (1pk/day;25yrs); A. Fib; heart disease..."" or ""1/2 pack day for 60 yrs; HBP"") that will need to be split during cleanup so those extra conditions aren't lost"
mh_smoker (1pk/day; 10yrs),MH: Smoking history,"Smoking history (ever smoked, any amount/type)","Several rows are compound entries appending other conditions (e.g. ""smoker (1pk/day;25yrs); A. Fib; heart disease..."" or ""1/2 pack day for 60 yrs; HBP"") that will need to be split during cleanup so those extra conditions aren't lost"
mh_smoker (1pk/day; 12yrs),MH: Smoking history,"Smoking history (ever smoked, any amount/type)","Several rows are compound entries appending other conditions (e.g. ""smoker (1pk/day;25yrs); A. Fib; heart disease..."" or ""1/2 pack day for 60 yrs; HBP"") that will need to be split during cleanup so those extra conditions aren't lost"
mh_smoker (1pk/day; 20 years),MH: Smoking history,"Smoking history (ever smoked, any amount/type)","Several rows are compound entries appending other conditions (e.g. ""smoker (1pk/day;25yrs); A. Fib; heart disease..."" or ""1/2 pack day for 60 yrs; HBP"") that will need to be split during cleanup so those extra conditions aren't lost"
mh_smoker (1pk/day; 20 yrs),MH: Smoking history,"Smoking history (ever smoked, any amount/type)","Several rows are compound entries appending other conditions (e.g. ""smoker (1pk/day;25yrs); A. Fib; heart disease..."" or ""1/2 pack day for 60 yrs; HBP"") that will need to be split during cleanup so those extra conditions aren't lost"
mh_smoker (1pk/day; 20yrs),MH: Smoking history,"Smoking history (ever smoked, any amount/type)","Several rows are compound entries appending other conditions (e.g. ""smoker (1pk/day;25yrs); A. Fib; heart disease..."" or ""1/2 pack day for 60 yrs; HBP"") that will need to be split during cleanup so those extra conditions aren't lost"
mh_smoker (1pk/day; 25 yrs),MH: Smoking history,"Smoking history (ever smoked, any amount/type)","Several rows are compound entries appending other conditions (e.g. ""smoker (1pk/day;25yrs); A. Fib; heart disease..."" or ""1/2 pack day for 60 yrs; HBP"") that will need to be split during cleanup so those extra conditions aren't lost"
mh_smoker (1pk/day; 30 yrs),MH: Smoking history,"Smoking history (ever smoked, any amount/type)","Several rows are compound entries appending other conditions (e.g. ""smoker (1pk/day;25yrs); A. Fib; heart disease..."" or ""1/2 pack day for 60 yrs; HBP"") that will need to be split during cleanup so those extra conditions aren't lost"
mh_smoker (1pk/day; 30+ yrs),MH: Smoking history,"Smoking history (ever smoked, any amount/type)","Several rows are compound entries appending other conditions (e.g. ""smoker (1pk/day;25yrs); A. Fib; heart disease..."" or ""1/2 pack day for 60 yrs; HBP"") that will need to be split during cleanup so those extra conditions aren't lost"
mh_smoker (1pk/day; 30yrs),MH: Smoking history,"Smoking history (ever smoked, any amount/type)","Several rows are compound entries appending other conditions (e.g. ""smoker (1pk/day;25yrs); A. Fib; heart disease..."" or ""1/2 pack day for 60 yrs; HBP"") that will need to be split during cleanup so those extra conditions aren't lost"
mh_smoker (1pk/day; 40yrs),MH: Smoking history,"Smoking history (ever smoked, any amount/type)","Several rows are compound entries appending other conditions (e.g. ""smoker (1pk/day;25yrs); A. Fib; heart disease..."" or ""1/2 pack day for 60 yrs; HBP"") that will need to be split during cleanup so those extra conditions aren't lost"
mh_smoker (1pk/day; 45yr),MH: Smoking history,"Smoking history (ever smoked, any amount/type)","Several rows are compound entries appending other conditions (e.g. ""smoker (1pk/day;25yrs); A. Fib; heart disease..."" or ""1/2 pack day for 60 yrs; HBP"") that will need to be split during cleanup so those extra conditions aren't lost"
mh_smoker (1pk/day; 50+yrs),MH: Smoking history,"Smoking history (ever smoked, any amount/type)","Several rows are compound entries appending other conditions (e.g. ""smoker (1pk/day;25yrs); A. Fib; heart disease..."" or ""1/2 pack day for 60 yrs; HBP"") that will need to be split during cleanup so those extra conditions aren't lost"
mh_smoker (1pk/day; 50yrs),MH: Smoking history,"Smoking history (ever smoked, any amount/type)","Several rows are compound entries appending other conditions (e.g. ""smoker (1pk/day;25yrs); A. Fib; heart disease..."" or ""1/2 pack day for 60 yrs; HBP"") that will need to be split during cleanup so those extra conditions aren't lost"
mh_smoker (1pk/day; 55 yrs),MH: Smoking history,"Smoking history (ever smoked, any amount/type)","Several rows are compound entries appending other conditions (e.g. ""smoker (1pk/day;25yrs); A. Fib; heart disease..."" or ""1/2 pack day for 60 yrs; HBP"") that will need to be split during cleanup so those extra conditions aren't lost"
mh_smoker (1pk/day; 60 yrs),MH: Smoking history,"Smoking history (ever smoked, any amount/type)","Several rows are compound entries appending other conditions (e.g. ""smoker (1pk/day;25yrs); A. Fib; heart disease..."" or ""1/2 pack day for 60 yrs; HBP"") that will need to be split during cleanup so those extra conditions aren't lost"
mh_smoker (1pk/day; 60yrs),MH: Smoking history,"Smoking history (ever smoked, any amount/type)","Several rows are compound entries appending other conditions (e.g. ""smoker (1pk/day;25yrs); A. Fib; heart disease..."" or ""1/2 pack day for 60 yrs; HBP"") that will need to be split during cleanup so those extra conditions aren't lost"
mh_smoker (1pk/day; 70 yrs),MH: Smoking history,"Smoking history (ever smoked, any amount/type)","Several rows are compound entries appending other conditions (e.g. ""smoker (1pk/day;25yrs); A. Fib; heart disease..."" or ""1/2 pack day for 60 yrs; HBP"") that will need to be split during cleanup so those extra conditions aren't lost"
mh_smoker (1pk/week; 60 yrs),MH: Smoking history,"Smoking history (ever smoked, any amount/type)","Several rows are compound entries appending other conditions (e.g. ""smoker (1pk/day;25yrs); A. Fib; heart disease..."" or ""1/2 pack day for 60 yrs; HBP"") that will need to be split during cleanup so those extra conditions aren't lost"
mh_smoker (2 packs/day; 30 yrs),MH: Smoking history,"Smoking history (ever smoked, any amount/type)","Several rows are compound entries appending other conditions (e.g. ""smoker (1pk/day;25yrs); A. Fib; heart disease..."" or ""1/2 pack day for 60 yrs; HBP"") that will need to be split during cleanup so those extra conditions aren't lost"
mh_smoker (2 pk/day; 20 yr),MH: Smoking history,"Smoking history (ever smoked, any amount/type)","Several rows are compound entries appending other conditions (e.g. ""smoker (1pk/day;25yrs); A. Fib; heart disease..."" or ""1/2 pack day for 60 yrs; HBP"") that will need to be split during cleanup so those extra conditions aren't lost"
mh_smoker (2-3 cigarettes/day; 50 yrs),MH: Smoking history,"Smoking history (ever smoked, any amount/type)","Several rows are compound entries appending other conditions (e.g. ""smoker (1pk/day;25yrs); A. Fib; heart disease..."" or ""1/2 pack day for 60 yrs; HBP"") that will need to be split during cleanup so those extra conditions aren't lost"
mh_smoker (2-3pk/day + cigars; 23 yrs; quit 30yrs ago),MH: Smoking history,"Smoking history (ever smoked, any amount/type)","Several rows are compound entries appending other conditions (e.g. ""smoker (1pk/day;25yrs); A. Fib; heart disease..."" or ""1/2 pack day for 60 yrs; HBP"") that will need to be split during cleanup so those extra conditions aren't lost"
mh_smoker (20yrs),MH: Smoking history,"Smoking history (ever smoked, any amount/type)","Several rows are compound entries appending other conditions (e.g. ""smoker (1pk/day;25yrs); A. Fib; heart disease..."" or ""1/2 pack day for 60 yrs; HBP"") that will need to be split during cleanup so those extra conditions aren't lost"
mh_smoker (2pk/day),MH: Smoking history,"Smoking history (ever smoked, any amount/type)","Several rows are compound entries appending other conditions (e.g. ""smoker (1pk/day;25yrs); A. Fib; heart disease..."" or ""1/2 pack day for 60 yrs; HBP"") that will need to be split during cleanup so those extra conditions aren't lost"
mh_smoker (2pk/day; 20 years),MH: Smoking history,"Smoking history (ever smoked, any amount/type)","Several rows are compound entries appending other conditions (e.g. ""smoker (1pk/day;25yrs); A. Fib; heart disease..."" or ""1/2 pack day for 60 yrs; HBP"") that will need to be split during cleanup so those extra conditions aren't lost"
mh_smoker (2pk/day; 30 yrs),MH: Smoking history,"Smoking history (ever smoked, any amount/type)","Several rows are compound entries appending other conditions (e.g. ""smoker (1pk/day;25yrs); A. Fib; heart disease..."" or ""1/2 pack day for 60 yrs; HBP"") that will need to be split during cleanup so those extra conditions aren't lost"
mh_smoker (2pk/day; 45 yrs),MH: Smoking history,"Smoking history (ever smoked, any amount/type)","Several rows are compound entries appending other conditions (e.g. ""smoker (1pk/day;25yrs); A. Fib; heart disease..."" or ""1/2 pack day for 60 yrs; HBP"") that will need to be split during cleanup so those extra conditions aren't lost"
mh_smoker (3 cigarettes/day; 50 yr),MH: Smoking history,"Smoking history (ever smoked, any amount/type)","Several rows are compound entries appending other conditions (e.g. ""smoker (1pk/day;25yrs); A. Fib; heart disease..."" or ""1/2 pack day for 60 yrs; HBP"") that will need to be split during cleanup so those extra conditions aren't lost"
mh_smoker (3 cigars/week; 70 yrs),MH: Smoking history,"Smoking history (ever smoked, any amount/type)","Several rows are compound entries appending other conditions (e.g. ""smoker (1pk/day;25yrs); A. Fib; heart disease..."" or ""1/2 pack day for 60 yrs; HBP"") that will need to be split during cleanup so those extra conditions aren't lost"
mh_smoker (3/4pk/day; 30yr),MH: Smoking history,"Smoking history (ever smoked, any amount/type)","Several rows are compound entries appending other conditions (e.g. ""smoker (1pk/day;25yrs); A. Fib; heart disease..."" or ""1/2 pack day for 60 yrs; HBP"") that will need to be split during cleanup so those extra conditions aren't lost"
mh_smoker (3pk/day for 56 yrs),MH: Smoking history,"Smoking history (ever smoked, any amount/type)","Several rows are compound entries appending other conditions (e.g. ""smoker (1pk/day;25yrs); A. Fib; heart disease..."" or ""1/2 pack day for 60 yrs; HBP"") that will need to be split during cleanup so those extra conditions aren't lost"
mh_smoker (3pk/day; quit 50 yrs ago),MH: Smoking history,"Smoking history (ever smoked, any amount/type)","Several rows are compound entries appending other conditions (e.g. ""smoker (1pk/day;25yrs); A. Fib; heart disease..."" or ""1/2 pack day for 60 yrs; HBP"") that will need to be split during cleanup so those extra conditions aren't lost"
mh_smoker (3pk/wk; 40yrs),MH: Smoking history,"Smoking history (ever smoked, any amount/type)","Several rows are compound entries appending other conditions (e.g. ""smoker (1pk/day;25yrs); A. Fib; heart disease..."" or ""1/2 pack day for 60 yrs; HBP"") that will need to be split during cleanup so those extra conditions aren't lost"
mh_smoker (? Amount; 1 yr as teenager),MH: Smoking history,"Smoking history (ever smoked, any amount/type)","Several rows are compound entries appending other conditions (e.g. ""smoker (1pk/day;25yrs); A. Fib; heart disease..."" or ""1/2 pack day for 60 yrs; HBP"") that will need to be split during cleanup so those extra conditions aren't lost"
mh_smoker (? Amount; 15yrs),MH: Smoking history,"Smoking history (ever smoked, any amount/type)","Several rows are compound entries appending other conditions (e.g. ""smoker (1pk/day;25yrs); A. Fib; heart disease..."" or ""1/2 pack day for 60 yrs; HBP"") that will need to be split during cleanup so those extra conditions aren't lost"
mh_smoker (? Amount; 20 yrs),MH: Smoking history,"Smoking history (ever smoked, any amount/type)","Several rows are compound entries appending other conditions (e.g. ""smoker (1pk/day;25yrs); A. Fib; heart disease..."" or ""1/2 pack day for 60 yrs; HBP"") that will need to be split during cleanup so those extra conditions aren't lost"
mh_smoker (? Amount; 35 yrs),MH: Smoking history,"Smoking history (ever smoked, any amount/type)","Several rows are compound entries appending other conditions (e.g. ""smoker (1pk/day;25yrs); A. Fib; heart disease..."" or ""1/2 pack day for 60 yrs; HBP"") that will need to be split during cleanup so those extra conditions aren't lost"
mh_smoker (? Amount; 3yrs when in service),MH: Smoking history,"Smoking history (ever smoked, any amount/type)","Several rows are compound entries appending other conditions (e.g. ""smoker (1pk/day;25yrs); A. Fib; heart disease..."" or ""1/2 pack day for 60 yrs; HBP"") that will need to be split during cleanup so those extra conditions aren't lost"
mh_smoker (? Amount; 50yrs),MH: Smoking history,"Smoking history (ever smoked, any amount/type)","Several rows are compound entries appending other conditions (e.g. ""smoker (1pk/day;25yrs); A. Fib; heart disease..."" or ""1/2 pack day for 60 yrs; HBP"") that will need to be split during cleanup so those extra conditions aren't lost"
mh_smoker (? Amount; quit during 1970s),MH: Smoking history,"Smoking history (ever smoked, any amount/type)","Several rows are compound entries appending other conditions (e.g. ""smoker (1pk/day;25yrs); A. Fib; heart disease..."" or ""1/2 pack day for 60 yrs; HBP"") that will need to be split during cleanup so those extra conditions aren't lost"
mh_smoker (? Pk/day; ? Yrs),MH: Smoking history,"Smoking history (ever smoked, any amount/type)","Several rows are compound entries appending other conditions (e.g. ""smoker (1pk/day;25yrs); A. Fib; heart disease..."" or ""1/2 pack day for 60 yrs; HBP"") that will need to be split during cleanup so those extra conditions aren't lost"
mh_smoker (?amount; 45yrs),MH: Smoking history,"Smoking history (ever smoked, any amount/type)","Several rows are compound entries appending other conditions (e.g. ""smoker (1pk/day;25yrs); A. Fib; heart disease..."" or ""1/2 pack day for 60 yrs; HBP"") that will need to be split during cleanup so those extra conditions aren't lost"
mh_smoker (?amount; quit 35 yrs ago),MH: Smoking history,"Smoking history (ever smoked, any amount/type)","Several rows are compound entries appending other conditions (e.g. ""smoker (1pk/day;25yrs); A. Fib; heart disease..."" or ""1/2 pack day for 60 yrs; HBP"") that will need to be split during cleanup so those extra conditions aren't lost"
mh_smoker (cigars; ? Amount; 20yrs),MH: Smoking history,"Smoking history (ever smoked, any amount/type)","Several rows are compound entries appending other conditions (e.g. ""smoker (1pk/day;25yrs); A. Fib; heart disease..."" or ""1/2 pack day for 60 yrs; HBP"") that will need to be split during cleanup so those extra conditions aren't lost"
mh_smoker (during his 30s),MH: Smoking history,"Smoking history (ever smoked, any amount/type)","Several rows are compound entries appending other conditions (e.g. ""smoker (1pk/day;25yrs); A. Fib; heart disease..."" or ""1/2 pack day for 60 yrs; HBP"") that will need to be split during cleanup so those extra conditions aren't lost"
mh_smoker (half pack/day; 10 yrs),MH: Smoking history,"Smoking history (ever smoked, any amount/type)","Several rows are compound entries appending other conditions (e.g. ""smoker (1pk/day;25yrs); A. Fib; heart disease..."" or ""1/2 pack day for 60 yrs; HBP"") that will need to be split during cleanup so those extra conditions aren't lost"
mh_smoker (half pack/day; 20 yr),MH: Smoking history,"Smoking history (ever smoked, any amount/type)","Several rows are compound entries appending other conditions (e.g. ""smoker (1pk/day;25yrs); A. Fib; heart disease..."" or ""1/2 pack day for 60 yrs; HBP"") that will need to be split during cleanup so those extra conditions aren't lost"
mh_smoker (half pack/day; 20 yrs),MH: Smoking history,"Smoking history (ever smoked, any amount/type)","Several rows are compound entries appending other conditions (e.g. ""smoker (1pk/day;25yrs); A. Fib; heart disease..."" or ""1/2 pack day for 60 yrs; HBP"") that will need to be split during cleanup so those extra conditions aren't lost"
mh_smoker (half pk/day; 10 yrs),MH: Smoking history,"Smoking history (ever smoked, any amount/type)","Several rows are compound entries appending other conditions (e.g. ""smoker (1pk/day;25yrs); A. Fib; heart disease..."" or ""1/2 pack day for 60 yrs; HBP"") that will need to be split during cleanup so those extra conditions aren't lost"
mh_smoker (half pk/day; 10yrs),MH: Smoking history,"Smoking history (ever smoked, any amount/type)","Several rows are compound entries appending other conditions (e.g. ""smoker (1pk/day;25yrs); A. Fib; heart disease..."" or ""1/2 pack day for 60 yrs; HBP"") that will need to be split during cleanup so those extra conditions aren't lost"
mh_smoker (half pk/day; 2 yrs),MH: Smoking history,"Smoking history (ever smoked, any amount/type)","Several rows are compound entries appending other conditions (e.g. ""smoker (1pk/day;25yrs); A. Fib; heart disease..."" or ""1/2 pack day for 60 yrs; HBP"") that will need to be split during cleanup so those extra conditions aren't lost"
mh_smoker (half pk/day; 20 yr),MH: Smoking history,"Smoking history (ever smoked, any amount/type)","Several rows are compound entries appending other conditions (e.g. ""smoker (1pk/day;25yrs); A. Fib; heart disease..."" or ""1/2 pack day for 60 yrs; HBP"") that will need to be split during cleanup so those extra conditions aren't lost"
mh_smoker (half pk/day; 20 yrs),MH: Smoking history,"Smoking history (ever smoked, any amount/type)","Several rows are compound entries appending other conditions (e.g. ""smoker (1pk/day;25yrs); A. Fib; heart disease..."" or ""1/2 pack day for 60 yrs; HBP"") that will need to be split during cleanup so those extra conditions aren't lost"
mh_smoker (half pk/day; 20yrs),MH: Smoking history,"Smoking history (ever smoked, any amount/type)","Several rows are compound entries appending other conditions (e.g. ""smoker (1pk/day;25yrs); A. Fib; heart disease..."" or ""1/2 pack day for 60 yrs; HBP"") that will need to be split during cleanup so those extra conditions aren't lost"
mh_smoker (half pk/day; 28 yrs),MH: Smoking history,"Smoking history (ever smoked, any amount/type)","Several rows are compound entries appending other conditions (e.g. ""smoker (1pk/day;25yrs); A. Fib; heart disease..."" or ""1/2 pack day for 60 yrs; HBP"") that will need to be split during cleanup so those extra conditions aren't lost"
mh_smoker (half pk/day; 30yrs),MH: Smoking history,"Smoking history (ever smoked, any amount/type)","Several rows are compound entries appending other conditions (e.g. ""smoker (1pk/day;25yrs); A. Fib; heart disease..."" or ""1/2 pack day for 60 yrs; HBP"") that will need to be split during cleanup so those extra conditions aren't lost"
mh_smoker (half pk/day; 40yrs),MH: Smoking history,"Smoking history (ever smoked, any amount/type)","Several rows are compound entries appending other conditions (e.g. ""smoker (1pk/day;25yrs); A. Fib; heart disease..."" or ""1/2 pack day for 60 yrs; HBP"") that will need to be split during cleanup so those extra conditions aren't lost"
mh_smoker (half pk/day; 48yrs),MH: Smoking history,"Smoking history (ever smoked, any amount/type)","Several rows are compound entries appending other conditions (e.g. ""smoker (1pk/day;25yrs); A. Fib; heart disease..."" or ""1/2 pack day for 60 yrs; HBP"") that will need to be split during cleanup so those extra conditions aren't lost"
mh_smoker (half pk/day; 50 yrs),MH: Smoking history,"Smoking history (ever smoked, any amount/type)","Several rows are compound entries appending other conditions (e.g. ""smoker (1pk/day;25yrs); A. Fib; heart disease..."" or ""1/2 pack day for 60 yrs; HBP"") that will need to be split during cleanup so those extra conditions aren't lost"
mh_smoker (half pk/day; 50+ yrs),MH: Smoking history,"Smoking history (ever smoked, any amount/type)","Several rows are compound entries appending other conditions (e.g. ""smoker (1pk/day;25yrs); A. Fib; heart disease..."" or ""1/2 pack day for 60 yrs; HBP"") that will need to be split during cleanup so those extra conditions aren't lost"
mh_smoker (half pk/day; 64 yrs),MH: Smoking history,"Smoking history (ever smoked, any amount/type)","Several rows are compound entries appending other conditions (e.g. ""smoker (1pk/day;25yrs); A. Fib; heart disease..."" or ""1/2 pack day for 60 yrs; HBP"") that will need to be split during cleanup so those extra conditions aren't lost"
mh_smoker (half pk/day; during 20s),MH: Smoking history,"Smoking history (ever smoked, any amount/type)","Several rows are compound entries appending other conditions (e.g. ""smoker (1pk/day;25yrs); A. Fib; heart disease..."" or ""1/2 pack day for 60 yrs; HBP"") that will need to be split during cleanup so those extra conditions aren't lost"
mh_smoker (pipe for few yrs until 20 yo),MH: Smoking history,"Smoking history (ever smoked, any amount/type)","Several rows are compound entries appending other conditions (e.g. ""smoker (1pk/day;25yrs); A. Fib; heart disease..."" or ""1/2 pack day for 60 yrs; HBP"") that will need to be split during cleanup so those extra conditions aren't lost"
mh_smoker (pipe; 15yr),MH: Smoking history,"Smoking history (ever smoked, any amount/type)","Several rows are compound entries appending other conditions (e.g. ""smoker (1pk/day;25yrs); A. Fib; heart disease..."" or ""1/2 pack day for 60 yrs; HBP"") that will need to be split during cleanup so those extra conditions aren't lost"
mh_smoker (pipe; 30yrs),MH: Smoking history,"Smoking history (ever smoked, any amount/type)","Several rows are compound entries appending other conditions (e.g. ""smoker (1pk/day;25yrs); A. Fib; heart disease..."" or ""1/2 pack day for 60 yrs; HBP"") that will need to be split during cleanup so those extra conditions aren't lost"
mh_smoker (unknown amount for 15 yrs; quit 1959),MH: Smoking history,"Smoking history (ever smoked, any amount/type)","Several rows are compound entries appending other conditions (e.g. ""smoker (1pk/day;25yrs); A. Fib; heart disease..."" or ""1/2 pack day for 60 yrs; HBP"") that will need to be split during cleanup so those extra conditions aren't lost"
mh_smoker (unknown amount; 60yrs),MH: Smoking history,"Smoking history (ever smoked, any amount/type)","Several rows are compound entries appending other conditions (e.g. ""smoker (1pk/day;25yrs); A. Fib; heart disease..."" or ""1/2 pack day for 60 yrs; HBP"") that will need to be split during cleanup so those extra conditions aren't lost"
mh_smoker (unknown amount; during 20s and 30s),MH: Smoking history,"Smoking history (ever smoked, any amount/type)","Several rows are compound entries appending other conditions (e.g. ""smoker (1pk/day;25yrs); A. Fib; heart disease..."" or ""1/2 pack day for 60 yrs; HBP"") that will need to be split during cleanup so those extra conditions aren't lost"
mh_smoker (unknown how much; 20 yrs),MH: Smoking history,"Smoking history (ever smoked, any amount/type)","Several rows are compound entries appending other conditions (e.g. ""smoker (1pk/day;25yrs); A. Fib; heart disease..."" or ""1/2 pack day for 60 yrs; HBP"") that will need to be split during cleanup so those extra conditions aren't lost"
mh_smoker (unknown how much; quit 40 yrs ago),MH: Smoking history,"Smoking history (ever smoked, any amount/type)","Several rows are compound entries appending other conditions (e.g. ""smoker (1pk/day;25yrs); A. Fib; heart disease..."" or ""1/2 pack day for 60 yrs; HBP"") that will need to be split during cleanup so those extra conditions aren't lost"
mh_smoker (very little for a couple years),MH: Smoking history,"Smoking history (ever smoked, any amount/type)","Several rows are compound entries appending other conditions (e.g. ""smoker (1pk/day;25yrs); A. Fib; heart disease..."" or ""1/2 pack day for 60 yrs; HBP"") that will need to be split during cleanup so those extra conditions aren't lost"
mh_smoker 1 pack /day for 40 years,MH: Smoking history,"Smoking history (ever smoked, any amount/type)","Several rows are compound entries appending other conditions (e.g. ""smoker (1pk/day;25yrs); A. Fib; heart disease..."" or ""1/2 pack day for 60 yrs; HBP"") that will need to be split during cleanup so those extra conditions aren't lost"
mh_smoker 40yrs,MH: Smoking history,"Smoking history (ever smoked, any amount/type)","Several rows are compound entries appending other conditions (e.g. ""smoker (1pk/day;25yrs); A. Fib; heart disease..."" or ""1/2 pack day for 60 yrs; HBP"") that will need to be split during cleanup so those extra conditions aren't lost"
mh_smoking,MH: Smoking history,"Smoking history (ever smoked, any amount/type)","Several rows are compound entries appending other conditions (e.g. ""smoker (1pk/day;25yrs); A. Fib; heart disease..."" or ""1/2 pack day for 60 yrs; HBP"") that will need to be split during cleanup so those extra conditions aren't lost"
mh_social smoker (1-2 cigarettes/day from 1950s-60s),MH: Smoking history,"Smoking history (ever smoked, any amount/type)","Several rows are compound entries appending other conditions (e.g. ""smoker (1pk/day;25yrs); A. Fib; heart disease..."" or ""1/2 pack day for 60 yrs; HBP"") that will need to be split during cleanup so those extra conditions aren't lost"
mh_social smoker (? How much; 30 yrs),MH: Smoking history,"Smoking history (ever smoked, any amount/type)","Several rows are compound entries appending other conditions (e.g. ""smoker (1pk/day;25yrs); A. Fib; heart disease..."" or ""1/2 pack day for 60 yrs; HBP"") that will need to be split during cleanup so those extra conditions aren't lost"
mh_social smoker for 30yrs,MH: Smoking history,"Smoking history (ever smoked, any amount/type)","Several rows are compound entries appending other conditions (e.g. ""smoker (1pk/day;25yrs); A. Fib; heart disease..."" or ""1/2 pack day for 60 yrs; HBP"") that will need to be split during cleanup so those extra conditions aren't lost"
mh_CVA,MH: Stroke (CVA),Stroke (CVA),CVA = cerebrovascular accident = stroke
mh_Cerebrovascular accident,MH: Stroke (CVA),Stroke (CVA),CVA = cerebrovascular accident = stroke
mh_stroke,MH: Stroke (CVA),Stroke (CVA),CVA = cerebrovascular accident = stroke
mh_stroke (1989),MH: Stroke (CVA),Stroke (CVA),CVA = cerebrovascular accident = stroke
mh_TIA,MH: TIA (mini-stroke),TIA (mini-stroke),"TIA = transient ischemic attack, a temporary stroke-like event distinct from a full stroke -- keep separate from CVA unless clinically justified to merge"
mh_transient ischemic attack (2012),MH: TIA (mini-stroke),TIA (mini-stroke),"TIA = transient ischemic attack, a temporary stroke-like event distinct from a full stroke -- keep separate from CVA unless clinically justified to merge"
mh_TBI,MH: Traumatic brain injury (TBI),Traumatic brain injury (TBI),TBI = traumatic brain injury
mh_Trauma to head from fall,MH: Traumatic brain injury (TBI),Traumatic brain injury (TBI),TBI = traumatic brain injury
mh_head trauma,MH: Traumatic brain injury (TBI),Traumatic brain injury (TBI),TBI = traumatic brain injury
mh_UTI,MH: Urinary tract infection (UTI),Urinary tract infection (UTI),
mh_UTI last week,MH: Urinary tract infection (UTI),Urinary tract infection (UTI),
mh_urinary tract infection,MH: Urinary tract infection (UTI),Urinary tract infection (UTI),
mh_Mitral valve prolapse (repaired),MH: Valvular heart disease,Valvular heart disease,Heart valve disease/replacement
mh_heart valve replacement,MH: Valvular heart disease,Valvular heart disease,Heart valve disease/replacement
mh_valve replacement,MH: Valvular heart disease,Valvular heart disease,Heart valve disease/replacement
mh_valvular disease,MH: Valvular heart disease,Valvular heart disease,Heart valve disease/replacement
mh_valvular heart disease,MH: Valvular heart disease,Valvular heart disease,Heart valve disease/replacement
oc_hemorrhage in the back of the eyes,OC: Eye hemorrhage,Vitreous hemorrhage,
oc_vitreous hemorrhage,OC: Eye hemorrhage,Vitreous hemorrhage,
oc_Glasses only recently,OC: Corrective glasses use,Wears corrective glasses,
oc_Wore reading glasses,OC: Corrective glasses use,Wears corrective glasses,
oc_glasses,OC: Corrective glasses use,Wears corrective glasses,
sex_bin,Demographic: sex,,Binary sex indicator
A69S_GG,Genotype: ARMS2 A69S variant,,"AMD-associated genotype (ARMS2 gene, A69S SNP). GG/GT/TT are the three genotype states"
A69S_GT,Genotype: ARMS2 A69S variant,,"AMD-associated genotype (ARMS2 gene, A69S SNP). GG/GT/TT are the three genotype states"
A69S_TT,Genotype: ARMS2 A69S variant,,"AMD-associated genotype (ARMS2 gene, A69S SNP). GG/GT/TT are the three genotype states"
Y402H_CC,Genotype: CFH Y402H variant,,"AMD-associated genotype (CFH gene, Y402H SNP). CC/CT/TT are the three genotype states "
Y402H_CT,Genotype: CFH Y402H variant,,"AMD-associated genotype (CFH gene, Y402H SNP). CC/CT/TT are the three genotype states "
Y402H_TT,Genotype: CFH Y402H variant,,"AMD-associated genotype (CFH gene, Y402H SNP). CC/CT/TT are the three genotype states "
mh_ARDS,MH: ARDS,,"ARDS = acute respiratory distress syndrome, an acute critical-illness event, not a chronic lung disease -- keep separate from COPD group."
mh_AML,MH: Acute myeloid leukemia (AML),,Distinct leukemia subtype from CML -- do not merge with CML.
mh_altered mental status,MH: Altered mental status / encephalopathy (unspecified),,Generic cognitive/consciousness disturbance not otherwise specified -- may overlap with liver-related encephalopathy above; verify context per row if possible.
mh_Alzheimer's depression,MH: Alzheimer's disease,,"Alzheimer's, including compound entries like ""Alzheimer's depression"" and ""early Alzheimers"" -- the depression component should probably also count toward a depression flag if compound entries get split."
mh_anemia,MH: Anemia,,
mh_Aneurysm,MH: Aneurysm (site unspecified),,Ambiguous -- doesn't specify aortic vs. cerebral vs. other. Kept separate from the confirmed AAA group above pending verification.
mh_angina,MH: Angina,,"Chest pain symptom, typically a marker of underlying CAD -- consider grouping with CAD or keeping as its own symptom flag."
mh_angioedema,MH: Angioedema,,
mh_anxiety,MH: Anxiety,,
mh_aoritc stenosis,MH: Aortic stenosis,,"""mh_aoritc stenosis"" looks like a typo for ""aortic stenosis""."
mh_arthritis,MH: Arthritis (type unspecified),,"Generic ""arthritis"" without specifying RA vs. OA -- cannot be confidently merged into either specific bucket without more info; keep as its own ""unspecified"" category per your under-merging preference."
mh_asthma,MH: Asthma,,
mh_A. fib (pacemaker) - 2007; high cholesterol),MH: Atrial fibrillation,,"A Fib = atrial fibrillation (irregular heartbeat). Several rows also append other conditions (e.g. ""high cholesterol"") in the same cell -- these are compound entries that should be split before collapsing. Includes a row noting Coumadin (a blood thinner) prescribed for A Fib."
mh_CMF+Afib post op,MH: Atrial fibrillation,,"A Fib = atrial fibrillation (irregular heartbeat). Several rows also append other conditions (e.g. ""high cholesterol"") in the same cell -- these are compound entries that should be split before collapsing. Includes a row noting Coumadin (a blood thinner) prescribed for A Fib."
mh_smoker (1pk/day; 25yrs); A. Fib; heart disease; high cholesterol; Parkinson's; dementia),MH: Atrial fibrillation,,"A Fib = atrial fibrillation (irregular heartbeat). Several rows also append other conditions (e.g. ""high cholesterol"") in the same cell -- these are compound entries that should be split before collapsing. Includes a row noting Coumadin (a blood thinner) prescribed for A Fib."
mh_smoker (casual; 2 yrs); CHF; A. Fib; pleural effusion),MH: Atrial fibrillation,,"A Fib = atrial fibrillation (irregular heartbeat). Several rows also append other conditions (e.g. ""high cholesterol"") in the same cell -- these are compound entries that should be split before collapsing. Includes a row noting Coumadin (a blood thinner) prescribed for A Fib."
mh_clotting disorder,MH: Blood cell/coagulation abnormality,,"Grouped lab-abnormality mentions -- these are distinct from each other clinically (low platelets vs. high/low white cells vs. clotting vs. blood in urine); flagged together only because each is a single-row rarity, not because they are the same condition. Consider keeping fully separate if any survive feature selection."
mh_hematuria,MH: Blood cell/coagulation abnormality,,"Grouped lab-abnormality mentions -- these are distinct from each other clinically (low platelets vs. high/low white cells vs. clotting vs. blood in urine); flagged together only because each is a single-row rarity, not because they are the same condition. Consider keeping fully separate if any survive feature selection."
mh_leukocytosis,MH: Blood cell/coagulation abnormality,,"Grouped lab-abnormality mentions -- these are distinct from each other clinically (low platelets vs. high/low white cells vs. clotting vs. blood in urine); flagged together only because each is a single-row rarity, not because they are the same condition. Consider keeping fully separate if any survive feature selection."
mh_leukopenia,MH: Blood cell/coagulation abnormality,,"Grouped lab-abnormality mentions -- these are distinct from each other clinically (low platelets vs. high/low white cells vs. clotting vs. blood in urine); flagged together only because each is a single-row rarity, not because they are the same condition. Consider keeping fully separate if any survive feature selection."
mh_thrombocytopenia,MH: Blood cell/coagulation abnormality,,"Grouped lab-abnormality mentions -- these are distinct from each other clinically (low platelets vs. high/low white cells vs. clotting vs. blood in urine); flagged together only because each is a single-row rarity, not because they are the same condition. Consider keeping fully separate if any survive feature selection."
mh_bowel obstruction,MH: Bowel obstruction/injury,,
mh_bowel perforation,MH: Bowel obstruction/injury,,
mh_ischemic bowel,MH: Bowel obstruction/injury,,
mh_ruptured bowel,MH: Bowel obstruction/injury,,
mh_basal ganglia infarction,MH: Brain hemorrhage/infarction (other),,ICH = intracranial hemorrhage. Brain bleed/infarct events distinct from ischemic stroke (CVA) label above -- verify overlap.
mh_benign pituitary tumor,MH: Brain/pituitary tumor,,"Includes a benign tumor -- confirm whether benign tumors should be pooled with cancer diagnoses at all, since that changes the clinical meaning."
mh_brain tumor,MH: Brain/pituitary tumor,,"Includes a benign tumor -- confirm whether benign tumors should be pooled with cancer diagnoses at all, since that changes the clinical meaning."
mh_C.diff,MH: C. diff infection,,Clostridioides difficile intestinal infection.
mh_Cardiomyopathy,MH: Cardiomyopathy/cardiomegaly,,Structural heart muscle disease.
mh_cardiomegaly,MH: Cardiomyopathy/cardiomegaly,,Structural heart muscle disease.
mh_cardiomyopathy,MH: Cardiomyopathy/cardiomegaly,,Structural heart muscle disease.
mh_carotid surgery,MH: Carotid surgery (history),,"Vascular surgery, typically related to stroke risk -- consider whether to fold into vascular surgery group below."
mh_Pulmonary Mycobacterium complex,MH: Chronic lung disease (other),,Lung conditions distinct from COPD -- fibrosis/ILD/infection.
mh_aspergillis,MH: Chronic lung disease (other),,Lung conditions distinct from COPD -- fibrosis/ILD/infection.
mh_interstitial lung disease,MH: Chronic lung disease (other),,Lung conditions distinct from COPD -- fibrosis/ILD/infection.
mh_lung disease,MH: Chronic lung disease (other),,Lung conditions distinct from COPD -- fibrosis/ILD/infection.
mh_pulmonary fibrosis,MH: Chronic lung disease (other),,Lung conditions distinct from COPD -- fibrosis/ILD/infection.
mh_CLL,MH: Chronic lymphocytic leukemia (CLL),,Distinct leukemia subtype from AML/CML.
mh_CML,MH: Chronic myeloid leukemia (CML),,Distinct leukemia subtype from AML -- do not merge with AML.
mh_chronic pain,MH: Chronic pain,,
mh_colitis,MH: Colitis,,
mh_rectal cancer,MH: Colorectal cancer,,
mh_End stage cardiac disease,MH: Congestive heart failure (CHF),,CHF = congestive heart failure.
mh_pulmonary hypertension; diastolic heart failure; rheumatoid arthritis,MH: Congestive heart failure (CHF),,CHF = congestive heart failure.
mh_dehydration,MH: Dehydration,,
mh_depression/bipolar,MH: Depression,,"Includes a compound ""depression/bipolar"" entry -- consider whether to split into separate depression and bipolar flags."
mh_insulin in hospital,MH: Diabetes-related (insulin use),,"Inpatient insulin use -- likely a diabetes proxy, but not an explicit diabetes diagnosis; verify before treating as a diabetes flag."
mh_Diverticulitis,MH: Diverticulitis,,
mh_diverticulitis,MH: Diverticulitis,,
mh_dysphagia,MH: Dysphagia/dysphasia,,Dysphagia (swallowing difficulty) and dysphasia (language/speech difficulty) are clinically different conditions despite similar spelling -- verify these weren't conflated in charting before merging; keeping separate is safer.
mh_dysphasia,MH: Dysphagia/dysphasia,,Dysphagia (swallowing difficulty) and dysphasia (language/speech difficulty) are clinically different conditions despite similar spelling -- verify these weren't conflated in charting before merging; keeping separate is safer.
mh_esophagus and bladder surgically removed,MH: Esophageal cancer,,
mh_esphagitis,MH: Esophagitis,,"Likely typo for ""esophagitis""."
mh_Fibromyalgia,MH: Fibromyalgia,,
mh_fibromyalgia,MH: Fibromyalgia,,
mh_fractured right femur,MH: Fracture (history),,Isolated injury record.
mh_GERD,MH: GERD,,GERD = gastroesophageal reflux disease.
mh_GI bleed,MH: GI bleed,,
mh_gout,MH: Gout,,"A distinct crystal-induced arthritis, not OA or RA."
mh_endometrial cancer,MH: Gynecologic cancer,,"Endometrial and ovarian cancer are different primary sites -- verify before merging into one ""gynecologic"" bucket vs. keeping separate."
mh_metastatic ovarian cancer,MH: Gynecologic cancer,,"Endometrial and ovarian cancer are different primary sites -- verify before merging into one ""gynecologic"" bucket vs. keeping separate."
mh_heart history,MH: Heart disease (unspecified/generic),,"Vague chart-note phrasing (""heart disease"", ""heart problems"") -- doesn't specify CAD/CHF/valve/other. Consider a separate ""generic heart disease"" bucket rather than merging into a specific diagnosis, since merging would fabricate specificity that isn't in the source."
mh_heart tumor,MH: Heart disease (unspecified/generic),,"Vague chart-note phrasing (""heart disease"", ""heart problems"") -- doesn't specify CAD/CHF/valve/other. Consider a separate ""generic heart disease"" bucket rather than merging into a specific diagnosis, since merging would fabricate specificity that isn't in the source."
mh_smoker (1pk/day; 50yrs); heart disease; HBP; high cholesterol),MH: High cholesterol / hyperlipidemia,,"Same underlying condition written many ways (typos: ""nigh cholesterol"", ""hihg cholesterol""; synonyms: hyperlipidemia, dyslipidemia, elevated/increased cholesterol)"
mh_smoker (?amount; during early 20s); hyperlipidemia; HTn; osteoarthritis),MH: High cholesterol / hyperlipidemia,,"Same underlying condition written many ways (typos: ""nigh cholesterol"", ""hihg cholesterol""; synonyms: hyperlipidemia, dyslipidemia, elevated/increased cholesterol)"
mh_histoplasmosis,MH: Histoplasmosis,,Fungal infection.
mh_HN,MH: Hypertension (high blood pressure),,"HBP/HTN = hypertension. ""mh_HN"" is ambiguous -- likely a typo for HTN but could mean something else; verify before merging. Includes compound entries like ""mh_HTN basal cell carcinoma"" and ""mh_HTN (took meds)"" that append extra info to the same cell."
mh_HTN (took meds),MH: Hypertension (high blood pressure),,"HBP/HTN = hypertension. ""mh_HN"" is ambiguous -- likely a typo for HTN but could mean something else; verify before merging. Includes compound entries like ""mh_HTN basal cell carcinoma"" and ""mh_HTN (took meds)"" that append extra info to the same cell."
mh_HTN basal cell carcinoma,MH: Hypertension (high blood pressure),,"HBP/HTN = hypertension. ""mh_HN"" is ambiguous -- likely a typo for HTN but could mean something else; verify before merging. Includes compound entries like ""mh_HTN basal cell carcinoma"" and ""mh_HTN (took meds)"" that append extra info to the same cell."
mh_fluctuating blood pressure,MH: Hypertension (high blood pressure),,"HBP/HTN = hypertension. ""mh_HN"" is ambiguous -- likely a typo for HTN but could mean something else; verify before merging. Includes compound entries like ""mh_HTN basal cell carcinoma"" and ""mh_HTN (took meds)"" that append extra info to the same cell."
mh_incontinence due to age,MH: Incontinence,,
mh_Influenza A,MH: Influenza,,
mh_insomia,MH: Insomnia,,"""mh_insomia"" looks like a typo for ""insomnia""."
mh_mental retardation,MH: Intellectual disability,,
mh_hip replacement,MH: Joint replacement (non-cardiac),,
mh_kidney cancer,MH: Kidney cancer,,
mh_end stage renal disease,MH: Kidney/renal disease,,"Renal failure, CKD (chronic kidney disease), and related kidney conditions. ""mh_kidney cancer"" and ""mh_kidney atrophy"" are related organ but distinct pathology from failure/CKD -- consider whether to keep separate."
mh_hyperkalemia,MH: Kidney/renal disease,,Hyperkalemia (high blood potassium) is often a downstream symptom of kidney disease -- consider grouping with renal conditions or keeping separate as a lab-value flag.
mh_kidney atrophy,MH: Kidney/renal disease,,"Renal failure, CKD (chronic kidney disease), and related kidney conditions. ""mh_kidney cancer"" and ""mh_kidney atrophy"" are related organ but distinct pathology from failure/CKD -- consider whether to keep separate."
mh_kidney removed (2011),MH: Kidney/renal disease,,"Renal failure, CKD (chronic kidney disease), and related kidney conditions. ""mh_kidney cancer"" and ""mh_kidney atrophy"" are related organ but distinct pathology from failure/CKD -- consider whether to keep separate."
mh_kidney transplant secondary to nephritis,MH: Kidney/renal disease,,"Renal failure, CKD (chronic kidney disease), and related kidney conditions. ""mh_kidney cancer"" and ""mh_kidney atrophy"" are related organ but distinct pathology from failure/CKD -- consider whether to keep separate."
mh_nephritis,MH: Kidney/renal disease,,"Renal failure, CKD (chronic kidney disease), and related kidney conditions. ""mh_kidney cancer"" and ""mh_kidney atrophy"" are related organ but distinct pathology from failure/CKD -- consider whether to keep separate."
mh_polycystic kidney disease,MH: Kidney/renal disease,,"Renal failure, CKD (chronic kidney disease), and related kidney conditions. ""mh_kidney cancer"" and ""mh_kidney atrophy"" are related organ but distinct pathology from failure/CKD -- consider whether to keep separate."
mh_renal transplant (on dialysis),MH: Kidney/renal disease,,"Renal failure, CKD (chronic kidney disease), and related kidney conditions. ""mh_kidney cancer"" and ""mh_kidney atrophy"" are related organ but distinct pathology from failure/CKD -- consider whether to keep separate."
mh_liver cancer,MH: Liver cancer,,"Cancer diagnosis, distinct from liver failure/cirrhosis -- do not merge with general liver disease group."
mh_Alcoholic Cirrhosis,MH: Liver disease,,"ESLD = end stage liver disease. Encephalopathy here appears to be hepatic/metabolic encephalopathy (liver-related), not a separate neuro condition -- ""mh_haptic encephalopathy"" looks like a typo for ""hepatic encephalopathy""."
mh_Encephalopathy,MH: Liver disease,,"ESLD = end stage liver disease. Encephalopathy here appears to be hepatic/metabolic encephalopathy (liver-related), not a separate neuro condition -- ""mh_haptic encephalopathy"" looks like a typo for ""hepatic encephalopathy""."
mh_biliary cirrhosis,MH: Liver disease,,"ESLD = end stage liver disease. Encephalopathy here appears to be hepatic/metabolic encephalopathy (liver-related), not a separate neuro condition -- ""mh_haptic encephalopathy"" looks like a typo for ""hepatic encephalopathy""."
mh_encephalopathy,MH: Liver disease,,"ESLD = end stage liver disease. Encephalopathy here appears to be hepatic/metabolic encephalopathy (liver-related), not a separate neuro condition -- ""mh_haptic encephalopathy"" looks like a typo for ""hepatic encephalopathy""."
mh_haptic encephalopathy,MH: Liver disease,,"ESLD = end stage liver disease. Encephalopathy here appears to be hepatic/metabolic encephalopathy (liver-related), not a separate neuro condition -- ""mh_haptic encephalopathy"" looks like a typo for ""hepatic encephalopathy""."
mh_hepatic fibrosis,MH: Liver disease,,"ESLD = end stage liver disease. Encephalopathy here appears to be hepatic/metabolic encephalopathy (liver-related), not a separate neuro condition -- ""mh_haptic encephalopathy"" looks like a typo for ""hepatic encephalopathy""."
mh_liver failure,MH: Liver disease,,"ESLD = end stage liver disease. Encephalopathy here appears to be hepatic/metabolic encephalopathy (liver-related), not a separate neuro condition -- ""mh_haptic encephalopathy"" looks like a typo for ""hepatic encephalopathy""."
mh_liver mass,MH: Liver disease,,"ESLD = end stage liver disease. Encephalopathy here appears to be hepatic/metabolic encephalopathy (liver-related), not a separate neuro condition -- ""mh_haptic encephalopathy"" looks like a typo for ""hepatic encephalopathy""."
mh_metabolic encephalopathy,MH: Liver disease,,"ESLD = end stage liver disease. Encephalopathy here appears to be hepatic/metabolic encephalopathy (liver-related), not a separate neuro condition -- ""mh_haptic encephalopathy"" looks like a typo for ""hepatic encephalopathy""."
mh_lung cancer,MH: Lung cancer,,
mh_small cell lung cancer,MH: Lung cancer,,
mh_lung mass,MH: Lung mass (unspecified),,Not specified as cancer or benign -- keep separate from confirmed lung cancer diagnoses.
mh_lymphoma,MH: Lymphoma,,Hodgkin's and Non-Hodgkin's lymphoma are clinically distinct -- verify whether rows distinguish them before merging into one lymphoma bucket.
mh_mesothelioma,MH: Mesothelioma,,
mh_multi-system organ failure,MH: Multi-system organ failure,,
mh_multiple myeloma,MH: Multiple myeloma,,
mh_pre-multiple myeloma,MH: Multiple myeloma,,
mh_neurogenic bladder,MH: Neurogenic bladder,,
mh_neuropathy,MH: Neuropathy,,Nerve damage/dysfunction.
mh_neutropenic fever,MH: Neutropenic fever,,"Fever occurring with a low white-blood-cell count, usually in the context of chemotherapy or blood disorder -- related to but distinct from the general blood-abnormality group above."
mh_arrhthmia,MH: Other arrhythmia / cardiac device,,"Arrhythmia, tachycardia, or implanted cardiac device, distinct from atrial fibrillation."
mh_cardiac arrest,MH: Other arrhythmia / cardiac device,,"Arrhythmia, tachycardia, or implanted cardiac device, distinct from atrial fibrillation."
mh_implantable cardioverter-defibrillator,MH: Other arrhythmia / cardiac device,,"Arrhythmia, tachycardia, or implanted cardiac device, distinct from atrial fibrillation."
mh_pacemaker,MH: Other arrhythmia / cardiac device,,"Arrhythmia, tachycardia, or implanted cardiac device, distinct from atrial fibrillation."
mh_tachycardia,MH: Other arrhythmia / cardiac device,,"Arrhythmia, tachycardia, or implanted cardiac device, distinct from atrial fibrillation."
mh_Paget's disease,MH: Paget's disease (bone),,"Rare chronic bone disorder, distinct entity."
mh_pancreatic cancer,MH: Pancreatic cancer,,
mh_chronic pancreatitis,MH: Pancreatitis,,
mh_paraplegia,MH: Paraplegia,,
mh_peripheral vascular disease,MH: Peripheral vascular disease,,
mh_aspiration pneumonia,MH: Pneumonia,,"Acute lung infection, distinct from chronic lung disease."
mh_pneumonia,MH: Pneumonia,,"Acute lung infection, distinct from chronic lung disease."
mh_polyps removed,MH: Polyps removed (history),,Likely colon polyps (precancerous) -- distinct from confirmed colorectal cancer diagnoses.
mh_Prostate cancer,MH: Prostate condition,,"""Enlarged prostate"" (BPH) is benign, distinct from prostate cancer -- verify whether this row is being conflated with the cancer diagnosis rows before merging."
mh_enlarged prostate,MH: Prostate condition,,"""Enlarged prostate"" (BPH) is benign, distinct from prostate cancer -- verify whether this row is being conflated with the cancer diagnosis rows before merging."
mh_prostate cancer,MH: Prostate condition,,"""Enlarged prostate"" (BPH) is benign, distinct from prostate cancer -- verify whether this row is being conflated with the cancer diagnosis rows before merging."
mh_prostectomy,MH: Prostate condition,,"""Enlarged prostate"" (BPH) is benign, distinct from prostate cancer -- verify whether this row is being conflated with the cancer diagnosis rows before merging."
mh_pulmonary HTN,MH: Pulmonary vascular disease,,"Pulmonary embolism (clot in lung) and pulmonary hypertension are distinct from COPD/fibrosis -- vascular, not obstructive/restrictive lung disease."
mh_Raynand's disease,MH: Raynaud's disease,,"""mh_Raynand's disease"" looks like a typo for ""Raynaud's disease""."
mh_shortness of breath,MH: Respiratory failure/symptoms (unspecified),,Generic respiratory symptom/failure notes without a named diagnosis.
mh_restless leg syndrome,MH: Restless leg syndrome,,
mh_rheumatic fever as child,MH: Rheumatic fever (childhood),,
mh_scleroderma,MH: Scleroderma,,
mh_possible sepsis,MH: Sepsis,,
mh_herpes zoster,MH: Shingles (herpes zoster),,
mh_sinusitis,MH: Sinusitis,,
mh_skin cancer,MH: Skin cancer,,
mh_1/2 pack day for 60 yrs; HBP,MH: Smoking history,,"Several rows are compound entries appending other conditions (e.g. ""smoker (1pk/day;25yrs); A. Fib; heart disease..."" or ""1/2 pack day for 60 yrs; HBP"") that will need to be split during cleanup so those extra conditions aren't lost."
mh_smoker (1pk/day; 50yrs); HTN; alcoholic),MH: Smoking history,,"Several rows are compound entries appending other conditions (e.g. ""smoker (1pk/day;25yrs); A. Fib; heart disease..."" or ""1/2 pack day for 60 yrs; HBP"") that will need to be split during cleanup so those extra conditions aren't lost."
mh_smoker; quit 30 years ago; HTN,MH: Smoking history,,"Several rows are compound entries appending other conditions (e.g. ""smoker (1pk/day;25yrs); A. Fib; heart disease..."" or ""1/2 pack day for 60 yrs; HBP"") that will need to be split during cleanup so those extra conditions aren't lost."
mh_spinal cancer,MH: Spinal cancer,,
mh_scoliosis,MH: Spinal condition,,
mh_spinal stenosis,MH: Spinal condition,,
mh_staph infx. In blood,MH: Staph infection,,
mh_stomach cancer (surgery 25+ ys ago),MH: Stomach cancer,,
mh_Thyroid Cancer,MH: Thyroid disease (other),,"Thyroid-related but distinct from hypothyroidism (inflammation/surgery/cancer, not underactive function)."
mh_thyroidectomy,MH: Thyroid disease (other),,"Thyroid-related but distinct from hypothyroidism (inflammation/surgery/cancer, not underactive function)."
mh_thyroiditis,MH: Thyroid disease (other),,"Thyroid-related but distinct from hypothyroidism (inflammation/surgery/cancer, not underactive function)."
mh_s/p tonsillectomy,MH: Tonsillectomy (history),,"s/p = ""status post,"" i.e. after/following."
mh_valve disease due to rheumatic fever as child,MH: Valvular heart disease,,Heart valve disease/replacement.
mh_vascualr surgery,"MH: Vascular surgery (history, other)",,"""mh_vascualr surgery"" looks like a typo for ""vascular surgery""."
mh_vasculitis,MH: Vasculitis,,
mh_Vertigo,MH: Vertigo,,Balance/dizziness disorder.
mh_Waldenstrom's disease,MH: Waldenstrom's disease,,"Rare blood cancer, distinct entity."
mh_Wegener's disease,MH: Wegener's disease,,Autoimmune vasculitis.
mh_-,MH: no history recorded,,Consider treating as missing data rather than a feature.
mh_N/A,MH: no history recorded,,Consider treating as missing data rather than a feature.
oc_AMD (Avastin injections),OC: AMD diagnosis note (LABEL LEAKAGE),,"This restates the AMD diagnosis itself and should be excluded from features, not just consolidated. ""oc_AMD (wet)"" was flagged separately as having slipped past the current leakage filter -- confirm it and all AMD-note variants here are excluded."
oc_AMD (Lucentis injections),OC: AMD diagnosis note (LABEL LEAKAGE),,"This restates the AMD diagnosis itself and should be excluded from features, not just consolidated. ""oc_AMD (wet)"" was flagged separately as having slipped past the current leakage filter -- confirm it and all AMD-note variants here are excluded."
oc_AMD (OD),OC: AMD diagnosis note (LABEL LEAKAGE),,"This restates the AMD diagnosis itself and should be excluded from features, not just consolidated. ""oc_AMD (wet)"" was flagged separately as having slipped past the current leakage filter -- confirm it and all AMD-note variants here are excluded."
oc_AMD (took vitamins),OC: AMD diagnosis note (LABEL LEAKAGE),,"This restates the AMD diagnosis itself and should be excluded from features, not just consolidated. ""oc_AMD (wet)"" was flagged separately as having slipped past the current leakage filter -- confirm it and all AMD-note variants here are excluded."
oc_AMD (wet),OC: AMD diagnosis note (LABEL LEAKAGE),,"This restates the AMD diagnosis itself and should be excluded from features, not just consolidated. ""oc_AMD (wet)"" was flagged separately as having slipped past the current leakage filter -- confirm it and all AMD-note variants here are excluded."
oc_AMD -took vitamins,OC: AMD diagnosis note (LABEL LEAKAGE),,"This restates the AMD diagnosis itself and should be excluded from features, not just consolidated. ""oc_AMD (wet)"" was flagged separately as having slipped past the current leakage filter -- confirm it and all AMD-note variants here are excluded."
oc_AMD?,OC: AMD diagnosis note (LABEL LEAKAGE),,"This restates the AMD diagnosis itself and should be excluded from features, not just consolidated. ""oc_AMD (wet)"" was flagged separately as having slipped past the current leakage filter -- confirm it and all AMD-note variants here are excluded."
oc_macular degeneraton,OC: AMD diagnosis note (LABEL LEAKAGE),,"Likely typo for ""macular degeneration"" -- another AMD chart note that restates the label; should be excluded as leakage, same as the oc_AMD variants."
oc_on Ocuvite,OC: AMD treatment (injection/supplement),,"Retinal injections and Ocuvite (a vitamin supplement) are typically AMD treatments -- like the AMD chart notes above, these may indirectly restate AMD status and are worth reviewing as potential leakage, not just typos to merge."
oc_retinal injection,OC: AMD treatment (injection/supplement),,"Retinal injections and Ocuvite (a vitamin supplement) are typically AMD treatments -- like the AMD chart notes above, these may indirectly restate AMD status and are worth reviewing as potential leakage, not just typos to merge."
oc_confirmed aphakic (OD),"OC: Aphakic (lens removed, not replaced)",,Distinct from pseudophakic -- lens removed with no replacement implant. Do not merge with pseudophakic.
oc_Cataracts; confirmed pseudophakic),OC: Cataracts + pseudophakic (compound entry),,"Compound entry combining two conditions in one cell -- needs to be split into separate cataracts and pseudophakic flags during cleanup, not just relabeled."
oc_outer layer chemical damage fixed,OC: Chemical eye injury,,
oc_contact lens,OC: Contact lens use,,
oc_cornea transplant,OC: Corneal transplant,,
oc_Saw eye doctor,OC: Eye doctor visit (non-diagnostic),,"Records that an eye exam occurred, not a specific diagnosis -- low information value as a feature."
oc_cosmetic lid sx,OC: Eyelid surgery,,sx = surgery.
oc_eyelid sx(inversion of eyelid),OC: Eyelid surgery,,sx = surgery.
oc_eyelid sx(since child),OC: Eyelid surgery,,sx = surgery.
oc_Glaucoma,OC: Glaucoma / elevated IOP treatment,,IOP = intraocular pressure. IOL = intraocular lens (surgical implant) -- verify whether this IOL surgery row belongs here or with cataract/pseudophakic surgery group instead.
oc_eyes med to decrease IOP,OC: Glaucoma / elevated IOP treatment,,IOP = intraocular pressure. IOL = intraocular lens (surgical implant) -- verify whether this IOL surgery row belongs here or with cataract/pseudophakic surgery group instead.
mh_Lasik surgery ~10 years ago,OC: LASIK / refractive surgery,,
oc_lasik surgery (OS) 8 yrs ago,OC: LASIK / refractive surgery,,
oc_sensitive to light,OC: Light sensitivity,,
oc_Ocular Albinism,OC: Ocular albinism,,
oc_herpes/shingles infection in eye,OC: Ocular herpes/shingles infection,,
oc_metal fragment penetrate one eye - removed by dr. (2 yr ago),OC: Penetrating eye injury (foreign body),,
oc_drops at time of surgery,OC: Peri-surgical eye drops,,"Refers to drops used during/around a surgical procedure, not a chronic dry-eye diagnosis -- keep separate from the dry eye group above."
oc_confirmed phakic (OS),OC: Phakic (natural lens),,"Has natural (not artificial) lens -- essentially the absence of pseudophakic status. ""confirmed phakis"" looks like a typo for ""phakic"". Laterality variants (OD/OS/OU) present."
oc_confirmed pseudophakic (OS),OC: Pseudophakic (artificial lens),,"keep separate from cataracts -- pseudophakic isn't always caused by cataracts. Includes typos: ""confimred"", ""pseduophakic"" (letters transposed), ""pseeudophakic"". Laterality (OD/OS/OU) preserved as real clinical info; only spelling/typo variants are merge candidates."
oc_Retinal occlusion (OD) - surgery 2011,OC: Retinal occlusion,,"Distinct condition from retinal detachment -- a vascular blockage, not a structural detachment."
oc_bilat severe visual impairment,OC: Severe visual impairment/blindness,,"""oc_patially blind"" looks like a typo for ""partially blind""."
oc_patially blind due to blod clot (OD),OC: Severe visual impairment/blindness,,"""oc_patially blind"" looks like a typo for ""partially blind""."
oc_?,OC: no history recorded,,Consider treating as missing data.
oc_n/a,OC: no history recorded,,Consider treating as missing data.
oc_unknown,OC: no history recorded,,Consider treating as missing data.