,z0,z1,z2,z3
0,-0.06212439388036728,0.0,0.0,0.4964573085308075
1,-0.1307399421930313,0.0,0.0,0.16847069561481476
2,-0.24142757058143616,0.0,0.0,-0.39473700523376465
3,0.2655951976776123,0.0,0.0,-0.3559955358505249
4,-0.686045229434967,0.0,0.0,-0.12810677289962769
5,-0.686045229434967,0.0,0.0,-0.12810677289962769
6,-0.6243598461151123,0.0,0.0,-0.1199207529425621
7,0.7805949449539185,0.0,0.0,-0.16196775436401367
8,0.7805949449539185,0.0,0.0,-0.16196775436401367
9,-0.686045229434967,0.0,0.0,-0.12810677289962769
10,0.18641270697116852,0.0,0.0,-0.37244999408721924
11,-0.6794624328613281,0.0,0.0,0.12241505831480026
12,-0.676053524017334,0.0,0.0,0.1725931018590927
13,-0.6243598461151123,0.0,0.0,-0.1199207529425621
14,-0.19993895292282104,0.0,0.0,-0.17647609114646912
15,-0.35291799902915955,0.0,0.0,-0.05142669379711151
16,-0.4191024899482727,0.0,0.0,-0.12882983684539795
17,-0.1307399421930313,0.0,0.0,0.16847069561481476
18,-0.07914456725120544,0.0,0.0,-0.39114245772361755
19,-0.6243598461151123,0.0,0.0,-0.1199207529425621
20,-0.35291799902915955,0.0,0.0,0.0024853888899087906
21,-0.13314421474933624,0.0,0.0,0.14647254347801208
22,0.6659643054008484,0.0,0.0,-0.20572736859321594
23,-0.35496994853019714,0.0,0.0,-0.12592202425003052
24,-0.676053524017334,0.0,0.0,0.1725931018590927
25,-0.2249678671360016,0.0,0.0,-0.338194340467453
26,-0.213968425989151,0.0,0.0,-0.39289307594299316
27,-0.6434758901596069,0.0,0.0,-0.09868915379047394
28,0.7805949449539185,0.0,0.0,-0.16196775436401367
29,-0.6243598461151123,0.0,0.0,-0.1199207529425621
30,-0.5054444074630737,0.0,0.0,-0.14424312114715576
31,-0.2562709450721741,0.0,0.0,0.15326549112796783
32,-0.3103679120540619,0.0,0.0,0.10230822116136551
33,0.18641270697116852,0.0,0.0,-0.37244999408721924
34,-0.24142757058143616,0.0,0.0,-0.39473700523376465
35,-0.6762638092041016,0.0,0.0,-0.16837170720100403
36,-0.22288064658641815,0.0,0.0,0.12539039552211761
37,-0.6263211965560913,0.0,0.0,-0.14069095253944397
38,-0.5247865319252014,0.0,0.0,-0.14424312114715576
39,0.7805949449539185,0.0,0.0,-0.16196775436401367
40,-0.1307399421930313,0.0,0.0,0.16847069561481476
41,-0.686045229434967,0.0,0.0,-0.12810677289962769
42,-0.6243598461151123,0.0,0.0,-0.1199207529425621
43,-0.2249678671360016,0.0,0.0,-0.338194340467453
44,-0.2249678671360016,0.0,0.0,-0.338194340467453
45,-0.6917763948440552,0.0,0.0,-0.09796294569969177
46,-0.6243598461151123,0.0,0.0,-0.1199207529425621
47,-0.1307399421930313,0.0,0.0,0.16847069561481476
48,0.18641270697116852,0.0,0.0,-0.37244999408721924
49,-0.22904855012893677,0.0,0.0,-0.39289307594299316
50,-0.06212439388036728,0.0,0.0,0.4964573085308075
51,-0.6787078380584717,0.0,0.0,0.046130724251270294
52,0.18641270697116852,0.0,0.0,-0.37244999408721924
53,-0.6243598461151123,0.0,0.0,-0.1199207529425621
54,-0.22904855012893677,0.0,0.0,-0.39289307594299316
55,-0.6243598461151123,0.0,0.0,-0.1199207529425621
56,-0.35496994853019714,0.0,0.0,-0.08402341604232788
57,-0.6243598461151123,0.0,0.0,-0.1199207529425621
58,-0.6263211965560913,0.0,0.0,-0.13015297055244446
59,0.06091252714395523,0.0,0.0,-0.3351317048072815
60,0.28866875171661377,0.0,0.0,-0.34798815846443176
61,-0.6938283443450928,0.0,0.0,-0.17245829105377197
62,-0.6243598461151123,0.0,0.0,-0.1199207529425621
63,-0.05899174511432648,0.0,0.0,0.5099962949752808
64,-0.6801263689994812,0.0,0.0,-0.12644323706626892
65,-0.632142961025238,0.0,0.0,-0.164272278547287
66,-0.6243598461151123,0.0,0.0,-0.1199207529425621
67,-0.24142757058143616,0.0,0.0,-0.39473700523376465
68,-0.06982259452342987,0.0,0.0,0.5099962949752808
69,-0.6243598461151123,0.0,0.0,-0.1199207529425621
70,0.2024008184671402,0.0,0.0,-0.3672019839286804
71,-0.04546549543738365,0.0,0.0,-0.38983044028282166
72,0.18641270697116852,0.0,0.0,-0.37244999408721924
73,-0.21231797337532043,0.0,0.0,-0.1783200204372406
74,-0.0586574524641037,0.0,0.0,0.17031462490558624
75,0.6244710683822632,0.0,0.0,-0.25529834628105164
76,-0.06921499967575073,0.0,0.0,0.4630889892578125
77,-0.29988470673561096,0.0,0.0,-0.04082489013671875
78,-0.1740250140428543,0.0,0.0,0.14121894538402557
79,-0.41184645891189575,0.0,0.0,0.10465360432863235
80,-0.07914456725120544,0.0,0.0,-0.39114245772361755
81,-0.06982259452342987,0.0,0.0,0.5099962949752808
82,-0.6243598461151123,0.0,0.0,-0.1199207529425621
83,-0.2249678671360016,0.0,0.0,-0.338194340467453
84,-0.6243598461151123,0.0,0.0,-0.1199207529425621
85,-0.6938283443450928,0.0,0.0,-0.17245829105377197
86,0.03815062344074249,0.0,0.0,-0.38983044028282166
87,0.28866875171661377,0.0,0.0,-0.34798815846443176
88,0.3806793987751007,0.0,0.0,-0.2737499475479126
89,-0.041384827345609665,0.0,0.0,-0.3351317048072815
90,-0.2574619948863983,0.0,0.0,0.10402937233448029
91,0.7805949449539185,0.0,0.0,-0.16196775436401367
92,-0.13314421474933624,0.0,0.0,0.14647254347801208
93,-0.6704421639442444,0.0,0.0,-0.1342523992061615
94,-0.3477138578891754,0.0,0.0,0.10756140202283859
95,-0.24142757058143616,0.0,0.0,-0.39473700523376465
96,-0.24142757058143616,0.0,0.0,-0.39473700523376465
97,-0.24142757058143616,0.0,0.0,-0.39473700523376465
98,0.3765987455844879,0.0,0.0,-0.32844868302345276
99,-0.6938283443450928,0.0,0.0,-0.17245829105377197
100,-0.35291799902915955,0.0,0.0,-0.05142669379711151
101,-0.6243598461151123,0.0,0.0,-0.1199207529425621
102,-0.686045229434967,0.0,0.0,-0.12810677289962769
103,0.05683184787631035,0.0,0.0,-0.38983044028282166
104,-0.35496994853019714,0.0,0.0,-0.12592202425003052
105,-0.6243598461151123,0.0,0.0,-0.1199207529425621
106,-0.6243598461151123,0.0,0.0,-0.1199207529425621
107,-0.6243598461151123,0.0,0.0,-0.1199207529425621
108,0.7805949449539185,0.0,0.0,-0.16196775436401367
109,-0.686045229434967,0.0,0.0,-0.12810677289962769
110,0.7123742699623108,0.0,0.0,0.14007653295993805
111,0.1904933899641037,0.0,0.0,-0.3177512586116791
112,-0.05899174511432648,0.0,0.0,0.5099962949752808
113,-0.05864609777927399,0.0,0.0,0.5115456581115723
114,0.7765142917633057,0.0,0.0,-0.21666648983955383
115,-0.07506389915943146,0.0,0.0,-0.3364437222480774
116,0.7805949449539185,0.0,0.0,-0.16196775436401367
117,0.28866875171661377,0.0,0.0,-0.34798815846443176
118,0.7805949449539185,0.0,0.0,-0.16196775436401367
119,0.18641270697116852,0.0,0.0,-0.37244999408721924
120,0.358625203371048,0.0,0.0,0.4853760004043579
121,0.7805949449539185,0.0,0.0,-0.16196775436401367
122,-0.05899174511432648,0.0,0.0,0.5099962949752808
123,-0.22904855012893677,0.0,0.0,-0.39289307594299316
124,-0.6243598461151123,0.0,0.0,-0.1199207529425621
125,0.7805949449539185,0.0,0.0,-0.16196775436401367
126,-0.5175305008888245,0.0,0.0,0.07338535785675049
127,-0.2249678671360016,0.0,0.0,-0.338194340467453
128,0.7805949449539185,0.0,0.0,-0.16196775436401367
129,0.14883825182914734,0.0,0.0,0.17337726056575775
130,-0.06921499967575073,0.0,0.0,0.4749264419078827
131,-0.05899174511432648,0.0,0.0,0.5099962949752808
132,-0.3514244258403778,0.0,0.0,-0.1112392395734787
133,0.7805949449539185,0.0,0.0,-0.16196775436401367
134,0.06281785666942596,0.0,0.0,0.15137912333011627
135,-0.6243598461151123,0.0,0.0,-0.1199207529425621
136,-0.1307399421930313,0.0,0.0,0.16847069561481476
137,-0.63009113073349,0.0,0.0,-0.08977696299552917
138,0.6244710683822632,0.0,0.0,-0.26908794045448303
139,0.7805949449539185,0.0,0.0,-0.16196775436401367
140,-0.06212439388036728,0.0,0.0,0.4964573085308075
141,-0.21339622139930725,0.0,0.0,0.4640750586986542
142,0.7805949449539185,0.0,0.0,-0.16196775436401367
143,0.294704794883728,0.0,0.0,-0.13957858085632324
144,-0.3103679120540619,0.0,0.0,0.10230822116136551
145,0.6244710683822632,0.0,0.0,-0.25529834628105164
146,-0.686045229434967,0.0,0.0,-0.12810677289962769
147,0.7666664719581604,0.0,0.0,-0.16840097308158875
148,0.6618837118148804,0.0,0.0,-0.26042604446411133
149,-0.05864609777927399,0.0,0.0,0.5115456581115723
150,-0.4191024899482727,0.0,0.0,-0.12882983684539795
151,-0.05864609777927399,0.0,0.0,0.5115456581115723
152,0.2836107909679413,0.0,0.0,0.12792666256427765
153,0.7805949449539185,0.0,0.0,-0.16196775436401367
154,-0.6801263689994812,0.0,0.0,-0.12644323706626892
155,-0.05899174511432648,0.0,0.0,0.5099962949752808
156,-0.06212439388036728,0.0,0.0,0.4964573085308075
157,0.7805949449539185,0.0,0.0,-0.16196775436401367
158,-0.35496994853019714,0.0,0.0,-0.08402341604232788
159,-0.2574619948863983,0.0,0.0,0.11988434195518494
160,-0.16454057395458221,0.0,0.0,0.4799036383628845
161,-0.6243598461151123,0.0,0.0,-0.1199207529425621
162,0.7765142917633057,0.0,0.0,-0.21666648983955383
163,0.7805949449539185,0.0,0.0,-0.16196775436401367
164,-0.0829138308763504,0.0,0.0,0.3549582362174988
165,0.7805949449539185,0.0,0.0,-0.16196775436401367
166,-0.30582454800605774,0.0,0.0,0.2218107283115387
167,-0.6650081276893616,0.0,0.0,-1.3130851984024048
168,-0.6650081276893616,0.0,0.0,-1.3130851984024048
169,0.8301480412483215,0.0,0.0,-1.4445698261260986
170,-1.3979613780975342,0.0,0.0,0.6865893006324768
171,-1.5270488262176514,0.0,0.0,0.6865893006324768
172,-1.3979613780975342,0.0,0.0,0.5330109000205994
173,1.5825881958007812,0.0,0.0,-0.9424826502799988
174,1.5825881958007812,0.0,0.0,-0.9424826502799988
175,-1.5270488262176514,0.0,0.0,0.5330109000205994
176,0.49311110377311707,0.0,0.0,-1.4848573207855225
177,-1.5270488262176514,0.0,0.0,-0.02602706104516983
178,-1.5270488262176514,0.0,0.0,-0.02602706104516983
179,-1.3979613780975342,0.0,0.0,0.6865893006324768
180,-0.23696252703666687,0.0,0.0,-1.3130851984024048
181,-0.786624550819397,0.0,0.0,0.00644519180059433
182,-0.786624550819397,0.0,0.0,0.12171992659568787
183,-0.5908461809158325,0.0,0.0,0.05733847618103027
184,-0.11882390826940536,0.0,0.0,-1.1822633743286133
185,-1.3979613780975342,0.0,0.0,0.6865893006324768
186,-0.786624550819397,0.0,0.0,0.00644519180059433
187,-0.6650081276893616,0.0,0.0,-1.3130851984024048
188,1.5825881958007812,0.0,0.0,-0.9424826502799988
189,-0.786624550819397,0.0,0.0,0.12171992659568787
190,-1.5270488262176514,0.0,0.0,-0.02602706104516983
191,-0.23696252703666687,0.0,0.0,-0.9827700853347778
192,-0.23696252703666687,0.0,0.0,-1.4848573207855225
193,-1.5270488262176514,0.0,0.0,0.2335207164287567
194,1.5825881958007812,0.0,0.0,-0.9424826502799988
195,-1.3979613780975342,0.0,0.0,0.6865893006324768
196,-0.786624550819397,0.0,0.0,0.12171992659568787
197,-0.43724098801612854,0.0,0.0,0.00644519180059433
198,-0.43724098801612854,0.0,0.0,0.00644519180059433
199,0.7396963238716125,0.0,0.0,-1.4848573207855225
200,-0.6650081276893616,0.0,0.0,-1.1822633743286133
201,-1.5270488262176514,0.0,0.0,0.0892476886510849
202,-0.43724098801612854,0.0,0.0,0.00644519180059433
203,-1.3979613780975342,0.0,0.0,0.38261643052101135
204,-0.786624550819397,0.0,0.0,0.12171992659568787
205,1.5825881958007812,0.0,0.0,-0.9424826502799988
206,-0.6650081276893616,0.0,0.0,-1.3130851984024048
207,-1.3979613780975342,0.0,0.0,0.6865893006324768
208,-1.3979613780975342,0.0,0.0,0.5330109000205994
209,-0.23696252703666687,0.0,0.0,-0.9827700853347778
210,-0.23696252703666687,0.0,0.0,-0.9827700853347778
211,-1.3979613780975342,0.0,0.0,-0.02602706104516983
212,-1.3979613780975342,0.0,0.0,0.6865893006324768
213,-0.6650081276893616,0.0,0.0,-1.3130851984024048
214,0.7396963238716125,0.0,0.0,-1.1822633743286133
215,-0.23696252703666687,0.0,0.0,-1.3130851984024048
216,-0.30582454800605774,0.0,0.0,0.2218107283115387
217,-1.3979613780975342,0.0,0.0,-0.02602706104516983
218,0.49311110377311707,0.0,0.0,-1.1822633743286133
219,-1.3979613780975342,0.0,0.0,0.5330109000205994
220,-0.23696252703666687,0.0,0.0,-1.4848573207855225
221,-1.3979613780975342,0.0,0.0,0.6865893006324768
222,-0.786624550819397,0.0,0.0,0.2659929692745209
223,-1.3979613780975342,0.0,0.0,0.6865893006324768
224,-1.3979613780975342,0.0,0.0,0.38261643052101135
225,0.23861685395240784,0.0,0.0,-0.9827700853347778
226,0.8301480412483215,0.0,0.0,-1.4445698261260986
227,-1.5270488262176514,0.0,0.0,0.0892476886510849
228,-1.3979613780975342,0.0,0.0,0.6865893006324768
229,-0.30582454800605774,0.0,0.0,0.3982776999473572
230,-1.5270488262176514,0.0,0.0,0.6865893006324768
231,-1.3979613780975342,0.0,0.0,0.0892476886510849
232,-1.3979613780975342,0.0,0.0,0.5330109000205994
233,-0.6650081276893616,0.0,0.0,-1.3130851984024048
234,-0.30582454800605774,0.0,0.0,0.3982776999473572
235,-1.3979613780975342,0.0,0.0,0.6865893006324768
236,0.7396963238716125,0.0,0.0,-1.3130851984024048
237,-0.11882390826940536,0.0,0.0,-1.3130851984024048
238,0.49311110377311707,0.0,0.0,-1.346116542816162
239,-0.6650081276893616,0.0,0.0,-1.3130851984024048
240,-0.23696252703666687,0.0,0.0,-1.3130851984024048
241,1.3632762432098389,0.0,0.0,-0.9424826502799988
242,-0.30582454800605774,0.0,0.0,0.05733847618103027
243,-0.43724098801612854,0.0,0.0,0.00644519180059433
244,-0.43724098801612854,0.0,0.0,0.00644519180059433
245,-0.786624550819397,0.0,0.0,0.00644519180059433
246,-0.11882390826940536,0.0,0.0,-1.3130851984024048
247,-0.30582454800605774,0.0,0.0,0.3982776999473572
248,-1.3979613780975342,0.0,0.0,0.6865893006324768
249,-0.38856831192970276,0.0,0.0,-0.9827700853347778
250,-1.3979613780975342,0.0,0.0,0.6865893006324768
251,-1.3979613780975342,0.0,0.0,0.0892476886510849
252,0.23861685395240784,0.0,0.0,-1.4848573207855225
253,0.8301480412483215,0.0,0.0,-1.4445698261260986
254,0.8301480412483215,0.0,0.0,-0.9424826502799988
255,-0.11882390826940536,0.0,0.0,-0.9827700853347778
256,-0.43724098801612854,0.0,0.0,0.00644519180059433
257,1.5825881958007812,0.0,0.0,-0.9424826502799988
258,-0.6650081276893616,0.0,0.0,-1.3130851984024048
259,-1.5270488262176514,0.0,0.0,0.38261643052101135
260,-0.786624550819397,0.0,0.0,0.00644519180059433
261,-0.6650081276893616,0.0,0.0,-1.3130851984024048
262,-0.6650081276893616,0.0,0.0,-1.1822633743286133
263,-0.6650081276893616,0.0,0.0,-1.3130851984024048
264,0.8301480412483215,0.0,0.0,-1.4445698261260986
265,-1.5270488262176514,0.0,0.0,0.0892476886510849
266,-0.786624550819397,0.0,0.0,0.00644519180059433
267,-1.3979613780975342,0.0,0.0,0.6865893006324768
268,-1.5270488262176514,0.0,0.0,0.5330109000205994
269,0.23861685395240784,0.0,0.0,-1.3130851984024048
270,-0.786624550819397,0.0,0.0,0.12171992659568787
271,-1.3979613780975342,0.0,0.0,0.6865893006324768
272,-1.3979613780975342,0.0,0.0,0.6865893006324768
273,-1.3979613780975342,0.0,0.0,0.6865893006324768
274,1.5825881958007812,0.0,0.0,-0.9424826502799988
275,-1.5270488262176514,0.0,0.0,0.5330109000205994
276,1.5825881958007812,0.0,0.0,-1.272797703742981
277,0.7396963238716125,0.0,0.0,-0.9827700853347778
278,-0.30582454800605774,0.0,0.0,0.3982776999473572
279,-0.30582454800605774,0.0,0.0,0.3982776999473572
280,1.5825881958007812,0.0,0.0,-1.272797703742981
281,-0.11882390826940536,0.0,0.0,-0.9827700853347778
282,1.5825881958007812,0.0,0.0,-0.9424826502799988
283,0.8301480412483215,0.0,0.0,-1.1419758796691895
284,1.5825881958007812,0.0,0.0,-0.9424826502799988
285,0.49311110377311707,0.0,0.0,-1.346116542816162
286,0.8138582110404968,0.0,0.0,0.05733847618103027
287,1.5825881958007812,0.0,0.0,-0.9424826502799988
288,-0.30582454800605774,0.0,0.0,0.3982776999473572
289,-0.23696252703666687,0.0,0.0,-1.1822633743286133
290,-1.3979613780975342,0.0,0.0,0.6865893006324768
291,1.5825881958007812,0.0,0.0,-0.9424826502799988
292,-0.6648035049438477,0.0,0.0,0.00644519180059433
293,-0.23696252703666687,0.0,0.0,-0.9827700853347778
294,1.5825881958007812,0.0,0.0,-0.9424826502799988
295,-0.11882390826940536,0.0,0.0,-1.3130851984024048
296,-0.30582454800605774,0.0,0.0,0.2218107283115387
297,-0.30582454800605774,0.0,0.0,0.3982776999473572
298,-0.786624550819397,0.0,0.0,0.41508856415748596
299,1.5825881958007812,0.0,0.0,-0.9424826502799988
300,-0.11882390826940536,0.0,0.0,-1.3130851984024048
301,-1.3979613780975342,0.0,0.0,0.6865893006324768
302,-0.6650081276893616,0.0,0.0,-1.3130851984024048
303,-1.3979613780975342,0.0,0.0,0.2335207164287567
304,1.5825881958007812,0.0,0.0,-1.1419758796691895
305,1.5825881958007812,0.0,0.0,-0.9424826502799988
306,-0.5908461809158325,0.0,0.0,0.2218107283115387
307,-0.43724098801612854,0.0,0.0,0.3982776999473572
308,1.5825881958007812,0.0,0.0,-0.9424826502799988
309,0.7396963238716125,0.0,0.0,-1.3130851984024048
310,-0.43724098801612854,0.0,0.0,0.00644519180059433
311,1.3632762432098389,0.0,0.0,-0.9424826502799988
312,-1.3979613780975342,0.0,0.0,0.5330109000205994
313,1.5825881958007812,0.0,0.0,-0.9424826502799988
314,1.5825881958007812,0.0,0.0,-1.4445698261260986
315,-0.30582454800605774,0.0,0.0,0.3982776999473572
316,-0.786624550819397,0.0,0.0,0.12171992659568787
317,-0.30582454800605774,0.0,0.0,0.3982776999473572
318,0.49311110377311707,0.0,0.0,-1.3130851984024048
319,1.5825881958007812,0.0,0.0,-0.9424826502799988
320,-1.5270488262176514,0.0,0.0,0.5330109000205994
321,-0.30582454800605774,0.0,0.0,0.3982776999473572
322,-0.5908461809158325,0.0,0.0,0.2218107283115387
323,1.5825881958007812,0.0,0.0,-0.9424826502799988
324,-0.786624550819397,0.0,0.0,0.2659929692745209
325,-0.43724098801612854,0.0,0.0,0.00644519180059433
326,-0.30582454800605774,0.0,0.0,0.3982776999473572
327,-1.3979613780975342,0.0,0.0,0.6865893006324768
328,1.5825881958007812,0.0,0.0,-1.1419758796691895
329,1.5825881958007812,0.0,0.0,-0.9424826502799988
330,-0.1628006100654602,0.0,0.0,0.05733847618103027
331,1.5825881958007812,0.0,0.0,-0.9424826502799988
332,-0.09154180437326431,0.0,0.0,0.21346940100193024
333,-0.09154180437326431,0.0,0.0,0.21346940100193024
334,-0.09154180437326431,0.0,0.0,-0.5723638534545898
335,0.14973105490207672,0.0,0.0,-0.5723638534545898
336,-0.9079301357269287,0.0,0.0,0.22440500557422638
337,-0.838688850402832,0.0,0.0,0.22440500557422638
338,-0.9079301357269287,0.0,0.0,0.22440500557422638
339,1.2317242622375488,0.0,0.0,-0.3461626172065735
340,1.2317242622375488,0.0,0.0,-0.3461626172065735
341,-0.7233659625053406,0.0,0.0,0.22440500557422638
342,0.14973105490207672,0.0,0.0,-0.5723638534545898
343,-0.7233659625053406,0.0,0.0,0.21346940100193024
344,-0.7233659625053406,0.0,0.0,0.21346940100193024
345,-0.9079301357269287,0.0,0.0,0.22440500557422638
346,-0.09154180437326431,0.0,0.0,-0.5723638534545898
347,-0.7233659625053406,0.0,0.0,0.07403454184532166
348,-0.7233659625053406,0.0,0.0,0.07403454184532166
349,-0.09154180437326431,0.0,0.0,0.21346940100193024
350,-0.0059167444705963135,0.0,0.0,-0.5723638534545898
351,-0.9079301357269287,0.0,0.0,0.22440500557422638
352,-0.7233659625053406,0.0,0.0,0.07403454184532166
353,-0.09154180437326431,0.0,0.0,-0.06328233331441879
354,1.2317242622375488,0.0,0.0,-0.3461626172065735
355,-0.7233659625053406,0.0,0.0,0.07403454184532166
356,-0.7233659625053406,0.0,0.0,0.21346940100193024
357,-0.09154180437326431,0.0,0.0,-0.3461626172065735
358,-0.09154180437326431,0.0,0.0,-0.5723638534545898
359,-0.7233659625053406,0.0,0.0,0.07403454184532166
360,1.2317242622375488,0.0,0.0,-0.3461626172065735
361,-0.9079301357269287,0.0,0.0,0.22440500557422638
362,-0.7233659625053406,0.0,0.0,0.07403454184532166
363,-0.1893715113401413,0.0,0.0,0.21346940100193024
364,-0.5393096208572388,0.0,0.0,0.21346940100193024
365,0.14973105490207672,0.0,0.0,-0.5723638534545898
366,-0.09154180437326431,0.0,0.0,-0.5723638534545898
367,-0.7233659625053406,0.0,0.0,0.07403454184532166
368,-0.09154180437326431,0.0,0.0,0.21346940100193024
369,-0.9079301357269287,0.0,0.0,0.07403454184532166
370,-0.7233659625053406,0.0,0.0,0.07403454184532166
371,1.2317242622375488,0.0,0.0,-0.3461626172065735
372,-0.09154180437326431,0.0,0.0,-0.06328233331441879
373,-0.9079301357269287,0.0,0.0,0.22440500557422638
374,-0.9079301357269287,0.0,0.0,0.22440500557422638
375,-0.09154180437326431,0.0,0.0,-0.3461626172065735
376,-0.09154180437326431,0.0,0.0,-0.3461626172065735
377,-0.9079301357269287,0.0,0.0,0.07403454184532166
378,-0.9079301357269287,0.0,0.0,0.22440500557422638
379,-0.09154180437326431,0.0,0.0,-0.06328233331441879
380,0.14973105490207672,0.0,0.0,-0.5723638534545898
381,-0.09154180437326431,0.0,0.0,-0.5723638534545898
382,-0.09154180437326431,0.0,0.0,0.21346940100193024
383,-0.9079301357269287,0.0,0.0,0.21346940100193024
384,0.14973105490207672,0.0,0.0,-0.5723638534545898
385,-0.9079301357269287,0.0,0.0,0.22440500557422638
386,-0.09154180437326431,0.0,0.0,-0.5723638534545898
387,-0.9079301357269287,0.0,0.0,0.22440500557422638
388,-0.5393096208572388,0.0,0.0,0.07403454184532166
389,-0.9079301357269287,0.0,0.0,0.22440500557422638
390,-0.9079301357269287,0.0,0.0,0.07403454184532166
391,-0.0059167444705963135,0.0,0.0,-0.3461626172065735
392,0.32621389627456665,0.0,0.0,-0.5723638534545898
393,-0.9079301357269287,0.0,0.0,0.07403454184532166
394,-0.9079301357269287,0.0,0.0,0.22440500557422638
395,-0.09154180437326431,0.0,0.0,0.21346940100193024
396,-0.7233659625053406,0.0,0.0,0.22440500557422638
397,-0.9079301357269287,0.0,0.0,0.07403454184532166
398,-0.9079301357269287,0.0,0.0,0.22440500557422638
399,-0.09154180437326431,0.0,0.0,-0.5723638534545898
400,-0.09154180437326431,0.0,0.0,0.21346940100193024
401,-0.9079301357269287,0.0,0.0,0.22440500557422638
402,0.14973105490207672,0.0,0.0,-0.5723638534545898
403,-0.0059167444705963135,0.0,0.0,-0.5723638534545898
404,0.14973105490207672,0.0,0.0,-0.5723638534545898
405,-0.09154180437326431,0.0,0.0,-0.5723638534545898
406,-0.09154180437326431,0.0,0.0,0.21346940100193024
407,0.8162819147109985,0.0,0.0,-0.4965330958366394
408,-0.09154180437326431,0.0,0.0,0.21346940100193024
409,-0.46493780612945557,0.0,0.0,0.07403454184532166
410,-0.09154180437326431,0.0,0.0,0.21346940100193024
411,-0.7233659625053406,0.0,0.0,0.21346940100193024
412,-0.09154180437326431,0.0,0.0,-0.5723638534545898
413,-0.09154180437326431,0.0,0.0,0.21346940100193024
414,-0.9079301357269287,0.0,0.0,0.22440500557422638
415,-0.09154180437326431,0.0,0.0,-0.3461626172065735
416,-0.9079301357269287,0.0,0.0,0.22440500557422638
417,-0.9079301357269287,0.0,0.0,0.07403454184532166
418,-0.0059167444705963135,0.0,0.0,-0.5723638534545898
419,0.14973105490207672,0.0,0.0,-0.5723638534545898
420,0.32621389627456665,0.0,0.0,-0.3461626172065735
421,-0.0059167444705963135,0.0,0.0,-0.3461626172065735
422,-0.1893715113401413,0.0,0.0,0.21346940100193024
423,1.2317242622375488,0.0,0.0,-0.3461626172065735
424,-0.09154180437326431,0.0,0.0,-0.06328233331441879
425,-0.7233659625053406,0.0,0.0,0.07403454184532166
426,-0.5393096208572388,0.0,0.0,0.21346940100193024
427,-0.09154180437326431,0.0,0.0,-0.5723638534545898
428,-0.09154180437326431,0.0,0.0,-0.5723638534545898
429,-0.09154180437326431,0.0,0.0,-0.5723638534545898
430,0.32621389627456665,0.0,0.0,-0.5723638534545898
431,-0.838688850402832,0.0,0.0,0.07403454184532166
432,-0.7233659625053406,0.0,0.0,0.07403454184532166
433,-0.9079301357269287,0.0,0.0,0.22440500557422638
434,-0.838688850402832,0.0,0.0,0.22440500557422638
435,-0.0059167444705963135,0.0,0.0,-0.5723638534545898
436,-0.7233659625053406,0.0,0.0,0.07403454184532166
437,-0.9079301357269287,0.0,0.0,0.22440500557422638
438,-0.9079301357269287,0.0,0.0,0.22440500557422638
439,-0.9079301357269287,0.0,0.0,0.22440500557422638
440,1.2317242622375488,0.0,0.0,-0.3461626172065735
441,-0.7233659625053406,0.0,0.0,0.22440500557422638
442,1.2317242622375488,0.0,0.0,-0.3599623739719391
443,0.14973105490207672,0.0,0.0,-0.3461626172065735
444,-0.09154180437326431,0.0,0.0,0.21346940100193024
445,-0.09154180437326431,0.0,0.0,0.21346940100193024
446,1.2317242622375488,0.0,0.0,-0.5723638534545898
447,-0.09154180437326431,0.0,0.0,-0.3461626172065735
448,1.2317242622375488,0.0,0.0,-0.3461626172065735
449,0.14973105490207672,0.0,0.0,-0.5723638534545898
450,1.2317242622375488,0.0,0.0,-0.3461626172065735
451,0.14973105490207672,0.0,0.0,-0.5723638534545898
452,0.14973105490207672,0.0,0.0,0.21346940100193024
453,1.2317242622375488,0.0,0.0,-0.3461626172065735
454,-0.09154180437326431,0.0,0.0,0.21346940100193024
455,-0.09154180437326431,0.0,0.0,-0.5723638534545898
456,-0.9079301357269287,0.0,0.0,0.22440500557422638
457,1.2317242622375488,0.0,0.0,-0.3461626172065735
458,-0.7233659625053406,0.0,0.0,0.21346940100193024
459,-0.09154180437326431,0.0,0.0,-0.3461626172065735
460,1.2317242622375488,0.0,0.0,-0.3461626172065735
461,-0.0059167444705963135,0.0,0.0,0.21346940100193024
462,-0.09154180437326431,0.0,0.0,0.21346940100193024
463,-0.09154180437326431,0.0,0.0,0.21346940100193024
464,-0.7233659625053406,0.0,0.0,0.07403454184532166
465,1.2317242622375488,0.0,0.0,-0.3461626172065735
466,-0.0059167444705963135,0.0,0.0,-0.06328233331441879
467,-0.9079301357269287,0.0,0.0,0.22440500557422638
468,-0.09154180437326431,0.0,0.0,0.21346940100193024
469,-0.9079301357269287,0.0,0.0,0.07403454184532166
470,0.8162819147109985,0.0,0.0,-0.5723638534545898
471,1.2317242622375488,0.0,0.0,-0.3461626172065735
472,-0.09154180437326431,0.0,0.0,0.21346940100193024
473,-0.09154180437326431,0.0,0.0,0.21346940100193024
474,1.2317242622375488,0.0,0.0,-0.3461626172065735
475,0.14973105490207672,0.0,0.0,-0.5723638534545898
476,-0.5393096208572388,0.0,0.0,0.21346940100193024
477,0.8162819147109985,0.0,0.0,-0.4965330958366394
478,-0.9079301357269287,0.0,0.0,0.22440500557422638
479,1.2317242622375488,0.0,0.0,-0.3461626172065735
480,1.2317242622375488,0.0,0.0,-0.5723638534545898
481,-0.09154180437326431,0.0,0.0,0.21346940100193024
482,-0.7233659625053406,0.0,0.0,0.07403454184532166
483,-0.09154180437326431,0.0,0.0,0.21346940100193024
484,0.14973105490207672,0.0,0.0,-0.06328233331441879
485,1.2317242622375488,0.0,0.0,-0.3461626172065735
486,-0.7233659625053406,0.0,0.0,0.22440500557422638
487,-0.09154180437326431,0.0,0.0,0.21346940100193024
488,-0.09154180437326431,0.0,0.0,0.21346940100193024
489,1.2317242622375488,0.0,0.0,-0.3461626172065735
490,-0.7233659625053406,0.0,0.0,0.07403454184532166
491,-0.1893715113401413,0.0,0.0,0.21346940100193024
492,-0.09154180437326431,0.0,0.0,0.21346940100193024
493,-0.9079301357269287,0.0,0.0,0.22440500557422638
494,1.2317242622375488,0.0,0.0,-0.5723638534545898
495,1.2317242622375488,0.0,0.0,-0.3461626172065735
496,-0.09154180437326431,0.0,0.0,0.21346940100193024
497,1.2317242622375488,0.0,0.0,-0.3461626172065735
498,0.22384774684906006,0.0,0.0,0.2501838207244873
499,0.01369919627904892,0.0,0.0,-0.29339438676834106
500,-0.018172748386859894,0.0,0.0,-0.7841516137123108
501,-0.018172748386859894,0.0,0.0,-0.7841516137123108
502,-0.7169350385665894,0.0,0.0,0.17436960339546204
503,-0.7169350385665894,0.0,0.0,0.17436960339546204
504,-0.7169350385665894,0.0,0.0,0.17436960339546204
505,1.3017518520355225,0.0,0.0,-0.11208212375640869
506,1.3017518520355225,0.0,0.0,-0.11208212375640869
507,-0.7169350385665894,0.0,0.0,0.17436960339546204
508,-0.018172748386859894,0.0,0.0,-0.7841516137123108
509,-0.7169350385665894,0.0,0.0,0.17436960339546204
510,-0.7169350385665894,0.0,0.0,0.17436960339546204
511,-0.7169350385665894,0.0,0.0,0.17436960339546204
512,-0.018172748386859894,0.0,0.0,-0.7841516137123108
513,-0.7169350385665894,0.0,0.0,0.17436960339546204
514,-0.7169350385665894,0.0,0.0,0.17436960339546204
515,0.01369919627904892,0.0,0.0,-0.29339438676834106
516,-0.018172748386859894,0.0,0.0,-0.7841516137123108
517,-0.7169350385665894,0.0,0.0,0.17436960339546204
518,-0.7169350385665894,0.0,0.0,0.17436960339546204
519,0.01369919627904892,0.0,0.0,-0.29339438676834106
520,1.1954210996627808,0.0,0.0,-0.166270911693573
521,-0.7169350385665894,0.0,0.0,0.17436960339546204
522,-0.7169350385665894,0.0,0.0,0.17436960339546204
523,-0.018172748386859894,0.0,0.0,-0.4271261692047119
524,-0.018172748386859894,0.0,0.0,-0.7841516137123108
525,-0.7169350385665894,0.0,0.0,0.17436960339546204
526,1.3017518520355225,0.0,0.0,-0.11208212375640869
527,-0.7169350385665894,0.0,0.0,0.17436960339546204
528,-0.7169350385665894,0.0,0.0,0.17436960339546204
529,-0.36244529485702515,0.0,0.0,0.20379620790481567
530,-0.36244529485702515,0.0,0.0,0.20379620790481567
531,-0.018172748386859894,0.0,0.0,-0.7841516137123108
532,-0.018172748386859894,0.0,0.0,-0.7841516137123108
533,-0.7169350385665894,0.0,0.0,0.17436960339546204
534,-0.36244529485702515,0.0,0.0,0.20379620790481567
535,-0.7169350385665894,0.0,0.0,0.17436960339546204
536,-0.7169350385665894,0.0,0.0,0.17436960339546204
537,1.3017518520355225,0.0,0.0,-0.11208212375640869
538,0.01369919627904892,0.0,0.0,-0.29339438676834106
539,-0.7169350385665894,0.0,0.0,0.17436960339546204
540,-0.7169350385665894,0.0,0.0,0.17436960339546204
541,-0.018172748386859894,0.0,0.0,-0.4271261692047119
542,-0.018172748386859894,0.0,0.0,-0.4271261692047119
543,-0.7169350385665894,0.0,0.0,0.17436960339546204
544,-0.7169350385665894,0.0,0.0,0.17436960339546204
545,0.01369919627904892,0.0,0.0,-0.29339438676834106
546,-0.018172748386859894,0.0,0.0,-0.7841516137123108
547,-0.018172748386859894,0.0,0.0,-0.7841516137123108
548,0.22384774684906006,0.0,0.0,0.2501838207244873
549,-0.7169350385665894,0.0,0.0,0.17436960339546204
550,-0.018172748386859894,0.0,0.0,-0.7841516137123108
551,-0.7169350385665894,0.0,0.0,0.17436960339546204
552,-0.018172748386859894,0.0,0.0,-0.7841516137123108
553,-0.7169350385665894,0.0,0.0,0.17436960339546204
554,-0.7169350385665894,0.0,0.0,0.17436960339546204
555,-0.7169350385665894,0.0,0.0,0.17436960339546204
556,-0.7169350385665894,0.0,0.0,0.17436960339546204
557,-0.018172748386859894,0.0,0.0,-0.4271261692047119
558,-0.018172748386859894,0.0,0.0,-0.7841516137123108
559,-0.7169350385665894,0.0,0.0,0.17436960339546204
560,-0.7169350385665894,0.0,0.0,0.17436960339546204
561,0.22384774684906006,0.0,0.0,0.2501838207244873
562,-0.7169350385665894,0.0,0.0,0.17436960339546204
563,-0.7169350385665894,0.0,0.0,0.17436960339546204
564,-0.7169350385665894,0.0,0.0,0.17436960339546204
565,-0.018172748386859894,0.0,0.0,-0.7841516137123108
566,0.22384774684906006,0.0,0.0,0.2501838207244873
567,-0.7169350385665894,0.0,0.0,0.17436960339546204
568,-0.018172748386859894,0.0,0.0,-0.7841516137123108
569,-0.018172748386859894,0.0,0.0,-0.7841516137123108
570,-0.018172748386859894,0.0,0.0,-0.7841516137123108
571,-0.018172748386859894,0.0,0.0,-0.7841516137123108
572,0.01369919627904892,0.0,0.0,-0.29339438676834106
573,-0.018172748386859894,0.0,0.0,-0.7841516137123108
574,0.01369919627904892,0.0,0.0,-0.29339438676834106
575,-0.36244529485702515,0.0,0.0,0.20379620790481567
576,-0.36244529485702515,0.0,0.0,0.20379620790481567
577,-0.7169350385665894,0.0,0.0,0.17436960339546204
578,-0.018172748386859894,0.0,0.0,-0.7841516137123108
579,0.22384774684906006,0.0,0.0,0.2501838207244873
580,-0.7169350385665894,0.0,0.0,0.17436960339546204
581,-0.018172748386859894,0.0,0.0,-0.4271261692047119
582,-0.7169350385665894,0.0,0.0,0.17436960339546204
583,-0.7169350385665894,0.0,0.0,0.17436960339546204
584,-0.018172748386859894,0.0,0.0,-0.7841516137123108
585,-0.018172748386859894,0.0,0.0,-0.7841516137123108
586,-0.018172748386859894,0.0,0.0,-0.4271261692047119
587,-0.018172748386859894,0.0,0.0,-0.4271261692047119
588,-0.36244529485702515,0.0,0.0,0.20379620790481567
589,1.3017518520355225,0.0,0.0,-0.11208212375640869
590,0.01369919627904892,0.0,0.0,-0.29339438676834106
591,-0.7169350385665894,0.0,0.0,0.17436960339546204
592,-0.7169350385665894,0.0,0.0,0.17436960339546204
593,-0.018172748386859894,0.0,0.0,-0.7841516137123108
594,-0.018172748386859894,0.0,0.0,-0.7841516137123108
595,-0.018172748386859894,0.0,0.0,-0.7841516137123108
596,-0.018172748386859894,0.0,0.0,-0.7841516137123108
597,-0.7169350385665894,0.0,0.0,0.17436960339546204
598,-0.7169350385665894,0.0,0.0,0.17436960339546204
599,-0.7169350385665894,0.0,0.0,0.17436960339546204
600,-0.7169350385665894,0.0,0.0,0.17436960339546204
601,-0.018172748386859894,0.0,0.0,-0.7841516137123108
602,-0.7169350385665894,0.0,0.0,0.17436960339546204
603,-0.7169350385665894,0.0,0.0,0.17436960339546204
604,-0.7169350385665894,0.0,0.0,0.17436960339546204
605,-0.7169350385665894,0.0,0.0,0.17436960339546204
606,1.3017518520355225,0.0,0.0,-0.11208212375640869
607,-0.7169350385665894,0.0,0.0,0.17436960339546204
608,1.2272930145263672,0.0,0.0,-0.032539114356040955
609,-0.018172748386859894,0.0,0.0,-0.4271261692047119
610,0.22384774684906006,0.0,0.0,0.2501838207244873
611,0.22384774684906006,0.0,0.0,0.2501838207244873
612,1.3017518520355225,0.0,0.0,-0.4691075086593628
613,-0.018172748386859894,0.0,0.0,-0.4271261692047119
614,1.3017518520355225,0.0,0.0,-0.11208212375640869
615,-0.018172748386859894,0.0,0.0,-0.7841516137123108
616,1.3017518520355225,0.0,0.0,-0.11208212375640869
617,-0.018172748386859894,0.0,0.0,-0.7841516137123108
618,0.22384774684906006,0.0,0.0,0.2501838207244873
619,1.3017518520355225,0.0,0.0,-0.11208212375640869
620,0.22384774684906006,0.0,0.0,0.2501838207244873
621,-0.018172748386859894,0.0,0.0,-0.7841516137123108
622,-0.7169350385665894,0.0,0.0,0.17436960339546204
623,1.3017518520355225,0.0,0.0,-0.11208212375640869
624,-0.7169350385665894,0.0,0.0,0.17436960339546204
625,-0.018172748386859894,0.0,0.0,-0.4271261692047119
626,1.3017518520355225,0.0,0.0,-0.11208212375640869
627,0.01369919627904892,0.0,0.0,-0.29339438676834106
628,0.22384774684906006,0.0,0.0,0.2501838207244873
629,0.22384774684906006,0.0,0.0,0.2501838207244873
630,-0.7169350385665894,0.0,0.0,0.17436960339546204
631,1.3017518520355225,0.0,0.0,-0.11208212375640869
632,0.01369919627904892,0.0,0.0,-0.29339438676834106
633,-0.7169350385665894,0.0,0.0,0.17436960339546204
634,0.01369919627904892,0.0,0.0,-0.29339438676834106
635,-0.7169350385665894,0.0,0.0,0.17436960339546204
636,-0.018172748386859894,0.0,0.0,-0.7841516137123108
637,1.3017518520355225,0.0,0.0,-0.11208212375640869
638,0.22384774684906006,0.0,0.0,0.2501838207244873
639,-0.36244529485702515,0.0,0.0,0.20379620790481567
640,1.3017518520355225,0.0,0.0,-0.11208212375640869
641,-0.018172748386859894,0.0,0.0,-0.7841516137123108
642,-0.36244529485702515,0.0,0.0,0.20379620790481567
643,-0.018172748386859894,0.0,0.0,-0.7841516137123108
644,-0.7169350385665894,0.0,0.0,0.17436960339546204
645,1.3017518520355225,0.0,0.0,-0.11208212375640869
646,1.1954210996627808,0.0,0.0,-0.5232962965965271
647,0.22384774684906006,0.0,0.0,0.2501838207244873
648,-0.7169350385665894,0.0,0.0,0.17436960339546204
649,0.22384774684906006,0.0,0.0,0.2501838207244873
650,0.01369919627904892,0.0,0.0,-0.29339438676834106
651,1.3017518520355225,0.0,0.0,-0.11208212375640869
652,-0.7169350385665894,0.0,0.0,0.17436960339546204
653,0.22384774684906006,0.0,0.0,0.2501838207244873
654,0.22384774684906006,0.0,0.0,0.2501838207244873
655,1.3017518520355225,0.0,0.0,-0.11208212375640869
656,-0.7169350385665894,0.0,0.0,0.17436960339546204
657,-0.36244529485702515,0.0,0.0,0.20379620790481567
658,-0.36244529485702515,0.0,0.0,0.20379620790481567
659,-0.7169350385665894,0.0,0.0,0.17436960339546204
660,1.3017518520355225,0.0,0.0,-0.4691075086593628
661,1.3017518520355225,0.0,0.0,-0.11208212375640869
662,0.01369919627904892,0.0,0.0,-0.29339438676834106
663,1.3017518520355225,0.0,0.0,-0.11208212375640869
664,-0.24915313720703125,0.0,0.0,0.6163533926010132
665,-0.3631572723388672,0.0,0.0,-0.1457078903913498
666,-0.42314422130584717,0.0,0.0,-0.4525120258331299
667,0.4151446521282196,0.0,0.0,-0.39158517122268677
668,-0.8302285671234131,0.0,0.0,-0.06620166450738907
669,-0.8302285671234131,0.0,0.0,-0.06620166450738907
670,-0.8302285671234131,0.0,0.0,-0.06620166450738907
671,1.2528527975082397,0.0,0.0,-0.20491847395896912
672,1.2528527975082397,0.0,0.0,-0.20491847395896912
673,-0.8302285671234131,0.0,0.0,-0.06620166450738907
674,0.36664363741874695,0.0,0.0,-0.39158517122268677
675,-0.8465009331703186,0.0,0.0,-0.1290942281484604
676,-0.8465009331703186,0.0,0.0,-0.1290942281484604
677,-0.8302285671234131,0.0,0.0,-0.06620166450738907
678,0.1873461753129959,0.0,0.0,-0.25899603962898254
679,-0.7336899638175964,0.0,0.0,-0.1290942281484604
680,-0.7336899638175964,0.0,0.0,-0.1290942281484604
681,-0.31542155146598816,0.0,0.0,0.37595248222351074
682,0.15517525374889374,0.0,0.0,-0.4362298250198364
683,-0.8302285671234131,0.0,0.0,-0.06620166450738907
684,-0.7336899638175964,0.0,0.0,-0.1290942281484604
685,-0.3631572723388672,0.0,0.0,-0.1457078903913498
686,0.9927415251731873,0.0,0.0,-0.24474015831947327
687,-0.7336899638175964,0.0,0.0,-0.1290942281484604
688,-0.8344179391860962,0.0,0.0,0.11970499157905579
689,0.15517525374889374,0.0,0.0,-0.4362298250198364
690,0.15517525374889374,0.0,0.0,-0.4362298250198364
691,-0.8465009331703186,0.0,0.0,-0.1290942281484604
692,1.2528527975082397,0.0,0.0,-0.20491847395896912
693,-0.8302285671234131,0.0,0.0,-0.06620166450738907
694,-0.7336899638175964,0.0,0.0,-0.1290942281484604
695,-0.2997504770755768,0.0,0.0,-0.07289091497659683
696,-0.2997504770755768,0.0,0.0,-0.07289091497659683
697,0.36664363741874695,0.0,0.0,-0.39158517122268677
698,-0.42314422130584717,0.0,0.0,-0.4525120258331299
699,-0.8465009331703186,0.0,0.0,-0.1290942281484604
700,-0.2997504770755768,0.0,0.0,-0.07289091497659683
701,-0.8302285671234131,0.0,0.0,-0.06620166450738907
702,-0.7336899638175964,0.0,0.0,-0.1290942281484604
703,1.2528527975082397,0.0,0.0,-0.20491847395896912
704,-0.3631572723388672,0.0,0.0,-0.1457078903913498
705,-0.8302285671234131,0.0,0.0,-0.06620166450738907
706,-0.8302285671234131,0.0,0.0,-0.06620166450738907
707,0.15517525374889374,0.0,0.0,-0.4362298250198364
708,-0.3298553228378296,0.0,0.0,-0.4525120258331299
709,-0.8465009331703186,0.0,0.0,-0.1290942281484604
710,-0.8302285671234131,0.0,0.0,-0.06620166450738907
711,-0.3631572723388672,0.0,0.0,-0.1457078903913498
712,0.36664363741874695,0.0,0.0,-0.39158517122268677
713,0.15517525374889374,0.0,0.0,-0.4362298250198364
714,-0.24915313720703125,0.0,0.0,0.6163533926010132
715,-0.8465009331703186,0.0,0.0,-0.1290942281484604
716,0.36664363741874695,0.0,0.0,-0.39158517122268677
717,-0.8302285671234131,0.0,0.0,-0.06620166450738907
718,0.15517525374889374,0.0,0.0,-0.4362298250198364
719,-0.8302285671234131,0.0,0.0,-0.06620166450738907
720,-0.7336899638175964,0.0,0.0,-0.1290942281484604
721,-0.8302285671234131,0.0,0.0,-0.06620166450738907
722,-0.8302285671234131,0.0,0.0,-0.06620166450738907
723,0.15517525374889374,0.0,0.0,-0.4362298250198364
724,0.4151446521282196,0.0,0.0,-0.39158517122268677
725,-0.8465009331703186,0.0,0.0,-0.1290942281484604
726,-0.8302285671234131,0.0,0.0,-0.06620166450738907
727,-0.24915313720703125,0.0,0.0,0.6163533926010132
728,-0.8302285671234131,0.0,0.0,-0.06620166450738907
729,-0.8465009331703186,0.0,0.0,-0.1290942281484604
730,-0.8302285671234131,0.0,0.0,-0.06620166450738907
731,-0.42314422130584717,0.0,0.0,-0.4525120258331299
732,-0.24915313720703125,0.0,0.0,0.6163533926010132
733,-0.8302285671234131,0.0,0.0,-0.06620166450738907
734,0.36664363741874695,0.0,0.0,-0.39158517122268677
735,0.15517525374889374,0.0,0.0,-0.4362298250198364
736,0.36664363741874695,0.0,0.0,-0.39158517122268677
737,-0.3909732699394226,0.0,0.0,-0.275278240442276
738,0.2628978490829468,0.0,0.0,0.392234742641449
739,0.9325991272926331,0.0,0.0,-0.26874110102653503
740,-0.24915313720703125,0.0,0.0,0.6163533926010132
741,-0.2997504770755768,0.0,0.0,-0.07289091497659683
742,-0.2997504770755768,0.0,0.0,-0.07289091497659683
743,-0.7336899638175964,0.0,0.0,-0.1290942281484604
744,0.15517525374889374,0.0,0.0,-0.4362298250198364
745,-0.24915313720703125,0.0,0.0,0.6163533926010132
746,-0.8302285671234131,0.0,0.0,-0.06620166450738907
747,-0.42314422130584717,0.0,0.0,-0.4525120258331299
748,-0.8302285671234131,0.0,0.0,-0.06620166450738907
749,-0.8465009331703186,0.0,0.0,-0.1290942281484604
750,0.15517525374889374,0.0,0.0,-0.4362298250198364
751,0.4151446521282196,0.0,0.0,-0.39158517122268677
752,0.4151446521282196,0.0,0.0,-0.39158517122268677
753,0.15517525374889374,0.0,0.0,-0.4362298250198364
754,-0.2997504770755768,0.0,0.0,-0.07289091497659683
755,1.2528527975082397,0.0,0.0,-0.20491847395896912
756,-0.3631572723388672,0.0,0.0,-0.1457078903913498
757,-0.8302285671234131,0.0,0.0,-0.06620166450738907
758,-0.7336899638175964,0.0,0.0,-0.1290942281484604
759,-0.42314422130584717,0.0,0.0,-0.4525120258331299
760,-0.42314422130584717,0.0,0.0,-0.4525120258331299
761,-0.42314422130584717,0.0,0.0,-0.4525120258331299
762,0.4151446521282196,0.0,0.0,-0.39158517122268677
763,-0.8465009331703186,0.0,0.0,-0.1290942281484604
764,-0.7336899638175964,0.0,0.0,-0.1290942281484604
765,-0.8302285671234131,0.0,0.0,-0.06620166450738907
766,-0.8302285671234131,0.0,0.0,-0.06620166450738907
767,0.15517525374889374,0.0,0.0,-0.4362298250198364
768,-0.7336899638175964,0.0,0.0,-0.1290942281484604
769,-0.8302285671234131,0.0,0.0,-0.06620166450738907
770,-0.8302285671234131,0.0,0.0,-0.06620166450738907
771,-0.8302285671234131,0.0,0.0,-0.06620166450738907
772,1.2528527975082397,0.0,0.0,-0.20491847395896912
773,-0.8302285671234131,0.0,0.0,-0.06620166450738907
774,0.994369387626648,0.0,0.0,0.003704942762851715
775,0.36664363741874695,0.0,0.0,-0.39158517122268677
776,-0.24915313720703125,0.0,0.0,0.6163533926010132
777,-0.24915313720703125,0.0,0.0,0.6163533926010132
778,1.2528527975082397,0.0,0.0,-0.20491847395896912
779,0.15517525374889374,0.0,0.0,-0.4362298250198364
780,1.2528527975082397,0.0,0.0,-0.20491847395896912
781,0.4151446521282196,0.0,0.0,-0.39158517122268677
782,1.2528527975082397,0.0,0.0,-0.20491847395896912
783,0.36664363741874695,0.0,0.0,-0.39158517122268677
784,0.48509615659713745,0.0,0.0,0.6217416524887085
785,1.2528527975082397,0.0,0.0,-0.20491847395896912
786,-0.24915313720703125,0.0,0.0,0.6163533926010132
787,0.15517525374889374,0.0,0.0,-0.4362298250198364
788,-0.8302285671234131,0.0,0.0,-0.06620166450738907
789,1.2528527975082397,0.0,0.0,-0.20491847395896912
790,-0.7336899638175964,0.0,0.0,-0.1290942281484604
791,0.15517525374889374,0.0,0.0,-0.4362298250198364
792,1.2528527975082397,0.0,0.0,-0.20491847395896912
793,0.21516214311122894,0.0,0.0,-0.12942568957805634
794,-0.24915313720703125,0.0,0.0,0.6163533926010132
795,-0.24915313720703125,0.0,0.0,0.6163533926010132
796,-0.7174175977706909,0.0,0.0,-0.06620166450738907
797,1.2528527975082397,0.0,0.0,-0.20491847395896912
798,0.21516214311122894,0.0,0.0,-0.12942568957805634
799,-0.8302285671234131,0.0,0.0,-0.06620166450738907
800,-0.31542155146598816,0.0,0.0,0.37595248222351074
801,-0.8465009331703186,0.0,0.0,-0.1290942281484604
802,0.9927415251731873,0.0,0.0,-0.24474015831947327
803,1.2528527975082397,0.0,0.0,-0.20491847395896912
804,-0.24915313720703125,0.0,0.0,0.6163533926010132
805,-0.2939356863498688,0.0,0.0,0.6100724935531616
806,1.2528527975082397,0.0,0.0,-0.20491847395896912
807,0.44731560349464417,0.0,0.0,-0.2143513560295105
808,-0.2997504770755768,0.0,0.0,-0.07289091497659683
809,0.9325991272926331,0.0,0.0,-0.26874110102653503
810,-0.8302285671234131,0.0,0.0,-0.06620166450738907
811,1.2528527975082397,0.0,0.0,-0.20491847395896912
812,0.9927415251731873,0.0,0.0,-0.24474015831947327
813,-0.24915313720703125,0.0,0.0,0.6163533926010132
814,-0.7336899638175964,0.0,0.0,-0.1290942281484604
815,-0.24915313720703125,0.0,0.0,0.6163533926010132
816,0.42663052678108215,0.0,0.0,-0.08478101342916489
817,1.2528527975082397,0.0,0.0,-0.20491847395896912
818,-0.8302285671234131,0.0,0.0,-0.06620166450738907
819,-0.24915313720703125,0.0,0.0,0.6163533926010132
820,-0.24915313720703125,0.0,0.0,0.6163533926010132
821,1.2528527975082397,0.0,0.0,-0.20491847395896912
822,-0.7336899638175964,0.0,0.0,-0.1290942281484604
823,-0.2997504770755768,0.0,0.0,-0.07289091497659683
824,-0.2939356863498688,0.0,0.0,0.6100724935531616
825,-0.8302285671234131,0.0,0.0,-0.06620166450738907
826,1.2528527975082397,0.0,0.0,-0.20491847395896912
827,1.2528527975082397,0.0,0.0,-0.20491847395896912
828,0.32916632294654846,0.0,0.0,0.6326355934143066
829,1.2528527975082397,0.0,0.0,-0.20491847395896912
830,-0.07763843983411789,0.0,0.0,0.4716153144836426
831,-0.219075545668602,0.0,0.0,-0.50102698802948
832,-0.3293347954750061,0.0,0.0,-1.6556059122085571
833,1.2361584901809692,0.0,0.0,-2.0234711170196533
834,-1.8923113346099854,0.0,0.0,1.0627553462982178
835,-2.099357843399048,0.0,0.0,1.0627553462982178
836,-1.6001614332199097,0.0,0.0,0.8475533127784729
837,2.2918341159820557,0.0,0.0,-1.124083399772644
838,2.2918341159820557,0.0,0.0,-1.124083399772644
839,-2.1420698165893555,0.0,0.0,0.9867774248123169
840,0.4486711919307709,0.0,0.0,-2.039609670639038
841,-2.2544267177581787,0.0,0.0,0.30139315128326416
842,-2.2544267177581787,0.0,0.0,0.30139315128326416
843,-1.557449460029602,0.0,0.0,1.076479434967041
844,0.20945994555950165,0.0,0.0,-1.645881175994873
845,-1.6351205110549927,0.0,0.0,0.3766211271286011
846,-1.5961896181106567,0.0,0.0,1.3831467628479004
847,-0.13850516080856323,0.0,0.0,-0.35640013217926025
848,0.3724876344203949,0.0,0.0,-1.645881175994873
849,-1.557449460029602,0.0,0.0,1.076479434967041
850,-1.6351205110549927,0.0,0.0,0.3766211271286011
851,-0.2332725077867508,0.0,0.0,-0.8749875426292419
852,2.1225194931030273,0.0,0.0,-1.154161810874939
853,-1.6179155111312866,0.0,0.0,0.9453801512718201
854,-2.2544267177581787,0.0,0.0,0.30139315128326416
855,0.20974746346473694,0.0,0.0,-1.4536958932876587
856,0.1962076723575592,0.0,0.0,-2.039609670639038
857,-2.2544267177581787,0.0,0.0,0.75407475233078
858,2.2918341159820557,0.0,0.0,-1.124083399772644
859,-1.557449460029602,0.0,0.0,1.076479434967041
860,-2.1586546897888184,0.0,0.0,0.888583242893219
861,-0.30277037620544434,0.0,0.0,0.4372456669807434
862,-1.6351205110549927,0.0,0.0,0.3766211271286011
863,0.9849743247032166,0.0,0.0,-2.0234711170196533
864,-0.26361897587776184,0.0,0.0,-1.6556059122085571
865,-2.2154958248138428,0.0,0.0,1.3079187870025635
866,-0.006970338523387909,0.0,0.0,0.4716153144836426
867,-1.6001614332199097,0.0,0.0,1.3216428756713867
868,-2.229142427444458,0.0,0.0,1.1536110639572144
869,2.2918341159820557,0.0,0.0,-1.124083399772644
870,-0.2332725077867508,0.0,0.0,-0.8749875426292419
871,-1.8923113346099854,0.0,0.0,1.0627553462982178
872,-1.6001614332199097,0.0,0.0,0.8475533127784729
873,0.20974746346473694,0.0,0.0,-1.4536958932876587
874,-0.20750300586223602,0.0,0.0,-1.5909545421600342
875,-1.9739543199539185,0.0,0.0,0.30139315128326416
876,-1.557449460029602,0.0,0.0,1.076479434967041
877,-0.16755670309066772,0.0,0.0,-0.8749875426292419
878,0.9982265830039978,0.0,0.0,-1.6297426223754883
879,0.18836763501167297,0.0,0.0,-1.645881175994873
880,-0.07763843983411789,0.0,0.0,0.4716153144836426
881,-1.9739543199539185,0.0,0.0,0.30139315128326416
882,0.4619234502315521,0.0,0.0,-1.645881175994873
883,-1.6001614332199097,0.0,0.0,0.8475533127784729
884,0.17511537671089172,0.0,0.0,-2.039609670639038
885,-1.557449460029602,0.0,0.0,1.076479434967041
886,-1.6351205110549927,0.0,0.0,0.8293026685714722
887,-1.557449460029602,0.0,0.0,1.076479434967041
888,-1.6001614332199097,0.0,0.0,1.3216428756713867
889,0.4622110426425934,0.0,0.0,-1.5909545421600342
890,1.2361584901809692,0.0,0.0,-2.0234711170196533
891,-2.1557164192199707,0.0,0.0,1.1536110639572144
892,-1.557449460029602,0.0,0.0,1.076479434967041
893,-0.07763843983411789,0.0,0.0,0.4716153144836426
894,-2.2154958248138428,0.0,0.0,0.8338292837142944
895,-1.6001614332199097,0.0,0.0,1.3216428756713867
896,-1.6001614332199097,0.0,0.0,0.8475533127784729
897,-0.3293347954750061,0.0,0.0,-1.6556059122085571
898,-0.07763843983411789,0.0,0.0,0.4716153144836426
899,-1.557449460029602,0.0,0.0,1.076479434967041
900,0.9982265830039978,0.0,0.0,-1.6297426223754883
901,0.4619234502315521,0.0,0.0,-1.645881175994873
902,0.4486711919307709,0.0,0.0,-2.039609670639038
903,-0.26361897587776184,0.0,0.0,-1.6556059122085571
904,0.3345737159252167,0.0,0.0,-0.34667539596557617
905,2.1225194931030273,0.0,0.0,-1.2914204597473145
906,-0.2042209655046463,0.0,0.0,-0.35640013217926025
907,-1.4999622106552124,0.0,0.0,0.40370476245880127
908,-0.006970338523387909,0.0,0.0,0.4716153144836426
909,-1.6351205110549927,0.0,0.0,0.3766211271286011
910,0.3724876344203949,0.0,0.0,-1.645881175994873
911,-0.07763843983411789,0.0,0.0,0.4716153144836426
912,-1.557449460029602,0.0,0.0,1.076479434967041
913,-0.26333144307136536,0.0,0.0,-1.6006792783737183
914,-1.557449460029602,0.0,0.0,1.076479434967041
915,-1.9486700296401978,0.0,0.0,1.1536110639572144
916,0.4486711919307709,0.0,0.0,-2.039609670639038
917,1.2361584901809692,0.0,0.0,-2.0234711170196533
918,1.3596926927566528,0.0,0.0,-1.5748159885406494
919,0.4622110426425934,0.0,0.0,-1.4536958932876587
920,-0.30277037620544434,0.0,0.0,0.4372456669807434
921,2.2918341159820557,0.0,0.0,-1.124083399772644
922,-0.2332725077867508,0.0,0.0,-0.8749875426292419
923,-2.2154958248138428,0.0,0.0,1.3079187870025635
924,-1.6351205110549927,0.0,0.0,0.3766211271286011
925,-0.26361897587776184,0.0,0.0,-1.6556059122085571
926,-0.26361897587776184,0.0,0.0,-1.6556059122085571
927,-0.3293347954750061,0.0,0.0,-1.6556059122085571
928,1.4826078414916992,0.0,0.0,-1.8636053800582886
929,-2.1637957096099854,0.0,0.0,0.8701521754264832
930,-1.6351205110549927,0.0,0.0,0.3766211271286011
931,-1.557449460029602,0.0,0.0,1.076479434967041
932,-2.1420698165893555,0.0,0.0,0.8338292837142944
933,0.4619234502315521,0.0,0.0,-1.645881175994873
934,-1.6179155111312866,0.0,0.0,0.9453801512718201
935,-1.557449460029602,0.0,0.0,1.076479434967041
936,-1.557449460029602,0.0,0.0,1.076479434967041
937,-1.557449460029602,0.0,0.0,1.076479434967041
938,2.2918341159820557,0.0,0.0,-1.124083399772644
939,-2.1420698165893555,0.0,0.0,1.3079187870025635
940,2.108997106552124,0.0,0.0,-0.8495598435401917
941,0.9985141158103943,0.0,0.0,-1.437557339668274
942,-0.07763843983411789,0.0,0.0,0.4716153144836426
943,-0.07763843983411789,0.0,0.0,0.4716153144836426
944,2.2915468215942383,0.0,0.0,-1.316268801689148
945,0.3727751672267914,0.0,0.0,-1.5909545421600342
946,2.2918341159820557,0.0,0.0,-1.261342167854309
947,1.2494107484817505,0.0,0.0,-1.6297426223754883
948,2.2918341159820557,0.0,0.0,-1.124083399772644
949,0.4486711919307709,0.0,0.0,-2.039609670639038
950,1.2334285974502563,0.0,0.0,0.27103298902511597
951,2.2918341159820557,0.0,0.0,-1.124083399772644
952,-0.006970338523387909,0.0,0.0,0.4716153144836426
953,0.271609902381897,0.0,0.0,-1.645881175994873
954,-1.557449460029602,0.0,0.0,1.076479434967041
955,2.2918341159820557,0.0,0.0,-1.124083399772644
956,-2.2544267177581787,0.0,0.0,0.30139315128326416
957,0.18865516781806946,0.0,0.0,-1.4536958932876587
958,2.2918341159820557,0.0,0.0,-1.261342167854309
959,0.5721827745437622,0.0,0.0,-0.4913022518157959
960,-0.07763843983411789,0.0,0.0,0.4716153144836426
961,-0.006970338523387909,0.0,0.0,0.4716153144836426
962,-1.5961896181106567,0.0,0.0,1.3831467628479004
963,2.2918341159820557,0.0,0.0,-1.124083399772644
964,0.5579858422279358,0.0,0.0,-0.8652626872062683
965,-1.557449460029602,0.0,0.0,1.076479434967041
966,-0.13850516080856323,0.0,0.0,-0.35640013217926025
967,-1.6390923261642456,0.0,0.0,0.7677987217903137
968,2.12223219871521,0.0,0.0,-1.3463470935821533
969,2.2918341159820557,0.0,0.0,-1.124083399772644
970,-0.07763843983411789,0.0,0.0,0.4716153144836426
971,-0.006970338523387909,0.0,0.0,0.4716153144836426
972,2.2918341159820557,0.0,0.0,-1.124083399772644
973,0.9982265830039978,0.0,0.0,-1.6297426223754883
974,-1.6351205110549927,0.0,0.0,0.3766211271286011
975,2.1225194931030273,0.0,0.0,-1.2914204597473145
976,-1.9350234270095825,0.0,0.0,1.3079187870025635
977,2.1225194931030273,0.0,0.0,-1.2914204597473145
978,2.1089797019958496,0.0,0.0,-1.740075707435608
979,-0.07763843983411789,0.0,0.0,0.4716153144836426
980,-1.609836220741272,0.0,0.0,1.2288389205932617
981,-0.07763843983411789,0.0,0.0,0.4716153144836426
982,0.5579858422279358,0.0,0.0,-0.8652626872062683
983,2.2918341159820557,0.0,0.0,-1.124083399772644
984,-2.1420698165893555,0.0,0.0,1.3079187870025635
985,-0.006970338523387909,0.0,0.0,0.4716153144836426
986,-0.01192263513803482,0.0,0.0,0.4716153144836426
987,2.2918341159820557,0.0,0.0,-1.124083399772644
988,-1.6179155111312866,0.0,0.0,0.9453801512718201
989,-0.30277037620544434,0.0,0.0,0.4372456669807434
990,-0.006970338523387909,0.0,0.0,0.4716153144836426
991,-1.557449460029602,0.0,0.0,1.076479434967041
992,2.2915468215942383,0.0,0.0,-1.316268801689148
993,2.2918341159820557,0.0,0.0,-1.124083399772644
994,-0.08267673850059509,0.0,0.0,-0.34667539596557617
995,2.2918341159820557,0.0,0.0,-1.124083399772644
996,-0.6816428303718567,0.0,0.0,0.2928526699542999
997,-0.49267280101776123,0.0,0.0,-1.2732776403427124
998,-0.5794682502746582,0.0,0.0,-3.682068109512329
999,0.21541590988636017,0.0,0.0,-3.0784387588500977
1000,-4.19428014755249,0.0,0.0,2.6282200813293457
1001,-2.959463596343994,0.0,0.0,2.765806198120117
1002,-4.239613056182861,0.0,0.0,1.8296902179718018
1003,2.696781873703003,0.0,0.0,-2.1591074466705322
1004,2.696781873703003,0.0,0.0,-2.1591074466705322
1005,-2.6175642013549805,0.0,0.0,2.0882856845855713
1006,0.9043594002723694,0.0,0.0,-2.9921064376831055
1007,-2.9264121055603027,0.0,0.0,0.0037178732454776764
1008,-2.9935624599456787,0.0,0.0,0.0037178732454776764
1009,-4.063174724578857,0.0,0.0,2.6282200813293457
1010,0.7726473808288574,0.0,0.0,-3.5084173679351807
1011,-2.4441237449645996,0.0,0.0,-0.30791428685188293
1012,-1.6889106035232544,0.0,0.0,0.8486056923866272
1013,0.0003350004553794861,0.0,0.0,-0.7053787112236023
1014,0.6398632526397705,0.0,0.0,-3.512525796890259
1015,-4.063174724578857,0.0,0.0,2.6282200813293457
1016,-2.4441237449645996,0.0,0.0,-0.2656150162220001
1017,-0.3519970178604126,0.0,0.0,-2.087744951248169
1018,2.696781873703003,0.0,0.0,-2.1591074466705322
1019,-2.058661937713623,0.0,0.0,0.40553537011146545
1020,-2.9935624599456787,0.0,0.0,0.0037178732454776764
1021,0.7971590757369995,0.0,0.0,-2.754795789718628
1022,0.8650102615356445,0.0,0.0,-3.1598713397979736
1023,-2.8219218254089355,0.0,0.0,-0.4216594398021698
1024,2.696781873703003,0.0,0.0,-2.1591074466705322
1025,-4.063174724578857,0.0,0.0,2.6282200813293457
1026,-1.9708400964736938,0.0,0.0,0.3981139361858368
1027,-0.8310892581939697,0.0,0.0,0.2640945017337799
1028,-1.7012572288513184,0.0,0.0,0.357314795255661
1029,0.21541590988636017,0.0,0.0,-2.984560966491699
1030,-0.4808129072189331,0.0,0.0,-3.6233577728271484
1031,-2.598438262939453,0.0,0.0,1.9244225025177002
1032,-0.23515407741069794,0.0,0.0,0.31766965985298157
1033,-4.287637233734131,0.0,0.0,1.7552459239959717
1034,-1.9111322164535522,0.0,0.0,0.831085741519928
1035,2.696781873703003,0.0,0.0,-2.1591074466705322
1036,-0.3519970178604126,0.0,0.0,-2.087744951248169
1037,-3.974613666534424,0.0,0.0,2.65036678314209
1038,-4.239613056182861,0.0,0.0,1.9191093444824219
1039,0.8432854413986206,0.0,0.0,-2.7441306114196777
1040,-0.13394145667552948,0.0,0.0,-2.969992160797119
1041,-4.729248523712158,0.0,0.0,-0.5908359289169312
1042,-4.063174724578857,0.0,0.0,2.6282200813293457
1043,-0.19850753247737885,0.0,0.0,-2.0569612979888916
1044,0.2272040694952011,0.0,0.0,-3.01403546333313
1045,1.303274154663086,0.0,0.0,-3.4991025924682617
1046,-0.30601340532302856,0.0,0.0,0.3407593071460724
1047,-4.664425849914551,0.0,0.0,0.49991580843925476
1048,0.9549118280410767,0.0,0.0,-3.2820427417755127
1049,-4.239613056182861,0.0,0.0,1.8661303520202637
1050,1.3052020072937012,0.0,0.0,-3.161221504211426
1051,-4.063174724578857,0.0,0.0,2.6282200813293457
1052,-2.3490943908691406,0.0,0.0,-0.2515226900577545
1053,-4.063174724578857,0.0,0.0,2.6282200813293457
1054,-4.250700950622559,0.0,0.0,2.0348777770996094
1055,0.6975740194320679,0.0,0.0,-2.788422107696533
1056,0.2614319920539856,0.0,0.0,-3.064805746078491
1057,-3.335803747177124,0.0,0.0,0.6833112835884094
1058,-4.063174724578857,0.0,0.0,2.6282200813293457
1059,-0.4821881651878357,0.0,0.0,0.31766965985298157
1060,-2.441124677658081,0.0,0.0,2.797395944595337
1061,-4.439513206481934,0.0,0.0,0.5457247495651245
1062,-4.239613056182861,0.0,0.0,1.8296902179718018
1063,-0.5794682502746582,0.0,0.0,-3.682068109512329
1064,-0.7374196648597717,0.0,0.0,0.27208212018013
1065,-4.063174724578857,0.0,0.0,2.6282200813293457
1066,0.2418525367975235,0.0,0.0,-3.2940776348114014
1067,0.6398632526397705,0.0,0.0,-3.512525796890259
1068,0.9280672669410706,0.0,0.0,-2.34452748298645
1069,-0.4808129072189331,0.0,0.0,-3.658569574356079
1070,1.3442304134368896,0.0,0.0,-0.5445618629455566
1071,2.716216802597046,0.0,0.0,-1.9651856422424316
1072,-0.5416211485862732,0.0,0.0,-0.5152800679206848
1073,-1.6662739515304565,0.0,0.0,-0.2196793258190155
1074,-0.23515407741069794,0.0,0.0,0.31766965985298157
1075,-1.865007996559143,0.0,0.0,0.13742217421531677
1076,0.6398632526397705,0.0,0.0,-3.512525796890259
1077,-0.7374196648597717,0.0,0.0,0.31766965985298157
1078,-4.063174724578857,0.0,0.0,2.6282200813293457
1079,-0.40394020080566406,0.0,0.0,-2.88840651512146
1080,-4.063174724578857,0.0,0.0,2.6282200813293457
1081,-4.537694931030273,0.0,0.0,0.5504485368728638
1082,0.6723955869674683,0.0,0.0,-3.174644947052002
1083,0.2614319920539856,0.0,0.0,-3.064805746078491
1084,0.9055200815200806,0.0,0.0,-2.4205822944641113
1085,0.6643750667572021,0.0,0.0,-2.758904218673706
1086,-0.8134973049163818,0.0,0.0,0.4157109558582306
1087,2.696781873703003,0.0,0.0,-2.1591074466705322
1088,-0.3519970178604126,0.0,0.0,-2.087744951248169
1089,-2.561501979827881,0.0,0.0,2.204054355621338
1090,-2.4615907669067383,0.0,0.0,0.11746319383382797
1091,-0.4808129072189331,0.0,0.0,-3.658569574356079
1092,-0.4808129072189331,0.0,0.0,-3.658569574356079
1093,-0.6343026161193848,0.0,0.0,-3.6893532276153564
1094,0.9076391458511353,0.0,0.0,-2.847097635269165
1095,-3.3955113887786865,0.0,0.0,0.2503395676612854
1096,-2.0445916652679443,0.0,0.0,-0.2980537712574005
1097,-4.063174724578857,0.0,0.0,2.6282200813293457
1098,-3.0562965869903564,0.0,0.0,1.9860546588897705
1099,0.7645399570465088,0.0,0.0,-3.4932713508605957
1100,-2.345201015472412,0.0,0.0,0.39567503333091736
1101,-4.063174724578857,0.0,0.0,2.6282200813293457
1102,-4.063174724578857,0.0,0.0,2.6282200813293457
1103,-4.063174724578857,0.0,0.0,2.6282200813293457
1104,2.696781873703003,0.0,0.0,-2.1591074466705322
1105,-2.628652334213257,0.0,0.0,2.204054355621338
1106,2.8001468181610107,0.0,0.0,-1.6591695547103882
1107,1.297939658164978,0.0,0.0,-2.5223960876464844
1108,-0.4821881651878357,0.0,0.0,0.31766965985298157
1109,-0.4853995442390442,0.0,0.0,0.3364211618900299
1110,2.7754933834075928,0.0,0.0,-2.809504747390747
1111,1.355942964553833,0.0,0.0,-2.514773368835449
1112,2.699206590652466,0.0,0.0,-2.148338794708252
1113,0.2418525367975235,0.0,0.0,-3.2940776348114014
1114,2.696781873703003,0.0,0.0,-2.1591074466705322
1115,1.6140245199203491,0.0,0.0,-2.3383843898773193
1116,1.7300066947937012,0.0,0.0,0.271431565284729
1117,2.696781873703003,0.0,0.0,-2.1591074466705322
1118,-0.23515407741069794,0.0,0.0,0.31766965985298157
1119,1.4791467189788818,0.0,0.0,-2.3357861042022705
1120,-4.063174724578857,0.0,0.0,2.6282200813293457
1121,2.696781873703003,0.0,0.0,-2.1591074466705322
1122,-1.8424712419509888,0.0,0.0,0.9741417765617371
1123,1.3934521675109863,0.0,0.0,-2.682321786880493
1124,2.719630002975464,0.0,0.0,-1.929750680923462
1125,1.109629511833191,0.0,0.0,-1.0964508056640625
1126,-0.30601340532302856,0.0,0.0,0.2061779797077179
1127,-0.23515407741069794,0.0,0.0,0.31766965985298157
1128,-1.5370347499847412,0.0,0.0,2.058126926422119
1129,2.696781873703003,0.0,0.0,-2.1591074466705322
1130,0.9221689105033875,0.0,0.0,-1.910918116569519
1131,-4.063174724578857,0.0,0.0,2.6282200813293457
1132,0.0003350004553794861,0.0,0.0,-0.7053787112236023
1133,-4.598143577575684,0.0,0.0,-0.5908359289169312
1134,2.725032091140747,0.0,0.0,-1.7640047073364258
1135,2.696781873703003,0.0,0.0,-2.1591074466705322
1136,-0.07651306688785553,0.0,0.0,0.3407593071460724
1137,-0.23515407741069794,0.0,0.0,0.31766965985298157
1138,2.696781873703003,0.0,0.0,-2.1591074466705322
1139,0.2418525367975235,0.0,0.0,-3.2940776348114014
1140,-1.6365585327148438,0.0,0.0,0.8710725903511047
1141,2.716216802597046,0.0,0.0,-1.9651856422424316
1142,-3.128532886505127,0.0,0.0,2.306429624557495
1143,2.699376344680786,0.0,0.0,-2.133303165435791
1144,2.674197196960449,0.0,0.0,-2.5748484134674072
1145,-0.6816428303718567,0.0,0.0,0.3384402096271515
1146,-1.3596934080123901,0.0,0.0,0.8646804690361023
1147,-0.30601340532302856,0.0,0.0,0.3407593071460724
1148,1.6491584777832031,0.0,0.0,-1.728373408317566
1149,2.696781873703003,0.0,0.0,-2.1591074466705322
1150,-2.628652334213257,0.0,0.0,2.204054355621338
1151,-0.23515407741069794,0.0,0.0,0.31766965985298157
1152,0.07697653770446777,0.0,0.0,0.37154296040534973
1153,2.696781873703003,0.0,0.0,-2.1591074466705322
1154,-1.8649629354476929,0.0,0.0,0.522033154964447
1155,-0.8134973049163818,0.0,0.0,0.4157109558582306
1156,-0.23515407741069794,0.0,0.0,0.31766965985298157
1157,-4.063174724578857,0.0,0.0,2.6282200813293457
1158,2.725032091140747,0.0,0.0,-1.7640047073364258
1159,2.696781873703003,0.0,0.0,-2.1591074466705322
1160,1.8648390769958496,0.0,0.0,-0.32069137692451477
1161,2.696781873703003,0.0,0.0,-2.1591074466705322
1162,-0.5926283597946167,0.0,0.0,0.4925883114337921
1163,-0.7975995540618896,0.0,0.0,-1.0975687503814697
1164,-0.9149576425552368,0.0,0.0,-2.60654878616333
1165,1.8431369066238403,0.0,0.0,-2.5362319946289062
1166,-2.197481632232666,0.0,0.0,1.324284315109253
1167,-2.1736364364624023,0.0,0.0,1.3331952095031738
1168,-2.197481632232666,0.0,0.0,1.324284315109253
1169,2.3567004203796387,0.0,0.0,-1.7366998195648193
1170,2.3567004203796387,0.0,0.0,-1.7366998195648193
1171,-2.071989059448242,0.0,0.0,1.3331952095031738
1172,1.5571725368499756,0.0,0.0,-2.6132075786590576
1173,-2.4922428131103516,0.0,0.0,-0.281173437833786
1174,-2.4922428131103516,0.0,0.0,0.21724845468997955
1175,-2.197481632232666,0.0,0.0,1.324284315109253
1176,0.15412914752960205,0.0,0.0,-1.9809740781784058
1177,-1.7614967823028564,0.0,0.0,0.2562519311904907
1178,-2.1850225925445557,0.0,0.0,0.8109648823738098
1179,-0.2766020894050598,0.0,0.0,-0.07564805448055267
1180,0.5369513630867004,0.0,0.0,-2.8858604431152344
1181,-2.197481632232666,0.0,0.0,1.324284315109253
1182,-1.7614967823028564,0.0,0.0,0.2562519311904907
1183,-0.7975995540618896,0.0,0.0,-1.0975687503814697
1184,2.3567004203796387,0.0,0.0,-1.7366998195648193
1185,-1.9382429122924805,0.0,0.0,0.8611385226249695
1186,-2.1827917098999023,0.0,0.0,0.22086848318576813
1187,0.12379387766122818,0.0,0.0,-2.039276361465454
1188,0.11748724430799484,0.0,0.0,-2.723849296569824
1189,-2.4343128204345703,0.0,0.0,0.6633806824684143
1190,2.3567004203796387,0.0,0.0,-1.7366998195648193
1191,-2.197481632232666,0.0,0.0,1.324284315109253
1192,-2.376317262649536,0.0,0.0,0.7817235589027405
1193,-1.2025139331817627,0.0,0.0,-0.12873384356498718
1194,-1.2516005039215088,0.0,0.0,-0.12873384356498718
1195,1.7096505165100098,0.0,0.0,-2.5774052143096924
1196,-0.9149576425552368,0.0,0.0,-2.9199039936065674
1197,-2.3812344074249268,0.0,0.0,0.8320123553276062
1198,-0.8501570224761963,0.0,0.0,-0.12873384356498718
1199,-2.197481632232666,0.0,0.0,1.324284315109253
1200,-2.3812344074249268,0.0,0.0,0.7632680535316467
1201,2.3567004203796387,0.0,0.0,-1.7366998195648193
1202,-0.7975995540618896,0.0,0.0,-1.0975687503814697
1203,-2.197481632232666,0.0,0.0,1.324284315109253
1204,-2.197481632232666,0.0,0.0,1.324284315109253
1205,0.12379387766122818,0.0,0.0,-2.039276361465454
1206,-0.33462563157081604,0.0,0.0,-2.060112714767456
1207,-2.337942361831665,0.0,0.0,0.14146091043949127
1208,-2.197481632232666,0.0,0.0,1.324284315109253
1209,-0.39686119556427,0.0,0.0,-1.0975687503814697
1210,1.7169599533081055,0.0,0.0,-2.7082035541534424
1211,0.12479685992002487,0.0,0.0,-2.630720615386963
1212,-0.6236716508865356,0.0,0.0,0.4925883114337921
1213,-2.367475986480713,0.0,0.0,-0.3133116364479065
1214,1.5971484184265137,0.0,0.0,-2.7754921913146973
1215,-2.197481632232666,0.0,0.0,1.324284315109253
1216,0.11748724430799484,0.0,0.0,-2.723849296569824
1217,-2.197481632232666,0.0,0.0,1.324284315109253
1218,-1.5625972747802734,0.0,0.0,0.8032376170158386
1219,-2.197481632232666,0.0,0.0,1.324284315109253
1220,-2.197481632232666,0.0,0.0,1.324284315109253
1221,0.445248544216156,0.0,0.0,-2.0024349689483643
1222,1.8431369066238403,0.0,0.0,-2.5362319946289062
1223,-2.2326221466064453,0.0,0.0,0.7977014183998108
1224,-2.197481632232666,0.0,0.0,1.324284315109253
1225,-0.5346649885177612,0.0,0.0,1.0315417051315308
1226,-2.0127971172332764,0.0,0.0,1.3331952095031738
1227,-2.256467342376709,0.0,0.0,0.8267214894294739
1228,-2.197481632232666,0.0,0.0,1.324284315109253
1229,-0.9149576425552368,0.0,0.0,-2.651557207107544
1230,-0.5346649885177612,0.0,0.0,1.0315417051315308
1231,-2.197481632232666,0.0,0.0,1.324284315109253
1232,1.7462923526763916,0.0,0.0,-1.834530234336853
1233,0.35878270864486694,0.0,0.0,-2.617513656616211
1234,1.5644822120666504,0.0,0.0,-2.5646002292633057
1235,-0.7928794622421265,0.0,0.0,-2.0018107891082764
1236,0.2421550452709198,0.0,0.0,-1.0767320394515991
1237,2.209592342376709,0.0,0.0,-2.033118724822998
1238,-0.6462972164154053,0.0,0.0,-0.07564805448055267
1239,-1.1936702728271484,0.0,0.0,0.9953322410583496
1240,-0.8501570224761963,0.0,0.0,-0.12873384356498718
1241,-2.2960309982299805,0.0,0.0,-0.2603241205215454
1242,0.5369513630867004,0.0,0.0,-2.617513656616211
1243,-0.5346649885177612,0.0,0.0,1.0315417051315308
1244,-2.197481632232666,0.0,0.0,1.324284315109253
1245,-0.4537954330444336,0.0,0.0,-2.127436637878418
1246,-2.197481632232666,0.0,0.0,1.324284315109253
1247,-2.256467342376709,0.0,0.0,0.757977306842804
1248,0.3514731228351593,0.0,0.0,-2.7106423377990723
1249,1.8431369066238403,0.0,0.0,-2.5362319946289062
1250,1.8494435548782349,0.0,0.0,-1.918982744216919
1251,0.35777977108955383,0.0,0.0,-2.026069164276123
1252,-1.2516005039215088,0.0,0.0,-0.12873384356498718
1253,2.3567004203796387,0.0,0.0,-1.7366998195648193
1254,-0.7975995540618896,0.0,0.0,-1.0975687503814697
1255,-2.3222484588623047,0.0,0.0,1.3295751810073853
1256,-1.716949462890625,0.0,0.0,-0.18081437051296234
1257,-0.5142194628715515,0.0,0.0,-2.6870036125183105
1258,-0.5142194628715515,0.0,0.0,-2.6870036125183105
1259,-0.9149576425552368,0.0,0.0,-2.651557207107544
1260,1.9522883892059326,0.0,0.0,-2.3683133125305176
1261,-2.259216785430908,0.0,0.0,0.785343587398529
1262,-1.9659738540649414,0.0,0.0,0.2261667102575302
1263,-2.197481632232666,0.0,0.0,1.324284315109253
1264,-2.1736364364624023,0.0,0.0,1.3331952095031738
1265,0.5857653617858887,0.0,0.0,-2.615469217300415
1266,-1.706615924835205,0.0,0.0,0.8912237286567688
1267,-2.197481632232666,0.0,0.0,1.324284315109253
1268,-2.197481632232666,0.0,0.0,1.324284315109253
1269,-2.197481632232666,0.0,0.0,1.324284315109253
1270,2.3567004203796387,0.0,0.0,-1.7366998195648193
1271,-2.071989059448242,0.0,0.0,1.3331952095031738
1272,2.444434642791748,0.0,0.0,-1.0270986557006836
1273,1.7159571647644043,0.0,0.0,-1.8928320407867432
1274,-0.5346649885177612,0.0,0.0,1.0315417051315308
1275,-0.5837446451187134,0.0,0.0,0.8827534317970276
1276,2.357703447341919,0.0,0.0,-2.239712715148926
1277,0.7698764204978943,0.0,0.0,-2.093393087387085
1278,2.3567004203796387,0.0,0.0,-1.7366998195648193
1279,1.850446343421936,0.0,0.0,-2.4785499572753906
1280,2.3567004203796387,0.0,0.0,-1.7366998195648193
1281,1.5907831192016602,0.0,0.0,-2.5120978355407715
1282,1.9748302698135376,0.0,0.0,0.3436371684074402
1283,2.3567004203796387,0.0,0.0,-1.7366998195648193
1284,-0.49802470207214355,0.0,0.0,1.0315417051315308
1285,0.12479685992002487,0.0,0.0,-2.854647636413574
1286,-2.197481632232666,0.0,0.0,1.324284315109253
1287,2.3567004203796387,0.0,0.0,-1.7366998195648193
1288,-2.4922428131103516,0.0,0.0,-0.30802077054977417
1289,0.19082966446876526,0.0,0.0,-2.039276361465454
1290,2.3567004203796387,0.0,0.0,-1.8040235042572021
1291,0.4761407971382141,0.0,0.0,-1.0635250806808472
1292,-0.5462983846664429,0.0,0.0,0.46111875772476196
1293,-0.49802470207214355,0.0,0.0,1.0315417051315308
1294,-1.8176745176315308,0.0,0.0,1.4089897871017456
1295,2.3567004203796387,0.0,0.0,-1.7366998195648193
1296,0.7145581841468811,0.0,0.0,-1.0635250806808472
1297,-2.197481632232666,0.0,0.0,1.324284315109253
1298,-0.7975995540618896,0.0,0.0,-1.0975687503814697
1299,-2.3095457553863525,0.0,0.0,0.8107544779777527
1300,2.357703447341919,0.0,0.0,-2.3726651668548584
1301,2.3567004203796387,0.0,0.0,-1.7366998195648193
1302,-0.6236716508865356,0.0,0.0,0.4925883114337921
1303,-0.8501570224761963,0.0,0.0,1.0090930461883545
1304,2.3567004203796387,0.0,0.0,-1.7366998195648193
1305,1.8797786235809326,0.0,0.0,-1.793357253074646
1306,-1.222066879272461,0.0,0.0,0.3260388970375061
1307,2.209592342376709,0.0,0.0,-2.033118724822998
1308,-2.1163830757141113,0.0,0.0,1.3331952095031738
1309,2.3567004203796387,0.0,0.0,-1.7366998195648193
1310,2.350393772125244,0.0,0.0,-2.4212729930877686
1311,-0.5346649885177612,0.0,0.0,1.0315417051315308
1312,-2.1171765327453613,0.0,0.0,1.006394863128662
1313,-0.5694898366928101,0.0,0.0,1.0315417051315308
1314,1.6775143146514893,0.0,0.0,-1.150518774986267
1315,2.3567004203796387,0.0,0.0,-1.7366998195648193
1316,-2.0127971172332764,0.0,0.0,1.3331952095031738
1317,-0.49802470207214355,0.0,0.0,1.0315417051315308
1318,-0.22293323278427124,0.0,0.0,0.4925883114337921
1319,2.3567004203796387,0.0,0.0,-1.7366998195648193
1320,-1.7293286323547363,0.0,0.0,0.886796772480011
1321,-1.2516005039215088,0.0,0.0,-0.12873384356498718
1322,-0.49802470207214355,0.0,0.0,1.0315417051315308
1323,-2.197481632232666,0.0,0.0,1.324284315109253
1324,2.357703447341919,0.0,0.0,-2.3726651668548584
1325,2.3567004203796387,0.0,0.0,-1.7366998195648193
1326,0.4294498860836029,0.0,0.0,-0.05481146648526192
1327,2.3567004203796387,0.0,0.0,-1.7366998195648193
1328,-0.1457604020833969,0.0,0.0,0.9324479699134827
1329,-0.18641941249370575,0.0,0.0,-0.46078938245773315
1330,-0.41687172651290894,0.0,0.0,-2.3905324935913086
1331,1.6271626949310303,0.0,0.0,-2.288039207458496
1332,-2.864715814590454,0.0,0.0,1.5712367296218872
1333,-2.7523701190948486,0.0,0.0,1.5712367296218872
1334,-2.864715814590454,0.0,0.0,1.5712367296218872
1335,2.7293341159820557,0.0,0.0,-1.893305778503418
1336,2.7293341159820557,0.0,0.0,-1.893305778503418
1337,-2.7647130489349365,0.0,0.0,1.585513949394226
1338,0.34261757135391235,0.0,0.0,-2.534065008163452
1339,-2.7649595737457275,0.0,0.0,-0.3618437945842743
1340,-2.7649595737457275,0.0,0.0,-0.3618437945842743
1341,-2.864715814590454,0.0,0.0,1.5712367296218872
1342,-0.5324023365974426,0.0,0.0,-2.06961989402771
1343,-0.937202513217926,0.0,0.0,-0.10913470387458801
1344,-0.9592214226722717,0.0,0.0,0.10113079845905304
1345,-0.10877947509288788,0.0,0.0,-0.5314125418663025
1346,-0.3897438049316406,0.0,0.0,-2.4146225452423096
1347,-2.864715814590454,0.0,0.0,1.5712367296218872
1348,-0.937202513217926,0.0,0.0,-0.10913470387458801
1349,-0.41687172651290894,0.0,0.0,-2.045530080795288
1350,2.7293341159820557,0.0,0.0,-1.893305778503418
1351,-1.1068133115768433,0.0,0.0,-0.10649733245372772
1352,-2.7649595737457275,0.0,0.0,0.23938079178333282
1353,-0.54502272605896,0.0,0.0,-2.4935061931610107
1354,-0.54502272605896,0.0,0.0,-2.57075834274292
1355,-2.7043495178222656,0.0,0.0,-0.14539219439029694
1356,2.7293341159820557,0.0,0.0,-1.893305778503418
1357,-2.864715814590454,0.0,0.0,1.5712367296218872
1358,-1.3649464845657349,0.0,0.0,-0.14275485277175903
1359,-1.0335471630096436,0.0,0.0,-0.2998916804790497
1360,-0.8539645671844482,0.0,0.0,0.7266789674758911
1361,1.139289140701294,0.0,0.0,-2.3672797679901123
1362,-0.33923178911209106,0.0,0.0,-2.3905324935913086
1363,-2.7603650093078613,0.0,0.0,0.06487327814102173
1364,-0.952477216720581,0.0,0.0,-0.2998916804790497
1365,-2.9497275352478027,0.0,0.0,0.027108829468488693
1366,-1.4694496393203735,0.0,0.0,0.06487327814102173
1367,2.7293341159820557,0.0,0.0,-1.893305778503418
1368,-0.41687172651290894,0.0,0.0,-2.045530080795288
1369,-2.864715814590454,0.0,0.0,1.5712367296218872
1370,-2.864715814590454,0.0,0.0,1.5712367296218872
1371,-0.54502272605896,0.0,0.0,-2.4935061931610107
1372,0.4434245228767395,0.0,0.0,-2.4694161415100098
1373,-2.9838175773620605,0.0,0.0,-0.18315663933753967
1374,-2.864715814590454,0.0,0.0,1.5712367296218872
1375,-0.33923178911209106,0.0,0.0,-2.045530080795288
1376,1.0908713340759277,0.0,0.0,-2.2111432552337646
1377,1.5435665845870972,0.0,0.0,-2.445188045501709
1378,-0.014526579529047012,0.0,0.0,0.7105898261070251
1379,-2.9582180976867676,0.0,0.0,0.42221277952194214
1380,0.3552379608154297,0.0,0.0,-2.3779287338256836
1381,-2.864715814590454,0.0,0.0,1.5712367296218872
1382,1.5309463739395142,0.0,0.0,-2.536310911178589
1383,-2.864715814590454,0.0,0.0,1.5712367296218872
1384,-1.1760562658309937,0.0,0.0,-0.06983192265033722
1385,-2.864715814590454,0.0,0.0,1.5712367296218872
1386,-2.9497275352478027,0.0,0.0,0.06790637969970703
1387,0.1646566092967987,0.0,0.0,-2.4876091480255127
1388,2.3171803951263428,0.0,0.0,-2.1363401412963867
1389,-2.8373818397521973,0.0,0.0,0.027108829468488693
1390,-2.864715814590454,0.0,0.0,1.5712367296218872
1391,-0.3296127915382385,0.0,0.0,0.9213802218437195
1392,-2.6753532886505127,0.0,0.0,1.6090012788772583
1393,-2.9497275352478027,0.0,0.0,0.027108829468488693
1394,-2.864715814590454,0.0,0.0,1.5712367296218872
1395,-0.41687172651290894,0.0,0.0,-2.455545425415039
1396,-0.3296127915382385,0.0,0.0,0.9213802218437195
1397,-2.864715814590454,0.0,0.0,1.5712367296218872
1398,1.3633127212524414,0.0,0.0,-2.276156187057495
1399,-0.1249232143163681,0.0,0.0,-2.47963547706604
1400,0.34261757135391235,0.0,0.0,-2.4800844192504883
1401,-0.33923178911209106,0.0,0.0,-2.045530080795288
1402,-0.30194997787475586,0.0,0.0,-0.555502712726593
1403,2.565605878829956,0.0,0.0,-2.0353193283081055
1404,-0.29388317465782166,0.0,0.0,-0.24685467779636383
1405,-0.8929370045661926,0.0,0.0,-0.025917887687683105
1406,-0.8805953860282898,0.0,0.0,-0.2998916804790497
1407,-0.9638163447380066,0.0,0.0,-0.38310864567756653
1408,-0.3897438049316406,0.0,0.0,-2.47963547706604
1409,-0.3296127915382385,0.0,0.0,0.9213802218437195
1410,-2.864715814590454,0.0,0.0,1.5712367296218872
1411,-0.3518522381782532,0.0,0.0,-2.4694161415100098
1412,-2.864715814590454,0.0,0.0,1.5712367296218872
1413,-2.9497275352478027,0.0,0.0,0.027108829468488693
1414,0.1646566092967987,0.0,0.0,-2.5648610591888428
1415,2.3171803951263428,0.0,0.0,-2.1363401412963867
1416,2.3171803951263428,0.0,0.0,-2.0590875148773193
1417,-0.3194558024406433,0.0,0.0,-2.4935061931610107
1418,-1.1220440864562988,0.0,0.0,0.6066355109214783
1419,2.7293341159820557,0.0,0.0,-1.893305778503418
1420,-0.41687172651290894,0.0,0.0,-2.045530080795288
1421,-2.7603650093078613,0.0,0.0,0.10567079484462738
1422,-1.2970587015151978,0.0,0.0,-0.38310864567756653
1423,-0.33923178911209106,0.0,0.0,-2.3905324935913086
1424,-0.33923178911209106,0.0,0.0,-2.3905324935913086
1425,-0.41687172651290894,0.0,0.0,-2.455545425415039
1426,2.3171803951263428,0.0,0.0,-2.1363401412963867
1427,-2.7829837799072266,0.0,0.0,-0.05657903477549553
1428,-1.1409035921096802,0.0,0.0,-0.10913470387458801
1429,-2.864715814590454,0.0,0.0,1.5712367296218872
1430,-2.697972059249878,0.0,0.0,1.585513949394226
1431,0.17727699875831604,0.0,0.0,-2.4087252616882324
1432,-1.2924641370773315,0.0,0.0,0.25505635142326355
1433,-2.864715814590454,0.0,0.0,1.5712367296218872
1434,-2.864715814590454,0.0,0.0,1.5712367296218872
1435,-2.864715814590454,0.0,0.0,1.5712367296218872
1436,2.7293341159820557,0.0,0.0,-1.893305778503418
1437,-2.655271291732788,0.0,0.0,1.7003662586212158
1438,2.7419545650482178,0.0,0.0,-1.4694205522537231
1439,1.0782508850097656,0.0,0.0,-2.2900278568267822
1440,-0.3296127915382385,0.0,0.0,0.9213802218437195
1441,-0.1457604020833969,0.0,0.0,0.9324479699134827
1442,2.7419545650482178,0.0,0.0,-1.8144220113754272
1443,-0.54502272605896,0.0,0.0,-2.4935061931610107
1444,2.7293341159820557,0.0,0.0,-1.893305778503418
1445,2.329800844192505,0.0,0.0,-1.98020339012146
1446,2.7293341159820557,0.0,0.0,-1.893305778503418
1447,0.1646566092967987,0.0,0.0,-2.510880947113037
1448,1.3950469493865967,0.0,0.0,0.40528732538223267
1449,2.7293341159820557,0.0,0.0,-1.893305778503418
1450,-0.2899951636791229,0.0,0.0,0.9213802218437195
1451,1.4840854406356812,0.0,0.0,-2.2053425312042236
1452,-2.864715814590454,0.0,0.0,1.5712367296218872
1453,2.7293341159820557,0.0,0.0,-1.893305778503418
1454,-1.4645673036575317,0.0,0.0,0.6072049140930176
1455,1.5309463739395142,0.0,0.0,-2.4590587615966797
1456,2.7293341159820557,0.0,0.0,-1.893305778503418
1457,0.5261591076850891,0.0,0.0,-0.9637284278869629
1458,0.05722318962216377,0.0,0.0,0.7105898261070251
1459,-0.2899951636791229,0.0,0.0,0.9213802218437195
1460,-0.9592214226722717,0.0,0.0,0.10113079845905304
1461,2.7293341159820557,0.0,0.0,-1.893305778503418
1462,-0.3897438049316406,0.0,0.0,-2.06961989402771
1463,-2.864715814590454,0.0,0.0,1.5712367296218872
1464,-0.10877947509288788,0.0,0.0,-0.46078938245773315
1465,-2.9838175773620605,0.0,0.0,-0.18315663933753967
1466,2.7293341159820557,0.0,0.0,-1.7162442207336426
1467,2.7293341159820557,0.0,0.0,-1.893305778503418
1468,-0.014526579529047012,0.0,0.0,0.9324479699134827
1469,-0.9399338960647583,0.0,0.0,0.9017183184623718
1470,2.7293341159820557,0.0,0.0,-1.893305778503418
1471,1.6397831439971924,0.0,0.0,-1.7869004011154175
1472,-0.8673374652862549,0.0,0.0,0.5794515609741211
1473,2.565605878829956,0.0,0.0,-2.0353193283081055
1474,-2.7523701190948486,0.0,0.0,1.686089038848877
1475,2.7293341159820557,0.0,0.0,-1.893305778503418
1476,2.7293341159820557,0.0,0.0,-1.9705581665039062
1477,-0.1457604020833969,0.0,0.0,0.9324479699134827
1478,-0.9592214226722717,0.0,0.0,0.10113079845905304
1479,0.05722318962216377,0.0,0.0,0.9324479699134827
1480,0.17727699875831604,0.0,0.0,-2.063722848892212
1481,2.7293341159820557,0.0,0.0,-1.893305778503418
1482,-2.6753532886505127,0.0,0.0,1.616365909576416
1483,-0.2899951636791229,0.0,0.0,0.9213802218437195
1484,0.06311337649822235,0.0,0.0,0.7105898261070251
1485,2.7293341159820557,0.0,0.0,-1.893305778503418
1486,-0.9031123518943787,0.0,0.0,0.3220439851284027
1487,-0.8539645671844482,0.0,0.0,0.6066355109214783
1488,-0.2899951636791229,0.0,0.0,0.9213802218437195
1489,-2.864715814590454,0.0,0.0,1.5712367296218872
1490,2.7293341159820557,0.0,0.0,-1.9165778160095215
1491,2.7293341159820557,0.0,0.0,-1.893305778503418
1492,1.7977889776229858,0.0,0.0,-0.23649729788303375
1493,2.7293341159820557,0.0,0.0,-1.893305778503418
1494,-0.5015941262245178,0.0,0.0,0.15312418341636658
1495,-0.673115074634552,0.0,0.0,-0.8613766431808472
1496,-0.5692387819290161,0.0,0.0,-2.483001232147217
1497,1.3665143251419067,0.0,0.0,-3.017437696456909
1498,-3.5922904014587402,0.0,0.0,1.6437411308288574
1499,-3.2281711101531982,0.0,0.0,1.6925873756408691
1500,-3.6051218509674072,0.0,0.0,1.4908161163330078
1501,2.514310359954834,0.0,0.0,-1.88640296459198
1502,2.514310359954834,0.0,0.0,-1.9228657484054565
1503,-3.005699396133423,0.0,0.0,1.551262378692627
1504,1.2244309186935425,0.0,0.0,-3.071864128112793
1505,-3.0525312423706055,0.0,0.0,-0.5848416090011597
1506,-3.0525312423706055,0.0,0.0,-0.5344574451446533
1507,-3.570726156234741,0.0,0.0,1.8353511095046997
1508,0.7342362403869629,0.0,0.0,-1.48297917842865
1509,-1.757468581199646,0.0,0.0,-0.5229403972625732
1510,-1.8174735307693481,0.0,0.0,0.6178867220878601
1511,-0.17023801803588867,0.0,0.0,-0.27391910552978516
1512,0.746742308139801,0.0,0.0,-2.376873016357422
1513,-3.5922904014587402,0.0,0.0,1.6437411308288574
1514,-1.757468581199646,0.0,0.0,-0.5229403972625732
1515,-0.7404685616493225,0.0,0.0,-1.3619383573532104
1516,2.360130786895752,0.0,0.0,-1.9414335489273071
1517,-1.7775330543518066,0.0,0.0,-0.0924801155924797
1518,-3.0525312423706055,0.0,0.0,-0.26846781373023987
1519,0.4784306287765503,0.0,0.0,-2.3662235736846924
1520,0.6650283932685852,0.0,0.0,-3.1948623657226562
1521,-2.998647451400757,0.0,0.0,-0.5653329491615295
1522,2.514310359954834,0.0,0.0,-1.88640296459198
1523,-3.570726156234741,0.0,0.0,1.8353511095046997
1524,-2.7063992023468018,0.0,0.0,-0.12746816873550415
1525,-0.6459136605262756,0.0,0.0,-0.36672845482826233
1526,-0.9659327864646912,0.0,0.0,-0.41007861495018005
1527,1.3903907537460327,0.0,0.0,-3.023094892501831
1528,-0.5692387819290161,0.0,0.0,-2.3931233882904053
1529,-2.874884843826294,0.0,0.0,1.1951221227645874
1530,-0.6099130511283875,0.0,0.0,-0.4353503882884979
1531,-3.655320405960083,0.0,0.0,1.1274693012237549
1532,-2.821518898010254,0.0,0.0,0.5831781029701233
1533,2.514310359954834,0.0,0.0,-1.88640296459198
1534,-0.6501889824867249,0.0,0.0,-1.349516749382019
1535,-3.4311366081237793,0.0,0.0,1.6633143424987793
1536,-3.6051218509674072,0.0,0.0,1.4908161163330078
1537,0.5355105400085449,0.0,0.0,-2.3662235736846924
1538,-0.41702502965927124,0.0,0.0,-2.5844624042510986
1539,-3.8231866359710693,0.0,0.0,-0.6329857707023621
1540,-3.570726156234741,0.0,0.0,1.8353511095046997
1541,-0.3415794372558594,0.0,0.0,-1.3360931873321533
1542,1.5716333389282227,0.0,0.0,-2.1840858459472656
1543,0.4085908532142639,0.0,0.0,-2.455416679382324
1544,-0.5635125637054443,0.0,0.0,-0.02745160646736622
1545,-3.8231866359710693,0.0,0.0,-0.6329857707023621
1546,1.3198355436325073,0.0,0.0,-2.211808919906616
1547,-3.6051218509674072,0.0,0.0,1.4908161163330078
1548,0.46973395347595215,0.0,0.0,-3.204547882080078
1549,-3.570726156234741,0.0,0.0,1.8353511095046997
1550,-1.588738203048706,0.0,0.0,-0.488385409116745
1551,-3.570726156234741,0.0,0.0,1.8353511095046997
1552,-3.655320405960083,0.0,0.0,1.1274693012237549
1553,0.7906166315078735,0.0,0.0,-2.395594835281372
1554,1.268040418624878,0.0,0.0,-3.0587050914764404
1555,-3.3719186782836914,0.0,0.0,0.6237536072731018
1556,-3.570726156234741,0.0,0.0,1.8353511095046997
1557,-0.3416312336921692,0.0,0.0,0.3715408742427826
1558,-2.82468581199646,0.0,0.0,1.5584688186645508
1559,-3.7360379695892334,0.0,0.0,0.5155253410339355
1560,-3.6051218509674072,0.0,0.0,1.4908161163330078
1561,-0.7452831268310547,0.0,0.0,-2.4906258583068848
1562,-0.5015941262245178,0.0,0.0,0.2052222192287445
1563,-3.570726156234741,0.0,0.0,1.8353511095046997
1564,1.5134251117706299,0.0,0.0,-1.438054084777832
1565,0.6452106833457947,0.0,0.0,-2.4171152114868164
1566,1.3036693334579468,0.0,0.0,-2.2772743701934814
1567,-0.47445327043533325,0.0,0.0,-1.520248532295227
1568,1.008316159248352,0.0,0.0,-0.23664969205856323
1569,1.982715368270874,0.0,0.0,-2.4401843547821045
1570,-0.5269307494163513,0.0,0.0,-0.2997642755508423
1571,-0.887584388256073,0.0,0.0,-0.41007861495018005
1572,-0.5471622943878174,0.0,0.0,-0.4353503882884979
1573,-2.1281180381774902,0.0,0.0,-0.6273391246795654
1574,0.6851803064346313,0.0,0.0,-2.4171152114868164
1575,-0.3416312336921692,0.0,0.0,0.3715408742427826
1576,-3.5922904014587402,0.0,0.0,1.6957306861877441
1577,-0.500479519367218,0.0,0.0,-2.5104706287384033
1578,-3.5922904014587402,0.0,0.0,1.6437411308288574
1579,-3.696682929992676,0.0,0.0,0.5155253410339355
1580,0.7805230617523193,0.0,0.0,-3.139890670776367
1581,1.3665143251419067,0.0,0.0,-3.0082366466522217
1582,1.351266622543335,0.0,0.0,-2.295072317123413
1583,0.5689020752906799,0.0,0.0,-2.3376071453094482
1584,-0.6361329555511475,0.0,0.0,-0.34721997380256653
1585,2.514310359954834,0.0,0.0,-1.88640296459198
1586,-0.7404685616493225,0.0,0.0,-1.3619383573532104
1587,-2.874884843826294,0.0,0.0,1.1951221227645874
1588,-1.7155518531799316,0.0,0.0,-0.6110708713531494
1589,-0.47704827785491943,0.0,0.0,-2.483001232147217
1590,-0.5692387819290161,0.0,0.0,-2.483001232147217
1591,-0.8202112317085266,0.0,0.0,-2.496425151824951
1592,1.529740571975708,0.0,0.0,-2.9025604724884033
1593,-3.4403927326202393,0.0,0.0,-0.1536790430545807
1594,-1.7962075471878052,0.0,0.0,-0.5229403972625732
1595,-3.570726156234741,0.0,0.0,1.8353511095046997
1596,-3.135161876678467,0.0,0.0,1.5396625995635986
1597,0.919032871723175,0.0,0.0,-2.377133846282959
1598,-1.7387940883636475,0.0,0.0,-0.0924801155924797
1599,-3.570726156234741,0.0,0.0,1.8353511095046997
1600,-3.570726156234741,0.0,0.0,1.8353511095046997
1601,-3.570726156234741,0.0,0.0,1.8353511095046997
1602,2.514310359954834,0.0,0.0,-1.88640296459198
1603,-2.987304210662842,0.0,0.0,2.0045619010925293
1604,2.436960458755493,0.0,0.0,-1.1389915943145752
1605,1.5452488660812378,0.0,0.0,-2.1579930782318115
1606,-0.3416312336921692,0.0,0.0,0.3715408742427826
1607,-0.5015941262245178,0.0,0.0,0.2052222192287445
1608,2.54069447517395,0.0,0.0,-2.002373456954956
1609,0.847422182559967,0.0,0.0,-2.447941541671753
1610,2.517263650894165,0.0,0.0,-2.02984356880188
1611,1.4029922485351562,0.0,0.0,-2.2188632488250732
1612,2.514310359954834,0.0,0.0,-1.88640296459198
1613,1.3414565324783325,0.0,0.0,-2.2891199588775635
1614,1.831425428390503,0.0,0.0,0.03299301862716675
1615,2.514310359954834,0.0,0.0,-1.88640296459198
1616,-0.3416312336921692,0.0,0.0,0.3715408742427826
1617,0.6394507884979248,0.0,0.0,-2.143728017807007
1618,-3.570726156234741,0.0,0.0,1.8353511095046997
1619,2.514310359954834,0.0,0.0,-1.88640296459198
1620,-2.998647451400757,0.0,0.0,-0.5653329491615295
1621,0.41834568977355957,0.0,0.0,-2.3759090900421143
1622,2.517263650894165,0.0,0.0,-2.0365102291107178
1623,1.066559910774231,0.0,0.0,-0.7432900071144104
1624,-0.521316409111023,0.0,0.0,-0.02745160646736622
1625,-0.3416312336921692,0.0,0.0,0.3715408742427826
1626,-1.628341555595398,0.0,0.0,1.237514615058899
1627,2.514310359954834,0.0,0.0,-1.88640296459198
1628,0.8822106122970581,0.0,0.0,-1.270207405090332
1629,-3.5922904014587402,0.0,0.0,1.6877415180206299
1630,-0.2624284625053406,0.0,0.0,-0.27391910552978516
1631,-3.8231866359710693,0.0,0.0,-0.6329857707023621
1632,2.386514902114868,0.0,0.0,-1.7917510271072388
1633,2.514310359954834,0.0,0.0,-1.88640296459198
1634,-0.5437902808189392,0.0,0.0,0.15312418341636658
1635,-0.6099130511283875,0.0,0.0,0.3543979227542877
1636,2.514310359954834,0.0,0.0,-1.88640296459198
1637,1.548025131225586,0.0,0.0,-1.423195719718933
1638,-0.9659327864646912,0.0,0.0,-0.41007861495018005
1639,1.982715368270874,0.0,0.0,-2.4401843547821045
1640,-3.222607374191284,0.0,0.0,1.946488857269287
1641,2.514310359954834,0.0,0.0,-2.007209062576294
1642,2.3500378131866455,0.0,0.0,-2.806535005569458
1643,-0.48638129234313965,0.0,0.0,0.35780051350593567
1644,-2.031189203262329,0.0,0.0,0.7576130628585815
1645,-0.5015941262245178,0.0,0.0,0.2052222192287445
1646,1.468058705329895,0.0,0.0,-1.2404450178146362
1647,2.514310359954834,0.0,0.0,-1.88640296459198
1648,-2.822640895843506,0.0,0.0,1.868114948272705
1649,-0.3416312336921692,0.0,0.0,0.3715408742427826
1650,-0.2568141222000122,0.0,0.0,-0.0016063526272773743
1651,2.514310359954834,0.0,0.0,-1.88640296459198
1652,-1.7387940883636475,0.0,0.0,-0.0924801155924797
1653,-0.6361329555511475,0.0,0.0,-0.34721997380256653
1654,-0.3416312336921692,0.0,0.0,0.3715408742427826
1655,-3.5922904014587402,0.0,0.0,1.6437411308288574
1656,2.54069447517395,0.0,0.0,-1.788796067237854
1657,2.514310359954834,0.0,0.0,-1.88640296459198
1658,0.751539945602417,0.0,0.0,-0.24633491039276123
1659,2.514310359954834,0.0,0.0,-1.88640296459198
1660,-0.16481037437915802,0.0,0.0,0.07477138936519623
1661,-0.16481037437915802,0.0,0.0,0.07477138936519623
1662,-0.16481037437915802,0.0,0.0,0.07477138936519623
1663,0.3029082119464874,0.0,0.0,0.13835373520851135
1664,-0.24406349658966064,0.0,0.0,-0.1902604103088379
1665,-0.24406349658966064,0.0,0.0,-0.1902604103088379
1666,-0.24406349658966064,0.0,0.0,-0.1902604103088379
1667,0.3029082119464874,0.0,0.0,0.13835373520851135
1668,0.3029082119464874,0.0,0.0,0.13835373520851135
1669,-0.24406349658966064,0.0,0.0,-0.1902604103088379
1670,0.3029082119464874,0.0,0.0,0.13835373520851135
1671,-0.24406349658966064,0.0,0.0,-0.1142175942659378
1672,-0.24406349658966064,0.0,0.0,-0.1142175942659378
1673,-0.24406349658966064,0.0,0.0,-0.1902604103088379
1674,-0.015875879675149918,0.0,0.0,0.07477138936519623
1675,-0.1548602432012558,0.0,0.0,-0.1902604103088379
1676,-0.1548602432012558,0.0,0.0,-0.1902604103088379
1677,-0.16481037437915802,0.0,0.0,0.07477138936519623
1678,0.04088064655661583,0.0,0.0,0.13835373520851135
1679,-0.24406349658966064,0.0,0.0,-0.1902604103088379
1680,-0.1548602432012558,0.0,0.0,-0.1902604103088379
1681,-0.16481037437915802,0.0,0.0,0.07477138936519623
1682,0.3029082119464874,0.0,0.0,0.13835373520851135
1683,-0.1548602432012558,0.0,0.0,-0.1902604103088379
1684,-0.24406349658966064,0.0,0.0,-0.1142175942659378
1685,-0.015875879675149918,0.0,0.0,0.13835373520851135
1686,-0.015875879675149918,0.0,0.0,0.13835373520851135
1687,-0.24406349658966064,0.0,0.0,-0.1902604103088379
1688,0.3029082119464874,0.0,0.0,0.13835373520851135
1689,-0.24406349658966064,0.0,0.0,-0.1902604103088379
1690,-0.24406349658966064,0.0,0.0,-0.1902604103088379
1691,-0.1548602432012558,0.0,0.0,-0.1142175942659378
1692,-0.1548602432012558,0.0,0.0,-0.1902604103088379
1693,0.3029082119464874,0.0,0.0,0.13835373520851135
1694,-0.16481037437915802,0.0,0.0,0.13835373520851135
1695,-0.24406349658966064,0.0,0.0,-0.1902604103088379
1696,-0.1548602432012558,0.0,0.0,-0.24507325887680054
1697,-0.24406349658966064,0.0,0.0,-0.1902604103088379
1698,-0.24406349658966064,0.0,0.0,-0.1902604103088379
1699,0.3029082119464874,0.0,0.0,0.13835373520851135
1700,-0.16481037437915802,0.0,0.0,0.07477138936519623
1701,-0.24406349658966064,0.0,0.0,-0.1902604103088379
1702,-0.24406349658966064,0.0,0.0,-0.1902604103088379
1703,-0.015875879675149918,0.0,0.0,0.13835373520851135
1704,-0.16481037437915802,0.0,0.0,0.13835373520851135
1705,-0.24406349658966064,0.0,0.0,-0.1902604103088379
1706,-0.24406349658966064,0.0,0.0,-0.1902604103088379
1707,-0.16481037437915802,0.0,0.0,0.07477138936519623
1708,0.3029082119464874,0.0,0.0,0.13835373520851135
1709,-0.015875879675149918,0.0,0.0,0.07477138936519623
1710,-0.16481037437915802,0.0,0.0,0.07477138936519623
1711,-0.24406349658966064,0.0,0.0,-0.1902604103088379
1712,0.3029082119464874,0.0,0.0,0.13835373520851135
1713,-0.24406349658966064,0.0,0.0,-0.1902604103088379
1714,-0.015875879675149918,0.0,0.0,0.13835373520851135
1715,-0.24406349658966064,0.0,0.0,-0.1902604103088379
1716,-0.1548602432012558,0.0,0.0,-0.1902604103088379
1717,-0.24406349658966064,0.0,0.0,-0.1902604103088379
1718,-0.24406349658966064,0.0,0.0,-0.1902604103088379
1719,0.2659021317958832,0.0,0.0,0.13835373520851135
1720,0.3029082119464874,0.0,0.0,0.13835373520851135
1721,-0.24406349658966064,0.0,0.0,-0.1902604103088379
1722,-0.24406349658966064,0.0,0.0,-0.1902604103088379
1723,-0.16481037437915802,0.0,0.0,0.07477138936519623
1724,-0.24406349658966064,0.0,0.0,-0.1902604103088379
1725,-0.24406349658966064,0.0,0.0,-0.1902604103088379
1726,-0.24406349658966064,0.0,0.0,-0.1902604103088379
1727,-0.16481037437915802,0.0,0.0,0.07477138936519623
1728,-0.16481037437915802,0.0,0.0,0.07477138936519623
1729,-0.24406349658966064,0.0,0.0,-0.1902604103088379
1730,0.3029082119464874,0.0,0.0,0.07477138936519623
1731,0.11730009317398071,0.0,0.0,0.07477138936519623
1732,0.3029082119464874,0.0,0.0,0.13835373520851135
1733,-0.16481037437915802,0.0,0.0,0.07477138936519623
1734,0.04088064655661583,0.0,0.0,0.07477138936519623
1735,0.3029082119464874,0.0,0.0,0.13835373520851135
1736,-0.16481037437915802,0.0,0.0,0.07477138936519623
1737,-0.1548602432012558,0.0,0.0,-0.1902604103088379
1738,-0.1548602432012558,0.0,0.0,-0.24507325887680054
1739,-0.1548602432012558,0.0,0.0,-0.24507325887680054
1740,0.04088064655661583,0.0,0.0,0.07477138936519623
1741,-0.16481037437915802,0.0,0.0,0.07477138936519623
1742,-0.24406349658966064,0.0,0.0,-0.1902604103088379
1743,-0.16481037437915802,0.0,0.0,0.13835373520851135
1744,-0.24406349658966064,0.0,0.0,-0.1902604103088379
1745,-0.24406349658966064,0.0,0.0,-0.1902604103088379
1746,0.2659021317958832,0.0,0.0,0.13835373520851135
1747,0.3029082119464874,0.0,0.0,0.13835373520851135
1748,0.3029082119464874,0.0,0.0,0.13835373520851135
1749,0.11730009317398071,0.0,0.0,0.13835373520851135
1750,-0.1548602432012558,0.0,0.0,-0.1902604103088379
1751,0.3029082119464874,0.0,0.0,0.13835373520851135
1752,-0.16481037437915802,0.0,0.0,0.07477138936519623
1753,-0.24406349658966064,0.0,0.0,-0.1902604103088379
1754,-0.1548602432012558,0.0,0.0,-0.24507325887680054
1755,-0.16481037437915802,0.0,0.0,0.07477138936519623
1756,-0.16481037437915802,0.0,0.0,0.07477138936519623
1757,-0.16481037437915802,0.0,0.0,0.07477138936519623
1758,0.3029082119464874,0.0,0.0,0.13835373520851135
1759,-0.24406349658966064,0.0,0.0,-0.1902604103088379
1760,-0.1548602432012558,0.0,0.0,-0.1902604103088379
1761,-0.24406349658966064,0.0,0.0,-0.1902604103088379
1762,-0.24406349658966064,0.0,0.0,-0.1902604103088379
1763,0.2659021317958832,0.0,0.0,0.07477138936519623
1764,-0.1548602432012558,0.0,0.0,-0.1902604103088379
1765,-0.24406349658966064,0.0,0.0,-0.1902604103088379
1766,-0.24406349658966064,0.0,0.0,-0.1902604103088379
1767,-0.24406349658966064,0.0,0.0,-0.1902604103088379
1768,0.3029082119464874,0.0,0.0,0.13835373520851135
1769,-0.24406349658966064,0.0,0.0,-0.1902604103088379
1770,0.3029082119464874,0.0,0.0,0.07477138936519623
1771,0.3029082119464874,0.0,0.0,0.13835373520851135
1772,-0.16481037437915802,0.0,0.0,0.07477138936519623
1773,-0.16481037437915802,0.0,0.0,0.07477138936519623
1774,0.3029082119464874,0.0,0.0,0.07477138936519623
1775,0.04088064655661583,0.0,0.0,0.13835373520851135
1776,0.3029082119464874,0.0,0.0,0.13835373520851135
1777,0.3029082119464874,0.0,0.0,0.13835373520851135
1778,0.3029082119464874,0.0,0.0,0.13835373520851135
1779,0.3029082119464874,0.0,0.0,0.13835373520851135
1780,0.3029082119464874,0.0,0.0,0.07477138936519623
1781,0.3029082119464874,0.0,0.0,0.13835373520851135
1782,-0.11463502049446106,0.0,0.0,0.07477138936519623
1783,-0.015875879675149918,0.0,0.0,0.13835373520851135
1784,-0.24406349658966064,0.0,0.0,-0.1902604103088379
1785,0.3029082119464874,0.0,0.0,0.13835373520851135
1786,-0.24406349658966064,0.0,0.0,-0.1902604103088379
1787,-0.015875879675149918,0.0,0.0,0.13835373520851135
1788,0.3029082119464874,0.0,0.0,0.13835373520851135
1789,0.2659021317958832,0.0,0.0,0.07477138936519623
1790,-0.16481037437915802,0.0,0.0,0.07477138936519623
1791,-0.11463502049446106,0.0,0.0,0.07477138936519623
1792,-0.1548602432012558,0.0,0.0,-0.1902604103088379
1793,0.3029082119464874,0.0,0.0,0.13835373520851135
1794,0.04088064655661583,0.0,0.0,0.07477138936519623
1795,-0.24406349658966064,0.0,0.0,-0.1902604103088379
1796,-0.16481037437915802,0.0,0.0,0.07477138936519623
1797,-0.24406349658966064,0.0,0.0,-0.1902604103088379
1798,0.3029082119464874,0.0,0.0,0.13835373520851135
1799,0.3029082119464874,0.0,0.0,0.13835373520851135
1800,-0.16481037437915802,0.0,0.0,0.07477138936519623
1801,-0.1548602432012558,0.0,0.0,0.07477138936519623
1802,0.3029082119464874,0.0,0.0,0.13835373520851135
1803,0.3029082119464874,0.0,0.0,0.07477138936519623
1804,-0.1548602432012558,0.0,0.0,-0.1902604103088379
1805,0.3029082119464874,0.0,0.0,0.13835373520851135
1806,-0.24406349658966064,0.0,0.0,-0.1902604103088379
1807,0.3029082119464874,0.0,0.0,0.13835373520851135
1808,0.3029082119464874,0.0,0.0,0.13835373520851135
1809,-0.16481037437915802,0.0,0.0,0.07477138936519623
1810,-0.1548602432012558,0.0,0.0,-0.1902604103088379
1811,-0.16481037437915802,0.0,0.0,0.07477138936519623
1812,0.3029082119464874,0.0,0.0,0.07477138936519623
1813,0.3029082119464874,0.0,0.0,0.13835373520851135
1814,-0.24406349658966064,0.0,0.0,-0.1902604103088379
1815,-0.1548602432012558,0.0,0.0,0.07477138936519623
1816,-0.16481037437915802,0.0,0.0,0.07477138936519623
1817,0.3029082119464874,0.0,0.0,0.13835373520851135
1818,-0.1548602432012558,0.0,0.0,-0.1902604103088379
1819,-0.1548602432012558,0.0,0.0,-0.1902604103088379
1820,-0.1548602432012558,0.0,0.0,0.07477138936519623
1821,-0.24406349658966064,0.0,0.0,-0.1902604103088379
1822,0.3029082119464874,0.0,0.0,0.13835373520851135
1823,0.3029082119464874,0.0,0.0,0.13835373520851135
1824,-0.015875879675149918,0.0,0.0,0.07477138936519623
1825,0.3029082119464874,0.0,0.0,0.13835373520851135
1826,-0.2642211318016052,0.0,0.0,0.39844128489494324
1827,-0.29037249088287354,0.0,0.0,-0.08991210162639618
1828,-0.3316935896873474,0.0,0.0,-1.5513805150985718
1829,0.7448362112045288,0.0,0.0,-1.2362736463546753
1830,-1.6207640171051025,0.0,0.0,0.8707085847854614
1831,-1.724923849105835,0.0,0.0,0.8707085847854614
1832,-1.6207640171051025,0.0,0.0,0.8707085847854614
1833,1.5500071048736572,0.0,0.0,-0.9755148887634277
1834,1.5500071048736572,0.0,0.0,-0.9755148887634277
1835,-1.771958351135254,0.0,0.0,0.8707085847854614
1836,0.6778436303138733,0.0,0.0,-1.2362736463546753
1837,-1.9863959550857544,0.0,0.0,0.266438364982605
1838,-1.9863959550857544,0.0,0.0,0.266438364982605
1839,-1.6207640171051025,0.0,0.0,0.8707085847854614
1840,-0.5796756744384766,0.0,0.0,-1.5513805150985718
1841,-1.1578673124313354,0.0,0.0,0.4519476592540741
1842,-1.4621223211288452,0.0,0.0,0.4519476592540741
1843,-0.29037249088287354,0.0,0.0,-0.08991210162639618
1844,0.3143923878669739,0.0,0.0,-1.517625093460083
1845,-1.6207640171051025,0.0,0.0,0.8707085847854614
1846,-1.1578673124313354,0.0,0.0,0.4519476592540741
1847,-0.29037249088287354,0.0,0.0,-0.22033172845840454
1848,1.5500071048736572,0.0,0.0,-0.9755148887634277
1849,-1.1578673124313354,0.0,0.0,0.4519476592540741
1850,-1.9863959550857544,0.0,0.0,0.266438364982605
1851,-0.5796756744384766,0.0,0.0,-1.0437755584716797
1852,-0.45050495862960815,0.0,0.0,-1.5513805150985718
1853,-1.8403645753860474,0.0,0.0,0.37150242924690247
1854,1.5500071048736572,0.0,0.0,-0.9755148887634277
1855,-1.6207640171051025,0.0,0.0,0.8707085847854614
1856,-1.6733521223068237,0.0,0.0,0.41154593229293823
1857,-0.7729890942573547,0.0,0.0,0.39844128489494324
1858,-1.1578673124313354,0.0,0.0,0.39844128489494324
1859,0.7448362112045288,0.0,0.0,-1.4831199645996094
1860,-0.3316935896873474,0.0,0.0,-1.5513805150985718
1861,-1.9589229822158813,0.0,0.0,0.5479027032852173
1862,-0.7729890942573547,0.0,0.0,0.39844128489494324
1863,-1.674337387084961,0.0,0.0,0.639687180519104
1864,-1.8403645753860474,0.0,0.0,0.37150242924690247
1865,1.5500071048736572,0.0,0.0,-0.9755148887634277
1866,-0.29037249088287354,0.0,0.0,-0.08991210162639618
1867,-1.6207640171051025,0.0,0.0,0.8707085847854614
1868,-1.6207640171051025,0.0,0.0,0.8707085847854614
1869,-0.45050495862960815,0.0,0.0,-1.0437755584716797
1870,-0.3316935896873474,0.0,0.0,-1.0437755584716797
1871,-1.701810359954834,0.0,0.0,0.3199447691440582
1872,-1.6207640171051025,0.0,0.0,0.8707085847854614
1873,-0.29037249088287354,0.0,0.0,-0.08991210162639618
1874,0.7448362112045288,0.0,0.0,-1.4831199645996094
1875,-0.5796756744384766,0.0,0.0,-1.5513805150985718
1876,-0.2642211318016052,0.0,0.0,0.39844128489494324
1877,-1.701810359954834,0.0,0.0,0.266438364982605
1878,0.6778436303138733,0.0,0.0,-1.4831199645996094
1879,-1.6207640171051025,0.0,0.0,0.8707085847854614
1880,-0.5796756744384766,0.0,0.0,-1.5513805150985718
1881,-1.6207640171051025,0.0,0.0,0.8707085847854614
1882,-1.1578673124313354,0.0,0.0,0.4519476592540741
1883,-1.6207640171051025,0.0,0.0,0.8707085847854614
1884,-1.674337387084961,0.0,0.0,0.639687180519104
1885,0.3869432210922241,0.0,0.0,-1.010020136833191
1886,1.2223654985427856,0.0,0.0,-1.4831199645996094
1887,-1.8059701919555664,0.0,0.0,0.3199447691440582
1888,-1.6207640171051025,0.0,0.0,0.8707085847854614
1889,-0.2642211318016052,0.0,0.0,0.39844128489494324
1890,-1.905349612236023,0.0,0.0,0.8707085847854614
1891,-1.701810359954834,0.0,0.0,0.3199447691440582
1892,-1.6207640171051025,0.0,0.0,0.8707085847854614
1893,-0.3316935896873474,0.0,0.0,-1.5513805150985718
1894,-0.2642211318016052,0.0,0.0,0.39844128489494324
1895,-1.6207640171051025,0.0,0.0,0.8707085847854614
1896,0.7448362112045288,0.0,0.0,-1.4831199645996094
1897,0.3143923878669739,0.0,0.0,-1.517625093460083
1898,0.6778436303138733,0.0,0.0,-1.4831199645996094
1899,-0.3316935896873474,0.0,0.0,-1.5513805150985718
1900,-0.081197090446949,0.0,0.0,-0.08991210162639618
1901,1.5500071048736572,0.0,0.0,-1.088424563407898
1902,-0.2642211318016052,0.0,0.0,0.39844128489494324
1903,-1.1578673124313354,0.0,0.0,0.4519476592540741
1904,-0.7729890942573547,0.0,0.0,0.39844128489494324
1905,-1.4621223211288452,0.0,0.0,0.39844128489494324
1906,0.09694797545671463,0.0,0.0,-1.517625093460083
1907,-0.2642211318016052,0.0,0.0,0.39844128489494324
1908,-1.6207640171051025,0.0,0.0,0.8707085847854614
1909,-0.3316935896873474,0.0,0.0,-1.0437755584716797
1910,-1.6207640171051025,0.0,0.0,0.8707085847854614
1911,-1.701810359954834,0.0,0.0,0.3199447691440582
1912,0.3869432210922241,0.0,0.0,-1.517625093460083
1913,1.2223654985427856,0.0,0.0,-1.4831199645996094
1914,1.2223654985427856,0.0,0.0,-0.9755148887634277
1915,0.3143923878669739,0.0,0.0,-1.010020136833191
1916,-0.9889860153198242,0.0,0.0,0.39844128489494324
1917,1.5500071048736572,0.0,0.0,-0.9755148887634277
1918,-0.29037249088287354,0.0,0.0,-0.22033172845840454
1919,-1.9589229822158813,0.0,0.0,0.639687180519104
1920,-1.1578673124313354,0.0,0.0,0.39844128489494324
1921,-0.3316935896873474,0.0,0.0,-1.5513805150985718
1922,-0.3316935896873474,0.0,0.0,-1.5513805150985718
1923,-0.3316935896873474,0.0,0.0,-1.5513805150985718
1924,1.2223654985427856,0.0,0.0,-1.1571118831634521
1925,-1.8059701919555664,0.0,0.0,0.3199447691440582
1926,-1.1578673124313354,0.0,0.0,0.4519476592540741
1927,-1.6207640171051025,0.0,0.0,0.8707085847854614
1928,-1.724923849105835,0.0,0.0,0.8707085847854614
1929,0.48684680461883545,0.0,0.0,-1.517625093460083
1930,-1.1578673124313354,0.0,0.0,0.4519476592540741
1931,-1.6207640171051025,0.0,0.0,0.8707085847854614
1932,-1.6207640171051025,0.0,0.0,0.8707085847854614
1933,-1.6207640171051025,0.0,0.0,0.8707085847854614
1934,1.5500071048736572,0.0,0.0,-0.9755148887634277
1935,-1.724923849105835,0.0,0.0,0.8707085847854614
1936,1.5500071048736572,0.0,0.0,-0.8856667876243591
1937,0.7448362112045288,0.0,0.0,-0.9755148887634277
1938,-0.2642211318016052,0.0,0.0,0.39844128489494324
1939,-0.2642211318016052,0.0,0.0,0.39844128489494324
1940,1.5500071048736572,0.0,0.0,-1.4831199645996094
1941,0.09694797545671463,0.0,0.0,-1.010020136833191
1942,1.5500071048736572,0.0,0.0,-0.9755148887634277
1943,1.2223654985427856,0.0,0.0,-1.4831199645996094
1944,1.5500071048736572,0.0,0.0,-0.9755148887634277
1945,0.6778436303138733,0.0,0.0,-1.4831199645996094
1946,0.8123087286949158,0.0,0.0,0.466701865196228
1947,1.5500071048736572,0.0,0.0,-0.9755148887634277
1948,-0.2642211318016052,0.0,0.0,0.39844128489494324
1949,-0.5796756744384766,0.0,0.0,-1.5513805150985718
1950,-1.6207640171051025,0.0,0.0,0.8707085847854614
1951,1.5500071048736572,0.0,0.0,-0.9755148887634277
1952,-1.8403645753860474,0.0,0.0,0.3179960250854492
1953,-0.3316935896873474,0.0,0.0,-1.0437755584716797
1954,1.5500071048736572,0.0,0.0,-0.9755148887634277
1955,0.428264319896698,0.0,0.0,-0.05615665018558502
1956,-0.2642211318016052,0.0,0.0,0.39844128489494324
1957,-0.2642211318016052,0.0,0.0,0.39844128489494324
1958,-1.212907314300537,0.0,0.0,0.7716901898384094
1959,1.5500071048736572,0.0,0.0,-0.9755148887634277
1960,0.35571354627609253,0.0,0.0,-0.18657627701759338
1961,-1.6207640171051025,0.0,0.0,0.8707085847854614
1962,-0.29037249088287354,0.0,0.0,-0.08991210162639618
1963,-1.701810359954834,0.0,0.0,0.3199447691440582
1964,1.5500071048736572,0.0,0.0,-1.4831199645996094
1965,1.5500071048736572,0.0,0.0,-0.9755148887634277
1966,-0.2642211318016052,0.0,0.0,0.39844128489494324
1967,-0.7729890942573547,0.0,0.0,0.39844128489494324
1968,1.5500071048736572,0.0,0.0,-0.9755148887634277
1969,0.7448362112045288,0.0,0.0,-1.4831199645996094
1970,-1.1578673124313354,0.0,0.0,0.4519476592540741
1971,1.5500071048736572,0.0,0.0,-1.088424563407898
1972,-1.6207640171051025,0.0,0.0,0.8707085847854614
1973,1.5500071048736572,0.0,0.0,-0.9755148887634277
1974,1.5500071048736572,0.0,0.0,-1.4831199645996094
1975,-0.2642211318016052,0.0,0.0,0.39844128489494324
1976,-1.4621223211288452,0.0,0.0,0.4519476592540741
1977,-0.2642211318016052,0.0,0.0,0.39844128489494324
1978,0.7191647291183472,0.0,0.0,-0.2905515730381012
1979,1.5500071048736572,0.0,0.0,-0.9755148887634277
1980,-1.771958351135254,0.0,0.0,0.8707085847854614
1981,-0.2642211318016052,0.0,0.0,0.39844128489494324
1982,-0.2642211318016052,0.0,0.0,0.39844128489494324
1983,1.5500071048736572,0.0,0.0,-0.9755148887634277
1984,-1.1578673124313354,0.0,0.0,0.4519476592540741
1985,-0.9889860153198242,0.0,0.0,0.39844128489494324
1986,-0.2642211318016052,0.0,0.0,0.39844128489494324
1987,-1.6207640171051025,0.0,0.0,0.8707085847854614
1988,1.5500071048736572,0.0,0.0,-1.4831199645996094
1989,1.5500071048736572,0.0,0.0,-0.9755148887634277
1990,-0.2642211318016052,0.0,0.0,0.17276924848556519
1991,1.5500071048736572,0.0,0.0,-0.9755148887634277
1992,-0.04965528845787048,0.0,0.0,0.005174487363547087
1993,-0.04965528845787048,0.0,0.0,0.005174487363547087
1994,-0.04965528845787048,0.0,0.0,0.005174487363547087
1995,0.1110573261976242,0.0,0.0,0.005174487363547087
1996,-0.09701719880104065,0.0,0.0,-0.013103551231324673
1997,-0.09701719880104065,0.0,0.0,-0.013103551231324673
1998,-0.09701719880104065,0.0,0.0,-0.013103551231324673
1999,0.12146526575088501,0.0,0.0,0.005174487363547087
2000,0.12146526575088501,0.0,0.0,0.005174487363547087
2001,-0.09701719880104065,0.0,0.0,-0.013103551231324673
2002,0.10530604422092438,0.0,0.0,0.005174487363547087
2003,-0.09409923851490021,0.0,0.0,-0.0024864408187568188
2004,-0.09701719880104065,0.0,0.0,-0.0024864408187568188
2005,-0.09701719880104065,0.0,0.0,-0.013103551231324673
2006,-0.001842175843194127,0.0,0.0,0.005174487363547087
2007,-0.06912615895271301,0.0,0.0,-0.006375977303832769
2008,-0.07540199160575867,0.0,0.0,-0.006375977303832769
2009,-0.0400799959897995,0.0,0.0,0.005174487363547087
2010,0.008208215236663818,0.0,0.0,0.005174487363547087
2011,-0.09701719880104065,0.0,0.0,-0.013103551231324673
2012,-0.06912615895271301,0.0,0.0,-0.006375977303832769
2013,-0.04965528845787048,0.0,0.0,0.005174487363547087
2014,0.11835543811321259,0.0,0.0,0.005174487363547087
2015,-0.07260653376579285,0.0,0.0,-0.006375977303832769
2016,-0.09701719880104065,0.0,0.0,-0.0024864408187568188
2017,-0.001842175843194127,0.0,0.0,0.005174487363547087
2018,-0.001842175843194127,0.0,0.0,0.005174487363547087
2019,-0.09091944992542267,0.0,0.0,-0.006375977303832769
2020,0.12146526575088501,0.0,0.0,0.005174487363547087
2021,-0.09701719880104065,0.0,0.0,-0.013103551231324673
2022,-0.08785918354988098,0.0,0.0,-0.006375977303832769
2023,-0.05318571254611015,0.0,0.0,-0.006375977303832769
2024,-0.060797881335020065,0.0,0.0,-0.006375977303832769
2025,0.1110573261976242,0.0,0.0,0.005174487363547087
2026,-0.0462140291929245,0.0,0.0,0.005174487363547087
2027,-0.09409923851490021,0.0,0.0,-0.006375977303832769
2028,-0.05318571254611015,0.0,0.0,-0.006375977303832769
2029,-0.09701719880104065,0.0,0.0,-0.006375977303832769
2030,-0.08785918354988098,0.0,0.0,-0.006375977303832769
2031,0.12146526575088501,0.0,0.0,0.005174487363547087
2032,-0.04965528845787048,0.0,0.0,0.005174487363547087
2033,-0.09701719880104065,0.0,0.0,-0.013103551231324673
2034,-0.09701719880104065,0.0,0.0,-0.013103551231324673
2035,-0.001842175843194127,0.0,0.0,0.005174487363547087
2036,-0.01674109511077404,0.0,0.0,0.005174487363547087
2037,-0.09701719880104065,0.0,0.0,-0.006375977303832769
2038,-0.09701719880104065,0.0,0.0,-0.013103551231324673
2039,-0.0400799959897995,0.0,0.0,0.005174487363547087
2040,0.1110573261976242,0.0,0.0,0.005174487363547087
2041,-0.001842175843194127,0.0,0.0,0.005174487363547087
2042,-0.04965528845787048,0.0,0.0,0.005174487363547087
2043,-0.09701719880104065,0.0,0.0,-0.006375977303832769
2044,0.10530604422092438,0.0,0.0,0.005174487363547087
2045,-0.09701719880104065,0.0,0.0,-0.013103551231324673
2046,-0.001842175843194127,0.0,0.0,0.005174487363547087
2047,-0.09701719880104065,0.0,0.0,-0.013103551231324673
2048,-0.06912615895271301,0.0,0.0,-0.006375977303832769
2049,-0.09701719880104065,0.0,0.0,-0.013103551231324673
2050,-0.09701719880104065,0.0,0.0,-0.006375977303832769
2051,0.06017490476369858,0.0,0.0,0.005174487363547087
2052,0.11484554409980774,0.0,0.0,0.005174487363547087
2053,-0.09701719880104065,0.0,0.0,-0.006375977303832769
2054,-0.09701719880104065,0.0,0.0,-0.013103551231324673
2055,-0.04965528845787048,0.0,0.0,0.005174487363547087
2056,-0.09701719880104065,0.0,0.0,-0.013103551231324673
2057,-0.09701719880104065,0.0,0.0,-0.006375977303832769
2058,-0.09701719880104065,0.0,0.0,-0.013103551231324673
2059,-0.04965528845787048,0.0,0.0,0.005174487363547087
2060,-0.04965528845787048,0.0,0.0,0.005174487363547087
2061,-0.09701719880104065,0.0,0.0,-0.013103551231324673
2062,0.1110573261976242,0.0,0.0,0.005174487363547087
2063,0.026625219732522964,0.0,0.0,0.005174487363547087
2064,0.10530604422092438,0.0,0.0,0.005174487363547087
2065,-0.0462140291929245,0.0,0.0,0.005174487363547087
2066,-0.001842175843194127,0.0,0.0,0.005174487363547087
2067,0.11484554409980774,0.0,0.0,0.005174487363547087
2068,-0.04965528845787048,0.0,0.0,0.005174487363547087
2069,-0.05677640810608864,0.0,0.0,-0.006375977303832769
2070,-0.05318571254611015,0.0,0.0,-0.006375977303832769
2071,-0.07540199160575867,0.0,0.0,-0.006375977303832769
2072,0.0019224559655413032,0.0,0.0,0.005174487363547087
2073,-0.04965528845787048,0.0,0.0,0.005174487363547087
2074,-0.09701719880104065,0.0,0.0,-0.013103551231324673
2075,-0.01674109511077404,0.0,0.0,0.005174487363547087
2076,-0.09701719880104065,0.0,0.0,-0.013103551231324673
2077,-0.09701719880104065,0.0,0.0,-0.006375977303832769
2078,0.04557429999113083,0.0,0.0,0.005174487363547087
2079,0.11484554409980774,0.0,0.0,0.005174487363547087
2080,0.11484554409980774,0.0,0.0,0.005174487363547087
2081,0.022049207240343094,0.0,0.0,0.005174487363547087
2082,-0.05318571254611015,0.0,0.0,-0.006375977303832769
2083,0.12146526575088501,0.0,0.0,0.005174487363547087
2084,-0.04965528845787048,0.0,0.0,0.005174487363547087
2085,-0.09409923851490021,0.0,0.0,-0.006375977303832769
2086,-0.06912615895271301,0.0,0.0,-0.006375977303832769
2087,-0.04308698698878288,0.0,0.0,0.005174487363547087
2088,-0.0462140291929245,0.0,0.0,0.005174487363547087
2089,-0.04965528845787048,0.0,0.0,0.005174487363547087
2090,0.11484554409980774,0.0,0.0,0.005174487363547087
2091,-0.09701719880104065,0.0,0.0,-0.006375977303832769
2092,-0.07260653376579285,0.0,0.0,-0.006375977303832769
2093,-0.09701719880104065,0.0,0.0,-0.013103551231324673
2094,-0.09701719880104065,0.0,0.0,-0.013103551231324673
2095,0.06017490476369858,0.0,0.0,0.005174487363547087
2096,-0.06912615895271301,0.0,0.0,-0.006375977303832769
2097,-0.09701719880104065,0.0,0.0,-0.013103551231324673
2098,-0.09701719880104065,0.0,0.0,-0.013103551231324673
2099,-0.09701719880104065,0.0,0.0,-0.013103551231324673
2100,0.12146526575088501,0.0,0.0,0.005174487363547087
2101,-0.09701719880104065,0.0,0.0,-0.006375977303832769
2102,0.11835543811321259,0.0,0.0,0.005174487363547087
2103,0.1110573261976242,0.0,0.0,0.005174487363547087
2104,-0.04965528845787048,0.0,0.0,0.005174487363547087
2105,-0.04965528845787048,0.0,0.0,0.005174487363547087
2106,0.12146526575088501,0.0,0.0,0.005174487363547087
2107,-0.001842175843194127,0.0,0.0,0.005174487363547087
2108,0.12146526575088501,0.0,0.0,0.005174487363547087
2109,0.11484554409980774,0.0,0.0,0.005174487363547087
2110,0.12146526575088501,0.0,0.0,0.005174487363547087
2111,0.10530604422092438,0.0,0.0,0.005174487363547087
2112,0.1110573261976242,0.0,0.0,0.005174487363547087
2113,0.12146526575088501,0.0,0.0,0.005174487363547087
2114,-0.04965528845787048,0.0,0.0,0.005174487363547087
2115,-0.001842175843194127,0.0,0.0,0.005174487363547087
2116,-0.09701719880104065,0.0,0.0,-0.013103551231324673
2117,0.12146526575088501,0.0,0.0,0.005174487363547087
2118,-0.08785918354988098,0.0,0.0,-0.006375977303832769
2119,-0.001842175843194127,0.0,0.0,0.005174487363547087
2120,0.12146526575088501,0.0,0.0,0.005174487363547087
2121,0.04557429999113083,0.0,0.0,0.005174487363547087
2122,-0.04965528845787048,0.0,0.0,0.005174487363547087
2123,-0.04965528845787048,0.0,0.0,0.005174487363547087
2124,-0.07260653376579285,0.0,0.0,-0.006375977303832769
2125,0.12146526575088501,0.0,0.0,0.005174487363547087
2126,0.022049207240343094,0.0,0.0,0.005174487363547087
2127,-0.09701719880104065,0.0,0.0,-0.013103551231324673
2128,-0.0462140291929245,0.0,0.0,0.005174487363547087
2129,-0.09701719880104065,0.0,0.0,-0.006375977303832769
2130,0.11835543811321259,0.0,0.0,0.005174487363547087
2131,0.12146526575088501,0.0,0.0,0.005174487363547087
2132,-0.04965528845787048,0.0,0.0,0.005174487363547087
2133,-0.05318571254611015,0.0,0.0,0.005174487363547087
2134,0.12146526575088501,0.0,0.0,0.005174487363547087
2135,0.1110573261976242,0.0,0.0,0.005174487363547087
2136,-0.060797881335020065,0.0,0.0,-0.006375977303832769
2137,0.11484554409980774,0.0,0.0,0.005174487363547087
2138,-0.09701719880104065,0.0,0.0,-0.013103551231324673
2139,0.11835543811321259,0.0,0.0,0.005174487363547087
2140,0.11835543811321259,0.0,0.0,0.005174487363547087
2141,-0.04965528845787048,0.0,0.0,0.005174487363547087
2142,-0.07540199160575867,0.0,0.0,-0.006375977303832769
2143,-0.04965528845787048,0.0,0.0,0.005174487363547087
2144,0.10530604422092438,0.0,0.0,0.005174487363547087
2145,0.12146526575088501,0.0,0.0,0.005174487363547087
2146,-0.09701719880104065,0.0,0.0,-0.006375977303832769
2147,-0.04965528845787048,0.0,0.0,0.005174487363547087
2148,-0.0462140291929245,0.0,0.0,0.005174487363547087
2149,0.12146526575088501,0.0,0.0,0.005174487363547087
2150,-0.06912615895271301,0.0,0.0,-0.006375977303832769
2151,-0.05318571254611015,0.0,0.0,-0.006375977303832769
2152,-0.04965528845787048,0.0,0.0,0.005174487363547087
2153,-0.09701719880104065,0.0,0.0,-0.013103551231324673
2154,0.12146526575088501,0.0,0.0,0.005174487363547087
2155,0.12146526575088501,0.0,0.0,0.005174487363547087
2156,-0.001842175843194127,0.0,0.0,0.005174487363547087
2157,0.12146526575088501,0.0,0.0,0.005174487363547087
2158,-0.36095860600471497,0.0,0.0,0.23656028509140015
2159,-0.3923295736312866,0.0,0.0,-0.38236868381500244
2160,-0.4179442524909973,0.0,0.0,-0.8571757674217224
2161,0.5429696440696716,0.0,0.0,-0.7066848874092102
2162,-1.086492896080017,0.0,0.0,0.29447105526924133
2163,-1.086492896080017,0.0,0.0,0.29447105526924133
2164,-1.086492896080017,0.0,0.0,0.24246850609779358
2165,1.365387201309204,0.0,0.0,-0.22756779193878174
2166,1.365387201309204,0.0,0.0,-0.22756779193878174
2167,-1.086492896080017,0.0,0.0,0.24246850609779358
2168,0.3547273874282837,0.0,0.0,-0.7066848874092102
2169,-1.1315994262695312,0.0,0.0,-0.0905432477593422
2170,-1.1315994262695312,0.0,0.0,-0.03527626395225525
2171,-1.086492896080017,0.0,0.0,0.29447105526924133
2172,0.26558083295822144,0.0,0.0,-0.8479167819023132
2173,-0.5463290810585022,0.0,0.0,-0.09825579822063446
2174,-0.6274678707122803,0.0,0.0,-0.029349584132432938
2175,0.19951286911964417,0.0,0.0,-0.16184550523757935
2176,0.26558083295822144,0.0,0.0,-0.8479167819023132
2177,-1.086492896080017,0.0,0.0,0.29447105526924133
2178,-0.5463290810585022,0.0,0.0,-0.09825579822063446
2179,-0.405083030462265,0.0,0.0,-0.6912612915039062
2180,1.365387201309204,0.0,0.0,-0.22756779193878174
2181,-0.5463290810585022,0.0,0.0,-0.14537310600280762
2182,-1.1315994262695312,0.0,0.0,-0.03527626395225525
2183,0.26558083295822144,0.0,0.0,-0.3027098476886749
2184,0.26558083295822144,0.0,0.0,-0.8479167819023132
2185,-1.0386719703674316,0.0,0.0,-0.1614593267440796
2186,1.365387201309204,0.0,0.0,-0.22756779193878174
2187,-1.086492896080017,0.0,0.0,0.29447105526924133
2188,-0.7541773319244385,0.0,0.0,-0.14537310600280762
2189,-0.4216578006744385,0.0,0.0,-0.0426720455288887
2190,-0.5463290810585022,0.0,0.0,-0.0426720455288887
2191,0.464985191822052,0.0,0.0,-0.7066848874092102
2192,-0.31766238808631897,0.0,0.0,-0.8479167819023132
2193,-1.0200694799423218,0.0,0.0,-0.045435793697834015
2194,-0.4216578006744385,0.0,0.0,-0.0426720455288887
2195,-1.086492896080017,0.0,0.0,0.1609964668750763
2196,-0.7355748414993286,0.0,0.0,-0.029349584132432938
2197,1.365387201309204,0.0,0.0,-0.22756779193878174
2198,-0.405083030462265,0.0,0.0,-0.6912612915039062
2199,-1.086492896080017,0.0,0.0,0.29447105526924133
2200,-1.086492896080017,0.0,0.0,0.24246850609779358
2201,0.26558083295822144,0.0,0.0,-0.3027098476886749
2202,0.17389822006225586,0.0,0.0,-0.3027098476886749
2203,-1.1315994262695312,0.0,0.0,-0.14612698554992676
2204,-1.086492896080017,0.0,0.0,0.29447105526924133
2205,0.19951286911964417,0.0,0.0,-0.37310969829559326
2206,0.464985191822052,0.0,0.0,-0.8479167819023132
2207,0.26558083295822144,0.0,0.0,-0.8479167819023132
2208,-0.36095860600471497,0.0,0.0,0.23656028509140015
2209,-1.1315994262695312,0.0,0.0,-0.0905432477593422
2210,0.3547273874282837,0.0,0.0,-0.8479167819023132
2211,-1.086492896080017,0.0,0.0,0.24246850609779358
2212,0.26558083295822144,0.0,0.0,-0.7066848874092102
2213,-1.086492896080017,0.0,0.0,0.29447105526924133
2214,-0.5463290810585022,0.0,0.0,-0.14537310600280762
2215,-1.086492896080017,0.0,0.0,0.29447105526924133
2216,-1.086492896080017,0.0,0.0,0.1609964668750763
2217,0.26558083295822144,0.0,0.0,-0.3027098476886749
2218,0.6903761625289917,0.0,0.0,-0.6913995146751404
2219,-1.1129969358444214,0.0,0.0,-0.07722079008817673
2220,-1.086492896080017,0.0,0.0,0.29447105526924133
2221,-0.36095860600471497,0.0,0.0,0.3680199682712555
2222,-1.086492896080017,0.0,0.0,0.29447105526924133
2223,-1.1129969358444214,0.0,0.0,-0.07722079008817673
2224,-1.086492896080017,0.0,0.0,0.24246850609779358
2225,-0.4179442524909973,0.0,0.0,-0.8571757674217224
2226,-0.36095860600471497,0.0,0.0,0.3680199682712555
2227,-1.086492896080017,0.0,0.0,0.29447105526924133
2228,0.464985191822052,0.0,0.0,-0.8479167819023132
2229,0.26558083295822144,0.0,0.0,-0.8479167819023132
2230,0.3547273874282837,0.0,0.0,-0.8479167819023132
2231,-0.31766238808631897,0.0,0.0,-0.8479167819023132
2232,0.29119545221328735,0.0,0.0,-0.16184550523757935
2233,1.365387201309204,0.0,0.0,-0.5371878743171692
2234,-0.36095860600471497,0.0,0.0,0.16598647832870483
2235,-0.5463290810585022,0.0,0.0,-0.14537310600280762
2236,-0.4216578006744385,0.0,0.0,-0.0426720455288887
2237,-0.6460703611373901,0.0,0.0,-0.0426720455288887
2238,0.26558083295822144,0.0,0.0,-0.8479167819023132
2239,-0.36095860600471497,0.0,0.0,0.3680199682712555
2240,-1.086492896080017,0.0,0.0,0.29447105526924133
2241,0.17389822006225586,0.0,0.0,-0.3027098476886749
2242,-1.086492896080017,0.0,0.0,0.29447105526924133
2243,-1.1129969358444214,0.0,0.0,-0.07722079008817673
2244,0.26558083295822144,0.0,0.0,-0.7066848874092102
2245,0.6903761625289917,0.0,0.0,-0.6913995146751404
2246,0.6903761625289917,0.0,0.0,-0.2874245345592499
2247,0.26558083295822144,0.0,0.0,-0.3027098476886749
2248,-0.4216578006744385,0.0,0.0,-0.0426720455288887
2249,1.365387201309204,0.0,0.0,-0.22756779193878174
2250,-0.405083030462265,0.0,0.0,-0.6912612915039062
2251,-0.9935654401779175,0.0,0.0,0.1927814781665802
2252,-0.5463290810585022,0.0,0.0,-0.0426720455288887
2253,0.17389822006225586,0.0,0.0,-0.8479167819023132
2254,-0.15054136514663696,0.0,0.0,-0.8479167819023132
2255,-0.4179442524909973,0.0,0.0,-0.8571757674217224
2256,0.8734679818153381,0.0,0.0,-0.6751783490180969
2257,-1.1315994262695312,0.0,0.0,-0.1932443082332611
2258,-0.5463290810585022,0.0,0.0,-0.09825579822063446
2259,-1.086492896080017,0.0,0.0,0.29447105526924133
2260,-1.086492896080017,0.0,0.0,0.24246850609779358
2261,0.26558083295822144,0.0,0.0,-0.8479167819023132
2262,-0.5463290810585022,0.0,0.0,-0.14537310600280762
2263,-1.086492896080017,0.0,0.0,0.29447105526924133
2264,-1.086492896080017,0.0,0.0,0.29447105526924133
2265,-1.086492896080017,0.0,0.0,0.29447105526924133
2266,1.365387201309204,0.0,0.0,-0.22756779193878174
2267,-1.086492896080017,0.0,0.0,0.24246850609779358
2268,1.353501319885254,0.0,0.0,-0.631607174873352
2269,0.464985191822052,0.0,0.0,-0.3027098476886749
2270,-0.36095860600471497,0.0,0.0,0.3680199682712555
2271,-0.36095860600471497,0.0,0.0,0.3680199682712555
2272,1.365387201309204,0.0,0.0,-0.7727747559547424
2273,0.26558083295822144,0.0,0.0,-0.3027098476886749
2274,1.365387201309204,0.0,0.0,-0.22756779193878174
2275,0.6903761625289917,0.0,0.0,-0.8326314687728882
2276,1.365387201309204,0.0,0.0,-0.22756779193878174
2277,0.3547273874282837,0.0,0.0,-0.8479167819023132
2278,0.521970808506012,0.0,0.0,0.175245463848114
2279,1.365387201309204,0.0,0.0,-0.22756779193878174
2280,-0.4216578006744385,0.0,0.0,0.3680199682712555
2281,0.26558083295822144,0.0,0.0,-0.8479167819023132
2282,-1.086492896080017,0.0,0.0,0.29447105526924133
2283,1.365387201309204,0.0,0.0,-0.22756779193878174
2284,-0.7541773319244385,0.0,0.0,-0.0426720455288887
2285,0.26558083295822144,0.0,0.0,-0.3027098476886749
2286,1.365387201309204,0.0,0.0,-0.22756779193878174
2287,0.29119545221328735,0.0,0.0,-0.37310969829559326
2288,-0.36095860600471497,0.0,0.0,0.23656028509140015
2289,-0.36095860600471497,0.0,0.0,0.3680199682712555
2290,-0.5012224912643433,0.0,0.0,0.20886766910552979
2291,1.365387201309204,0.0,0.0,-0.22756779193878174
2292,0.27844202518463135,0.0,0.0,-0.6820023059844971
2293,-1.086492896080017,0.0,0.0,0.29447105526924133
2294,-0.29204773902893066,0.0,0.0,-0.16184550523757935
2295,-1.1315994262695312,0.0,0.0,-0.1932443082332611
2296,1.365387201309204,0.0,0.0,-0.7727747559547424
2297,1.365387201309204,0.0,0.0,-0.22756779193878174
2298,-0.36095860600471497,0.0,0.0,0.23656028509140015
2299,-0.4216578006744385,0.0,0.0,0.3680199682712555
2300,1.365387201309204,0.0,0.0,-0.22756779193878174
2301,0.464985191822052,0.0,0.0,-0.8479167819023132
2302,-0.5463290810585022,0.0,0.0,-0.0426720455288887
2303,1.365387201309204,0.0,0.0,-0.5371878743171692
2304,-1.086492896080017,0.0,0.0,0.24246850609779358
2305,1.365387201309204,0.0,0.0,-0.22756779193878174
2306,1.365387201309204,0.0,0.0,-0.6315428018569946
2307,-0.36095860600471497,0.0,0.0,0.3680199682712555
2308,-0.6274678707122803,0.0,0.0,-0.029349584132432938
2309,-0.36095860600471497,0.0,0.0,0.3680199682712555
2310,0.3675885796546936,0.0,0.0,-0.6820023059844971
2311,1.365387201309204,0.0,0.0,-0.22756779193878174
2312,-1.086492896080017,0.0,0.0,0.24246850609779358
2313,-0.4216578006744385,0.0,0.0,0.3680199682712555
2314,-0.0935557559132576,0.0,0.0,0.24581927061080933
2315,1.365387201309204,0.0,0.0,-0.22756779193878174
2316,-0.5463290810585022,0.0,0.0,-0.14537310600280762
2317,-0.4216578006744385,0.0,0.0,-0.0426720455288887
2318,-0.4216578006744385,0.0,0.0,0.3680199682712555
2319,-1.086492896080017,0.0,0.0,0.29447105526924133
2320,1.365387201309204,0.0,0.0,-0.7727747559547424
2321,1.365387201309204,0.0,0.0,-0.22756779193878174
2322,0.3225664496421814,0.0,0.0,0.175245463848114
2323,1.365387201309204,0.0,0.0,-0.22756779193878174
2324,-0.13827632367610931,0.0,0.0,0.8040479421615601
2325,-0.3096032738685608,0.0,0.0,0.21843907237052917
2326,-0.6002964973449707,0.0,0.0,-1.9209040403366089
2327,0.2392396181821823,0.0,0.0,-1.651864767074585
2328,-0.5315825939178467,0.0,0.0,-0.14366289973258972
2329,-0.5315825939178467,0.0,0.0,-0.14366289973258972
2330,-0.5315825939178467,0.0,0.0,-0.14366289973258972
2331,1.1299961805343628,0.0,0.0,-0.08811559528112411
2332,1.1299961805343628,0.0,0.0,-0.08811559528112411
2333,-0.5315825939178467,0.0,0.0,-0.14366289973258972
2334,-0.10494934022426605,0.0,0.0,-1.8029944896697998
2335,-0.6223827004432678,0.0,0.0,-0.42772749066352844
2336,-0.6223827004432678,0.0,0.0,-0.42772749066352844
2337,-0.4383213222026825,0.0,0.0,0.18399417400360107
2338,-0.27262428402900696,0.0,0.0,-0.568903923034668
2339,-0.2774040997028351,0.0,0.0,-0.2541412115097046
2340,-0.2673371136188507,0.0,0.0,-0.2083522081375122
2341,-0.3096032738685608,0.0,0.0,0.21843907237052917
2342,-0.10494934022426605,0.0,0.0,-1.8029944896697998
2343,-0.47277870774269104,0.0,0.0,0.03123372420668602
2344,-0.2774040997028351,0.0,0.0,-0.2541412115097046
2345,-0.3096032738685608,0.0,0.0,0.21843907237052917
2346,1.193981647491455,0.0,0.0,-0.08811559528112411
2347,-0.2673371136188507,0.0,0.0,-0.2083522081375122
2348,-0.6223827004432678,0.0,0.0,-0.42772749066352844
2349,-0.23602181673049927,0.0,0.0,-0.184604674577713
2350,-0.430736243724823,0.0,0.0,-1.879822850227356
2351,-0.6123157143592834,0.0,0.0,-0.38193845748901367
2352,1.1299961805343628,0.0,0.0,-0.08811559528112411
2353,-0.4383213222026825,0.0,0.0,0.18399417400360107
2354,-0.2673371136188507,0.0,0.0,-0.2083522081375122
2355,-0.2774040997028351,0.0,0.0,-0.2541412115097046
2356,-0.2774040997028351,0.0,0.0,-0.2541412115097046
2357,0.2392396181821823,0.0,0.0,-1.651864767074585
2358,-0.6002964973449707,0.0,0.0,-1.9209040403366089
2359,-0.6123157143592834,0.0,0.0,-0.38193845748901367
2360,-0.2774040997028351,0.0,0.0,-0.2541412115097046
2361,-0.5607279539108276,0.0,0.0,-0.006849241442978382
2362,-0.2673371136188507,0.0,0.0,-0.2083522081375122
2363,1.1299961805343628,0.0,0.0,-0.08811559528112411
2364,-0.3096032738685608,0.0,0.0,0.21843907237052917
2365,-0.5315825939178467,0.0,0.0,-0.14366289973258972
2366,-0.5315825939178467,0.0,0.0,-0.14366289973258972
2367,-0.23602181673049927,0.0,0.0,-0.184604674577713
2368,-0.405582070350647,0.0,0.0,-0.22568583488464355
2369,-0.6223827004432678,0.0,0.0,-0.42772749066352844
2370,-0.4383213222026825,0.0,0.0,0.18399417400360107
2371,-0.3096032738685608,0.0,0.0,0.21843907237052917
2372,0.2392396181821823,0.0,0.0,-1.651864767074585
2373,-0.430736243724823,0.0,0.0,-1.879822850227356
2374,-0.13827632367610931,0.0,0.0,0.8040479421615601
2375,-0.6223827004432678,0.0,0.0,-0.42772749066352844
2376,-0.10494934022426605,0.0,0.0,-1.8029944896697998
2377,-0.5315825939178467,0.0,0.0,-0.14366289973258972
2378,-0.430736243724823,0.0,0.0,-1.879822850227356
2379,-0.4383213222026825,0.0,0.0,0.18399417400360107
2380,-0.2673371136188507,0.0,0.0,-0.2083522081375122
2381,-0.4383213222026825,0.0,0.0,0.18399417400360107
2382,-0.40402570366859436,0.0,0.0,0.29859501123428345
2383,0.08976511657238007,0.0,0.0,-0.10777642577886581
2384,0.2392396181821823,0.0,0.0,-1.651864767074585
2385,-0.6123157143592834,0.0,0.0,-0.38193845748901367
2386,-0.4383213222026825,0.0,0.0,0.18399417400360107
2387,-0.13827632367610931,0.0,0.0,0.8040479421615601
2388,-0.5315825939178467,0.0,0.0,-0.14366289973258972
2389,-0.6123157143592834,0.0,0.0,-0.38193845748901367
2390,-0.5315825939178467,0.0,0.0,-0.14366289973258972
2391,-0.6002964973449707,0.0,0.0,-1.9209040403366089
2392,-0.13827632367610931,0.0,0.0,0.8040479421615601
2393,-0.4383213222026825,0.0,0.0,0.18399417400360107
2394,0.2392396181821823,0.0,0.0,-1.651864767074585
2395,-0.10494934022426605,0.0,0.0,-1.8029944896697998
2396,-0.10494934022426605,0.0,0.0,-1.8029944896697998
2397,-0.44218453764915466,0.0,0.0,-0.6099850535392761
2398,-0.14004302024841309,0.0,0.0,0.2595202326774597
2399,0.8404607772827148,0.0,0.0,-0.2007497251033783
2400,-0.19575291872024536,0.0,0.0,0.6629838943481445
2401,-0.2774040997028351,0.0,0.0,-0.2541412115097046
2402,-0.2774040997028351,0.0,0.0,-0.2541412115097046
2403,-0.2774040997028351,0.0,0.0,-0.2541412115097046
2404,-0.10494934022426605,0.0,0.0,-1.8029944896697998
2405,-0.13827632367610931,0.0,0.0,0.8040479421615601
2406,-0.47277870774269104,0.0,0.0,0.03123372420668602
2407,-0.405582070350647,0.0,0.0,-0.22568583488464355
2408,-0.47277870774269104,0.0,0.0,0.03123372420668602
2409,-0.6123157143592834,0.0,0.0,-0.38193845748901367
2410,-0.10494934022426605,0.0,0.0,-1.8029944896697998
2411,0.2392396181821823,0.0,0.0,-1.651864767074585
2412,0.32943615317344666,0.0,0.0,-0.061164483428001404
2413,0.08976511657238007,0.0,0.0,-0.10777642577886581
2414,-0.2774040997028351,0.0,0.0,-0.2541412115097046
2415,1.1299961805343628,0.0,0.0,-0.08811559528112411
2416,-0.3096032738685608,0.0,0.0,0.21843907237052917
2417,-0.5607279539108276,0.0,0.0,-0.006849241442978382
2418,-0.2774040997028351,0.0,0.0,-0.2541412115097046
2419,-0.6002964973449707,0.0,0.0,-1.9209040403366089
2420,-0.6002964973449707,0.0,0.0,-1.9209040403366089
2421,-0.6002964973449707,0.0,0.0,-1.9209040403366089
2422,0.16088226437568665,0.0,0.0,-1.5735074281692505
2423,-0.6123157143592834,0.0,0.0,-0.38193845748901367
2424,-0.2774040997028351,0.0,0.0,-0.2541412115097046
2425,-0.4383213222026825,0.0,0.0,0.18399417400360107
2426,-0.5315825939178467,0.0,0.0,-0.14366289973258972
2427,-0.10494934022426605,0.0,0.0,-1.8029944896697998
2428,-0.2673371136188507,0.0,0.0,-0.2083522081375122
2429,-0.4383213222026825,0.0,0.0,0.18399417400360107
2430,-0.4383213222026825,0.0,0.0,0.18399417400360107
2431,-0.4383213222026825,0.0,0.0,0.18399417400360107
2432,1.193981647491455,0.0,0.0,-0.08811559528112411
2433,-0.40402570366859436,0.0,0.0,0.29859501123428345
2434,1.3901891708374023,0.0,0.0,-0.23960480093955994
2435,0.32943615317344666,0.0,0.0,-0.061164483428001404
2436,-0.13827632367610931,0.0,0.0,0.8040479421615601
2437,-0.13827632367610931,0.0,0.0,0.8040479421615601
2438,1.9442336559295654,0.0,0.0,-0.8383673429489136
2439,0.08976511657238007,0.0,0.0,-0.10777642577886581
2440,1.1299961805343628,0.0,0.0,-0.08811559528112411
2441,0.2392396181821823,0.0,0.0,-1.651864767074585
2442,1.1299961805343628,0.0,0.0,-0.08811559528112411
2443,-0.10494934022426605,0.0,0.0,-1.8029944896697998
2444,0.3194721043109894,0.0,0.0,0.6912993788719177
2445,1.193981647491455,0.0,0.0,-0.08811559528112411
2446,-0.13827632367610931,0.0,0.0,0.8040479421615601
2447,-0.430736243724823,0.0,0.0,-1.879822850227356
2448,-0.4383213222026825,0.0,0.0,0.18399417400360107
2449,1.1299961805343628,0.0,0.0,-0.08811559528112411
2450,-0.2774040997028351,0.0,0.0,-0.2541412115097046
2451,-0.23602181673049927,0.0,0.0,-0.184604674577713
2452,1.193981647491455,0.0,0.0,-0.08811559528112411
2453,0.2894423305988312,0.0,0.0,0.4400469660758972
2454,-0.13827632367610931,0.0,0.0,0.8040479421615601
2455,-0.13827632367610931,0.0,0.0,0.8040479421615601
2456,-0.2157493382692337,0.0,0.0,0.16673709452152252
2457,1.1299961805343628,0.0,0.0,-0.08811559528112411
2458,0.2894423305988312,0.0,0.0,0.4400469660758972
2459,-0.5315825939178467,0.0,0.0,-0.14366289973258972
2460,-0.3096032738685608,0.0,0.0,0.21843907237052917
2461,-0.6123157143592834,0.0,0.0,-0.38193845748901367
2462,1.9442336559295654,0.0,0.0,-0.8383673429489136
2463,1.1299961805343628,0.0,0.0,-0.08811559528112411
2464,-0.13827632367610931,0.0,0.0,0.8040479421615601
2465,-0.13827632367610931,0.0,0.0,0.8040479421615601
2466,1.1299961805343628,0.0,0.0,-0.08811559528112411
2467,0.5010500550270081,0.0,0.0,-0.23724740743637085
2468,-0.2774040997028351,0.0,0.0,-0.2541412115097046
2469,0.8404607772827148,0.0,0.0,-0.2007497251033783
2470,-0.40402570366859436,0.0,0.0,0.29859501123428345
2471,1.193981647491455,0.0,0.0,-0.08811559528112411
2472,1.9442336559295654,0.0,0.0,-0.8383673429489136
2473,-0.13827632367610931,0.0,0.0,0.8040479421615601
2474,-0.2673371136188507,0.0,0.0,-0.2083522081375122
2475,-0.13827632367610931,0.0,0.0,0.8040479421615601
2476,0.2894423305988312,0.0,0.0,0.4400469660758972
2477,1.1299961805343628,0.0,0.0,-0.08811559528112411
2478,-0.40402570366859436,0.0,0.0,0.29859501123428345
2479,-0.13827632367610931,0.0,0.0,0.8040479421615601
2480,-0.13827632367610931,0.0,0.0,0.8040479421615601
2481,1.1299961805343628,0.0,0.0,-0.08811559528112411
2482,-0.2673371136188507,0.0,0.0,-0.2083522081375122
2483,-0.2774040997028351,0.0,0.0,-0.2541412115097046
2484,-0.13827632367610931,0.0,0.0,0.8040479421615601
2485,-0.47277870774269104,0.0,0.0,0.03123372420668602
2486,1.9442336559295654,0.0,0.0,-0.8383673429489136
2487,1.1299961805343628,0.0,0.0,-0.08811559528112411
2488,-0.026192694902420044,0.0,0.0,0.7040650248527527
2489,1.1299961805343628,0.0,0.0,-0.08811559528112411
2490,-0.901160717010498,0.0,0.0,1.0469697713851929
2491,-0.901160717010498,0.0,0.0,0.4163982570171356
2492,-0.8157402873039246,0.0,0.0,-1.34528648853302
2493,0.7286921739578247,0.0,0.0,-1.5624074935913086
2494,-1.2142044305801392,0.0,0.0,0.6066461801528931
2495,-1.2142044305801392,0.0,0.0,0.6066461801528931
2496,-1.2409197092056274,0.0,0.0,0.47761884331703186
2497,1.8947992324829102,0.0,0.0,-1.333720326423645
2498,1.8947992324829102,0.0,0.0,-1.333720326423645
2499,-1.2409197092056274,0.0,0.0,0.47761884331703186
2500,0.5927694439888,0.0,0.0,-1.5624074935913086
2501,-1.3020761013031006,0.0,0.0,0.20136107504367828
2502,-1.3020761013031006,0.0,0.0,0.20136107504367828
2503,-1.2142044305801392,0.0,0.0,0.6066461801528931
2504,0.09289981424808502,0.0,0.0,-0.7296649217605591
2505,-1.3335739374160767,0.0,0.0,0.20136107504367828
2506,-1.1673204898834229,0.0,0.0,-0.09100310504436493
2507,-0.6427009701728821,0.0,0.0,0.669880211353302
2508,0.4394593834877014,0.0,0.0,-1.316464900970459
2509,-1.2142044305801392,0.0,0.0,0.6066461801528931
2510,-1.3335739374160767,0.0,0.0,0.20136107504367828
2511,-0.9778929948806763,0.0,0.0,-0.3409319818019867
2512,1.8947992324829102,0.0,0.0,-1.333720326423645
2513,-1.1673204898834229,0.0,0.0,-0.09100310504436493
2514,-1.3020761013031006,0.0,0.0,0.36328431963920593
2515,0.04310638830065727,0.0,0.0,-1.5798612833023071
2516,0.04310638830065727,0.0,0.0,-1.5798612833023071
2517,-1.3020761013031006,0.0,0.0,0.20136107504367828
2518,1.8947992324829102,0.0,0.0,-1.333720326423645
2519,-1.2142044305801392,0.0,0.0,0.6066461801528931
2520,-1.1673204898834229,0.0,0.0,-0.09100310504436493
2521,-1.3335739374160767,0.0,0.0,0.20136107504367828
2522,-1.3335739374160767,0.0,0.0,0.20136107504367828
2523,0.7286921739578247,0.0,0.0,-1.5624074935913086
2524,-0.8157402873039246,0.0,0.0,-1.34528648853302
2525,-1.3020761013031006,0.0,0.0,-0.09100310504436493
2526,-1.1821792125701904,0.0,0.0,0.20136107504367828
2527,-1.3020761013031006,0.0,0.0,0.19937960803508759
2528,-1.1673204898834229,0.0,0.0,-0.09100310504436493
2529,1.8947992324829102,0.0,0.0,-1.333720326423645
2530,-0.9778929948806763,0.0,0.0,-0.3409319818019867
2531,-1.2142044305801392,0.0,0.0,0.6066461801528931
2532,-1.2409197092056274,0.0,0.0,0.47761884331703186
2533,0.04310638830065727,0.0,0.0,-1.5798612833023071
2534,-0.655846118927002,0.0,0.0,-1.6086828708648682
2535,-1.3020761013031006,0.0,0.0,0.20136107504367828
2536,-1.2142044305801392,0.0,0.0,0.6066461801528931
2537,-0.7194332480430603,0.0,0.0,-0.3409319818019867
2538,0.7286921739578247,0.0,0.0,-1.2990111112594604
2539,-0.24295559525489807,0.0,0.0,-1.34528648853302
2540,-0.901160717010498,0.0,0.0,1.0469697713851929
2541,-1.3020761013031006,0.0,0.0,0.20136107504367828
2542,0.5927694439888,0.0,0.0,-1.2990111112594604
2543,-1.2409197092056274,0.0,0.0,0.47761884331703186
2544,-0.24295559525489807,0.0,0.0,-1.6086828708648682
2545,-1.2142044305801392,0.0,0.0,0.6066461801528931
2546,-1.3335739374160767,0.0,0.0,0.20136107504367828
2547,-1.2142044305801392,0.0,0.0,0.6066461801528931
2548,-1.2637563943862915,0.0,0.0,0.31321266293525696
2549,0.4394593834877014,0.0,0.0,-1.5798612833023071
2550,0.7286921739578247,0.0,0.0,-1.5624074935913086
2551,-1.3020761013031006,0.0,0.0,-0.09100310504436493
2552,-1.2142044305801392,0.0,0.0,0.6066461801528931
2553,-0.901160717010498,0.0,0.0,1.0469697713851929
2554,-1.2142044305801392,0.0,0.0,0.6066461801528931
2555,-1.3020761013031006,0.0,0.0,-0.09100310504436493
2556,-1.2409197092056274,0.0,0.0,0.47761884331703186
2557,-0.9409268498420715,0.0,0.0,-1.34528648853302
2558,-0.901160717010498,0.0,0.0,1.0469697713851929
2559,-1.2142044305801392,0.0,0.0,0.6066461801528931
2560,0.7286921739578247,0.0,0.0,-1.2990111112594604
2561,0.4394593834877014,0.0,0.0,-1.316464900970459
2562,0.5927694439888,0.0,0.0,-1.4361153841018677
2563,-0.7659468054771423,0.0,0.0,-0.7584865093231201
2564,0.21614576876163483,0.0,0.0,0.698701798915863
2565,1.6285295486450195,0.0,0.0,-1.333720326423645
2566,-0.901160717010498,0.0,0.0,0.7982563972473145
2567,-1.3335739374160767,0.0,0.0,0.20136107504367828
2568,-1.0569345951080322,0.0,0.0,0.20136107504367828
2569,-1.1673204898834229,0.0,0.0,0.20136107504367828
2570,0.4394593834877014,0.0,0.0,-1.316464900970459
2571,-0.901160717010498,0.0,0.0,1.0469697713851929
2572,-1.2142044305801392,0.0,0.0,0.6066461801528931
2573,-0.8157402873039246,0.0,0.0,-1.6086828708648682
2574,-1.2142044305801392,0.0,0.0,0.6066461801528931
2575,-1.3020761013031006,0.0,0.0,-0.09100310504436493
2576,0.4394593834877014,0.0,0.0,-1.5798612833023071
2577,0.7286921739578247,0.0,0.0,-1.5624074935913086
2578,0.7286921739578247,0.0,0.0,-1.5624074935913086
2579,0.4394593834877014,0.0,0.0,-1.5798612833023071
2580,-1.3335739374160767,0.0,0.0,0.20136107504367828
2581,1.8947992324829102,0.0,0.0,-1.333720326423645
2582,-0.9778929948806763,0.0,0.0,-0.3409319818019867
2583,-1.3020761013031006,0.0,0.0,0.19937960803508759
2584,-1.3335739374160767,0.0,0.0,0.20136107504367828
2585,-0.8157402873039246,0.0,0.0,-1.34528648853302
2586,-0.8157402873039246,0.0,0.0,-1.34528648853302
2587,-1.07420015335083,0.0,0.0,-1.34528648853302
2588,0.7286921739578247,0.0,0.0,-1.5624074935913086
2589,-1.3020761013031006,0.0,0.0,-0.09100310504436493
2590,-1.1673204898834229,0.0,0.0,0.20136107504367828
2591,-1.2142044305801392,0.0,0.0,0.6066461801528931
2592,-1.2409197092056274,0.0,0.0,0.47761884331703186
2593,0.4394593834877014,0.0,0.0,-1.316464900970459
2594,-1.3335739374160767,0.0,0.0,0.033019598573446274
2595,-1.2142044305801392,0.0,0.0,0.6066461801528931
2596,-1.2142044305801392,0.0,0.0,0.6066461801528931
2597,-1.2142044305801392,0.0,0.0,0.6066461801528931
2598,1.8947992324829102,0.0,0.0,-1.333720326423645
2599,-1.2637563943862915,0.0,0.0,0.31321266293525696
2600,1.8198647499084473,0.0,0.0,-0.2372111678123474
2601,0.7286921739578247,0.0,0.0,-1.5624074935913086
2602,-0.901160717010498,0.0,0.0,1.0469697713851929
2603,-0.901160717010498,0.0,0.0,1.0469697713851929
2604,1.8947992324829102,0.0,0.0,-1.0703237056732178
2605,0.4394593834877014,0.0,0.0,-1.5798612833023071
2606,1.8947992324829102,0.0,0.0,-1.333720326423645
2607,0.7286921739578247,0.0,0.0,-1.2990111112594604
2608,1.8947992324829102,0.0,0.0,-1.333720326423645
2609,0.5927694439888,0.0,0.0,-1.4361153841018677
2610,0.9017314910888672,0.0,0.0,1.093245267868042
2611,1.8947992324829102,0.0,0.0,-1.333720326423645
2612,-0.901160717010498,0.0,0.0,1.0469697713851929
2613,0.04310638830065727,0.0,0.0,-1.316464900970459
2614,-1.2142044305801392,0.0,0.0,0.6066461801528931
2615,1.8947992324829102,0.0,0.0,-1.333720326423645
2616,-1.1673204898834229,0.0,0.0,0.20136107504367828
2617,-0.24295559525489807,0.0,0.0,-1.6086828708648682
2618,1.8947992324829102,0.0,0.0,-1.333720326423645
2619,0.6124987602233887,0.0,0.0,0.44521984457969666
2620,-0.901160717010498,0.0,0.0,1.0469697713851929
2621,-0.901160717010498,0.0,0.0,1.0469697713851929
2622,-1.1673204898834229,0.0,0.0,0.19937960803508759
2623,1.8947992324829102,0.0,0.0,-1.333720326423645
2624,0.5357664227485657,0.0,0.0,-0.3121104836463928
2625,-1.2142044305801392,0.0,0.0,0.6066461801528931
2626,-0.6427009701728821,0.0,0.0,0.669880211353302
2627,-1.3020761013031006,0.0,0.0,0.20136107504367828
2628,1.8947992324829102,0.0,0.0,-1.0703237056732178
2629,1.8947992324829102,0.0,0.0,-1.333720326423645
2630,-0.901160717010498,0.0,0.0,1.0469697713851929
2631,-1.1821792125701904,0.0,0.0,1.0469697713851929
2632,1.8947992324829102,0.0,0.0,-1.333720326423645
2633,0.7784856557846069,0.0,0.0,-0.7122111320495605
2634,-1.3335739374160767,0.0,0.0,0.20136107504367828
2635,1.6285295486450195,0.0,0.0,-1.333720326423645
2636,-1.2409197092056274,0.0,0.0,0.47761884331703186
2637,1.8947992324829102,0.0,0.0,-1.333720326423645
2638,1.8947992324829102,0.0,0.0,-1.333720326423645
2639,-0.901160717010498,0.0,0.0,1.0469697713851929
2640,-1.1673204898834229,0.0,0.0,-0.09100310504436493
2641,-0.901160717010498,0.0,0.0,1.0469697713851929
2642,0.6890765428543091,0.0,0.0,-0.2946566045284271
2643,1.8947992324829102,0.0,0.0,-1.333720326423645
2644,-1.2637563943862915,0.0,0.0,0.31321266293525696
2645,-0.901160717010498,0.0,0.0,1.0469697713851929
2646,-0.6427009701728821,0.0,0.0,1.0469697713851929
2647,1.8947992324829102,0.0,0.0,-1.333720326423645
2648,-1.1673204898834229,0.0,0.0,0.20136107504367828
2649,-1.3335739374160767,0.0,0.0,0.20136107504367828
2650,-0.901160717010498,0.0,0.0,1.0469697713851929
2651,-1.2142044305801392,0.0,0.0,0.6066461801528931
2652,1.8947992324829102,0.0,0.0,-1.0703237056732178
2653,1.8947992324829102,0.0,0.0,-1.333720326423645
2654,-0.06991620361804962,0.0,0.0,0.7982563972473145
2655,1.8947992324829102,0.0,0.0,-1.333720326423645
2656,-0.3575625419616699,0.0,0.0,0.33750319480895996
2657,-0.3575625419616699,0.0,0.0,-0.2936975359916687
2658,-0.3575625419616699,0.0,0.0,-0.9369327425956726
2659,0.9225777983665466,0.0,0.0,-0.9369327425956726
2660,-1.113136649131775,0.0,0.0,0.3580598831176758
2661,-1.113136649131775,0.0,0.0,0.3580598831176758
2662,-1.113136649131775,0.0,0.0,0.3580598831176758
2663,1.162179946899414,0.0,0.0,-0.7989086508750916
2664,1.162179946899414,0.0,0.0,-0.7989086508750916
2665,-1.113136649131775,0.0,0.0,0.3580598831176758
2666,0.3064671754837036,0.0,0.0,-0.9369327425956726
2667,-1.113136649131775,0.0,0.0,0.20595812797546387
2668,-1.113136649131775,0.0,0.0,0.20595812797546387
2669,-1.113136649131775,0.0,0.0,0.3580598831176758
2670,-0.10255050659179688,0.0,0.0,-0.5482569932937622
2671,-0.8797396421432495,0.0,0.0,-0.07825445383787155
2672,-0.8797396421432495,0.0,0.0,0.20174622535705566
2673,-0.23606687784194946,0.0,0.0,0.33750319480895996
2674,-0.10255050659179688,0.0,0.0,-0.9369327425956726
2675,-1.113136649131775,0.0,0.0,0.3580598831176758
2676,-0.8797396421432495,0.0,0.0,-0.07825445383787155
2677,-0.3575625419616699,0.0,0.0,-0.4295198619365692
2678,1.162179946899414,0.0,0.0,-0.7989086508750916
2679,-0.8797396421432495,0.0,0.0,0.07964226603507996
2680,-1.113136649131775,0.0,0.0,0.33750319480895996
2681,-0.10255050659179688,0.0,0.0,-0.7989086508750916
2682,-0.10255050659179688,0.0,0.0,-0.9369327425956726
2683,-0.9903194308280945,0.0,0.0,0.03430483490228653
2684,1.162179946899414,0.0,0.0,-0.7989086508750916
2685,-1.113136649131775,0.0,0.0,0.3580598831176758
2686,-0.8797396421432495,0.0,0.0,0.07964226603507996
2687,-0.5017344355583191,0.0,0.0,0.20595812797546387
2688,-0.8797396421432495,0.0,0.0,0.07709234207868576
2689,0.45235979557037354,0.0,0.0,-0.9369327425956726
2690,-0.23606687784194946,0.0,0.0,-0.9369327425956726
2691,-1.113136649131775,0.0,0.0,0.20174622535705566
2692,-0.5017344355583191,0.0,0.0,0.20595812797546387
2693,-1.113136649131775,0.0,0.0,0.3580598831176758
2694,-0.9903194308280945,0.0,0.0,0.20174622535705566
2695,1.162179946899414,0.0,0.0,-0.7989086508750916
2696,-0.3575625419616699,0.0,0.0,-0.2936975359916687
2697,-1.113136649131775,0.0,0.0,0.3580598831176758
2698,-1.113136649131775,0.0,0.0,0.3580598831176758
2699,-0.10255050659179688,0.0,0.0,-0.7989086508750916
2700,-0.10538900643587112,0.0,0.0,-0.7989086508750916
2701,-1.113136649131775,0.0,0.0,-0.07825445383787155
2702,-1.113136649131775,0.0,0.0,0.3580598831176758
2703,-0.23606687784194946,0.0,0.0,-0.2936975359916687
2704,0.45235979557037354,0.0,0.0,-0.9369327425956726
2705,0.00862857699394226,0.0,0.0,-0.9369327425956726
2706,-0.3575625419616699,0.0,0.0,0.33750319480895996
2707,-1.113136649131775,0.0,0.0,-0.07825445383787155
2708,0.3064671754837036,0.0,0.0,-0.9369327425956726
2709,-1.113136649131775,0.0,0.0,0.3580598831176758
2710,0.00862857699394226,0.0,0.0,-0.9369327425956726
2711,-1.113136649131775,0.0,0.0,0.3580598831176758
2712,-0.8797396421432495,0.0,0.0,0.19606205821037292
2713,-1.113136649131775,0.0,0.0,0.3580598831176758
2714,-1.113136649131775,0.0,0.0,0.3580598831176758
2715,0.3064671754837036,0.0,0.0,-0.7989086508750916
2716,0.9225777983665466,0.0,0.0,-0.9369327425956726
2717,-1.113136649131775,0.0,0.0,0.20174622535705566
2718,-1.113136649131775,0.0,0.0,0.3580598831176758
2719,-0.243166983127594,0.0,0.0,0.33750319480895996
2720,-1.113136649131775,0.0,0.0,0.3580598831176758
2721,-1.113136649131775,0.0,0.0,0.20174622535705566
2722,-1.113136649131775,0.0,0.0,0.3580598831176758
2723,-0.3575625419616699,0.0,0.0,-0.9369327425956726
2724,-0.3575625419616699,0.0,0.0,0.33750319480895996
2725,-1.113136649131775,0.0,0.0,0.3580598831176758
2726,0.45235979557037354,0.0,0.0,-0.9369327425956726
2727,-0.10255050659179688,0.0,0.0,-0.9369327425956726
2728,0.3064671754837036,0.0,0.0,-0.9369327425956726
2729,-0.23606687784194946,0.0,0.0,-0.5482569932937622
2730,-0.10255050659179688,0.0,0.0,-0.0554337203502655
2731,1.0514841079711914,0.0,0.0,-0.7989086508750916
2732,-0.3575625419616699,0.0,0.0,0.33750319480895996
2733,-0.771135687828064,0.0,0.0,-0.07825445383787155
2734,-0.5017344355583191,0.0,0.0,0.20595812797546387
2735,-0.8797396421432495,0.0,0.0,0.20595812797546387
2736,-0.10255050659179688,0.0,0.0,-0.9369327425956726
2737,-0.3575625419616699,0.0,0.0,0.33750319480895996
2738,-1.113136649131775,0.0,0.0,0.3580598831176758
2739,-0.23606687784194946,0.0,0.0,-0.7989086508750916
2740,-1.113136649131775,0.0,0.0,0.3580598831176758
2741,-1.113136649131775,0.0,0.0,0.20174622535705566
2742,0.3064671754837036,0.0,0.0,-0.9369327425956726
2743,0.9225777983665466,0.0,0.0,-0.9369327425956726
2744,0.9225777983665466,0.0,0.0,-0.7989086508750916
2745,-0.10255050659179688,0.0,0.0,-0.7989086508750916
2746,-0.5017344355583191,0.0,0.0,0.07709234207868576
2747,1.162179946899414,0.0,0.0,-0.7989086508750916
2748,-0.3575625419616699,0.0,0.0,-0.4295198619365692
2749,-1.113136649131775,0.0,0.0,0.3580598831176758
2750,-0.8797396421432495,0.0,0.0,0.20595812797546387
2751,-0.23606687784194946,0.0,0.0,-0.9369327425956726
2752,-0.23606687784194946,0.0,0.0,-0.9369327425956726
2753,-0.3575625419616699,0.0,0.0,-0.9369327425956726
2754,0.9225777983665466,0.0,0.0,-0.9369327425956726
2755,-1.113136649131775,0.0,0.0,0.07964226603507996
2756,-0.8797396421432495,0.0,0.0,-0.07825445383787155
2757,-1.113136649131775,0.0,0.0,0.3580598831176758
2758,-1.113136649131775,0.0,0.0,0.3580598831176758
2759,0.3064671754837036,0.0,0.0,-0.9369327425956726
2760,-0.8797396421432495,0.0,0.0,0.19606205821037292
2761,-1.113136649131775,0.0,0.0,0.3580598831176758
2762,-1.113136649131775,0.0,0.0,0.3580598831176758
2763,-1.113136649131775,0.0,0.0,0.3580598831176758
2764,1.162179946899414,0.0,0.0,-0.7989086508750916
2765,-1.113136649131775,0.0,0.0,0.3580598831176758
2766,1.162179946899414,0.0,0.0,-0.4295198619365692
2767,0.45235979557037354,0.0,0.0,-0.7989086508750916
2768,-0.3575625419616699,0.0,0.0,0.33750319480895996
2769,-0.3575625419616699,0.0,0.0,0.33750319480895996
2770,1.162179946899414,0.0,0.0,-0.9369327425956726
2771,-0.10255050659179688,0.0,0.0,-0.7989086508750916
2772,1.162179946899414,0.0,0.0,-0.7989086508750916
2773,0.9225777983665466,0.0,0.0,-0.9369327425956726
2774,1.162179946899414,0.0,0.0,-0.7989086508750916
2775,0.3064671754837036,0.0,0.0,-0.9369327425956726
2776,0.3064671754837036,0.0,0.0,0.33750319480895996
2777,1.162179946899414,0.0,0.0,-0.7989086508750916
2778,-0.243166983127594,0.0,0.0,0.33750319480895996
2779,0.00862857699394226,0.0,0.0,-0.9369327425956726
2780,-1.113136649131775,0.0,0.0,0.3580598831176758
2781,1.162179946899414,0.0,0.0,-0.7989086508750916
2782,-0.9903194308280945,0.0,0.0,0.07709234207868576
2783,0.00862857699394226,0.0,0.0,-0.7989086508750916
2784,1.162179946899414,0.0,0.0,-0.7989086508750916
2785,0.3064671754837036,0.0,0.0,-0.2936975359916687
2786,-0.3575625419616699,0.0,0.0,0.33750319480895996
2787,-0.243166983127594,0.0,0.0,0.33750319480895996
2788,-0.8797396421432495,0.0,0.0,0.3580598831176758
2789,1.162179946899414,0.0,0.0,-0.7989086508750916
2790,-0.10255050659179688,0.0,0.0,-0.4295198619365692
2791,-1.113136649131775,0.0,0.0,0.3580598831176758
2792,-0.23606687784194946,0.0,0.0,-0.0554337203502655
2793,-1.113136649131775,0.0,0.0,0.03430483490228653
2794,1.162179946899414,0.0,0.0,-0.9369327425956726
2795,1.162179946899414,0.0,0.0,-0.7989086508750916
2796,-0.3575625419616699,0.0,0.0,0.33750319480895996
2797,-0.5017344355583191,0.0,0.0,0.33750319480895996
2798,1.162179946899414,0.0,0.0,-0.7989086508750916
2799,0.9225777983665466,0.0,0.0,-0.5482569932937622
2800,-0.8797396421432495,0.0,0.0,-0.07825445383787155
2801,1.0514841079711914,0.0,0.0,-0.7989086508750916
2802,-1.113136649131775,0.0,0.0,0.3580598831176758
2803,1.162179946899414,0.0,0.0,-0.7989086508750916
2804,1.162179946899414,0.0,0.0,-0.9369327425956726
2805,-0.3575625419616699,0.0,0.0,0.33750319480895996
2806,-0.8797396421432495,0.0,0.0,0.20174622535705566
2807,-0.3575625419616699,0.0,0.0,0.33750319480895996
2808,0.3064671754837036,0.0,0.0,-0.4295198619365692
2809,1.162179946899414,0.0,0.0,-0.7989086508750916
2810,-1.113136649131775,0.0,0.0,0.3580598831176758
2811,-0.243166983127594,0.0,0.0,0.33750319480895996
2812,-0.23606687784194946,0.0,0.0,0.33750319480895996
2813,1.162179946899414,0.0,0.0,-0.7989086508750916
2814,-0.8797396421432495,0.0,0.0,0.19606205821037292
2815,-0.5017344355583191,0.0,0.0,0.20595812797546387
2816,-0.5017344355583191,0.0,0.0,0.33750319480895996
2817,-1.113136649131775,0.0,0.0,0.3580598831176758
2818,1.162179946899414,0.0,0.0,-0.9369327425956726
2819,1.162179946899414,0.0,0.0,-0.7989086508750916
2820,0.00862857699394226,0.0,0.0,0.33750319480895996
2821,1.162179946899414,0.0,0.0,-0.7989086508750916
2822,-0.378593385219574,0.0,0.0,0.5283739566802979
2823,-0.45260292291641235,0.0,0.0,-0.09862373769283295
2824,-0.5665521621704102,0.0,0.0,-1.168308138847351
2825,0.4443286955356598,0.0,0.0,-1.311599850654602
2826,-1.2655903100967407,0.0,0.0,0.5162299275398254
2827,-1.1471508741378784,0.0,0.0,0.5411023497581482
2828,-1.0857813358306885,0.0,0.0,0.5162299275398254
2829,1.5647152662277222,0.0,0.0,-0.8829094171524048
2830,1.5647152662277222,0.0,0.0,-0.8829094171524048
2831,-1.1471508741378784,0.0,0.0,0.5411023497581482
2832,0.25836125016212463,0.0,0.0,-1.3393315076828003
2833,-1.159562349319458,0.0,0.0,0.44669240713119507
2834,-1.159562349319458,0.0,0.0,0.44669240713119507
2835,-1.0857813358306885,0.0,0.0,0.5162299275398254
2836,0.08190245926380157,0.0,0.0,-0.3548312187194824
2837,-0.4817427098751068,0.0,0.0,0.15203960239887238
2838,-0.4817427098751068,0.0,0.0,0.15203960239887238
2839,-0.4039849042892456,0.0,0.0,0.2133069932460785
2840,0.25836125016212463,0.0,0.0,-1.168308138847351
2841,-1.0857813358306885,0.0,0.0,0.5162299275398254
2842,-0.4817427098751068,0.0,0.0,0.15203960239887238
2843,-0.504024088382721,0.0,0.0,-0.3548312187194824
2844,1.4549061059951782,0.0,0.0,-0.9361296892166138
2845,-0.4817427098751068,0.0,0.0,0.15203960239887238
2846,-1.159562349319458,0.0,0.0,0.44669240713119507
2847,0.01937430538237095,0.0,0.0,-1.1487869024276733
2848,0.01937430538237095,0.0,0.0,-1.3393315076828003
2849,-1.0780686140060425,0.0,0.0,0.08932609856128693
2850,1.5647152662277222,0.0,0.0,-0.8829094171524048
2851,-1.0857813358306885,0.0,0.0,0.5162299275398254
2852,-0.7862693667411804,0.0,0.0,0.10392890870571136
2853,-0.3036171793937683,0.0,0.0,0.5094058513641357
2854,-0.3036171793937683,0.0,0.0,0.5094058513641357
2855,0.25836125016212463,0.0,0.0,-1.3393315076828003
2856,-0.5665521621704102,0.0,0.0,-1.168308138847351
2857,-1.159562349319458,0.0,0.0,0.08932609856128693
2858,-0.3036171793937683,0.0,0.0,0.5094058513641357
2859,-1.0981929302215576,0.0,0.0,0.31396880745887756
2860,-0.8974677920341492,0.0,0.0,0.08932609856128693
2861,1.5647152662277222,0.0,0.0,-0.8829094171524048
2862,-0.504024088382721,0.0,0.0,-0.3548312187194824
2863,-1.2655903100967407,0.0,0.0,0.5162299275398254
2864,-1.0857813358306885,0.0,0.0,0.5162299275398254
2865,0.01937430538237095,0.0,0.0,-1.1487869024276733
2866,-0.38995325565338135,0.0,0.0,-1.1487869024276733
2867,-1.2780019044876099,0.0,0.0,0.06445363909006119
2868,-1.0857813358306885,0.0,0.0,0.5162299275398254
2869,-0.42037439346313477,0.0,0.0,-0.3548312187194824
2870,0.25836125016212463,0.0,0.0,-1.168308138847351
2871,0.01937430538237095,0.0,0.0,-1.168308138847351
2872,-0.378593385219574,0.0,0.0,0.5283739566802979
2873,-1.2780019044876099,0.0,0.0,0.42181992530822754
2874,0.25836125016212463,0.0,0.0,-1.168308138847351
2875,-1.0857813358306885,0.0,0.0,0.5162299275398254
2876,0.01937430538237095,0.0,0.0,-1.3393315076828003
2877,-1.0857813358306885,0.0,0.0,0.5162299275398254
2878,-0.4817427098751068,0.0,0.0,0.15203960239887238
2879,-1.0857813358306885,0.0,0.0,0.5162299275398254
2880,-1.0981929302215576,0.0,0.0,0.31396880745887756
2881,0.25836125016212463,0.0,0.0,-1.1487869024276733
2882,0.4443286955356598,0.0,0.0,-1.311599850654602
2883,-1.159562349319458,0.0,0.0,0.08932609856128693
2884,-1.0857813358306885,0.0,0.0,0.5162299275398254
2885,-0.378593385219574,0.0,0.0,0.6109375953674316
2886,-1.1471508741378784,0.0,0.0,0.5411023497581482
2887,-1.0981929302215576,0.0,0.0,0.06445363909006119
2888,-1.0857813358306885,0.0,0.0,0.5162299275398254
2889,-0.5665521621704102,0.0,0.0,-1.168308138847351
2890,-0.378593385219574,0.0,0.0,0.6109375953674316
2891,-1.0857813358306885,0.0,0.0,0.5162299275398254
2892,0.25836125016212463,0.0,0.0,-1.168308138847351
2893,0.25836125016212463,0.0,0.0,-1.168308138847351
2894,0.25836125016212463,0.0,0.0,-1.3393315076828003
2895,-0.504024088382721,0.0,0.0,-0.3548312187194824
2896,0.18194164335727692,0.0,0.0,0.2133069932460785
2897,0.5152971148490906,0.0,0.0,-1.1843029260635376
2898,-0.378593385219574,0.0,0.0,0.4621286392211914
2899,-0.3036171793937683,0.0,0.0,0.15203960239887238
2900,-0.3036171793937683,0.0,0.0,0.5094058513641357
2901,-0.4817427098751068,0.0,0.0,0.5094058513641357
2902,0.25836125016212463,0.0,0.0,-1.168308138847351
2903,-0.378593385219574,0.0,0.0,0.6109375953674316
2904,-1.0857813358306885,0.0,0.0,0.5162299275398254
2905,-0.482902467250824,0.0,0.0,-1.1487869024276733
2906,-1.0857813358306885,0.0,0.0,0.5162299275398254
2907,-1.2780019044876099,0.0,0.0,0.06445363909006119
2908,0.25836125016212463,0.0,0.0,-1.3393315076828003
2909,0.4443286955356598,0.0,0.0,-1.311599850654602
2910,0.4443286955356598,0.0,0.0,-1.121055245399475
2911,0.25836125016212463,0.0,0.0,-1.1487869024276733
2912,-0.3036171793937683,0.0,0.0,0.5094058513641357
2913,1.5647152662277222,0.0,0.0,-0.8829094171524048
2914,-0.504024088382721,0.0,0.0,-0.3548312187194824
2915,-1.0780686140060425,0.0,0.0,0.3388412594795227
2916,-0.4817427098751068,0.0,0.0,0.5094058513641357
2917,-0.5665521621704102,0.0,0.0,-1.168308138847351
2918,-0.5665521621704102,0.0,0.0,-1.168308138847351
2919,-0.5665521621704102,0.0,0.0,-1.168308138847351
2920,0.5152971148490906,0.0,0.0,-1.311599850654602
2921,-1.159562349319458,0.0,0.0,0.08932609856128693
2922,-0.4817427098751068,0.0,0.0,0.15203960239887238
2923,-1.0857813358306885,0.0,0.0,0.5162299275398254
2924,-1.1471508741378784,0.0,0.0,0.5411023497581482
2925,0.25836125016212463,0.0,0.0,-1.168308138847351
2926,-0.4817427098751068,0.0,0.0,0.15203960239887238
2927,-1.0857813358306885,0.0,0.0,0.5162299275398254
2928,-1.0857813358306885,0.0,0.0,0.5162299275398254
2929,-1.0857813358306885,0.0,0.0,0.5162299275398254
2930,1.5647152662277222,0.0,0.0,-0.8829094171524048
2931,-1.1471508741378784,0.0,0.0,0.5411023497581482
2932,1.5174341201782227,0.0,0.0,-0.14217384159564972
2933,0.25836125016212463,0.0,0.0,-1.1487869024276733
2934,-0.378593385219574,0.0,0.0,0.6109375953674316
2935,-0.378593385219574,0.0,0.0,0.6109375953674316
2936,1.5647152662277222,0.0,0.0,-0.9024304151535034
2937,0.25836125016212463,0.0,0.0,-1.1487869024276733
2938,1.5647152662277222,0.0,0.0,-0.8829094171524048
2939,0.4443286955356598,0.0,0.0,-1.1405764818191528
2940,1.5647152662277222,0.0,0.0,-0.8829094171524048
2941,0.25836125016212463,0.0,0.0,-1.3393315076828003
2942,0.4463200569152832,0.0,0.0,0.4621286392211914
2943,1.5647152662277222,0.0,0.0,-0.8829094171524048
2944,-0.3036171793937683,0.0,0.0,0.6109375953674316
2945,0.01937430538237095,0.0,0.0,-1.168308138847351
2946,-1.0857813358306885,0.0,0.0,0.5162299275398254
2947,1.5647152662277222,0.0,0.0,-0.8829094171524048
2948,-0.8974677920341492,0.0,0.0,0.44669240713119507
2949,0.01937430538237095,0.0,0.0,-1.1487869024276733
2950,1.5647152662277222,0.0,0.0,-0.8829094171524048
2951,0.37231048941612244,0.0,0.0,-0.09862373769283295
2952,-0.378593385219574,0.0,0.0,0.4621286392211914
2953,-0.3036171793937683,0.0,0.0,0.6109375953674316
2954,-0.4817427098751068,0.0,0.0,0.40155476331710815
2955,1.5647152662277222,0.0,0.0,-0.8829094171524048
2956,0.32088935375213623,0.0,0.0,-0.3548312187194824
2957,-1.0857813358306885,0.0,0.0,0.5162299275398254
2958,-0.4039849042892456,0.0,0.0,0.2133069932460785
2959,-1.0981929302215576,0.0,0.0,0.06445363909006119
2960,1.4549061059951782,0.0,0.0,-0.9556506872177124
2961,1.5647152662277222,0.0,0.0,-0.8829094171524048
2962,-0.378593385219574,0.0,0.0,0.5283739566802979
2963,-0.3036171793937683,0.0,0.0,0.6109375953674316
2964,1.5647152662277222,0.0,0.0,-0.8829094171524048
2965,0.5068567991256714,0.0,0.0,-0.3992871046066284
2966,-0.3036171793937683,0.0,0.0,0.5094058513641357
2967,0.5152971148490906,0.0,0.0,-1.311599850654602
2968,-1.1471508741378784,0.0,0.0,0.5411023497581482
2969,1.4549061059951782,0.0,0.0,-0.9361296892166138
2970,1.4549061059951782,0.0,0.0,-1.1266742944717407
2971,-0.378593385219574,0.0,0.0,0.6109375953674316
2972,-0.4817427098751068,0.0,0.0,0.15203960239887238
2973,-0.378593385219574,0.0,0.0,0.6109375953674316
2974,0.32088935375213623,0.0,0.0,-0.3548312187194824
2975,1.5647152662277222,0.0,0.0,-0.8829094171524048
2976,-1.1471508741378784,0.0,0.0,0.5411023497581482
2977,-0.3036171793937683,0.0,0.0,0.6109375953674316
2978,-0.378593385219574,0.0,0.0,0.5283739566802979
2979,1.5647152662277222,0.0,0.0,-0.8829094171524048
2980,-0.4817427098751068,0.0,0.0,0.15203960239887238
2981,-0.3036171793937683,0.0,0.0,0.5094058513641357
2982,-0.3036171793937683,0.0,0.0,0.6109375953674316
2983,-1.0857813358306885,0.0,0.0,0.5162299275398254
2984,1.5647152662277222,0.0,0.0,-0.9820060729980469
2985,1.5647152662277222,0.0,0.0,-0.8829094171524048
2986,0.20733316242694855,0.0,0.0,0.4621286392211914
2987,1.5647152662277222,0.0,0.0,-0.8829094171524048
2988,-0.4249644875526428,0.0,0.0,-0.1511191725730896
2989,-0.4249644875526428,0.0,0.0,-0.38108158111572266
2990,-0.4249644875526428,0.0,0.0,-0.5906058549880981
2991,0.18921318650245667,0.0,0.0,-0.34914571046829224
2992,-0.641251802444458,0.0,0.0,0.2655344307422638
2993,-0.641251802444458,0.0,0.0,0.2655344307422638
2994,-0.641251802444458,0.0,0.0,0.2655344307422638
2995,0.9404465556144714,0.0,0.0,-0.34914571046829224
2996,0.9404465556144714,0.0,0.0,-0.34914571046829224
2997,-0.641251802444458,0.0,0.0,0.2655344307422638
2998,-0.006052076816558838,0.0,0.0,-0.34914571046829224
2999,-0.641251802444458,0.0,0.0,-0.1511191725730896
3000,-0.641251802444458,0.0,0.0,-0.1511191725730896
3001,-0.641251802444458,0.0,0.0,0.2655344307422638
3002,-0.006052076816558838,0.0,0.0,-0.5906058549880981
3003,-0.641251802444458,0.0,0.0,0.2655344307422638
3004,-0.641251802444458,0.0,0.0,0.2655344307422638
3005,-0.23280207812786102,0.0,0.0,-0.1511191725730896
3006,-0.006052076816558838,0.0,0.0,-0.34914571046829224
3007,-0.641251802444458,0.0,0.0,0.2655344307422638
3008,-0.641251802444458,0.0,0.0,0.2655344307422638
3009,-0.4249644875526428,0.0,0.0,-0.38108158111572266
3010,0.9404465556144714,0.0,0.0,-0.34914571046829224
3011,-0.641251802444458,0.0,0.0,0.2655344307422638
3012,-0.641251802444458,0.0,0.0,-0.1511191725730896
3013,-0.006052076816558838,0.0,0.0,-0.34914571046829224
3014,-0.006052076816558838,0.0,0.0,-0.34914571046829224
3015,-0.641251802444458,0.0,0.0,0.2655344307422638
3016,0.9404465556144714,0.0,0.0,-0.34914571046829224
3017,-0.641251802444458,0.0,0.0,0.2655344307422638
3018,-0.641251802444458,0.0,0.0,0.2655344307422638
3019,-0.4249644875526428,0.0,0.0,-0.1511191725730896
3020,-0.4249644875526428,0.0,0.0,0.2655344307422638
3021,-0.006052076816558838,0.0,0.0,-0.34914571046829224
3022,-0.23280207812786102,0.0,0.0,-0.34914571046829224
3023,-0.641251802444458,0.0,0.0,0.2655344307422638
3024,-0.4249644875526428,0.0,0.0,-0.1511191725730896
3025,-0.641251802444458,0.0,0.0,0.2655344307422638
3026,-0.641251802444458,0.0,0.0,0.2655344307422638
3027,0.9404465556144714,0.0,0.0,-0.34914571046829224
3028,-0.4249644875526428,0.0,0.0,-0.38108158111572266
3029,-0.641251802444458,0.0,0.0,0.2655344307422638
3030,-0.641251802444458,0.0,0.0,0.2655344307422638
3031,-0.006052076816558838,0.0,0.0,-0.34914571046829224
3032,-0.006052076816558838,0.0,0.0,-0.34914571046829224
3033,-0.641251802444458,0.0,0.0,0.2655344307422638
3034,-0.641251802444458,0.0,0.0,0.2655344307422638
3035,-0.23280207812786102,0.0,0.0,-0.38108158111572266
3036,-0.006052076816558838,0.0,0.0,-0.34914571046829224
3037,-0.006052076816558838,0.0,0.0,-0.5906058549880981
3038,-0.4249644875526428,0.0,0.0,-0.1511191725730896
3039,-0.641251802444458,0.0,0.0,0.2655344307422638
3040,-0.006052076816558838,0.0,0.0,-0.34914571046829224
3041,-0.641251802444458,0.0,0.0,0.2655344307422638
3042,-0.006052076816558838,0.0,0.0,-0.34914571046829224
3043,-0.641251802444458,0.0,0.0,0.2655344307422638
3044,-0.641251802444458,0.0,0.0,0.2655344307422638
3045,-0.641251802444458,0.0,0.0,0.2655344307422638
3046,-0.641251802444458,0.0,0.0,0.2655344307422638
3047,-0.006052076816558838,0.0,0.0,-0.34914571046829224
3048,0.18921318650245667,0.0,0.0,-0.34914571046829224
3049,-0.641251802444458,0.0,0.0,0.2655344307422638
3050,-0.641251802444458,0.0,0.0,0.2655344307422638
3051,-0.4249644875526428,0.0,0.0,-0.1511191725730896
3052,-0.641251802444458,0.0,0.0,0.2655344307422638
3053,-0.641251802444458,0.0,0.0,0.2655344307422638
3054,-0.641251802444458,0.0,0.0,0.2655344307422638
3055,-0.4249644875526428,0.0,0.0,-0.5906058549880981
3056,-0.4249644875526428,0.0,0.0,-0.1511191725730896
3057,-0.641251802444458,0.0,0.0,0.2655344307422638
3058,0.18921318650245667,0.0,0.0,-0.5906058549880981
3059,-0.006052076816558838,0.0,0.0,-0.5906058549880981
3060,-0.006052076816558838,0.0,0.0,-0.34914571046829224
3061,-0.23280207812786102,0.0,0.0,-0.38108158111572266
3062,-0.006052076816558838,0.0,0.0,-0.1511191725730896
3063,0.7119709849357605,0.0,0.0,-0.34914571046829224
3064,-0.4249644875526428,0.0,0.0,-0.1511191725730896
3065,-0.4249644875526428,0.0,0.0,0.2655344307422638
3066,-0.4249644875526428,0.0,0.0,-0.1511191725730896
3067,-0.641251802444458,0.0,0.0,-0.1511191725730896
3068,-0.006052076816558838,0.0,0.0,-0.5906058549880981
3069,-0.4249644875526428,0.0,0.0,-0.1511191725730896
3070,-0.641251802444458,0.0,0.0,0.2655344307422638
3071,-0.23280207812786102,0.0,0.0,-0.34914571046829224
3072,-0.641251802444458,0.0,0.0,0.2655344307422638
3073,-0.641251802444458,0.0,0.0,0.2655344307422638
3074,-0.006052076816558838,0.0,0.0,-0.34914571046829224
3075,0.18921318650245667,0.0,0.0,-0.34914571046829224
3076,0.18921318650245667,0.0,0.0,-0.34914571046829224
3077,-0.006052076816558838,0.0,0.0,-0.34914571046829224
3078,-0.4249644875526428,0.0,0.0,0.2655344307422638
3079,0.9404465556144714,0.0,0.0,-0.34914571046829224
3080,-0.4249644875526428,0.0,0.0,-0.38108158111572266
3081,-0.641251802444458,0.0,0.0,0.2655344307422638
3082,-0.641251802444458,0.0,0.0,-0.1511191725730896
3083,-0.23280207812786102,0.0,0.0,-0.5906058549880981
3084,-0.23280207812786102,0.0,0.0,-0.5906058549880981
3085,-0.4249644875526428,0.0,0.0,-0.5906058549880981
3086,0.4434301257133484,0.0,0.0,-0.34914571046829224
3087,-0.641251802444458,0.0,0.0,0.2655344307422638
3088,-0.641251802444458,0.0,0.0,0.2655344307422638
3089,-0.641251802444458,0.0,0.0,0.2655344307422638
3090,-0.641251802444458,0.0,0.0,0.2655344307422638
3091,-0.006052076816558838,0.0,0.0,-0.5906058549880981
3092,-0.641251802444458,0.0,0.0,0.2655344307422638
3093,-0.641251802444458,0.0,0.0,0.2655344307422638
3094,-0.641251802444458,0.0,0.0,0.2655344307422638
3095,-0.641251802444458,0.0,0.0,0.2655344307422638
3096,0.9404465556144714,0.0,0.0,-0.34914571046829224
3097,-0.641251802444458,0.0,0.0,0.2655344307422638
3098,0.9404465556144714,0.0,0.0,-0.38108158111572266
3099,-0.006052076816558838,0.0,0.0,-0.34914571046829224
3100,-0.4249644875526428,0.0,0.0,-0.1511191725730896
3101,-0.4249644875526428,0.0,0.0,-0.1511191725730896
3102,0.9404465556144714,0.0,0.0,-0.5906058549880981
3103,-0.006052076816558838,0.0,0.0,-0.34914571046829224
3104,0.9404465556144714,0.0,0.0,-0.34914571046829224
3105,0.18921318650245667,0.0,0.0,-0.34914571046829224
3106,0.9404465556144714,0.0,0.0,-0.34914571046829224
3107,-0.006052076816558838,0.0,0.0,-0.34914571046829224
3108,-0.006052076816558838,0.0,0.0,-0.1511191725730896
3109,0.9404465556144714,0.0,0.0,-0.34914571046829224
3110,-0.4249644875526428,0.0,0.0,-0.1511191725730896
3111,-0.006052076816558838,0.0,0.0,-0.34914571046829224
3112,-0.641251802444458,0.0,0.0,0.2655344307422638
3113,0.9404465556144714,0.0,0.0,-0.34914571046829224
3114,-0.641251802444458,0.0,0.0,0.2655344307422638
3115,-0.006052076816558838,0.0,0.0,-0.34914571046829224
3116,0.9404465556144714,0.0,0.0,-0.34914571046829224
3117,-0.006052076816558838,0.0,0.0,-0.38108158111572266
3118,-0.4249644875526428,0.0,0.0,-0.1511191725730896
3119,-0.4249644875526428,0.0,0.0,-0.1511191725730896
3120,-0.641251802444458,0.0,0.0,0.2655344307422638
3121,0.9404465556144714,0.0,0.0,-0.34914571046829224
3122,-0.006052076816558838,0.0,0.0,-0.38108158111572266
3123,-0.641251802444458,0.0,0.0,0.2655344307422638
3124,-0.23280207812786102,0.0,0.0,-0.1511191725730896
3125,-0.641251802444458,0.0,0.0,0.2655344307422638
3126,0.9404465556144714,0.0,0.0,-0.34914571046829224
3127,0.9404465556144714,0.0,0.0,-0.34914571046829224
3128,-0.4249644875526428,0.0,0.0,-0.1511191725730896
3129,-0.4249644875526428,0.0,0.0,-0.1511191725730896
3130,0.9404465556144714,0.0,0.0,-0.34914571046829224
3131,0.18921318650245667,0.0,0.0,-0.5906058549880981
3132,-0.4249644875526428,0.0,0.0,0.2655344307422638
3133,0.7119709849357605,0.0,0.0,-0.34914571046829224
3134,-0.641251802444458,0.0,0.0,0.2655344307422638
3135,0.9404465556144714,0.0,0.0,-0.34914571046829224
3136,0.9404465556144714,0.0,0.0,-0.34914571046829224
3137,-0.4249644875526428,0.0,0.0,-0.1511191725730896
3138,-0.641251802444458,0.0,0.0,0.2655344307422638
3139,-0.4249644875526428,0.0,0.0,-0.1511191725730896
3140,-0.006052076816558838,0.0,0.0,-0.38108158111572266
3141,0.9404465556144714,0.0,0.0,-0.34914571046829224
3142,-0.641251802444458,0.0,0.0,0.2655344307422638
3143,-0.4249644875526428,0.0,0.0,-0.1511191725730896
3144,-0.23280207812786102,0.0,0.0,-0.1511191725730896
3145,0.9404465556144714,0.0,0.0,-0.34914571046829224
3146,-0.641251802444458,0.0,0.0,0.2655344307422638
3147,-0.4249644875526428,0.0,0.0,0.2655344307422638
3148,-0.4249644875526428,0.0,0.0,-0.1511191725730896
3149,-0.641251802444458,0.0,0.0,0.2655344307422638
3150,0.9404465556144714,0.0,0.0,-0.34914571046829224
3151,0.9404465556144714,0.0,0.0,-0.34914571046829224
3152,-0.006052076816558838,0.0,0.0,-0.1511191725730896
3153,0.9404465556144714,0.0,0.0,-0.34914571046829224
3154,0.39014315605163574,0.0,0.0,0.5185555815696716
3155,0.17498326301574707,0.0,0.0,-0.1801416277885437
3156,-0.2241198718547821,0.0,0.0,-1.5343517065048218
3157,0.16963806748390198,0.0,0.0,-1.3750299215316772
3158,-1.1734342575073242,0.0,0.0,0.6400250196456909
3159,-1.1734342575073242,0.0,0.0,0.6400250196456909
3160,-1.1734342575073242,0.0,0.0,0.6400250196456909
3161,2.0149500370025635,0.0,0.0,-0.6922171115875244
3162,2.0149500370025635,0.0,0.0,-0.6922171115875244
3163,-1.313000202178955,0.0,0.0,0.6400250196456909
3164,0.16963806748390198,0.0,0.0,-1.3750299215316772
3165,-1.313000202178955,0.0,0.0,0.4074299931526184
3166,-1.313000202178955,0.0,0.0,0.4074299931526184
3167,-1.1734342575073242,0.0,0.0,0.6400250196456909
3168,-0.0545150563120842,0.0,0.0,-1.5343517065048218
3169,-0.8127416968345642,0.0,0.0,0.4308379292488098
3170,-0.8127416968345642,0.0,0.0,0.4308379292488098
3171,0.38003915548324585,0.0,0.0,0.32510802149772644
3172,0.1577351987361908,0.0,0.0,-1.4868227243423462
3173,-1.1734342575073242,0.0,0.0,0.6400250196456909
3174,-0.8127416968345642,0.0,0.0,0.4308379292488098
3175,0.17498326301574707,0.0,0.0,-0.1801416277885437
3176,1.7366819381713867,0.0,0.0,-0.779988706111908
3177,-0.8127416968345642,0.0,0.0,0.4308379292488098
3178,-1.313000202178955,0.0,0.0,0.4074299931526184
3179,-0.06939973682165146,0.0,0.0,-1.518218755722046
3180,-0.04261217266321182,0.0,0.0,-1.4225589036941528
3181,-1.313000202178955,0.0,0.0,0.4074299931526184
3182,2.0149500370025635,0.0,0.0,-0.6922171115875244
3183,-1.1734342575073242,0.0,0.0,0.6400250196456909
3184,-0.9253527522087097,0.0,0.0,0.4308379292488098
3185,-0.3101370334625244,0.0,0.0,0.494497686624527
3186,-0.3101370334625244,0.0,0.0,0.494497686624527
3187,0.16963806748390198,0.0,0.0,-1.3750299215316772
3188,-0.2241198718547821,0.0,0.0,-1.5343517065048218
3189,-1.313000202178955,0.0,0.0,0.4074299931526184
3190,0.39014315605163574,0.0,0.0,0.5958199501037598
3191,-1.1734342575073242,0.0,0.0,0.6400250196456909
3192,-0.9253527522087097,0.0,0.0,0.4308379292488098
3193,2.0149500370025635,0.0,0.0,-0.6922171115875244
3194,0.17498326301574707,0.0,0.0,-0.1801416277885437
3195,-1.1734342575073242,0.0,0.0,0.6400250196456909
3196,-1.1734342575073242,0.0,0.0,0.6400250196456909
3197,-0.06939973682165146,0.0,0.0,-1.518218755722046
3198,-0.21221700310707092,0.0,0.0,-1.4225589036941528
3199,-1.1734342575073242,0.0,0.0,0.4074299931526184
3200,-1.1734342575073242,0.0,0.0,0.6400250196456909
3201,0.17498326301574707,0.0,0.0,-0.1801416277885437
3202,0.1577351987361908,0.0,0.0,-1.4868227243423462
3203,-0.0545150563120842,0.0,0.0,-1.5343517065048218
3204,0.39014315605163574,0.0,0.0,0.5185555815696716
3205,-1.1734342575073242,0.0,0.0,0.4074299931526184
3206,0.1577351987361908,0.0,0.0,-1.4868227243423462
3207,-1.1734342575073242,0.0,0.0,0.6400250196456909
3208,-0.04261217266321182,0.0,0.0,-1.4225589036941528
3209,-1.1734342575073242,0.0,0.0,0.6400250196456909
3210,-0.8127416968345642,0.0,0.0,0.4308379292488098
3211,-1.1734342575073242,0.0,0.0,0.6400250196456909
3212,-1.1734342575073242,0.0,0.0,0.6400250196456909
3213,0.14285051822662354,0.0,0.0,-1.4706897735595703
3214,0.16963806748390198,0.0,0.0,-1.3750299215316772
3215,-1.1734342575073242,0.0,0.0,0.4074299931526184
3216,-1.1734342575073242,0.0,0.0,0.6400250196456909
3217,0.39014315605163574,0.0,0.0,0.5958199501037598
3218,-1.313000202178955,0.0,0.0,0.6400250196456909
3219,-1.1734342575073242,0.0,0.0,0.4074299931526184
3220,-1.1734342575073242,0.0,0.0,0.6400250196456909
3221,-0.2241198718547821,0.0,0.0,-1.5343517065048218
3222,0.39014315605163574,0.0,0.0,0.5958199501037598
3223,-1.1734342575073242,0.0,0.0,0.6400250196456909
3224,0.1577351987361908,0.0,0.0,-1.4868227243423462
3225,0.1577351987361908,0.0,0.0,-1.4868227243423462
3226,0.16963806748390198,0.0,0.0,-1.276465654373169
3227,-0.2241198718547821,0.0,0.0,-1.5343517065048218
3228,0.5277925133705139,0.0,0.0,0.13563494384288788
3229,0.16963806748390198,0.0,0.0,-1.3750299215316772
3230,0.38003915548324585,0.0,0.0,0.32510802149772644
3231,-0.3101370334625244,0.0,0.0,0.494497686624527
3232,0.39014315605163574,0.0,0.0,0.5958199501037598
3233,-0.8127416968345642,0.0,0.0,0.4308379292488098
3234,0.1577351987361908,0.0,0.0,-1.4868227243423462
3235,0.39014315605163574,0.0,0.0,0.5958199501037598
3236,-1.1734342575073242,0.0,0.0,0.6400250196456909
3237,-0.21221700310707092,0.0,0.0,-1.4225589036941528
3238,-1.1734342575073242,0.0,0.0,0.6400250196456909
3239,-1.1734342575073242,0.0,0.0,0.4074299931526184
3240,0.16963806748390198,0.0,0.0,-1.3750299215316772
3241,0.16963806748390198,0.0,0.0,-1.3750299215316772
3242,0.16963806748390198,0.0,0.0,-1.3750299215316772
3243,0.14285051822662354,0.0,0.0,-1.4706897735595703
3244,-0.3101370334625244,0.0,0.0,0.494497686624527
3245,2.0149500370025635,0.0,0.0,-0.6922171115875244
3246,0.17498326301574707,0.0,0.0,-0.1801416277885437
3247,-1.313000202178955,0.0,0.0,0.6400250196456909
3248,-0.8127416968345642,0.0,0.0,0.4308379292488098
3249,-0.2241198718547821,0.0,0.0,-1.5343517065048218
3250,-0.2241198718547821,0.0,0.0,-1.5343517065048218
3251,-0.2241198718547821,0.0,0.0,-1.5343517065048218
3252,0.16963806748390198,0.0,0.0,-1.3750299215316772
3253,-1.1734342575073242,0.0,0.0,0.4074299931526184
3254,-0.8127416968345642,0.0,0.0,0.4308379292488098
3255,-1.1734342575073242,0.0,0.0,0.6400250196456909
3256,-1.1734342575073242,0.0,0.0,0.6400250196456909
3257,0.1577351987361908,0.0,0.0,-1.4868227243423462
3258,-0.8127416968345642,0.0,0.0,0.4308379292488098
3259,-1.1734342575073242,0.0,0.0,0.6400250196456909
3260,-1.1734342575073242,0.0,0.0,0.6400250196456909
3261,-1.1734342575073242,0.0,0.0,0.6400250196456909
3262,2.0149500370025635,0.0,0.0,-0.6922171115875244
3263,-1.1734342575073242,0.0,0.0,0.6400250196456909
3264,1.8309977054595947,0.0,0.0,-0.3998239040374756
3265,0.14285051822662354,0.0,0.0,-1.4706897735595703
3266,0.39014315605163574,0.0,0.0,0.5958199501037598
3267,0.39014315605163574,0.0,0.0,0.5958199501037598
3268,2.029834747314453,0.0,0.0,-0.7083500623703003
3269,0.16963806748390198,0.0,0.0,-1.3750299215316772
3270,2.0417375564575195,0.0,0.0,-0.5965571999549866
3271,0.1577351987361908,0.0,0.0,-1.4868227243423462
3272,2.0149500370025635,0.0,0.0,-0.6922171115875244
3273,0.16963806748390198,0.0,0.0,-1.276465654373169
3274,0.693484902381897,0.0,0.0,0.48757126927375793
3275,2.0149500370025635,0.0,0.0,-0.6922171115875244
3276,0.39014315605163574,0.0,0.0,0.5958199501037598
3277,-0.04261217266321182,0.0,0.0,-1.3239946365356445
3278,-1.1734342575073242,0.0,0.0,0.6400250196456909
3279,2.0149500370025635,0.0,0.0,-0.6922171115875244
3280,-0.9253527522087097,0.0,0.0,0.4308379292488098
3281,-0.06939973682165146,0.0,0.0,-1.518218755722046
3282,2.0417375564575195,0.0,0.0,-0.5965571999549866
3283,0.5568382740020752,0.0,0.0,-0.1326126754283905
3284,0.39014315605163574,0.0,0.0,0.5185555815696716
3285,0.39014315605163574,0.0,0.0,0.5958199501037598
3286,-0.8127416968345642,0.0,0.0,0.6634329557418823
3287,2.0149500370025635,0.0,0.0,-0.6922171115875244
3288,0.5568382740020752,0.0,0.0,-0.1326126754283905
3289,-1.1734342575073242,0.0,0.0,0.6400250196456909
3290,0.32720333337783813,0.0,0.0,0.16661928594112396
3291,-1.1734342575073242,0.0,0.0,0.4074299931526184
3292,1.7634695768356323,0.0,0.0,-0.5857645273208618
3293,2.0149500370025635,0.0,0.0,-0.6922171115875244
3294,0.39014315605163574,0.0,0.0,0.5185555815696716
3295,0.39014315605163574,0.0,0.0,0.5958199501037598
3296,2.0149500370025635,0.0,0.0,-0.6922171115875244
3297,0.1577351987361908,0.0,0.0,-1.4868227243423462
3298,-0.3101370334625244,0.0,0.0,0.494497686624527
3299,0.16963806748390198,0.0,0.0,-1.3750299215316772
3300,-1.1734342575073242,0.0,0.0,0.6400250196456909
3301,2.0417375564575195,0.0,0.0,-0.5965571999549866
3302,1.7634695768356323,0.0,0.0,-0.6843287944793701
3303,0.39014315605163574,0.0,0.0,0.5958199501037598
3304,-0.8127416968345642,0.0,0.0,0.4308379292488098
3305,0.39014315605163574,0.0,0.0,0.5958199501037598
3306,0.5568382740020752,0.0,0.0,-0.1326126754283905
3307,2.0149500370025635,0.0,0.0,-0.6922171115875244
3308,-1.313000202178955,0.0,0.0,0.6400250196456909
3309,0.39014315605163574,0.0,0.0,0.5958199501037598
3310,0.39014315605163574,0.0,0.0,0.5185555815696716
3311,2.0149500370025635,0.0,0.0,-0.6922171115875244
3312,-0.8127416968345642,0.0,0.0,0.4308379292488098
3313,-0.3101370334625244,0.0,0.0,0.494497686624527
3314,0.39014315605163574,0.0,0.0,0.5958199501037598
3315,-1.1734342575073242,0.0,0.0,0.6400250196456909
3316,2.0417375564575195,0.0,0.0,-0.4979929029941559
3317,2.0149500370025635,0.0,0.0,-0.6922171115875244
3318,0.5496439933776855,0.0,0.0,0.32510802149772644
3319,2.0149500370025635,0.0,0.0,-0.6922171115875244
3320,-1.6349709033966064,0.0,0.0,0.29815202951431274
3321,-1.8593387603759766,0.0,0.0,-1.1027452945709229
3322,-1.9521126747131348,0.0,0.0,-3.433640956878662
3323,1.5504132509231567,0.0,0.0,-3.270613193511963
3324,-3.0611603260040283,0.0,0.0,1.1812186241149902
3325,-3.7800614833831787,0.0,0.0,1.1812186241149902
3326,-3.0611603260040283,0.0,0.0,1.1812186241149902
3327,2.9819176197052,0.0,0.0,-3.1020007133483887
3328,2.9819176197052,0.0,0.0,-3.1020007133483887
3329,-2.442613124847412,0.0,0.0,1.1812186241149902
3330,0.5410237312316895,0.0,0.0,-3.3369312286376953
3331,-3.4637844562530518,0.0,0.0,-0.23703302443027496
3332,-3.4637844562530518,0.0,0.0,0.05553969740867615
3333,-3.0611603260040283,0.0,0.0,1.1812186241149902
3334,-0.1814141869544983,0.0,0.0,-2.620846748352051
3335,-3.2793004512786865,0.0,0.0,0.7207341194152832
3336,-2.9610650539398193,0.0,0.0,-0.3032580018043518
3337,-0.8472176194190979,0.0,0.0,-0.5664619207382202
3338,-0.1814141869544983,0.0,0.0,-3.3557000160217285
3339,-3.0611603260040283,0.0,0.0,1.1812186241149902
3340,-2.999194383621216,0.0,0.0,0.9355318546295166
3341,-1.8593387603759766,0.0,0.0,-1.6093533039093018
3342,2.9819176197052,0.0,0.0,-3.1020007133483887
3343,-2.9610650539398193,0.0,0.0,-0.07558675110340118
3344,-3.4637844562530518,0.0,0.0,0.2860623598098755
3345,-0.22695228457450867,0.0,0.0,-3.3369312286376953
3346,-0.22695228457450867,0.0,0.0,-3.3369312286376953
3347,-3.0985329151153564,0.0,0.0,1.2427489757537842
3348,2.9819176197052,0.0,0.0,-3.1020007133483887
3349,-3.0611603260040283,0.0,0.0,1.1812186241149902
3350,-2.9319686889648438,0.0,0.0,-0.07558675110340118
3351,-2.271437168121338,0.0,0.0,-0.16837197542190552
3352,-2.827272653579712,0.0,0.0,0.7374272346496582
3353,1.2546459436416626,0.0,0.0,-3.270613193511963
3354,-1.9521126747131348,0.0,0.0,-3.433640956878662
3355,-3.410128355026245,0.0,0.0,-0.3032580018043518
3356,-2.2506604194641113,0.0,0.0,-0.16837197542190552
3357,-3.0611603260040283,0.0,0.0,-0.3032580018043518
3358,-3.154202699661255,0.0,0.0,-0.3032580018043518
3359,2.9819176197052,0.0,0.0,-3.1020007133483887
3360,-1.8593387603759766,0.0,0.0,-1.6093533039093018
3361,-3.0611603260040283,0.0,0.0,1.1812186241149902
3362,-3.0611603260040283,0.0,0.0,1.1812186241149902
3363,-0.22695228457450867,0.0,0.0,-3.3369312286376953
3364,-0.6310012936592102,0.0,0.0,-3.414872169494629
3365,-3.1164848804473877,0.0,0.0,0.7207341194152832
3366,-3.0611603260040283,0.0,0.0,1.1812186241149902
3367,-0.8472176194190979,0.0,0.0,-1.6093533039093018
3368,1.3001841306686401,0.0,0.0,-3.2893824577331543
3369,0.7770931124687195,0.0,0.0,-3.3557000160217285
3370,-1.8593387603759766,0.0,0.0,0.2242729812860489
3371,-3.057525873184204,0.0,0.0,1.6586627960205078
3372,0.8043527603149414,0.0,0.0,-3.2893824577331543
3373,-3.0611603260040283,0.0,0.0,1.1812186241149902
3374,0.7315549254417419,0.0,0.0,-3.3369312286376953
3375,-3.0611603260040283,0.0,0.0,1.1812186241149902
3376,-3.00282883644104,0.0,0.0,1.2427489757537842
3377,-3.0611603260040283,0.0,0.0,1.1812186241149902
3378,-3.0611603260040283,0.0,0.0,-0.3032580018043518
3379,0.5410237312316895,0.0,0.0,-3.3369312286376953
3380,1.789913296699524,0.0,0.0,-3.270613193511963
3381,-3.7800614833831787,0.0,0.0,-0.3032580018043518
3382,-3.0611603260040283,0.0,0.0,1.1812186241149902
3383,-2.2942440509796143,0.0,0.0,1.024727463722229
3384,-2.7098960876464844,0.0,0.0,1.1812186241149902
3385,-3.0611603260040283,0.0,0.0,-0.3032580018043518
3386,-3.0611603260040283,0.0,0.0,1.1812186241149902
3387,-1.9521126747131348,0.0,0.0,-3.433640956878662
3388,-2.01712703704834,0.0,0.0,0.786382794380188
3389,-3.0611603260040283,0.0,0.0,1.1812186241149902
3390,1.3001841306686401,0.0,0.0,-2.5545287132263184
3391,0.5865619778633118,0.0,0.0,-3.3557000160217285
3392,0.8043527603149414,0.0,0.0,-2.821356773376465
3393,-1.9521126747131348,0.0,0.0,-2.6987876892089844
3394,-0.08864077925682068,0.0,0.0,-1.0248043537139893
3395,2.457570791244507,0.0,0.0,-3.270613193511963
3396,-1.146384835243225,0.0,0.0,-0.4925827980041504
3397,-2.828941583633423,0.0,0.0,0.7484530210494995
3398,-2.2506604194641113,0.0,0.0,-0.16837197542190552
3399,-3.278002977371216,0.0,0.0,-0.23703302443027496
3400,-0.1814141869544983,0.0,0.0,-3.3557000160217285
3401,-2.01712703704834,0.0,0.0,1.024727463722229
3402,-3.0611603260040283,0.0,0.0,1.1812186241149902
3403,-0.9855297207832336,0.0,0.0,-3.414872169494629
3404,-3.0611603260040283,0.0,0.0,1.1812186241149902
3405,-3.0611603260040283,0.0,0.0,-0.3032580018043518
3406,0.5410237312316895,0.0,0.0,-3.3369312286376953
3407,1.789913296699524,0.0,0.0,-3.270613193511963
3408,1.789913296699524,0.0,0.0,-3.270613193511963
3409,0.5410237312316895,0.0,0.0,-3.3369312286376953
3410,-2.271437168121338,0.0,0.0,0.7783693075180054
3411,2.9819176197052,0.0,0.0,-3.1020007133483887
3412,-1.8593387603759766,0.0,0.0,-1.6093533039093018
3413,-3.410128355026245,0.0,0.0,-0.3032580018043518
3414,-3.0564844608306885,0.0,0.0,-0.23703302443027496
3415,-0.9399914145469666,0.0,0.0,-3.433640956878662
3416,-0.9399914145469666,0.0,0.0,-3.433640956878662
3417,-1.9521126747131348,0.0,0.0,-3.433640956878662
3418,1.789913296699524,0.0,0.0,-3.270613193511963
3419,-3.7800614833831787,0.0,0.0,0.154840350151062
3420,-3.016390085220337,0.0,0.0,0.7207341194152832
3421,-3.0611603260040283,0.0,0.0,1.1812186241149902
3422,-3.5593433380126953,0.0,0.0,1.1812186241149902
3423,0.5865619778633118,0.0,0.0,-3.3557000160217285
3424,-3.00282883644104,0.0,0.0,0.154840350151062
3425,-3.0611603260040283,0.0,0.0,1.1812186241149902
3426,-3.0611603260040283,0.0,0.0,1.1812186241149902
3427,-3.0611603260040283,0.0,0.0,1.1812186241149902
3428,2.9819176197052,0.0,0.0,-3.1020007133483887
3429,-2.442613124847412,0.0,0.0,1.1812186241149902
3430,3.027456045150757,0.0,0.0,-2.152984619140625
3431,1.2546459436416626,0.0,0.0,-3.270613193511963
3432,-2.01712703704834,0.0,0.0,1.024727463722229
3433,-1.146384835243225,0.0,0.0,0.786382794380188
3434,3.027456045150757,0.0,0.0,-3.12076997756958
3435,-0.22695228457450867,0.0,0.0,-3.3369312286376953
3436,2.9819176197052,0.0,0.0,-3.1020007133483887
3437,1.8354517221450806,0.0,0.0,-3.2893824577331543
3438,2.9819176197052,0.0,0.0,-3.1020007133483887
3439,0.5865619778633118,0.0,0.0,-2.887674331665039
3440,1.3929578065872192,0.0,0.0,0.09380742907524109
3441,2.9819176197052,0.0,0.0,-3.1020007133483887
3442,-1.4919846057891846,0.0,0.0,1.024727463722229
3443,0.7770931124687195,0.0,0.0,-2.887674331665039
3444,-3.0611603260040283,0.0,0.0,1.1812186241149902
3445,2.9819176197052,0.0,0.0,-3.1020007133483887
3446,-2.93762469291687,0.0,0.0,1.1735730171203613
3447,0.7315549254417419,0.0,0.0,-3.3369312286376953
3448,2.9819176197052,0.0,0.0,-3.1020007133483887
3449,0.6793356537818909,0.0,0.0,-1.0248043537139893
3450,-1.146384835243225,0.0,0.0,0.29815202951431274
3451,-1.4919846057891846,0.0,0.0,1.024727463722229
3452,-2.9610650539398193,0.0,0.0,-0.3032580018043518
3453,2.9819176197052,0.0,0.0,-3.1020007133483887
3454,0.6793356537818909,0.0,0.0,-1.5314123630523682
3455,-3.0611603260040283,0.0,0.0,1.1812186241149902
3456,-1.8593387603759766,0.0,0.0,-1.1027452945709229
3457,-3.0611603260040283,0.0,0.0,1.464782476425171
3458,3.027456045150757,0.0,0.0,-2.6527442932128906
3459,2.9819176197052,0.0,0.0,-3.1020007133483887
3460,-1.8593387603759766,0.0,0.0,0.2242729812860489
3461,-2.0281124114990234,0.0,0.0,1.024727463722229
3462,2.9819176197052,0.0,0.0,-3.1020007133483887
3463,1.5959514379501343,0.0,0.0,-2.5545287132263184
3464,-2.769982099533081,0.0,0.0,1.6863818168640137
3465,2.457570791244507,0.0,0.0,-3.270613193511963
3466,-3.0611603260040283,0.0,0.0,1.1812186241149902
3467,2.9819176197052,0.0,0.0,-3.1020007133483887
3468,2.9819176197052,0.0,0.0,-3.1020007133483887
3469,-1.6349709033966064,0.0,0.0,1.024727463722229
3470,-2.2582085132598877,0.0,0.0,-0.07558675110340118
3471,-1.556592583656311,0.0,0.0,0.7125036716461182
3472,0.6793356537818909,0.0,0.0,-1.5314123630523682
3473,2.9819176197052,0.0,0.0,-3.1020007133483887
3474,-2.7098960876464844,0.0,0.0,1.1812186241149902
3475,-1.4919846057891846,0.0,0.0,1.024727463722229
3476,-0.8472176194190979,0.0,0.0,0.2242729812860489
3477,2.9819176197052,0.0,0.0,-3.1020007133483887
3478,-2.9610650539398193,0.0,0.0,1.2427489757537842
3479,-2.271437168121338,0.0,0.0,0.7783693075180054
3480,-1.4919846057891846,0.0,0.0,1.024727463722229
3481,-3.0611603260040283,0.0,0.0,1.1812186241149902
3482,3.027456045150757,0.0,0.0,-2.6527442932128906
3483,2.9819176197052,0.0,0.0,-3.1020007133483887
3484,0.8698664307594299,0.0,0.0,-0.4885209798812866
3485,2.9819176197052,0.0,0.0,-3.1020007133483887
3486,-2.82671856880188,0.0,0.0,-0.006202861666679382
3487,-1.665120005607605,0.0,0.0,-2.8456828594207764
3488,-1.9553395509719849,0.0,0.0,-6.198148250579834
3489,3.333467483520508,0.0,0.0,-6.467881202697754
3490,-4.644733905792236,0.0,0.0,2.1207797527313232
3491,-5.603335380554199,0.0,0.0,2.1207797527313232
3492,-4.293185234069824,0.0,0.0,2.1207797527313232
3493,4.312157154083252,0.0,0.0,-5.108781814575195
3494,4.312157154083252,0.0,0.0,-5.108781814575195
3495,-4.984431266784668,0.0,0.0,2.2568750381469727
3496,1.9092578887939453,0.0,0.0,-6.506490707397461
3497,-6.274274826049805,0.0,0.0,0.6405172348022461
3498,-6.274274826049805,0.0,0.0,0.6405172348022461
3499,-4.293185234069824,0.0,0.0,2.1207797527313232
3500,2.889059066772461,0.0,0.0,-3.670076847076416
3501,-5.9945502281188965,0.0,0.0,0.8101228475570679
3502,-4.0185346603393555,0.0,0.0,0.5781440734863281
3503,-1.665120005607605,0.0,0.0,-2.8456828594207764
3504,1.8231620788574219,0.0,0.0,-5.479214191436768
3505,-4.293185234069824,0.0,0.0,2.1207797527313232
3506,-5.9945502281188965,0.0,0.0,1.0005013942718506
3507,-1.665120005607605,0.0,0.0,-3.037325620651245
3508,4.312157154083252,0.0,0.0,-5.108781814575195
3509,-5.91304874420166,0.0,0.0,0.12202945351600647
3510,-6.274274826049805,0.0,0.0,0.6405172348022461
3511,1.212339162826538,0.0,0.0,-5.354206562042236
3512,2.5252888202667236,0.0,0.0,-6.350671291351318
3513,-6.224523067474365,0.0,0.0,0.12641897797584534
3514,4.312157154083252,0.0,0.0,-5.108781814575195
3515,-4.293185234069824,0.0,0.0,2.1207797527313232
3516,-5.0080413818359375,0.0,0.0,0.08787456154823303
3517,-5.024693965911865,0.0,0.0,0.8707913756370544
3518,-4.684215068817139,0.0,0.0,3.445361375808716
3519,2.717179775238037,0.0,0.0,-6.467881202697754
3520,-1.9553395509719849,0.0,0.0,-6.072114944458008
3521,-6.283692836761475,0.0,0.0,0.347869873046875
3522,-5.024693965911865,0.0,0.0,0.8707913756370544
3523,-4.357352256774902,0.0,0.0,1.5813734531402588
3524,-4.756081581115723,0.0,0.0,0.5439894199371338
3525,4.312157154083252,0.0,0.0,-5.108781814575195
3526,-1.665120005607605,0.0,0.0,-3.037325620651245
3527,-4.910347938537598,0.0,0.0,2.1207797527313232
3528,-4.293185234069824,0.0,0.0,2.1207797527313232
3529,1.4118378162384033,0.0,0.0,-5.354206562042236
3530,-1.833053469657898,0.0,0.0,-5.56926155090332
3531,-4.950575828552246,0.0,0.0,0.42339426279067993
3532,-4.293185234069824,0.0,0.0,2.1207797527313232
3533,-1.4673432111740112,0.0,0.0,-3.037325620651245
3534,2.8311800956726074,0.0,0.0,-5.9111409187316895
3535,-1.4980331659317017,0.0,0.0,-6.198148250579834
3536,-1.5171984434127808,0.0,0.0,-0.7847622036933899
3537,-4.52053165435791,0.0,0.0,3.0586326122283936
3538,2.0232577323913574,0.0,0.0,-5.949751377105713
3539,-4.293185234069824,0.0,0.0,2.1207797527313232
3540,0.37667983770370483,0.0,0.0,-6.524197578430176
3541,-4.293185234069824,0.0,0.0,2.1207797527313232
3542,-5.0799560546875,0.0,0.0,0.3566930890083313
3543,-4.293185234069824,0.0,0.0,2.1207797527313232
3544,-4.357352256774902,0.0,0.0,1.5813734531402588
3545,1.1985564231872559,0.0,0.0,-5.446898460388184
3546,3.6460447311401367,0.0,0.0,-6.423007965087891
3547,-5.886846542358398,0.0,0.0,0.19141528010368347
3548,-4.293185234069824,0.0,0.0,2.1207797527313232
3549,-2.982229471206665,0.0,0.0,1.070830225944519
3550,-6.000181674957275,0.0,0.0,2.2772345542907715
3551,-4.576696395874023,0.0,0.0,0.19141528010368347
3552,-4.293185234069824,0.0,0.0,2.1207797527313232
3553,-1.9553395509719849,0.0,0.0,-6.198148250579834
3554,-2.982229471206665,0.0,0.0,0.2996176481246948
3555,-4.293185234069824,0.0,0.0,2.1207797527313232
3556,2.8311800956726074,0.0,0.0,-6.037174224853516
3557,1.2740468978881836,0.0,0.0,-6.075784206390381
3558,1.9092578887939453,0.0,0.0,-6.506490707397461
3559,-1.7230383157730103,0.0,0.0,-3.885133743286133
3560,2.9295098781585693,0.0,0.0,-2.567500352859497
3561,4.273647308349609,0.0,0.0,-5.758862495422363
3562,-1.665120005607605,0.0,0.0,-2.8456828594207764
3563,-4.762711524963379,0.0,0.0,0.5591369271278381
3564,-5.024693965911865,0.0,0.0,0.8707913756370544
3565,-4.318122863769531,0.0,0.0,0.8707913756370544
3566,1.8231620788574219,0.0,0.0,-6.033318519592285
3567,-2.982229471206665,0.0,0.0,1.070830225944519
3568,-4.293185234069824,0.0,0.0,2.1207797527313232
3569,-1.833053469657898,0.0,0.0,-5.56926155090332
3570,-4.293185234069824,0.0,0.0,2.1207797527313232
3571,-4.928244113922119,0.0,0.0,0.19141528010368347
3572,1.160046100616455,0.0,0.0,-6.506490707397461
3573,3.6460447311401367,0.0,0.0,-6.423007965087891
3574,3.6845550537109375,0.0,0.0,-5.363414764404297
3575,1.1985564231872559,0.0,0.0,-5.446898460388184
3576,-4.977948188781738,0.0,0.0,3.20515513420105
3577,4.312157154083252,0.0,0.0,-5.108781814575195
3578,-1.665120005607605,0.0,0.0,-3.037325620651245
3579,-6.06434965133667,0.0,0.0,1.737828016281128
3580,-5.572716236114502,0.0,0.0,0.8707913756370544
3581,-1.9553395509719849,0.0,0.0,-5.644043445587158
3582,-1.9553395509719849,0.0,0.0,-5.644043445587158
3583,-1.9553395509719849,0.0,0.0,-6.198148250579834
3584,3.6460447311401367,0.0,0.0,-6.423007965087891
3585,-5.827676773071289,0.0,0.0,-0.2646992802619934
3586,-5.9945502281188965,0.0,0.0,0.5591369271278381
3587,-4.293185234069824,0.0,0.0,2.1207797527313232
3588,-5.403843879699707,0.0,0.0,2.176513433456421
3589,1.7539498805999756,0.0,0.0,-5.521679878234863
3590,-5.91304874420166,0.0,0.0,0.12202945351600647
3591,-4.293185234069824,0.0,0.0,2.1207797527313232
3592,-4.293185234069824,0.0,0.0,2.1207797527313232
3593,-4.293185234069824,0.0,0.0,2.1207797527313232
3594,4.312157154083252,0.0,0.0,-5.108781814575195
3595,-4.770844459533691,0.0,0.0,2.6613333225250244
3596,4.677866458892822,0.0,0.0,-2.576845407485962
3597,2.955018997192383,0.0,0.0,-5.3799943923950195
3598,-2.982229471206665,0.0,0.0,1.070830225944519
3599,-1.452034592628479,0.0,0.0,0.2996176481246948
3600,4.3876471519470215,0.0,0.0,-5.183562755584717
3601,3.0794522762298584,0.0,0.0,-5.291078567504883
3602,4.312157154083252,0.0,0.0,-5.108781814575195
3603,3.7600455284118652,0.0,0.0,-5.438196182250977
3604,4.312157154083252,0.0,0.0,-5.108781814575195
3605,1.6399493217468262,0.0,0.0,-6.506490707397461
3606,3.4686508178710938,0.0,0.0,-0.5853267312049866
3607,4.312157154083252,0.0,0.0,-5.108781814575195
3608,-2.419325828552246,0.0,0.0,1.070830225944519
3609,2.698500633239746,0.0,0.0,-5.1189775466918945
3610,-4.293185234069824,0.0,0.0,2.1207797527313232
3611,4.312157154083252,0.0,0.0,-5.108781814575195
3612,-4.699917316436768,0.0,0.0,3.4112064838409424
3613,-1.833053469657898,0.0,0.0,-5.56926155090332
3614,4.312157154083252,0.0,0.0,-5.108781814575195
3615,1.5642673969268799,0.0,0.0,-2.7233197689056396
3616,-1.5171984434127808,0.0,0.0,-0.25480473041534424
3617,-2.419325828552246,0.0,0.0,1.070830225944519
3618,-3.7625088691711426,0.0,0.0,2.253763437271118
3619,4.312157154083252,0.0,0.0,-5.108781814575195
3620,2.11338210105896,0.0,0.0,-2.8724963665008545
3621,-4.293185234069824,0.0,0.0,2.1207797527313232
3622,-1.665120005607605,0.0,0.0,-2.8456828594207764
3623,-4.517526149749756,0.0,0.0,1.4437849521636963
3624,4.429390907287598,0.0,0.0,-4.873552322387695
3625,4.312157154083252,0.0,0.0,-5.108781814575195
3626,-1.5171984434127808,0.0,0.0,-0.006202861666679382
3627,-5.024693965911865,0.0,0.0,0.8707913756370544
3628,4.312157154083252,0.0,0.0,-5.108781814575195
3629,3.679769515991211,0.0,0.0,-3.7241592407226562
3630,-4.684215068817139,0.0,0.0,3.445361375808716
3631,4.273647308349609,0.0,0.0,-5.758862495422363
3632,-4.910347938537598,0.0,0.0,2.3584835529327393
3633,4.312157154083252,0.0,0.0,-5.108781814575195
3634,4.273647308349609,0.0,0.0,-6.168374061584473
3635,-2.7615549564361572,0.0,0.0,1.070830225944519
3636,-3.905731201171875,0.0,0.0,2.1568849086761475
3637,-1.452034592628479,0.0,0.0,0.2996176481246948
3638,2.313478469848633,0.0,0.0,-2.9149625301361084
3639,4.312157154083252,0.0,0.0,-5.108781814575195
3640,-4.6272172927856445,0.0,0.0,2.7515294551849365
3641,-2.419325828552246,0.0,0.0,1.070830225944519
3642,-1.5171984434127808,0.0,0.0,-0.7847622036933899
3643,4.312157154083252,0.0,0.0,-5.108781814575195
3644,-5.91304874420166,0.0,0.0,0.12202945351600647
3645,-4.684215068817139,0.0,0.0,3.20515513420105
3646,-2.419325828552246,0.0,0.0,1.070830225944519
3647,-4.293185234069824,0.0,0.0,2.1207797527313232
3648,4.36256742477417,0.0,0.0,-5.115771770477295
3649,4.312157154083252,0.0,0.0,-5.108781814575195
3650,-1.4673432111740112,0.0,0.0,-2.8456828594207764
3651,4.312157154083252,0.0,0.0,-5.108781814575195
3652,-0.5967963337898254,0.0,0.0,0.8473898768424988
3653,-0.7063668966293335,0.0,0.0,-1.3371222019195557
3654,-0.7894832491874695,0.0,0.0,-2.3952410221099854
3655,1.9164934158325195,0.0,0.0,-1.860166311264038
3656,-2.781353712081909,0.0,0.0,1.4812068939208984
3657,-2.8523190021514893,0.0,0.0,1.4812068939208984
3658,-2.746685743331909,0.0,0.0,1.4812068939208984
3659,2.4599668979644775,0.0,0.0,-1.7390049695968628
3660,2.4599668979644775,0.0,0.0,-1.7390049695968628
3661,-2.8523190021514893,0.0,0.0,1.4812068939208984
3662,1.8524134159088135,0.0,0.0,-1.8794151544570923
3663,-2.8602542877197266,0.0,0.0,0.6776016354560852
3664,-2.8602542877197266,0.0,0.0,0.6776016354560852
3665,-2.746685743331909,0.0,0.0,1.4812068939208984
3666,0.6621715426445007,0.0,0.0,-1.8906493186950684
3667,-2.1843018531799316,0.0,0.0,0.7118398547172546
3668,-2.425823211669922,0.0,0.0,1.4129865169525146
3669,-0.4150778651237488,0.0,0.0,-1.3371222019195557
3670,0.993315577507019,0.0,0.0,-2.3733267784118652
3671,-2.746685743331909,0.0,0.0,1.4812068939208984
3672,-2.1843018531799316,0.0,0.0,0.7118398547172546
3673,-0.722065806388855,0.0,0.0,-1.4851548671722412
3674,2.4599668979644775,0.0,0.0,-1.7390049695968628
3675,-2.3091647624969482,0.0,0.0,1.2717506885528564
3676,-2.8602542877197266,0.0,0.0,0.6776016354560852
3677,0.6177257895469666,0.0,0.0,-1.7707029581069946
3678,0.6454362869262695,0.0,0.0,-1.8794151544570923
3679,-2.7472798824310303,0.0,0.0,1.2613639831542969
3680,2.4599668979644775,0.0,0.0,-1.7390049695968628
3681,-2.746685743331909,0.0,0.0,1.4812068939208984
3682,-2.664818048477173,0.0,0.0,1.3973724842071533
3683,-1.8467869758605957,0.0,0.0,0.7118398547172546
3684,-2.131467580795288,0.0,0.0,0.7118398547172546
3685,1.9164934158325195,0.0,0.0,-1.860166311264038
3686,-0.7588505148887634,0.0,0.0,-2.355626344680786
3687,-2.8523190021514893,0.0,0.0,1.3933467864990234
3688,-0.5967963337898254,0.0,0.0,0.8473898768424988
3689,-2.746685743331909,0.0,0.0,1.4812068939208984
3690,-2.664818048477173,0.0,0.0,1.3973724842071533
3691,2.4599668979644775,0.0,0.0,-1.7390049695968628
3692,-0.722065806388855,0.0,0.0,-1.4851548671722412
3693,-2.8523190021514893,0.0,0.0,1.4812068939208984
3694,-2.746685743331909,0.0,0.0,1.4812068939208984
3695,0.6454362869262695,0.0,0.0,-1.7707029581069946
3696,-0.4052891135215759,0.0,0.0,-1.753002405166626
3697,-2.7892892360687256,0.0,0.0,0.6776016354560852
3698,-2.746685743331909,0.0,0.0,1.4812068939208984
3699,-0.43077677488327026,0.0,0.0,-1.4851548671722412
3700,1.8989529609680176,0.0,0.0,-2.3540782928466797
3701,0.47799360752105713,0.0,0.0,-2.3952410221099854
3702,-0.6419167518615723,0.0,0.0,0.6410431265830994
3703,-2.7892892360687256,0.0,0.0,0.6776016354560852
3704,1.8348727226257324,0.0,0.0,-2.3733267784118652
3705,-2.746685743331909,0.0,0.0,1.4812068939208984
3706,0.4955342710018158,0.0,0.0,-1.8617146015167236
3707,-2.746685743331909,0.0,0.0,1.4812068939208984
3708,-2.112541437149048,0.0,0.0,1.2956024408340454
3709,-2.746685743331909,0.0,0.0,1.4812068939208984
3710,-2.746685743331909,0.0,0.0,1.4812068939208984
3711,1.587397813796997,0.0,0.0,-1.7707029581069946
3712,1.9164934158325195,0.0,0.0,-1.860166311264038
3713,-2.8523190021514893,0.0,0.0,1.3933467864990234
3714,-2.746685743331909,0.0,0.0,1.4812068939208984
3715,-0.5967963337898254,0.0,0.0,0.8473898768424988
3716,-2.8523190021514893,0.0,0.0,1.4812068939208984
3717,-2.746685743331909,0.0,0.0,1.3933467864990234
3718,-2.746685743331909,0.0,0.0,1.4812068939208984
3719,-0.7894832491874695,0.0,0.0,-2.3952410221099854
3720,-0.5967963337898254,0.0,0.0,0.8473898768424988
3721,-2.746685743331909,0.0,0.0,1.4812068939208984
3722,1.8989529609680176,0.0,0.0,-2.393692970275879
3723,1.4511125087738037,0.0,0.0,-2.4129414558410645
3724,1.8524134159088135,0.0,0.0,-1.8794151544570923
3725,-0.6968640089035034,0.0,0.0,-1.8729487657546997
3726,0.7759737372398376,0.0,0.0,-1.3548227548599243
3727,2.0027410984039307,0.0,0.0,-1.7390049695968628
3728,-0.6119515299797058,0.0,0.0,-0.3874245584011078
3729,-2.112541437149048,0.0,0.0,1.2956024408340454
3730,-0.5967963337898254,0.0,0.0,0.8473898768424988
3731,-2.4965531826019287,0.0,0.0,0.6972411274909973
3732,0.993315577507019,0.0,0.0,-2.4129414558410645
3733,-0.5967963337898254,0.0,0.0,0.8473898768424988
3734,-2.746685743331909,0.0,0.0,1.4812068939208984
3735,-0.4806533455848694,0.0,0.0,-1.753002405166626
3736,-2.746685743331909,0.0,0.0,1.4812068939208984
3737,-2.781353712081909,0.0,0.0,1.3933467864990234
3738,1.587397813796997,0.0,0.0,-1.8794151544570923
3739,1.9164934158325195,0.0,0.0,-1.860166311264038
3740,1.9164934158325195,0.0,0.0,-1.7514541149139404
3741,1.4686532020568848,0.0,0.0,-1.7707029581069946
3742,-2.0636119842529297,0.0,0.0,0.7118398547172546
3743,2.4599668979644775,0.0,0.0,-1.7390049695968628
3744,-0.722065806388855,0.0,0.0,-1.4851548671722412
3745,-2.8523190021514893,0.0,0.0,1.4812068939208984
3746,-2.1843018531799316,0.0,0.0,0.7118398547172546
3747,-0.6754419207572937,0.0,0.0,-2.355626344680786
3748,-0.6754419207572937,0.0,0.0,-2.355626344680786
3749,-0.7894832491874695,0.0,0.0,-2.3952410221099854
3750,1.9164934158325195,0.0,0.0,-1.860166311264038
3751,-2.8413279056549072,0.0,0.0,1.330264925956726
3752,-2.3171000480651855,0.0,0.0,0.6856042146682739
3753,-2.746685743331909,0.0,0.0,1.4812068939208984
3754,-2.8523190021514893,0.0,0.0,1.4812068939208984
3755,1.569857120513916,0.0,0.0,-2.3733267784118652
3756,-2.1653757095336914,0.0,0.0,1.364503264427185
3757,-2.746685743331909,0.0,0.0,1.4812068939208984
3758,-2.746685743331909,0.0,0.0,1.4812068939208984
3759,-2.746685743331909,0.0,0.0,1.4812068939208984
3760,2.4599668979644775,0.0,0.0,-1.7390049695968628
3761,-2.8523190021514893,0.0,0.0,1.4812068939208984
3762,2.509843349456787,0.0,0.0,-1.5440349578857422
3763,1.9164934158325195,0.0,0.0,-1.7514541149139404
3764,-0.5967963337898254,0.0,0.0,0.8473898768424988
3765,-0.5967963337898254,0.0,0.0,0.8473898768424988
3766,2.4424262046813965,0.0,0.0,-2.3416290283203125
3767,1.0712592601776123,0.0,0.0,-1.7707029581069946
3768,2.4599668979644775,0.0,0.0,-1.7390049695968628
3769,1.8989529609680176,0.0,0.0,-2.3540782928466797
3770,2.4599668979644775,0.0,0.0,-1.7390049695968628
3771,1.8524134159088135,0.0,0.0,-1.8794151544570923
3772,2.0313637256622314,0.0,0.0,0.299822062253952
3773,2.4599668979644775,0.0,0.0,-1.7390049695968628
3774,-0.5967963337898254,0.0,0.0,0.8473898768424988
3775,0.8577208518981934,0.0,0.0,-1.8617146015167236
3776,-2.746685743331909,0.0,0.0,1.4812068939208984
3777,2.4599668979644775,0.0,0.0,-1.7390049695968628
3778,-2.7662062644958496,0.0,0.0,0.6776016354560852
3779,0.4955342710018158,0.0,0.0,-1.753002405166626
3780,2.4599668979644775,0.0,0.0,-1.7390049695968628
3781,1.6529735326766968,0.0,0.0,-1.3548227548599243
3782,-0.5967963337898254,0.0,0.0,0.5613447427749634
3783,-0.5967963337898254,0.0,0.0,0.8473898768424988
3784,-2.312288284301758,0.0,0.0,1.5008463859558105
3785,2.4599668979644775,0.0,0.0,-1.7390049695968628
3786,1.518530011177063,0.0,0.0,-1.5028554201126099
3787,-2.746685743331909,0.0,0.0,1.4812068939208984
3788,-0.7063668966293335,0.0,0.0,-1.3371222019195557
3789,-2.735694646835327,0.0,0.0,1.2613639831542969
3790,2.4599668979644775,0.0,0.0,-1.8477171659469604
3791,2.4599668979644775,0.0,0.0,-1.7390049695968628
3792,-0.6419167518615723,0.0,0.0,0.8473898768424988
3793,-0.5967963337898254,0.0,0.0,0.8473898768424988
3794,2.4599668979644775,0.0,0.0,-1.7390049695968628
3795,1.9609394073486328,0.0,0.0,-1.8714003562927246
3796,-2.131467580795288,0.0,0.0,0.7118398547172546
3797,2.0027410984039307,0.0,0.0,-1.7390049695968628
3798,-2.8523190021514893,0.0,0.0,1.4812068939208984
3799,2.4599668979644775,0.0,0.0,-1.7390049695968628
3800,2.4599668979644775,0.0,0.0,-1.8477171659469604
3801,-0.5967963337898254,0.0,0.0,0.8473898768424988
3802,-2.4198548793792725,0.0,0.0,1.4129865169525146
3803,-0.5967963337898254,0.0,0.0,0.8473898768424988
3804,1.9022902250289917,0.0,0.0,-1.5028554201126099
3805,2.4599668979644775,0.0,0.0,-1.7390049695968628
3806,-2.8523190021514893,0.0,0.0,1.4812068939208984
3807,-0.5967963337898254,0.0,0.0,0.8473898768424988
3808,-0.5278753042221069,0.0,0.0,0.6410431265830994
3809,2.4599668979644775,0.0,0.0,-1.7390049695968628
3810,-2.1653757095336914,0.0,0.0,1.364503264427185
3811,-2.131467580795288,0.0,0.0,0.7118398547172546
3812,-0.5967963337898254,0.0,0.0,0.8473898768424988
3813,-2.746685743331909,0.0,0.0,1.4812068939208984
3814,2.4599668979644775,0.0,0.0,-1.8477171659469604
3815,2.4599668979644775,0.0,0.0,-1.7390049695968628
3816,0.610404908657074,0.0,0.0,-0.3874245584011078
3817,2.4599668979644775,0.0,0.0,-1.7390049695968628
3818,-0.04320447891950607,0.0,0.0,0.24040809273719788
3819,-0.04320447891950607,0.0,0.0,-0.02059980481863022
3820,-0.08248212188482285,0.0,0.0,-0.369151771068573
3821,0.6240391135215759,0.0,0.0,-0.369151771068573
3822,-0.7250630855560303,0.0,0.0,0.2165692150592804
3823,-0.7250630855560303,0.0,0.0,0.2165692150592804
3824,-0.7250630855560303,0.0,0.0,0.2165692150592804
3825,1.3776865005493164,0.0,0.0,-0.369151771068573
3826,1.3776865005493164,0.0,0.0,-0.369151771068573
3827,-0.7250630855560303,0.0,0.0,0.2165692150592804
3828,0.07376831769943237,0.0,0.0,-0.369151771068573
3829,-0.7250630855560303,0.0,0.0,0.2165692150592804
3830,-0.7250630855560303,0.0,0.0,0.2165692150592804
3831,-0.7250630855560303,0.0,0.0,0.2165692150592804
3832,-0.04320447891950607,0.0,0.0,-0.02059980481863022
3833,-0.5859956741333008,0.0,0.0,0.2165692150592804
3834,-0.5859956741333008,0.0,0.0,0.2165692150592804
3835,-0.04320447891950607,0.0,0.0,-0.02059980481863022
3836,-0.08248212188482285,0.0,0.0,-0.369151771068573
3837,-0.7250630855560303,0.0,0.0,0.2165692150592804
3838,-0.5859956741333008,0.0,0.0,0.2165692150592804
3839,-0.04320447891950607,0.0,0.0,-0.02059980481863022
3840,1.3776865005493164,0.0,0.0,-0.369151771068573
3841,-0.5859956741333008,0.0,0.0,0.2165692150592804
3842,-0.7250630855560303,0.0,0.0,0.2165692150592804
3843,-0.08248212188482285,0.0,0.0,-0.369151771068573
3844,-0.08248212188482285,0.0,0.0,-0.369151771068573
3845,-0.7250630855560303,0.0,0.0,0.2165692150592804
3846,1.3776865005493164,0.0,0.0,-0.369151771068573
3847,-0.7250630855560303,0.0,0.0,0.2165692150592804
3848,-0.7250630855560303,0.0,0.0,0.2165692150592804
3849,-0.46643102169036865,0.0,0.0,0.24040809273719788
3850,-0.46643102169036865,0.0,0.0,0.24040809273719788
3851,0.07376831769943237,0.0,0.0,-0.369151771068573
3852,-0.08248212188482285,0.0,0.0,-0.369151771068573
3853,-0.7250630855560303,0.0,0.0,0.2165692150592804
3854,-0.46643102169036865,0.0,0.0,0.24040809273719788
3855,-0.7250630855560303,0.0,0.0,0.2165692150592804
3856,-0.7250630855560303,0.0,0.0,0.2165692150592804
3857,1.3776865005493164,0.0,0.0,-0.369151771068573
3858,-0.04320447891950607,0.0,0.0,-0.02059980481863022
3859,-0.7250630855560303,0.0,0.0,0.2165692150592804
3860,-0.7250630855560303,0.0,0.0,0.2165692150592804
3861,-0.08248212188482285,0.0,0.0,-0.369151771068573
3862,-0.08248212188482285,0.0,0.0,-0.369151771068573
3863,-0.7250630855560303,0.0,0.0,0.2165692150592804
3864,-0.7250630855560303,0.0,0.0,0.2165692150592804
3865,-0.04320447891950607,0.0,0.0,-0.02059980481863022
3866,0.07376831769943237,0.0,0.0,-0.369151771068573
3867,-0.08248212188482285,0.0,0.0,-0.369151771068573
3868,-0.04320447891950607,0.0,0.0,0.24040809273719788
3869,-0.7250630855560303,0.0,0.0,0.2165692150592804
3870,0.07376831769943237,0.0,0.0,-0.369151771068573
3871,-0.7250630855560303,0.0,0.0,0.2165692150592804
3872,-0.08248212188482285,0.0,0.0,-0.369151771068573
3873,-0.7250630855560303,0.0,0.0,0.2165692150592804
3874,-0.5859956741333008,0.0,0.0,0.2165692150592804
3875,-0.7250630855560303,0.0,0.0,0.2165692150592804
3876,-0.7250630855560303,0.0,0.0,0.2165692150592804
3877,0.07376831769943237,0.0,0.0,-0.369151771068573
3878,0.8363093733787537,0.0,0.0,-0.369151771068573
3879,-0.7250630855560303,0.0,0.0,0.2165692150592804
3880,-0.7250630855560303,0.0,0.0,0.2165692150592804
3881,-0.04320447891950607,0.0,0.0,0.24040809273719788
3882,-0.7250630855560303,0.0,0.0,0.2165692150592804
3883,-0.7250630855560303,0.0,0.0,0.2165692150592804
3884,-0.7250630855560303,0.0,0.0,0.2165692150592804
3885,-0.08248212188482285,0.0,0.0,-0.369151771068573
3886,-0.04320447891950607,0.0,0.0,0.24040809273719788
3887,-0.7250630855560303,0.0,0.0,0.2165692150592804
3888,0.11304595321416855,0.0,0.0,-0.02059980481863022
3889,-0.08248212188482285,0.0,0.0,-0.369151771068573
3890,0.07376831769943237,0.0,0.0,-0.369151771068573
3891,-0.04320447891950607,0.0,0.0,-0.02059980481863022
3892,-0.04320447891950607,0.0,0.0,-0.02059980481863022
3893,1.3776865005493164,0.0,0.0,-0.369151771068573
3894,-0.04320447891950607,0.0,0.0,0.24040809273719788
3895,-0.46643102169036865,0.0,0.0,0.24040809273719788
3896,-0.3436628580093384,0.0,0.0,0.24040809273719788
3897,-0.5859956741333008,0.0,0.0,0.2165692150592804
3898,-0.08248212188482285,0.0,0.0,-0.369151771068573
3899,-0.04320447891950607,0.0,0.0,0.24040809273719788
3900,-0.7250630855560303,0.0,0.0,0.2165692150592804
3901,-0.08248212188482285,0.0,0.0,-0.369151771068573
3902,-0.7250630855560303,0.0,0.0,0.2165692150592804
3903,-0.7250630855560303,0.0,0.0,0.2165692150592804
3904,0.07376831769943237,0.0,0.0,-0.369151771068573
3905,0.8363093733787537,0.0,0.0,-0.369151771068573
3906,0.8363093733787537,0.0,0.0,-0.369151771068573
3907,-0.08248212188482285,0.0,0.0,-0.369151771068573
3908,-0.46643102169036865,0.0,0.0,0.24040809273719788
3909,1.3776865005493164,0.0,0.0,-0.369151771068573
3910,-0.04320447891950607,0.0,0.0,-0.02059980481863022
3911,-0.7250630855560303,0.0,0.0,0.2165692150592804
3912,-0.5859956741333008,0.0,0.0,0.2165692150592804
3913,-0.08248212188482285,0.0,0.0,-0.369151771068573
3914,-0.08248212188482285,0.0,0.0,-0.369151771068573
3915,-0.08248212188482285,0.0,0.0,-0.369151771068573
3916,0.8363093733787537,0.0,0.0,-0.369151771068573
3917,-0.7250630855560303,0.0,0.0,0.2165692150592804
3918,-0.5859956741333008,0.0,0.0,0.2165692150592804
3919,-0.7250630855560303,0.0,0.0,0.2165692150592804
3920,-0.7250630855560303,0.0,0.0,0.2165692150592804
3921,0.07376831769943237,0.0,0.0,-0.369151771068573
3922,-0.5859956741333008,0.0,0.0,0.2165692150592804
3923,-0.7250630855560303,0.0,0.0,0.2165692150592804
3924,-0.7250630855560303,0.0,0.0,0.2165692150592804
3925,-0.7250630855560303,0.0,0.0,0.2165692150592804
3926,1.3776865005493164,0.0,0.0,-0.369151771068573
3927,-0.7250630855560303,0.0,0.0,0.2165692150592804
3928,1.416964054107666,0.0,0.0,-0.02059980481863022
3929,0.07376831769943237,0.0,0.0,-0.369151771068573
3930,-0.04320447891950607,0.0,0.0,0.24040809273719788
3931,-0.04320447891950607,0.0,0.0,0.24040809273719788
3932,1.3776865005493164,0.0,0.0,-0.369151771068573
3933,-0.08248212188482285,0.0,0.0,-0.369151771068573
3934,1.3776865005493164,0.0,0.0,-0.369151771068573
3935,0.8363093733787537,0.0,0.0,-0.369151771068573
3936,1.3776865005493164,0.0,0.0,-0.369151771068573
3937,0.07376831769943237,0.0,0.0,-0.369151771068573
3938,0.11304595321416855,0.0,0.0,0.24040809273719788
3939,1.3776865005493164,0.0,0.0,-0.369151771068573
3940,-0.04320447891950607,0.0,0.0,0.24040809273719788
3941,-0.08248212188482285,0.0,0.0,-0.369151771068573
3942,-0.7250630855560303,0.0,0.0,0.2165692150592804
3943,1.3776865005493164,0.0,0.0,-0.369151771068573
3944,-0.7250630855560303,0.0,0.0,0.2165692150592804
3945,-0.08248212188482285,0.0,0.0,-0.369151771068573
3946,1.3776865005493164,0.0,0.0,-0.369151771068573
3947,0.11304595321416855,0.0,0.0,-0.02059980481863022
3948,-0.04320447891950607,0.0,0.0,0.24040809273719788
3949,-0.04320447891950607,0.0,0.0,0.24040809273719788
3950,-0.5859956741333008,0.0,0.0,0.2165692150592804
3951,1.3776865005493164,0.0,0.0,-0.369151771068573
3952,-0.04320447891950607,0.0,0.0,-0.02059980481863022
3953,-0.7250630855560303,0.0,0.0,0.2165692150592804
3954,-0.04320447891950607,0.0,0.0,-0.02059980481863022
3955,-0.7250630855560303,0.0,0.0,0.2165692150592804
3956,1.3776865005493164,0.0,0.0,-0.369151771068573
3957,1.3776865005493164,0.0,0.0,-0.369151771068573
3958,-0.04320447891950607,0.0,0.0,0.24040809273719788
3959,-0.46643102169036865,0.0,0.0,0.24040809273719788
3960,1.3776865005493164,0.0,0.0,-0.369151771068573
3961,0.6633167862892151,0.0,0.0,-0.02059980481863022
3962,-0.46643102169036865,0.0,0.0,0.24040809273719788
3963,1.3776865005493164,0.0,0.0,-0.369151771068573
3964,-0.7250630855560303,0.0,0.0,0.2165692150592804
3965,1.3776865005493164,0.0,0.0,-0.369151771068573
3966,1.3776865005493164,0.0,0.0,-0.369151771068573
3967,-0.04320447891950607,0.0,0.0,0.24040809273719788
3968,-0.5859956741333008,0.0,0.0,0.2165692150592804
3969,-0.04320447891950607,0.0,0.0,0.24040809273719788
3970,0.11304595321416855,0.0,0.0,-0.02059980481863022
3971,1.3776865005493164,0.0,0.0,-0.369151771068573
3972,-0.7250630855560303,0.0,0.0,0.2165692150592804
3973,-0.04320447891950607,0.0,0.0,0.24040809273719788
3974,-0.04320447891950607,0.0,0.0,0.24040809273719788
3975,1.3776865005493164,0.0,0.0,-0.369151771068573
3976,-0.5859956741333008,0.0,0.0,0.2165692150592804
3977,-0.46643102169036865,0.0,0.0,0.24040809273719788
3978,-0.3436628580093384,0.0,0.0,0.24040809273719788
3979,-0.7250630855560303,0.0,0.0,0.2165692150592804
3980,1.3776865005493164,0.0,0.0,-0.369151771068573
3981,1.3776865005493164,0.0,0.0,-0.369151771068573
3982,-0.04320447891950607,0.0,0.0,0.24040809273719788
3983,1.3776865005493164,0.0,0.0,-0.369151771068573
3984,-0.04273255169391632,0.0,0.0,0.42301779985427856
3985,0.02210155315697193,0.0,0.0,-0.30453062057495117
3986,-0.09288004040718079,0.0,0.0,-1.7584377527236938
3987,1.1987354755401611,0.0,0.0,-1.7739988565444946
3988,-1.7775191068649292,0.0,0.0,1.4110478162765503
3989,-1.7775191068649292,0.0,0.0,1.4110478162765503
3990,-1.6019349098205566,0.0,0.0,1.4110478162765503
3991,2.646446466445923,0.0,0.0,-1.0014151334762573
3992,2.646446466445923,0.0,0.0,-1.1734110116958618
3993,-1.7775191068649292,0.0,0.0,1.4110478162765503
3994,0.8088009357452393,0.0,0.0,-1.8961981534957886
3995,-2.1188406944274902,0.0,0.0,0.3911402225494385
3996,-2.1188406944274902,0.0,0.0,0.3911402225494385
3997,-1.6019349098205566,0.0,0.0,1.4110478162765503
3998,0.37838056683540344,0.0,0.0,-1.3683236837387085
3999,-1.892106533050537,0.0,0.0,0.48354482650756836
4000,-1.9893368482589722,0.0,0.0,0.8518185019493103
4001,0.28968116641044617,0.0,0.0,-0.30453062057495117
4002,0.2752546966075897,0.0,0.0,-1.8185019493103027
4003,-1.6019349098205566,0.0,0.0,1.4110478162765503
4004,-1.892106533050537,0.0,0.0,0.48354482650756836
4005,0.004874544218182564,0.0,0.0,-1.023235559463501
4006,2.646446466445923,0.0,0.0,-1.0014151334762573
4007,-1.877184510231018,0.0,0.0,0.7820326685905457
4008,-2.100666046142578,0.0,0.0,0.5049371123313904
4009,0.27723047137260437,0.0,0.0,-1.5529510974884033
4010,0.27723047137260437,0.0,0.0,-1.9086174964904785
4011,-2.1039185523986816,0.0,0.0,0.7636116147041321
4012,2.646446466445923,0.0,0.0,-1.0014151334762573
4013,-1.6019349098205566,0.0,0.0,1.4110478162765503
4014,-2.1039185523986816,0.0,0.0,0.7636116147041321
4015,-0.887503445148468,0.0,0.0,0.493898868560791
4016,-1.235345482826233,0.0,0.0,0.5214083790779114
4017,1.2730969190597534,0.0,0.0,-1.7739988565444946
4018,0.012075638398528099,0.0,0.0,-1.8185019493103027
4019,-2.1039185523986816,0.0,0.0,0.8518185019493103
4020,-0.887503445148468,0.0,0.0,0.493898868560791
4021,-1.6477258205413818,0.0,0.0,1.295382022857666
4022,-2.1039185523986816,0.0,0.0,0.8518185019493103
4023,2.646446466445923,0.0,0.0,-1.0014151334762573
4024,0.004874544218182564,0.0,0.0,-1.023235559463501
4025,-1.7775191068649292,0.0,0.0,1.4110478162765503
4026,-1.6019349098205566,0.0,0.0,1.4110478162765503
4027,0.27723047137260437,0.0,0.0,-1.5529510974884033
4028,0.014051487669348717,0.0,0.0,-1.5529510974884033
4029,-1.949232578277588,0.0,0.0,0.46512371301651
4030,-1.6019349098205566,0.0,0.0,1.4110478162765503
4031,0.14261265099048615,0.0,0.0,-1.023235559463501
4032,1.296110987663269,0.0,0.0,-1.5800684690475464
4033,0.13613520562648773,0.0,0.0,-1.7584377527236938
4034,0.08800733834505081,0.0,0.0,0.34255680441856384
4035,-1.949232578277588,0.0,0.0,0.46512371301651
4036,0.8318151235580444,0.0,0.0,-1.7022675275802612
4037,-1.6019349098205566,0.0,0.0,1.4110478162765503
4038,0.27723047137260437,0.0,0.0,-1.9086174964904785
4039,-1.6019349098205566,0.0,0.0,1.4110478162765503
4040,-1.5790526866912842,0.0,0.0,0.7820326685905457
4041,-1.6019349098205566,0.0,0.0,1.4110478162765503
4042,-1.6477258205413818,0.0,0.0,1.295382022857666
4043,0.8088009357452393,0.0,0.0,-1.5405317544937134
4044,1.1987354755401611,0.0,0.0,-1.7739988565444946
4045,-1.9343106746673584,0.0,0.0,0.8518185019493103
4046,-1.6019349098205566,0.0,0.0,1.4110478162765503
4047,-0.04273255169391632,0.0,0.0,0.7099730372428894
4048,-1.947127103805542,0.0,0.0,1.4110478162765503
4049,-1.7587264776229858,0.0,0.0,0.8518185019493103
4050,-1.6019349098205566,0.0,0.0,1.4110478162765503
4051,-0.09288004040718079,0.0,0.0,-1.7584377527236938
4052,-0.04273255169391632,0.0,0.0,0.7099730372428894
4053,-1.6019349098205566,0.0,0.0,1.4110478162765503
4054,1.3039034605026245,0.0,0.0,-1.6238192319869995
4055,0.3779843747615814,0.0,0.0,-1.7584377527236938
4056,0.8088009357452393,0.0,0.0,-1.8257663249969482
4057,0.11520155519247055,0.0,0.0,-1.3683236837387085
4058,0.5528601408004761,0.0,0.0,-0.30453062057495117
4059,2.1082427501678467,0.0,0.0,-1.4068796634674072
4060,0.06587841361761093,0.0,0.0,0.13833428919315338
4061,-1.1609734296798706,0.0,0.0,0.5214083790779114
4062,-0.7113071084022522,0.0,0.0,0.5032533407211304
4063,-2.004258871078491,0.0,0.0,0.3911402225494385
4064,0.308037132024765,0.0,0.0,-1.7584377527236938
4065,-0.04273255169391632,0.0,0.0,0.7099730372428894
4066,-1.6019349098205566,0.0,0.0,1.4110478162765503
4067,0.014051487669348717,0.0,0.0,-1.7262096405029297
4068,-1.6019349098205566,0.0,0.0,1.4110478162765503
4069,-1.9343106746673584,0.0,0.0,0.8518185019493103
4070,0.8088009357452393,0.0,0.0,-1.8961981534957886
4071,1.1987354755401611,0.0,0.0,-1.7739988565444946
4072,1.356091022491455,0.0,0.0,-1.552614688873291
4073,0.27723047137260437,0.0,0.0,-1.5529510974884033
4074,-1.0247044563293457,0.0,0.0,0.5427469611167908
4075,2.646446466445923,0.0,0.0,-1.0014151334762573
4076,0.004874544218182564,0.0,0.0,-1.023235559463501
4077,-1.9929178953170776,0.0,0.0,1.295382022857666
4078,-1.5939745903015137,0.0,0.0,0.4095613360404968
4079,0.04485807567834854,0.0,0.0,-1.7584377527236938
4080,0.04485807567834854,0.0,0.0,-1.6597992181777954
4081,-0.09288004040718079,0.0,0.0,-1.7584377527236938
4082,1.4587640762329102,0.0,0.0,-1.7208025455474854
4083,-1.9343106746673584,0.0,0.0,0.7636116147041321
4084,-1.892106533050537,0.0,0.0,0.48354482650756836
4085,-1.6019349098205566,0.0,0.0,1.4110478162765503
4086,-1.7775191068649292,0.0,0.0,1.4110478162765503
4087,0.8396075963973999,0.0,0.0,-1.6473798751831055
4088,-1.70548415184021,0.0,0.0,0.7820326685905457
4089,-1.6019349098205566,0.0,0.0,1.4110478162765503
4090,-1.6019349098205566,0.0,0.0,1.4110478162765503
4091,-1.6019349098205566,0.0,0.0,1.4110478162765503
4092,2.646446466445923,0.0,0.0,-1.0014151334762573
4093,-1.7775191068649292,0.0,0.0,1.4993054866790771
4094,2.611584424972534,0.0,0.0,-0.8071183562278748
4095,1.2730969190597534,0.0,0.0,-1.2463366985321045
4096,-0.04273255169391632,0.0,0.0,0.7099730372428894
4097,0.08800733834505081,0.0,0.0,0.7325931191444397
4098,2.677253484725952,0.0,0.0,-1.3788976669311523
4099,0.27723047137260437,0.0,0.0,-1.7262096405029297
4100,2.646446466445923,0.0,0.0,-1.1734110116958618
4101,1.2295420169830322,0.0,0.0,-1.5251808166503906
4102,2.646446466445923,0.0,0.0,-1.0014151334762573
4103,0.8088009357452393,0.0,0.0,-1.8257663249969482
4104,1.3942183256149292,0.0,0.0,0.2567614018917084
4105,2.646446466445923,0.0,0.0,-1.0014151334762573
4106,-0.04273255169391632,0.0,0.0,0.7099730372428894
4107,0.30024459958076477,0.0,0.0,-1.6185382604599
4108,-1.6019349098205566,0.0,0.0,1.4110478162765503
4109,2.646446466445923,0.0,0.0,-1.0014151334762573
4110,-2.1188406944274902,0.0,0.0,0.46512371301651
4111,0.10532859712839127,0.0,0.0,-1.5529510974884033
4112,2.646446466445923,0.0,0.0,-1.3466695547103882
4113,1.0844306945800781,0.0,0.0,-0.29211127758026123
4114,0.08800733834505081,0.0,0.0,0.34255680441856384
4115,-0.04273255169391632,0.0,0.0,0.7099730372428894
4116,-1.7661840915679932,0.0,0.0,1.3138030767440796
4117,2.646446466445923,0.0,0.0,-1.0014151334762573
4118,0.40579167008399963,0.0,0.0,-1.023235559463501
4119,-1.6019349098205566,0.0,0.0,1.4110478162765503
4120,0.28968116641044617,0.0,0.0,-0.30453062057495117
4121,-1.7587264776229858,0.0,0.0,0.7636116147041321
4122,2.1312568187713623,0.0,0.0,-1.2992082834243774
4123,2.646446466445923,0.0,0.0,-1.0014151334762573
4124,0.21784880757331848,0.0,0.0,0.44563785195350647
4125,-0.8693287968635559,0.0,0.0,0.6076957583427429
4126,2.646446466445923,0.0,0.0,-1.0014151334762573
4127,1.3742468357086182,0.0,0.0,-1.2337051630020142
4128,-1.235345482826233,0.0,0.0,0.5214083790779114
4129,2.1082427501678467,0.0,0.0,-1.4068796634674072
4130,-1.7775191068649292,0.0,0.0,1.4993054866790771
4131,2.646446466445923,0.0,0.0,-1.1734110116958618
4132,2.646446466445923,0.0,0.0,-1.529077410697937
4133,-0.04273255169391632,0.0,0.0,0.7099730372428894
4134,-1.9893368482589722,0.0,0.0,0.8518185019493103
4135,0.08800733834505081,0.0,0.0,0.7325931191444397
4136,0.9373621940612793,0.0,0.0,-1.010816216468811
4137,2.646446466445923,0.0,0.0,-1.0014151334762573
4138,-1.7775191068649292,0.0,0.0,1.4993054866790771
4139,-0.04273255169391632,0.0,0.0,0.7099730372428894
4140,0.355586975812912,0.0,0.0,0.34255680441856384
4141,2.646446466445923,0.0,0.0,-1.0014151334762573
4142,-1.877184510231018,0.0,0.0,0.7820326685905457
4143,-1.0247044563293457,0.0,0.0,0.5427469611167908
4144,-0.04273255169391632,0.0,0.0,0.7099730372428894
4145,-1.6019349098205566,0.0,0.0,1.4110478162765503
4146,2.6694605350494385,0.0,0.0,-1.238998293876648
4147,2.646446466445923,0.0,0.0,-1.0014151334762573
4148,0.4247351586818695,0.0,0.0,0.13833428919315338
4149,2.646446466445923,0.0,0.0,-1.0014151334762573
4150,-0.2600911855697632,0.0,0.0,-0.020803777500987053
4151,-0.14677388966083527,0.0,0.0,-0.020803777500987053
4152,-0.14677388966083527,0.0,0.0,-0.020803777500987053
4153,0.4931698143482208,0.0,0.0,-0.020803777500987053
4154,-0.5176568627357483,0.0,0.0,0.021722963079810143
4155,-0.5176568627357483,0.0,0.0,0.021722963079810143
4156,-0.5176568627357483,0.0,0.0,0.021722963079810143
4157,0.4931698143482208,0.0,0.0,-0.020803777500987053
4158,0.4931698143482208,0.0,0.0,-0.020803777500987053
4159,-0.5176568627357483,0.0,0.0,0.021722963079810143
4160,0.4931698143482208,0.0,0.0,-0.020803777500987053
4161,-0.5176568627357483,0.0,0.0,-0.020803777500987053
4162,-0.5176568627357483,0.0,0.0,-0.020803777500987053
4163,-0.5176568627357483,0.0,0.0,0.021722963079810143
4164,0.17602740228176117,0.0,0.0,-0.020803777500987053
4165,-0.5176568627357483,0.0,0.0,0.021722963079810143
4166,-0.5176568627357483,0.0,0.0,0.021722963079810143
4167,0.12540610134601593,0.0,0.0,-0.020803777500987053
4168,0.3118511736392975,0.0,0.0,-0.020803777500987053
4169,-0.5176568627357483,0.0,0.0,0.021722963079810143
4170,-0.5176568627357483,0.0,0.0,0.021722963079810143
4171,-0.14677388966083527,0.0,0.0,-0.020803777500987053
4172,0.4931698143482208,0.0,0.0,-0.020803777500987053
4173,-0.5176568627357483,0.0,0.0,0.021722963079810143
4174,-0.5176568627357483,0.0,0.0,-0.020803777500987053
4175,0.17602740228176117,0.0,0.0,-0.020803777500987053
4176,0.2715315818786621,0.0,0.0,-0.020803777500987053
4177,-0.5176568627357483,0.0,0.0,0.021722963079810143
4178,0.4931698143482208,0.0,0.0,-0.020803777500987053
4179,-0.5176568627357483,0.0,0.0,0.021722963079810143
4180,-0.5176568627357483,0.0,0.0,0.021722963079810143
4181,-0.47870686650276184,0.0,0.0,-0.020803777500987053
4182,-0.5176568627357483,0.0,0.0,-0.020803777500987053
4183,0.4931698143482208,0.0,0.0,-0.020803777500987053
4184,-0.05081629008054733,0.0,0.0,-0.020803777500987053
4185,-0.5176568627357483,0.0,0.0,0.021722963079810143
4186,-0.47870686650276184,0.0,0.0,-0.020803777500987053
4187,-0.5176568627357483,0.0,0.0,0.021722963079810143
4188,-0.5176568627357483,0.0,0.0,0.021722963079810143
4189,0.4931698143482208,0.0,0.0,-0.020803777500987053
4190,-0.14677388966083527,0.0,0.0,-0.020803777500987053
4191,-0.5176568627357483,0.0,0.0,0.021722963079810143
4192,-0.5176568627357483,0.0,0.0,0.021722963079810143
4193,0.17602740228176117,0.0,0.0,-0.020803777500987053
4194,0.12540610134601593,0.0,0.0,-0.020803777500987053
4195,-0.5176568627357483,0.0,0.0,0.021722963079810143
4196,-0.5176568627357483,0.0,0.0,0.021722963079810143
4197,0.12540610134601593,0.0,0.0,-0.020803777500987053
4198,0.4931698143482208,0.0,0.0,-0.020803777500987053
4199,0.12540610134601593,0.0,0.0,-0.020803777500987053
4200,-0.14677388966083527,0.0,0.0,-0.020803777500987053
4201,-0.5176568627357483,0.0,0.0,0.021722963079810143
4202,0.4931698143482208,0.0,0.0,-0.020803777500987053
4203,-0.5176568627357483,0.0,0.0,0.021722963079810143
4204,0.12540610134601593,0.0,0.0,-0.020803777500987053
4205,-0.5176568627357483,0.0,0.0,0.021722963079810143
4206,-0.5176568627357483,0.0,0.0,0.021722963079810143
4207,-0.5176568627357483,0.0,0.0,0.021722963079810143
4208,-0.5176568627357483,0.0,0.0,0.021722963079810143
4209,0.4015982449054718,0.0,0.0,-0.020803777500987053
4210,0.4931698143482208,0.0,0.0,-0.020803777500987053
4211,-0.5176568627357483,0.0,0.0,0.021722963079810143
4212,-0.5176568627357483,0.0,0.0,0.021722963079810143
4213,-0.2600911855697632,0.0,0.0,-0.020803777500987053
4214,-0.5176568627357483,0.0,0.0,0.021722963079810143
4215,-0.5176568627357483,0.0,0.0,0.021722963079810143
4216,-0.5176568627357483,0.0,0.0,0.021722963079810143
4217,-0.14677388966083527,0.0,0.0,-0.020803777500987053
4218,-0.2600911855697632,0.0,0.0,-0.020803777500987053
4219,-0.5176568627357483,0.0,0.0,0.021722963079810143
4220,0.4931698143482208,0.0,0.0,-0.020803777500987053
4221,0.35730141401290894,0.0,0.0,-0.020803777500987053
4222,0.4931698143482208,0.0,0.0,-0.020803777500987053
4223,-0.05081629008054733,0.0,0.0,-0.020803777500987053
4224,0.2715315818786621,0.0,0.0,-0.020803777500987053
4225,0.4931698143482208,0.0,0.0,-0.020803777500987053
4226,-0.20219732820987701,0.0,0.0,-0.020803777500987053
4227,-0.47870686650276184,0.0,0.0,0.021722963079810143
4228,-0.4199361503124237,0.0,0.0,-0.020803777500987053
4229,-0.5176568627357483,0.0,0.0,-0.020803777500987053
4230,0.3118511736392975,0.0,0.0,-0.020803777500987053
4231,-0.2600911855697632,0.0,0.0,-0.020803777500987053
4232,-0.5176568627357483,0.0,0.0,0.021722963079810143
4233,0.12540610134601593,0.0,0.0,-0.020803777500987053
4234,-0.5176568627357483,0.0,0.0,0.021722963079810143
4235,-0.5176568627357483,0.0,0.0,0.021722963079810143
4236,0.4015982449054718,0.0,0.0,-0.020803777500987053
4237,0.4931698143482208,0.0,0.0,-0.020803777500987053
4238,0.4931698143482208,0.0,0.0,-0.020803777500987053
4239,0.35730141401290894,0.0,0.0,-0.020803777500987053
4240,-0.47870686650276184,0.0,0.0,-0.020803777500987053
4241,0.4931698143482208,0.0,0.0,-0.020803777500987053
4242,-0.14677388966083527,0.0,0.0,-0.020803777500987053
4243,-0.5176568627357483,0.0,0.0,0.021722963079810143
4244,-0.5176568627357483,0.0,0.0,-0.020803777500987053
4245,0.12540610134601593,0.0,0.0,-0.020803777500987053
4246,0.12540610134601593,0.0,0.0,-0.020803777500987053
4247,-0.14677388966083527,0.0,0.0,-0.020803777500987053
4248,0.4931698143482208,0.0,0.0,-0.020803777500987053
4249,-0.5176568627357483,0.0,0.0,0.021722963079810143
4250,-0.5176568627357483,0.0,0.0,0.021722963079810143
4251,-0.5176568627357483,0.0,0.0,0.021722963079810143
4252,-0.5176568627357483,0.0,0.0,0.021722963079810143
4253,0.4015982449054718,0.0,0.0,-0.020803777500987053
4254,-0.5176568627357483,0.0,0.0,0.021722963079810143
4255,-0.5176568627357483,0.0,0.0,0.021722963079810143
4256,-0.5176568627357483,0.0,0.0,0.021722963079810143
4257,-0.5176568627357483,0.0,0.0,0.021722963079810143
4258,0.4931698143482208,0.0,0.0,-0.020803777500987053
4259,-0.5176568627357483,0.0,0.0,0.021722963079810143
4260,0.4931698143482208,0.0,0.0,-0.020803777500987053
4261,0.4931698143482208,0.0,0.0,-0.020803777500987053
4262,-0.2600911855697632,0.0,0.0,-0.020803777500987053
4263,-0.20219732820987701,0.0,0.0,-0.020803777500987053
4264,0.4931698143482208,0.0,0.0,-0.020803777500987053
4265,0.3118511736392975,0.0,0.0,-0.020803777500987053
4266,0.4931698143482208,0.0,0.0,-0.020803777500987053
4267,0.4931698143482208,0.0,0.0,-0.020803777500987053
4268,0.4931698143482208,0.0,0.0,-0.020803777500987053
4269,0.4931698143482208,0.0,0.0,-0.020803777500987053
4270,0.4931698143482208,0.0,0.0,-0.020803777500987053
4271,0.4931698143482208,0.0,0.0,-0.020803777500987053
4272,-0.2600911855697632,0.0,0.0,-0.020803777500987053
4273,0.17602740228176117,0.0,0.0,-0.020803777500987053
4274,-0.5176568627357483,0.0,0.0,0.021722963079810143
4275,0.4931698143482208,0.0,0.0,-0.020803777500987053
4276,-0.5176568627357483,0.0,0.0,0.021722963079810143
4277,0.12540610134601593,0.0,0.0,-0.020803777500987053
4278,0.4931698143482208,0.0,0.0,-0.020803777500987053
4279,0.4015982449054718,0.0,0.0,-0.020803777500987053
4280,-0.14677388966083527,0.0,0.0,-0.020803777500987053
4281,-0.2600911855697632,0.0,0.0,-0.020803777500987053
4282,-0.5176568627357483,0.0,0.0,0.021722963079810143
4283,0.4931698143482208,0.0,0.0,-0.020803777500987053
4284,0.35730141401290894,0.0,0.0,-0.020803777500987053
4285,-0.5176568627357483,0.0,0.0,0.021722963079810143
4286,-0.05081629008054733,0.0,0.0,-0.020803777500987053
4287,-0.5176568627357483,0.0,0.0,0.021722963079810143
4288,0.4931698143482208,0.0,0.0,-0.020803777500987053
4289,0.4931698143482208,0.0,0.0,-0.020803777500987053
4290,-0.14677388966083527,0.0,0.0,-0.020803777500987053
4291,-0.47870686650276184,0.0,0.0,-0.020803777500987053
4292,0.4931698143482208,0.0,0.0,-0.020803777500987053
4293,0.4931698143482208,0.0,0.0,-0.020803777500987053
4294,-0.5176568627357483,0.0,0.0,0.021722963079810143
4295,0.4931698143482208,0.0,0.0,-0.020803777500987053
4296,-0.5176568627357483,0.0,0.0,0.021722963079810143
4297,0.4931698143482208,0.0,0.0,-0.020803777500987053
4298,0.4931698143482208,0.0,0.0,-0.020803777500987053
4299,-0.2600911855697632,0.0,0.0,-0.020803777500987053
4300,-0.5176568627357483,0.0,0.0,0.021722963079810143
4301,-0.14677388966083527,0.0,0.0,-0.020803777500987053
4302,0.4931698143482208,0.0,0.0,-0.020803777500987053
4303,0.4931698143482208,0.0,0.0,-0.020803777500987053
4304,-0.5176568627357483,0.0,0.0,0.021722963079810143
4305,-0.2600911855697632,0.0,0.0,-0.020803777500987053
4306,0.12540610134601593,0.0,0.0,-0.020803777500987053
4307,0.4931698143482208,0.0,0.0,-0.020803777500987053
4308,-0.5176568627357483,0.0,0.0,0.021722963079810143
4309,-0.47870686650276184,0.0,0.0,-0.020803777500987053
4310,-0.4199361503124237,0.0,0.0,-0.020803777500987053
4311,-0.5176568627357483,0.0,0.0,0.021722963079810143
4312,0.4931698143482208,0.0,0.0,-0.020803777500987053
4313,0.4931698143482208,0.0,0.0,-0.020803777500987053
4314,0.12540610134601593,0.0,0.0,-0.020803777500987053
4315,0.4931698143482208,0.0,0.0,-0.020803777500987053
4316,-0.12357064336538315,0.0,0.0,0.0878119245171547
4317,-0.13559278845787048,0.0,0.0,0.05009617283940315
4318,-0.14705200493335724,0.0,0.0,-0.02389935962855816
4319,0.3341514468193054,0.0,0.0,-0.016262691468000412
4320,-0.6397688388824463,0.0,0.0,-0.15271076560020447
4321,-0.6397688388824463,0.0,0.0,-0.15271076560020447
4322,-0.634343683719635,0.0,0.0,-0.15271076560020447
4323,0.7015154957771301,0.0,0.0,0.042825572192668915
4324,0.7015154957771301,0.0,0.0,0.02221047878265381
4325,-0.6399615406990051,0.0,0.0,-0.15271076560020447
4326,0.2739974856376648,0.0,0.0,-0.018910925835371017
4327,-0.6376044154167175,0.0,0.0,-0.060687724500894547
4328,-0.6403759717941284,0.0,0.0,-0.0581568144261837
4329,-0.6221060752868652,0.0,0.0,-0.08403080701828003
4330,-0.03714596852660179,0.0,0.0,-0.01384047232568264
4331,-0.28149765729904175,0.0,0.0,-0.09664308279752731
4332,-0.3360554873943329,0.0,0.0,-0.1533004492521286
4333,-0.11845613270998001,0.0,0.0,0.06046761944890022
4334,0.07712007313966751,0.0,0.0,-0.021943915635347366
4335,-0.6285006999969482,0.0,0.0,-0.10857539623975754
4336,-0.2811890244483948,0.0,0.0,-0.08143668621778488
4337,-0.14095722138881683,0.0,0.0,0.025793898850679398
4338,0.7015154957771301,0.0,0.0,0.042825572192668915
4339,-0.292328804731369,0.0,0.0,-0.1476072520017624
4340,-0.6403759717941284,0.0,0.0,-0.026991520076990128
4341,-0.039041418582201004,0.0,0.0,-0.014227055013179779
4342,-0.039041418582201004,0.0,0.0,-0.022586051374673843
4343,-0.5845261812210083,0.0,0.0,-0.12348797172307968
4344,0.7015154957771301,0.0,0.0,0.042825572192668915
4345,-0.6221060752868652,0.0,0.0,-0.08403080701828003
4346,-0.41512012481689453,0.0,0.0,-0.15190869569778442
4347,-0.15111619234085083,0.0,0.0,-0.054385002702474594
4348,-0.17278489470481873,0.0,0.0,-0.05710308626294136
4349,0.31554165482521057,0.0,0.0,-0.016262691468000412
4350,-0.13687367737293243,0.0,0.0,-0.023472780361771584
4351,-0.6303213238716125,0.0,0.0,-0.15847787261009216
4352,-0.11685346812009811,0.0,0.0,-0.05379590019583702
4353,-0.634343683719635,0.0,0.0,-0.15046155452728271
4354,-0.43170180916786194,0.0,0.0,-0.15502114593982697
4355,0.7015154957771301,0.0,0.0,0.042825572192668915
4356,-0.13559278845787048,0.0,0.0,0.05009617283940315
4357,-0.6397688388824463,0.0,0.0,-0.15271076560020447
4358,-0.634343683719635,0.0,0.0,-0.15271076560020447
4359,-0.039041418582201004,0.0,0.0,-0.014227055013179779
4360,-0.12361735850572586,0.0,0.0,-0.014757147058844566
4361,-0.6404820680618286,0.0,0.0,-0.08919484913349152
4362,-0.6221060752868652,0.0,0.0,-0.08403080701828003
4363,-0.12032326310873032,0.0,0.0,0.05052274838089943
4364,0.31554165482521057,0.0,0.0,-0.016262691468000412
4365,-0.03714596852660179,0.0,0.0,-0.01384047232568264
4366,-0.130384624004364,0.0,0.0,0.0878119245171547
4367,-0.6401832699775696,0.0,0.0,-0.06791020184755325
4368,0.28175100684165955,0.0,0.0,-0.018910925835371017
4369,-0.634343683719635,0.0,0.0,-0.15271076560020447
4370,-0.039041418582201004,0.0,0.0,-0.022586051374673843
4371,-0.6221060752868652,0.0,0.0,-0.08403080701828003
4372,-0.26839926838874817,0.0,0.0,-0.11778327822685242
4373,-0.6221060752868652,0.0,0.0,-0.08403080701828003
4374,-0.634343683719635,0.0,0.0,-0.15046155452728271
4375,0.12923596799373627,0.0,0.0,-0.013584919273853302
4376,0.3341514468193054,0.0,0.0,-0.016262691468000412
4377,-0.6410777568817139,0.0,0.0,-0.15847787261009216
4378,-0.6221060752868652,0.0,0.0,-0.08403080701828003
4379,-0.11685346812009811,0.0,0.0,0.08968790620565414
4380,-0.6399615406990051,0.0,0.0,-0.15271076560020447
4381,-0.6356526017189026,0.0,0.0,-0.15847787261009216
4382,-0.634343683719635,0.0,0.0,-0.15271076560020447
4383,-0.15214325487613678,0.0,0.0,-0.02389935962855816
4384,-0.12357064336538315,0.0,0.0,0.0878119245171547
4385,-0.6221060752868652,0.0,0.0,-0.08403080701828003
4386,0.317437082529068,0.0,0.0,-0.007517123594880104
4387,0.10540036857128143,0.0,0.0,-0.021943915635347366
4388,0.28175100684165955,0.0,0.0,-0.018910925835371017
4389,-0.13497823476791382,0.0,0.0,-0.01472720131278038
4390,0.0021019000560045242,0.0,0.0,0.061354346573352814
4391,0.5711288452148438,0.0,0.0,0.00794085394591093
4392,-0.13103865087032318,0.0,0.0,0.08012605458498001
4393,-0.17339231073856354,0.0,0.0,-0.09359416365623474
4394,-0.11685346812009811,0.0,0.0,-0.05379590019583702
4395,-0.3351610004901886,0.0,0.0,-0.06001465395092964
4396,0.07712007313966751,0.0,0.0,-0.021943915635347366
4397,-0.1232076957821846,0.0,0.0,0.08968790620565414
4398,-0.6285006999969482,0.0,0.0,-0.10857539623975754
4399,-0.13687367737293243,0.0,0.0,-0.01511378400027752
4400,-0.6285006999969482,0.0,0.0,-0.10857539623975754
4401,-0.6410777568817139,0.0,0.0,-0.15847787261009216
4402,0.12062384188175201,0.0,0.0,-0.021943915635347366
4403,0.3341514468193054,0.0,0.0,-0.016262691468000412
4404,0.33982065320014954,0.0,0.0,-0.007903706282377243
4405,0.10540036857128143,0.0,0.0,-0.013584919273853302
4406,-0.15697245299816132,0.0,0.0,-0.05710308626294136
4407,0.7015154957771301,0.0,0.0,0.042825572192668915
4408,-0.14095722138881683,0.0,0.0,0.025793898850679398
4409,-0.6158266663551331,0.0,0.0,-0.15046155452728271
4410,-0.2738882601261139,0.0,0.0,-0.05743390694260597
4411,-0.13687367737293243,0.0,0.0,-0.023472780361771584
4412,-0.13687367737293243,0.0,0.0,-0.023472780361771584
4413,-0.15214325487613678,0.0,0.0,-0.02389935962855816
4414,0.39980876445770264,0.0,0.0,-0.012016929686069489
4415,-0.6410777568817139,0.0,0.0,-0.15268507599830627
4416,-0.2896236181259155,0.0,0.0,-0.09664308279752731
4417,-0.6221060752868652,0.0,0.0,-0.08403080701828003
4418,-0.6397688388824463,0.0,0.0,-0.15271076560020447
4419,0.17377445101737976,0.0,0.0,-0.02120300382375717
4420,-0.28178468346595764,0.0,0.0,-0.13889461755752563
4421,-0.6233238577842712,0.0,0.0,-0.08642546087503433
4422,-0.6221060752868652,0.0,0.0,-0.08403080701828003
4423,-0.6221060752868652,0.0,0.0,-0.08403080701828003
4424,0.7015154957771301,0.0,0.0,0.042825572192668915
4425,-0.6374865770339966,0.0,0.0,-0.15046155452728271
4426,0.6934813261032104,0.0,0.0,0.03936808556318283
4427,0.31554165482521057,0.0,0.0,0.012711390852928162
4428,-0.11685346812009811,0.0,0.0,0.08968790620565414
4429,-0.12357064336538315,0.0,0.0,0.0878119245171547
4430,0.7015154957771301,0.0,0.0,0.013851480558514595
4431,0.07712007313966751,0.0,0.0,-0.013584919273853302
4432,0.7015154957771301,0.0,0.0,0.02221047878265381
4433,0.3341514468193054,0.0,0.0,-0.016262691468000412
4434,0.7015154957771301,0.0,0.0,0.042825572192668915
4435,0.2739974856376648,0.0,0.0,-0.018910925835371017
4436,0.3035096824169159,0.0,0.0,0.09280035644769669
4437,0.7015154957771301,0.0,0.0,0.042825572192668915
4438,-0.11685346812009811,0.0,0.0,0.08968790620565414
4439,-0.039041418582201004,0.0,0.0,-0.022586051374673843
4440,-0.6221060752868652,0.0,0.0,-0.08403080701828003
4441,0.7015154957771301,0.0,0.0,0.042825572192668915
4442,-0.43080732226371765,0.0,0.0,-0.06445346772670746
4443,-0.039041418582201004,0.0,0.0,-0.014227055013179779
4444,0.7015154957771301,0.0,0.0,0.02221047878265381
4445,0.1371743232011795,0.0,0.0,0.0520516112446785
4446,-0.130384624004364,0.0,0.0,0.0878119245171547
4447,-0.11685346812009811,0.0,0.0,0.08968790620565414
4448,-0.29101988673210144,0.0,0.0,-0.14270338416099548
4449,0.7015154957771301,0.0,0.0,0.042825572192668915
4450,0.11658641695976257,0.0,0.0,0.02774934656918049
4451,-0.634343683719635,0.0,0.0,-0.15271076560020447
4452,-0.11845613270998001,0.0,0.0,0.06046761944890022
4453,-0.6353655457496643,0.0,0.0,-0.10440124571323395
4454,0.7015154957771301,0.0,0.0,0.013851480558514595
4455,0.7015154957771301,0.0,0.0,0.042825572192668915
4456,-0.130384624004364,0.0,0.0,0.0878119245171547
4457,-0.11685346812009811,0.0,0.0,0.08968790620565414
4458,0.7015154957771301,0.0,0.0,0.042825572192668915
4459,0.33604687452316284,0.0,0.0,-0.007517123594880104
4460,-0.17278489470481873,0.0,0.0,-0.05710308626294136
4461,0.5711288452148438,0.0,0.0,0.00794085394591093
4462,-0.6397688388824463,0.0,0.0,-0.15271076560020447
4463,0.7015154957771301,0.0,0.0,0.02221047878265381
4464,0.7015154957771301,0.0,0.0,0.013851480558514595
4465,-0.1232076957821846,0.0,0.0,0.08968790620565414
4466,-0.3360554873943329,0.0,0.0,-0.15018801391124725
4467,-0.130384624004364,0.0,0.0,0.0878119245171547
4468,0.2825498878955841,0.0,0.0,0.023192154243588448
4469,0.7015154957771301,0.0,0.0,0.042825572192668915
4470,-0.6399615406990051,0.0,0.0,-0.15046155452728271
4471,-0.11685346812009811,0.0,0.0,0.08968790620565414
4472,-0.11511508375406265,0.0,0.0,0.08823850005865097
4473,0.7015154957771301,0.0,0.0,0.042825572192668915
4474,-0.28149765729904175,0.0,0.0,-0.11902565509080887
4475,-0.15697245299816132,0.0,0.0,-0.054385002702474594
4476,-0.11685346812009811,0.0,0.0,0.08968790620565414
4477,-0.6285006999969482,0.0,0.0,-0.10857539623975754
4478,0.7015154957771301,0.0,0.0,0.013851480558514595
4479,0.7015154957771301,0.0,0.0,0.042825572192668915
4480,-0.0179368294775486,0.0,0.0,0.08143935352563858
4481,0.7015154957771301,0.0,0.0,0.042825572192668915
4482,-0.13558731973171234,0.0,0.0,0.28233176469802856
4483,-0.19599315524101257,0.0,0.0,-0.5098133683204651
4484,-0.19599315524101257,0.0,0.0,-0.5098133683204651
4485,0.3889392912387848,0.0,0.0,-0.37863489985466003
4486,-0.9665460586547852,0.0,0.0,0.19847190380096436
4487,-0.9665460586547852,0.0,0.0,0.19847190380096436
4488,-0.8646208047866821,0.0,0.0,0.21821963787078857
4489,1.231846809387207,0.0,0.0,-0.3022761046886444
4490,1.231846809387207,0.0,0.0,-0.3022761046886444
4491,-0.8643029928207397,0.0,0.0,0.19847190380096436
4492,0.25937750935554504,0.0,0.0,-0.37863489985466003
4493,-0.8643029928207397,0.0,0.0,0.28233176469802856
4494,-0.8643029928207397,0.0,0.0,0.28233176469802856
4495,-0.8646208047866821,0.0,0.0,0.21821963787078857
4496,0.10321682691574097,0.0,0.0,-0.5098133683204651
4497,-0.5872911810874939,0.0,0.0,0.17366459965705872
4498,-0.8643029928207397,0.0,0.0,0.08148223906755447
4499,-0.19599315524101257,0.0,0.0,-0.5098133683204651
4500,0.10321682691574097,0.0,0.0,-0.5098133683204651
4501,-0.8646208047866821,0.0,0.0,0.21821963787078857
4502,-0.5872911810874939,0.0,0.0,0.17366459965705872
4503,-0.19599315524101257,0.0,0.0,-0.5098133683204651
4504,1.231846809387207,0.0,0.0,-0.3022761046886444
4505,-0.8643029928207397,0.0,0.0,0.08148223906755447
4506,-0.8643029928207397,0.0,0.0,0.28233176469802856
4507,0.12185943126678467,0.0,0.0,-0.37863489985466003
4508,0.12185943126678467,0.0,0.0,-0.37863489985466003
4509,-0.8643029928207397,0.0,0.0,0.08148223906755447
4510,1.231846809387207,0.0,0.0,-0.3022761046886444
4511,-0.8646208047866821,0.0,0.0,0.21821963787078857
4512,-0.8643029928207397,0.0,0.0,0.08148223906755447
4513,-0.3648208677768707,0.0,0.0,0.28233176469802856
4514,-0.3648208677768707,0.0,0.0,0.28233176469802856
4515,0.3889392912387848,0.0,0.0,-0.37863489985466003
4516,-0.17735058069229126,0.0,0.0,-0.37863489985466003
4517,-0.8643029928207397,0.0,0.0,0.08148223906755447
4518,-0.13558731973171234,0.0,0.0,0.28233176469802856
4519,-0.8646208047866821,0.0,0.0,0.10122997313737869
4520,-0.8643029928207397,0.0,0.0,0.08148223906755447
4521,1.231846809387207,0.0,0.0,-0.3022761046886444
4522,-0.19599315524101257,0.0,0.0,-0.5098133683204651
4523,-0.9665460586547852,0.0,0.0,0.19847190380096436
4524,-0.8646208047866821,0.0,0.0,0.21821963787078857
4525,0.12185943126678467,0.0,0.0,-0.37863489985466003
4526,-0.17735058069229126,0.0,0.0,-0.37863489985466003
4527,-0.9665460586547852,0.0,0.0,0.17366459965705872
4528,-0.8646208047866821,0.0,0.0,0.21821963787078857
4529,-0.19599315524101257,0.0,0.0,-0.5098133683204651
4530,0.3889392912387848,0.0,0.0,-0.37863489985466003
4531,-0.01777549833059311,0.0,0.0,-0.5098133683204651
4532,-0.13558731973171234,0.0,0.0,0.28233176469802856
4533,-0.9665460586547852,0.0,0.0,0.28233176469802856
4534,0.25937750935554504,0.0,0.0,-0.37863489985466003
4535,-0.8646208047866821,0.0,0.0,0.21821963787078857
4536,0.0008670911192893982,0.0,0.0,-0.37863489985466003
4537,-0.8646208047866821,0.0,0.0,0.21821963787078857
4538,-0.5872911810874939,0.0,0.0,0.08148223906755447
4539,-0.8646208047866821,0.0,0.0,0.21821963787078857
4540,-0.8646208047866821,0.0,0.0,0.10122997313737869
4541,0.12185943126678467,0.0,0.0,-0.37863489985466003
4542,0.492458701133728,0.0,0.0,-0.37863489985466003
4543,-0.9665460586547852,0.0,0.0,0.08148223906755447
4544,-0.8646208047866821,0.0,0.0,0.21821963787078857
4545,-0.13558731973171234,0.0,0.0,0.28233176469802856
4546,-0.8643029928207397,0.0,0.0,0.19847190380096436
4547,-0.8646208047866821,0.0,0.0,0.10122997313737869
4548,-0.8646208047866821,0.0,0.0,0.21821963787078857
4549,-0.19599315524101257,0.0,0.0,-0.5098133683204651
4550,-0.13558731973171234,0.0,0.0,0.28233176469802856
4551,-0.8646208047866821,0.0,0.0,0.21821963787078857
4552,0.3702967166900635,0.0,0.0,-0.5098133683204651
4553,0.10321682691574097,0.0,0.0,-0.5098133683204651
4554,0.25937750935554504,0.0,0.0,-0.37863489985466003
4555,-0.19599315524101257,0.0,0.0,-0.5098133683204651
4556,0.10321682691574097,0.0,0.0,-0.5098133683204651
4557,1.231846809387207,0.0,0.0,-0.3022761046886444
4558,-0.16463540494441986,0.0,0.0,-0.09246623516082764
4559,-0.3648208677768707,0.0,0.0,0.17366459965705872
4560,-0.13558731973171234,0.0,0.0,0.28233176469802856
4561,-0.8643029928207397,0.0,0.0,0.28233176469802856
4562,0.10321682691574097,0.0,0.0,-0.5098133683204651
4563,-0.13558731973171234,0.0,0.0,0.28233176469802856
4564,-0.8646208047866821,0.0,0.0,0.21821963787078857
4565,-0.17735058069229126,0.0,0.0,-0.37863489985466003
4566,-0.8646208047866821,0.0,0.0,0.21821963787078857
4567,-0.9665460586547852,0.0,0.0,0.08148223906755447
4568,0.12185943126678467,0.0,0.0,-0.37863489985466003
4569,0.3889392912387848,0.0,0.0,-0.37863489985466003
4570,0.492458701133728,0.0,0.0,-0.37863489985466003
4571,0.12185943126678467,0.0,0.0,-0.37863489985466003
4572,-0.3648208677768707,0.0,0.0,0.28233176469802856
4573,1.231846809387207,0.0,0.0,-0.3022761046886444
4574,-0.19599315524101257,0.0,0.0,-0.5098133683204651
4575,-0.8643029928207397,0.0,0.0,0.08148223906755447
4576,-0.5872911810874939,0.0,0.0,0.28233176469802856
4577,-0.19599315524101257,0.0,0.0,-0.5098133683204651
4578,-0.19599315524101257,0.0,0.0,-0.5098133683204651
4579,-0.19599315524101257,0.0,0.0,-0.5098133683204651
4580,0.492458701133728,0.0,0.0,-0.37863489985466003
4581,-0.9665460586547852,0.0,0.0,0.08148223906755447
4582,-0.745989203453064,0.0,0.0,0.17366459965705872
4583,-0.8646208047866821,0.0,0.0,0.21821963787078857
4584,-0.8643029928207397,0.0,0.0,0.19847190380096436
4585,0.24073489010334015,0.0,0.0,-0.5098133683204651
4586,-0.5872911810874939,0.0,0.0,0.08148223906755447
4587,-0.8646208047866821,0.0,0.0,0.21821963787078857
4588,-0.8646208047866821,0.0,0.0,0.21821963787078857
4589,-0.8646208047866821,0.0,0.0,0.21821963787078857
4590,1.231846809387207,0.0,0.0,-0.3022761046886444
4591,-0.8643029928207397,0.0,0.0,0.19847190380096436
4592,1.2132041454315186,0.0,0.0,-0.4334546625614166
4593,0.3889392912387848,0.0,0.0,-0.37863489985466003
4594,-0.13558731973171234,0.0,0.0,0.28233176469802856
4595,-0.13558731973171234,0.0,0.0,0.28233176469802856
4596,1.2132041454315186,0.0,0.0,-0.4334546625614166
4597,0.12185943126678467,0.0,0.0,-0.37863489985466003
4598,1.231846809387207,0.0,0.0,-0.3022761046886444
4599,0.3702967166900635,0.0,0.0,-0.5098133683204651
4600,1.231846809387207,0.0,0.0,-0.3022761046886444
4601,0.25937750935554504,0.0,0.0,-0.37863489985466003
4602,0.4307025671005249,0.0,0.0,0.28233176469802856
4603,1.231846809387207,0.0,0.0,-0.3022761046886444
4604,-0.13558731973171234,0.0,0.0,0.28233176469802856
4605,0.12185943126678467,0.0,0.0,-0.37863489985466003
4606,-0.8646208047866821,0.0,0.0,0.21821963787078857
4607,1.231846809387207,0.0,0.0,-0.3022761046886444
4608,-0.8643029928207397,0.0,0.0,0.28233176469802856
4609,0.0008670911192893982,0.0,0.0,-0.37863489985466003
4610,1.231846809387207,0.0,0.0,-0.3022761046886444
4611,0.10321682691574097,0.0,0.0,-0.5098133683204651
4612,-0.13558731973171234,0.0,0.0,0.28233176469802856
4613,-0.13558731973171234,0.0,0.0,0.28233176469802856
4614,-0.8643029928207397,0.0,0.0,0.08148223906755447
4615,1.231846809387207,0.0,0.0,-0.3022761046886444
4616,0.10321682691574097,0.0,0.0,-0.5098133683204651
4617,-0.8646208047866821,0.0,0.0,0.21821963787078857
4618,-0.19599315524101257,0.0,0.0,-0.5098133683204651
4619,-0.9665460586547852,0.0,0.0,0.17366459965705872
4620,1.231846809387207,0.0,0.0,-0.3022761046886444
4621,1.231846809387207,0.0,0.0,-0.3022761046886444
4622,-0.13558731973171234,0.0,0.0,0.28233176469802856
4623,-0.13558731973171234,0.0,0.0,0.28233176469802856
4624,1.231846809387207,0.0,0.0,-0.3022761046886444
4625,0.3702967166900635,0.0,0.0,-0.5098133683204651
4626,-0.3648208677768707,0.0,0.0,0.28233176469802856
4627,1.231846809387207,0.0,0.0,-0.3022761046886444
4628,-0.9665460586547852,0.0,0.0,0.19847190380096436
4629,1.231846809387207,0.0,0.0,-0.3022761046886444
4630,1.231846809387207,0.0,0.0,-0.3022761046886444
4631,-0.13558731973171234,0.0,0.0,0.28233176469802856
4632,-0.8643029928207397,0.0,0.0,0.08148223906755447
4633,-0.13558731973171234,0.0,0.0,0.28233176469802856
4634,0.24073489010334015,0.0,0.0,-0.5098133683204651
4635,1.231846809387207,0.0,0.0,-0.3022761046886444
4636,-0.8643029928207397,0.0,0.0,0.19847190380096436
4637,-0.13558731973171234,0.0,0.0,0.28233176469802856
4638,-0.13558731973171234,0.0,0.0,0.28233176469802856
4639,1.231846809387207,0.0,0.0,-0.3022761046886444
4640,-0.5872911810874939,0.0,0.0,0.08148223906755447
4641,-0.3648208677768707,0.0,0.0,0.28233176469802856
4642,-0.13558731973171234,0.0,0.0,0.28233176469802856
4643,-0.8646208047866821,0.0,0.0,0.21821963787078857
4644,1.231846809387207,0.0,0.0,-0.3022761046886444
4645,1.231846809387207,0.0,0.0,-0.3022761046886444
4646,0.013582251965999603,0.0,0.0,-0.09246623516082764
4647,1.231846809387207,0.0,0.0,-0.3022761046886444
4648,-0.5967040657997131,0.0,0.0,0.5954020023345947
4649,-0.46177664399147034,0.0,0.0,-0.05748734623193741
4650,-0.3727792799472809,0.0,0.0,-1.7326322793960571
4651,1.5261696577072144,0.0,0.0,-1.6407198905944824
4652,-1.303134799003601,0.0,0.0,0.7421539425849915
4653,-1.3629310131072998,0.0,0.0,0.7421539425849915
4654,-1.303134799003601,0.0,0.0,0.7421539425849915
4655,1.5261696577072144,0.0,0.0,-1.4411044120788574
4656,1.5261696577072144,0.0,0.0,-1.4411044120788574
4657,-1.3629310131072998,0.0,0.0,0.7421539425849915
4658,1.2914615869522095,0.0,0.0,-1.4754488468170166
4659,-1.4678038358688354,0.0,0.0,0.15539132058620453
4660,-1.4678038358688354,0.0,0.0,0.15539132058620453
4661,-1.303134799003601,0.0,0.0,0.7421539425849915
4662,-0.029561588540673256,0.0,0.0,-1.165793538093567
4663,-1.2235243320465088,0.0,0.0,0.30409350991249084
4664,-1.2958632707595825,0.0,0.0,0.32347607612609863
4665,-0.33001473546028137,0.0,0.0,-0.05748734623193741
4666,0.09677600115537643,0.0,0.0,-1.7326322793960571
4667,-1.303134799003601,0.0,0.0,0.7421539425849915
4668,-1.2235243320465088,0.0,0.0,0.30409350991249084
4669,-0.46177664399147034,0.0,0.0,-0.3676079213619232
4670,1.5261696577072144,0.0,0.0,-1.4411044120788574
4671,-1.2958632707595825,0.0,0.0,0.2233724445104599
4672,-1.4678038358688354,0.0,0.0,0.15539132058620453
4673,-0.07232613116502762,0.0,0.0,-1.5330168008804321
4674,-0.07232613116502762,0.0,0.0,-1.7326322793960571
4675,-1.4074627161026,0.0,0.0,0.1983386129140854
4676,1.5261696577072144,0.0,0.0,-1.4411044120788574
4677,-1.303134799003601,0.0,0.0,0.7421539425849915
4678,-1.2958632707595825,0.0,0.0,0.17652973532676697
4679,-0.9485529065132141,0.0,0.0,0.18042509257793427
4680,-1.020961046218872,0.0,0.0,0.18042509257793427
4681,1.5261696577072144,0.0,0.0,-1.6407198905944824
4682,-0.3727792799472809,0.0,0.0,-1.7326322793960571
4683,-1.4678038358688354,0.0,0.0,0.2984422445297241
4684,-0.8120645880699158,0.0,0.0,0.2004954069852829
4685,-1.3326184749603271,0.0,0.0,0.5825503468513489
4686,-1.2958632707595825,0.0,0.0,0.32347607612609863
4687,1.5261696577072144,0.0,0.0,-1.4411044120788574
4688,-0.46177664399147034,0.0,0.0,-0.3676079213619232
4689,-1.303134799003601,0.0,0.0,0.7421539425849915
4690,-1.303134799003601,0.0,0.0,0.7421539425849915
4691,-0.07232613116502762,0.0,0.0,-1.5330168008804321
4692,-0.3727792799472809,0.0,0.0,-1.5330168008804321
4693,-1.4080075025558472,0.0,0.0,0.2790597081184387
4694,-1.303134799003601,0.0,0.0,0.7421539425849915
4695,-0.33001473546028137,0.0,0.0,-0.3676079213619232
4696,1.5261696577072144,0.0,0.0,-1.6407198905944824
4697,-0.07232613116502762,0.0,0.0,-1.7326322793960571
4698,-0.43127718567848206,0.0,0.0,0.5019457340240479
4699,-1.4080075025558472,0.0,0.0,0.2790597081184387
4700,1.2914615869522095,0.0,0.0,-1.6750640869140625
4701,-1.303134799003601,0.0,0.0,0.7421539425849915
4702,-0.07232613116502762,0.0,0.0,-1.7326322793960571
4703,-1.303134799003601,0.0,0.0,0.7421539425849915
4704,-1.2235243320465088,0.0,0.0,0.2233724445104599
4705,-1.303134799003601,0.0,0.0,0.7421539425849915
4706,-1.3326184749603271,0.0,0.0,0.5825503468513489
4707,0.30342698097229004,0.0,0.0,-1.490225911140442
4708,1.5261696577072144,0.0,0.0,-1.6407198905944824
4709,-1.4080075025558472,0.0,0.0,0.2984422445297241
4710,-1.303134799003601,0.0,0.0,0.7421539425849915
4711,-0.5075205564498901,0.0,0.0,0.6619246006011963
4712,-1.3629310131072998,0.0,0.0,0.7421539425849915
4713,-1.4080075025558472,0.0,0.0,0.2984422445297241
4714,-1.303134799003601,0.0,0.0,0.7421539425849915
4715,-0.3727792799472809,0.0,0.0,-1.7326322793960571
4716,-0.5075205564498901,0.0,0.0,0.6619246006011963
4717,-1.303134799003601,0.0,0.0,0.7421539425849915
4718,1.5261696577072144,0.0,0.0,-1.6407198905944824
4719,0.09448125213384628,0.0,0.0,-1.7326322793960571
4720,1.2914615869522095,0.0,0.0,-1.6750640869140625
4721,-0.33001473546028137,0.0,0.0,-1.165793538093567
4722,-0.029561588540673256,0.0,0.0,-0.05748734623193741
4723,1.5261696577072144,0.0,0.0,-1.4411044120788574
4724,-0.6272035241127014,0.0,0.0,-0.05748734623193741
4725,-1.020961046218872,0.0,0.0,0.30409350991249084
4726,-0.7592572569847107,0.0,0.0,0.2004954069852829
4727,-1.2958632707595825,0.0,0.0,0.18042509257793427
4728,0.09677600115537643,0.0,0.0,-1.7326322793960571
4729,-0.5075205564498901,0.0,0.0,0.6619246006011963
4730,-1.303134799003601,0.0,0.0,0.7421539425849915
4731,-0.3727792799472809,0.0,0.0,-1.5330168008804321
4732,-1.303134799003601,0.0,0.0,0.7421539425849915
4733,-1.4080075025558472,0.0,0.0,0.2984422445297241
4734,0.30342698097229004,0.0,0.0,-1.6898411512374878
4735,1.5261696577072144,0.0,0.0,-1.6407198905944824
4736,1.5261696577072144,0.0,0.0,-1.4411044120788574
4737,0.09448125213384628,0.0,0.0,-1.5330168008804321
4738,-0.9485529065132141,0.0,0.0,0.18042509257793427
4739,1.5261696577072144,0.0,0.0,-1.4411044120788574
4740,-0.46177664399147034,0.0,0.0,-0.3676079213619232
4741,-1.3924148082733154,0.0,0.0,0.5825503468513489
4742,-1.2235243320465088,0.0,0.0,0.18042509257793427
4743,-0.3727792799472809,0.0,0.0,-1.7326322793960571
4744,-0.3727792799472809,0.0,0.0,-1.7326322793960571
4745,-0.5045412182807922,0.0,0.0,-1.7326322793960571
4746,1.5261696577072144,0.0,0.0,-1.4411044120788574
4747,-1.4678038358688354,0.0,0.0,0.1983386129140854
4748,-1.2958632707595825,0.0,0.0,0.30409350991249084
4749,-1.303134799003601,0.0,0.0,0.7421539425849915
4750,-1.3629310131072998,0.0,0.0,0.7421539425849915
4751,0.7334504127502441,0.0,0.0,-1.6898411512374878
4752,-1.2235243320465088,0.0,0.0,0.2233724445104599
4753,-1.303134799003601,0.0,0.0,0.7421539425849915
4754,-1.303134799003601,0.0,0.0,0.7421539425849915
4755,-1.303134799003601,0.0,0.0,0.7421539425849915
4756,1.5261696577072144,0.0,0.0,-1.4411044120788574
4757,-1.3629310131072998,0.0,0.0,0.7421539425849915
4758,1.5689340829849243,0.0,0.0,-0.5692704319953918
4759,1.5261696577072144,0.0,0.0,-1.4411044120788574
4760,-0.5075205564498901,0.0,0.0,0.6619246006011963
4761,-0.5967040657997131,0.0,0.0,0.6619246006011963
4762,1.5261696577072144,0.0,0.0,-1.6407198905944824
4763,0.09677600115537643,0.0,0.0,-1.5330168008804321
4764,1.5261696577072144,0.0,0.0,-1.4411044120788574
4765,1.5261696577072144,0.0,0.0,-1.6407198905944824
4766,1.5261696577072144,0.0,0.0,-1.4411044120788574
4767,1.2914615869522095,0.0,0.0,-1.6750640869140625
4768,1.5994335412979126,0.0,0.0,0.5396147966384888
4769,1.5261696577072144,0.0,0.0,-1.4411044120788574
4770,-0.5075205564498901,0.0,0.0,0.6619246006011963
4771,-0.07232613116502762,0.0,0.0,-1.7326322793960571
4772,-1.303134799003601,0.0,0.0,0.7421539425849915
4773,1.5261696577072144,0.0,0.0,-1.4411044120788574
4774,-1.2958632707595825,0.0,0.0,0.30409350991249084
4775,-0.07232613116502762,0.0,0.0,-1.5330168008804321
4776,1.5261696577072144,0.0,0.0,-1.4411044120788574
4777,0.34619152545928955,0.0,0.0,-0.01469639502465725
4778,-0.43127718567848206,0.0,0.0,0.4477025270462036
4779,-0.5075205564498901,0.0,0.0,0.6619246006011963
4780,-1.2204742431640625,0.0,0.0,0.6075841188430786
4781,1.5261696577072144,0.0,0.0,-1.4411044120788574
4782,0.24187879264354706,0.0,0.0,-0.3676079213619232
4783,-1.303134799003601,0.0,0.0,0.7421539425849915
4784,-0.33001473546028137,0.0,0.0,-0.05748734623193741
4785,-1.4080075025558472,0.0,0.0,0.2790597081184387
4786,1.5261696577072144,0.0,0.0,-1.6407198905944824
4787,1.5261696577072144,0.0,0.0,-1.4411044120788574
4788,-0.43127718567848206,0.0,0.0,0.5954020023345947
4789,-0.8120645880699158,0.0,0.0,0.6619246006011963
4790,1.5261696577072144,0.0,0.0,-1.4411044120788574
4791,1.5689340829849243,0.0,0.0,-1.0738812685012817
4792,-1.020961046218872,0.0,0.0,0.30409350991249084
4793,1.5261696577072144,0.0,0.0,-1.4411044120788574
4794,-1.303134799003601,0.0,0.0,0.7421539425849915
4795,1.5261696577072144,0.0,0.0,-1.4411044120788574
4796,1.5261696577072144,0.0,0.0,-1.6407198905944824
4797,-0.5075205564498901,0.0,0.0,0.6619246006011963
4798,-1.2958632707595825,0.0,0.0,0.32347607612609863
4799,-0.43127718567848206,0.0,0.0,0.6619246006011963
4800,1.3342260122299194,0.0,0.0,-0.3100399374961853
4801,1.5261696577072144,0.0,0.0,-1.4411044120788574
4802,-1.3924148082733154,0.0,0.0,0.5825503468513489
4803,-0.5075205564498901,0.0,0.0,0.6619246006011963
4804,-0.2995152771472931,0.0,0.0,0.5019457340240479
4805,1.5261696577072144,0.0,0.0,-1.4411044120788574
4806,-1.2235243320465088,0.0,0.0,0.2233724445104599
4807,-1.020961046218872,0.0,0.0,0.18042509257793427
4808,-0.5075205564498901,0.0,0.0,0.6619246006011963
4809,-1.303134799003601,0.0,0.0,0.7421539425849915
4810,1.5261696577072144,0.0,0.0,-1.6407198905944824
4811,1.5261696577072144,0.0,0.0,-1.4411044120788574
4812,-0.33001473546028137,0.0,0.0,-0.05748734623193741
4813,1.5261696577072144,0.0,0.0,-1.4411044120788574
4814,-0.06676480174064636,0.0,0.0,0.5476001501083374
4815,-0.10132578760385513,0.0,0.0,0.4200156331062317
4816,-0.13532821834087372,0.0,0.0,-0.14395202696323395
4817,0.7094222903251648,0.0,0.0,-0.10849498212337494
4818,-0.705048143863678,0.0,0.0,-0.44704797863960266
4819,-0.588514506816864,0.0,0.0,-0.42578575015068054
4820,-0.705048143863678,0.0,0.0,-0.44704797863960266
4821,0.9223545789718628,0.0,0.0,-0.08395682275295258
4822,0.9223545789718628,0.0,0.0,-0.08395682275295258
4823,-0.588514506816864,0.0,0.0,-0.42578575015068054
4824,0.011933965608477592,0.0,0.0,-0.14395202696323395
4825,-0.588514506816864,0.0,0.0,-0.16324017941951752
4826,-0.588514506816864,0.0,0.0,-0.16324017941951752
4827,-0.705048143863678,0.0,0.0,-0.44704797863960266
4828,-0.12180472165346146,0.0,0.0,-0.01896113157272339
4829,-0.43254297971725464,0.0,0.0,-0.16324017941951752
4830,-0.43254297971725464,0.0,0.0,-0.16324017941951752
4831,-0.10132578760385513,0.0,0.0,0.4200156331062317
4832,-0.13532821834087372,0.0,0.0,-0.14395202696323395
4833,-0.705048143863678,0.0,0.0,-0.44704797863960266
4834,-0.43254297971725464,0.0,0.0,-0.16324017941951752
4835,-0.10132578760385513,0.0,0.0,0.4200156331062317
4836,0.9223545789718628,0.0,0.0,-0.08395682275295258
4837,-0.43254297971725464,0.0,0.0,-0.16324017941951752
4838,-0.588514506816864,0.0,0.0,0.08960515260696411
4839,-0.13532821834087372,0.0,0.0,-0.14395202696323395
4840,-0.13532821834087372,0.0,0.0,-0.14395202696323395
4841,-0.588514506816864,0.0,0.0,-0.16324017941951752
4842,0.9223545789718628,0.0,0.0,-0.08395682275295258
4843,-0.705048143863678,0.0,0.0,-0.44704797863960266
4844,-0.43254297971725464,0.0,0.0,-0.16324017941951752
4845,-0.20073363184928894,0.0,0.0,-0.16324017941951752
4846,-0.43254297971725464,0.0,0.0,-0.16324017941951752
4847,0.6388158798217773,0.0,0.0,-0.10849498212337494
4848,-0.13532821834087372,0.0,0.0,-0.14395202696323395
4849,-0.588514506816864,0.0,0.0,-0.16324017941951752
4850,-0.20073363184928894,0.0,0.0,-0.16324017941951752
4851,-0.705048143863678,0.0,0.0,-0.18450243771076202
4852,-0.43254297971725464,0.0,0.0,-0.16324017941951752
4853,0.9223545789718628,0.0,0.0,-0.08395682275295258
4854,-0.10132578760385513,0.0,0.0,0.4200156331062317
4855,-0.705048143863678,0.0,0.0,-0.44704797863960266
4856,-0.705048143863678,0.0,0.0,-0.44704797863960266
4857,-0.13532821834087372,0.0,0.0,-0.14395202696323395
4858,-0.13532821834087372,0.0,0.0,-0.14395202696323395
4859,-0.705048143863678,0.0,0.0,-0.18450243771076202
4860,-0.705048143863678,0.0,0.0,-0.44704797863960266
4861,-0.10132578760385513,0.0,0.0,0.4200156331062317
4862,0.6388158798217773,0.0,0.0,-0.10849498212337494
4863,-0.12180472165346146,0.0,0.0,-0.01896113157272339
4864,-0.06676480174064636,0.0,0.0,0.5476001501083374
4865,-0.705048143863678,0.0,0.0,-0.18450243771076202
4866,0.09049027413129807,0.0,0.0,-0.14395202696323395
4867,-0.705048143863678,0.0,0.0,-0.44704797863960266
4868,-0.13532821834087372,0.0,0.0,-0.14395202696323395
4869,-0.705048143863678,0.0,0.0,-0.44704797863960266
4870,-0.43254297971725464,0.0,0.0,-0.16324017941951752
4871,-0.705048143863678,0.0,0.0,-0.44704797863960266
4872,-0.705048143863678,0.0,0.0,-0.18450243771076202
4873,0.011933965608477592,0.0,0.0,-0.14395202696323395
4874,0.7094222903251648,0.0,0.0,-0.10849498212337494
4875,-0.588514506816864,0.0,0.0,-0.16324017941951752
4876,-0.705048143863678,0.0,0.0,-0.44704797863960266
4877,-0.06676480174064636,0.0,0.0,0.5476001501083374
4878,-0.588514506816864,0.0,0.0,-0.42578575015068054
4879,-0.705048143863678,0.0,0.0,-0.18450243771076202
4880,-0.705048143863678,0.0,0.0,-0.44704797863960266
4881,-0.13532821834087372,0.0,0.0,-0.14395202696323395
4882,-0.06676480174064636,0.0,0.0,0.5476001501083374
4883,-0.705048143863678,0.0,0.0,-0.44704797863960266
4884,0.6523393988609314,0.0,0.0,0.016495902091264725
4885,0.011933965608477592,0.0,0.0,-0.14395202696323395
4886,0.011933965608477592,0.0,0.0,-0.14395202696323395
4887,-0.12180472165346146,0.0,0.0,-0.01896113157272339
4888,-0.10132578760385513,0.0,0.0,0.4200156331062317
4889,0.7604160904884338,0.0,0.0,-0.08395682275295258
4890,-0.06676480174064636,0.0,0.0,0.5476001501083374
4891,-0.43254297971725464,0.0,0.0,-0.16324017941951752
4892,-0.20073363184928894,0.0,0.0,-0.16324017941951752
4893,-0.43254297971725464,0.0,0.0,-0.16324017941951752
4894,-0.13532821834087372,0.0,0.0,-0.14395202696323395
4895,-0.06676480174064636,0.0,0.0,0.5476001501083374
4896,-0.705048143863678,0.0,0.0,-0.44704797863960266
4897,-0.13532821834087372,0.0,0.0,-0.14395202696323395
4898,-0.705048143863678,0.0,0.0,-0.44704797863960266
4899,-0.705048143863678,0.0,0.0,-0.18450243771076202
4900,0.011933965608477592,0.0,0.0,-0.14395202696323395
4901,0.7094222903251648,0.0,0.0,-0.10849498212337494
4902,0.7094222903251648,0.0,0.0,-0.10849498212337494
4903,0.011933965608477592,0.0,0.0,-0.14395202696323395
4904,-0.20073363184928894,0.0,0.0,-0.16324017941951752
4905,0.9223545789718628,0.0,0.0,-0.08395682275295258
4906,-0.10132578760385513,0.0,0.0,0.4200156331062317
4907,-0.588514506816864,0.0,0.0,-0.16324017941951752
4908,-0.43254297971725464,0.0,0.0,-0.16324017941951752
4909,-0.13532821834087372,0.0,0.0,-0.14395202696323395
4910,-0.13532821834087372,0.0,0.0,-0.14395202696323395
4911,-0.13532821834087372,0.0,0.0,-0.14395202696323395
4912,0.7094222903251648,0.0,0.0,-0.10849498212337494
4913,-0.588514506816864,0.0,0.0,-0.16324017941951752
4914,-0.43254297971725464,0.0,0.0,-0.16324017941951752
4915,-0.705048143863678,0.0,0.0,-0.44704797863960266
4916,-0.588514506816864,0.0,0.0,-0.42578575015068054
4917,0.011933965608477592,0.0,0.0,-0.14395202696323395
4918,-0.43254297971725464,0.0,0.0,-0.16324017941951752
4919,-0.705048143863678,0.0,0.0,-0.44704797863960266
4920,-0.705048143863678,0.0,0.0,-0.44704797863960266
4921,-0.705048143863678,0.0,0.0,-0.44704797863960266
4922,0.9223545789718628,0.0,0.0,-0.08395682275295258
4923,-0.588514506816864,0.0,0.0,-0.16324017941951752
4924,0.9185910224914551,0.0,0.0,0.44224485754966736
4925,0.6388158798217773,0.0,0.0,-0.10849498212337494
4926,-0.06676480174064636,0.0,0.0,0.5476001501083374
4927,-0.06676480174064636,0.0,0.0,0.5476001501083374
4928,0.9223545789718628,0.0,0.0,-0.08395682275295258
4929,-0.13532821834087372,0.0,0.0,-0.14395202696323395
4930,0.9223545789718628,0.0,0.0,-0.08395682275295258
4931,0.7094222903251648,0.0,0.0,-0.10849498212337494
4932,0.9223545789718628,0.0,0.0,-0.08395682275295258
4933,0.011933965608477592,0.0,0.0,-0.14395202696323395
4934,0.6472452878952026,0.0,0.0,0.5229231715202332
4935,0.9223545789718628,0.0,0.0,-0.08395682275295258
4936,-0.06676480174064636,0.0,0.0,0.5476001501083374
4937,-0.13532821834087372,0.0,0.0,-0.14395202696323395
4938,-0.705048143863678,0.0,0.0,-0.44704797863960266
4939,0.9223545789718628,0.0,0.0,-0.08395682275295258
4940,-0.43254297971725464,0.0,0.0,-0.16324017941951752
4941,-0.13532821834087372,0.0,0.0,-0.14395202696323395
4942,0.9223545789718628,0.0,0.0,-0.08395682275295258
4943,0.04593638330698013,0.0,0.0,0.4200156331062317
4944,-0.06676480174064636,0.0,0.0,0.5476001501083374
4945,-0.06676480174064636,0.0,0.0,0.5476001501083374
4946,-0.43254297971725464,0.0,0.0,-0.16324017941951752
4947,0.9223545789718628,0.0,0.0,-0.08395682275295258
4948,0.04593638330698013,0.0,0.0,0.4200156331062317
4949,-0.705048143863678,0.0,0.0,-0.44704797863960266
4950,-0.10132578760385513,0.0,0.0,0.4200156331062317
4951,-0.705048143863678,0.0,0.0,-0.18450243771076202
4952,0.9223545789718628,0.0,0.0,-0.08395682275295258
4953,0.9223545789718628,0.0,0.0,-0.08395682275295258
4954,-0.06676480174064636,0.0,0.0,0.5476001501083374
4955,-0.20073363184928894,0.0,0.0,0.5476001501083374
4956,0.9223545789718628,0.0,0.0,-0.08395682275295258
4957,0.7229458093643188,0.0,0.0,0.016495902091264725
4958,-0.43254297971725464,0.0,0.0,-0.16324017941951752
4959,0.7604160904884338,0.0,0.0,-0.08395682275295258
4960,-0.588514506816864,0.0,0.0,-0.16324017941951752
4961,0.9223545789718628,0.0,0.0,-0.08395682275295258
4962,0.9223545789718628,0.0,0.0,-0.08395682275295258
4963,-0.06676480174064636,0.0,0.0,0.5476001501083374
4964,-0.43254297971725464,0.0,0.0,-0.16324017941951752
4965,-0.06676480174064636,0.0,0.0,0.5476001501083374
4966,0.04593638330698013,0.0,0.0,0.4200156331062317
4967,0.9223545789718628,0.0,0.0,-0.08395682275295258
4968,-0.588514506816864,0.0,0.0,-0.16324017941951752
4969,-0.20073363184928894,0.0,0.0,0.5476001501083374
4970,-0.06676480174064636,0.0,0.0,0.5476001501083374
4971,0.9223545789718628,0.0,0.0,-0.08395682275295258
4972,-0.43254297971725464,0.0,0.0,-0.16324017941951752
4973,-0.20073363184928894,0.0,0.0,-0.16324017941951752
4974,-0.20073363184928894,0.0,0.0,0.5476001501083374
4975,-0.705048143863678,0.0,0.0,-0.44704797863960266
4976,0.9223545789718628,0.0,0.0,-0.08395682275295258
4977,0.9223545789718628,0.0,0.0,-0.08395682275295258
4978,-0.06676480174064636,0.0,0.0,0.5476001501083374
4979,0.9223545789718628,0.0,0.0,-0.08395682275295258
4980,-0.015139034017920494,0.0,0.0,0.32688257098197937
4981,-0.015139034017920494,0.0,0.0,0.23288345336914062
4982,-0.015139034017920494,0.0,0.0,-0.49029096961021423
4983,0.4367138743400574,0.0,0.0,-0.5467773675918579
4984,-1.1249626874923706,0.0,0.0,0.4863862991333008
4985,-1.0337461233139038,0.0,0.0,0.4863862991333008
4986,-1.1249626874923706,0.0,0.0,0.4863862991333008
4987,1.5131808519363403,0.0,0.0,-0.4981134235858917
4988,1.5131808519363403,0.0,0.0,-0.4981134235858917
4989,-0.9517934918403625,0.0,0.0,0.4863862991333008
4990,0.24725887179374695,0.0,0.0,-0.5467773675918579
4991,-0.982822060585022,0.0,0.0,0.30153146386146545
4992,-0.982822060585022,0.0,0.0,0.30153146386146545
4993,-1.1113770008087158,0.0,0.0,0.6031738519668579
4994,-0.015139034017920494,0.0,0.0,-0.03220861405134201
4995,-0.6657505035400391,0.0,0.0,0.07249175012111664
4996,-0.8023201823234558,0.0,0.0,0.04714065045118332
4997,-0.015139034017920494,0.0,0.0,0.23288345336914062
4998,-0.015139034017920494,0.0,0.0,-0.49029096961021423
4999,-1.1113770008087158,0.0,0.0,0.6031738519668579
5000,-0.6657505035400391,0.0,0.0,0.07249175012111664
5001,-0.015139034017920494,0.0,0.0,0.23288345336914062
5002,1.3976657390594482,0.0,0.0,-0.4981134235858917
5003,-0.6657505035400391,0.0,0.0,0.07249175012111664
5004,-0.982822060585022,0.0,0.0,0.30153146386146545
5005,-0.037447042763233185,0.0,0.0,-0.5467773675918579
5006,-0.037447042763233185,0.0,0.0,-0.6299037337303162
5007,-0.8023201823234558,0.0,0.0,0.04714065045118332
5008,1.5131808519363403,0.0,0.0,-0.4981134235858917
5009,-1.1113770008087158,0.0,0.0,0.6031738519668579
5010,-0.8023201823234558,0.0,0.0,0.04714065045118332
5011,-0.2291012853384018,0.0,0.0,0.24950328469276428
5012,-0.4327613115310669,0.0,0.0,0.24950328469276428
5013,0.35541650652885437,0.0,0.0,-0.6299037337303162
5014,-0.015139034017920494,0.0,0.0,-0.49029096961021423
5015,-0.8934414386749268,0.0,0.0,0.04714065045118332
5016,-0.2291012853384018,0.0,0.0,0.24950328469276428
5017,-1.1559913158416748,0.0,0.0,0.04714065045118332
5018,-0.8023201823234558,0.0,0.0,0.04714065045118332
5019,1.5131808519363403,0.0,0.0,-0.4981134235858917
5020,-0.015139034017920494,0.0,0.0,0.23288345336914062
5021,-1.1249626874923706,0.0,0.0,0.4863862991333008
5022,-1.1249626874923706,0.0,0.0,0.4863862991333008
5023,-0.037447042763233185,0.0,0.0,-0.5467773675918579
5024,-0.037447042763233185,0.0,0.0,-0.5467773675918579
5025,-1.1559913158416748,0.0,0.0,0.04714065045118332
5026,-1.1113770008087158,0.0,0.0,0.6031738519668579
5027,-0.015139034017920494,0.0,0.0,0.23288345336914062
5028,0.3777245283126831,0.0,0.0,-0.49029096961021423
5029,-0.015139034017920494,0.0,0.0,-0.49029096961021423
5030,-0.015139034017920494,0.0,0.0,0.32688257098197937
5031,-1.1559913158416748,0.0,0.0,0.22415217757225037
5032,0.2695668935775757,0.0,0.0,-0.49029096961021423
5033,-1.1249626874923706,0.0,0.0,0.4863862991333008
5034,-0.037447042763233185,0.0,0.0,-0.6299037337303162
5035,-1.1113770008087158,0.0,0.0,0.6031738519668579
5036,-0.6657505035400391,0.0,0.0,0.07249175012111664
5037,-1.1113770008087158,0.0,0.0,0.6031738519668579
5038,-1.1559913158416748,0.0,0.0,0.04714065045118332
5039,-0.037447042763233185,0.0,0.0,-0.5467773675918579
5040,0.4367138743400574,0.0,0.0,-0.5467773675918579
5041,-1.064774751663208,0.0,0.0,0.04714065045118332
5042,-1.1113770008087158,0.0,0.0,0.6031738519668579
5043,-0.015139034017920494,0.0,0.0,0.32688257098197937
5044,-0.9517934918403625,0.0,0.0,0.4863862991333008
5045,-1.1559913158416748,0.0,0.0,0.04714065045118332
5046,-1.1249626874923706,0.0,0.0,0.4863862991333008
5047,-0.015139034017920494,0.0,0.0,-0.49029096961021423
5048,-0.015139034017920494,0.0,0.0,0.32688257098197937
5049,-1.1113770008087158,0.0,0.0,0.6031738519668579
5050,0.3777245283126831,0.0,0.0,-0.49029096961021423
5051,-0.015139034017920494,0.0,0.0,-0.49029096961021423
5052,0.24725887179374695,0.0,0.0,-0.6299037337303162
5053,-0.015139034017920494,0.0,0.0,-0.03220861405134201
5054,-0.015139034017920494,0.0,0.0,0.23288345336914062
5055,1.1345046758651733,0.0,0.0,-0.4981134235858917
5056,-0.015139034017920494,0.0,0.0,0.23288345336914062
5057,-0.29779869318008423,0.0,0.0,0.07249175012111664
5058,-0.2291012853384018,0.0,0.0,0.24950328469276428
5059,-0.8023201823234558,0.0,0.0,0.22415217757225037
5060,-0.015139034017920494,0.0,0.0,-0.49029096961021423
5061,-0.015139034017920494,0.0,0.0,0.32688257098197937
5062,-1.1113770008087158,0.0,0.0,0.6031738519668579
5063,-0.037447042763233185,0.0,0.0,-0.5467773675918579
5064,-1.1113770008087158,0.0,0.0,0.6031738519668579
5065,-1.1559913158416748,0.0,0.0,0.04714065045118332
5066,-0.037447042763233185,0.0,0.0,-0.6299037337303162
5067,0.4367138743400574,0.0,0.0,-0.5467773675918579
5068,0.4367138743400574,0.0,0.0,-0.5467773675918579
5069,-0.037447042763233185,0.0,0.0,-0.5467773675918579
5070,-0.2291012853384018,0.0,0.0,0.24950328469276428
5071,1.5131808519363403,0.0,0.0,-0.4981134235858917
5072,-0.015139034017920494,0.0,0.0,0.23288345336914062
5073,-0.8023201823234558,0.0,0.0,0.04714065045118332
5074,-0.6657505035400391,0.0,0.0,0.24950328469276428
5075,-0.015139034017920494,0.0,0.0,-0.49029096961021423
5076,-0.015139034017920494,0.0,0.0,-0.49029096961021423
5077,-0.015139034017920494,0.0,0.0,-0.49029096961021423
5078,0.4367138743400574,0.0,0.0,-0.5467773675918579
5079,-1.064774751663208,0.0,0.0,0.04714065045118332
5080,-0.6657505035400391,0.0,0.0,0.07249175012111664
5081,-1.1113770008087158,0.0,0.0,0.6031738519668579
5082,-1.0337461233139038,0.0,0.0,0.4863862991333008
5083,-0.015139034017920494,0.0,0.0,-0.49029096961021423
5084,-0.6657505035400391,0.0,0.0,0.07249175012111664
5085,-1.1113770008087158,0.0,0.0,0.6031738519668579
5086,-1.1113770008087158,0.0,0.0,0.6031738519668579
5087,-1.1113770008087158,0.0,0.0,0.6031738519668579
5088,1.5131808519363403,0.0,0.0,-0.4981134235858917
5089,-0.9517934918403625,0.0,0.0,0.4863862991333008
5090,1.4199737310409546,0.0,0.0,0.09634333103895187
5091,0.35541650652885437,0.0,0.0,-0.5467773675918579
5092,-0.015139034017920494,0.0,0.0,0.32688257098197937
5093,-0.015139034017920494,0.0,0.0,0.32688257098197937
5094,1.5354888439178467,0.0,0.0,-0.44162705540657043
5095,-0.037447042763233185,0.0,0.0,-0.5467773675918579
5096,1.5131808519363403,0.0,0.0,-0.4981134235858917
5097,0.4590218663215637,0.0,0.0,-0.49029096961021423
5098,1.5131808519363403,0.0,0.0,-0.4981134235858917
5099,-0.037447042763233185,0.0,0.0,-0.6299037337303162
5100,0.3777245283126831,0.0,0.0,0.23288345336914062
5101,1.5131808519363403,0.0,0.0,-0.4981134235858917
5102,-0.015139034017920494,0.0,0.0,0.32688257098197937
5103,-0.015139034017920494,0.0,0.0,-0.49029096961021423
5104,-1.1113770008087158,0.0,0.0,0.6031738519668579
5105,1.5131808519363403,0.0,0.0,-0.4981134235858917
5106,-0.8023201823234558,0.0,0.0,0.22415217757225037
5107,-0.037447042763233185,0.0,0.0,-0.5467773675918579
5108,1.5131808519363403,0.0,0.0,-0.4981134235858917
5109,-0.015139034017920494,0.0,0.0,0.23288345336914062
5110,-0.015139034017920494,0.0,0.0,0.32688257098197937
5111,-0.015139034017920494,0.0,0.0,0.32688257098197937
5112,-0.6657505035400391,0.0,0.0,0.07249175012111664
5113,1.5131808519363403,0.0,0.0,-0.4981134235858917
5114,-0.015139034017920494,0.0,0.0,0.23288345336914062
5115,-1.1249626874923706,0.0,0.0,0.4863862991333008
5116,-0.015139034017920494,0.0,0.0,0.23288345336914062
5117,-1.1559913158416748,0.0,0.0,0.04714065045118332
5118,1.4199737310409546,0.0,0.0,-0.44162705540657043
5119,1.5131808519363403,0.0,0.0,-0.4981134235858917
5120,-0.015139034017920494,0.0,0.0,0.32688257098197937
5121,-0.2291012853384018,0.0,0.0,0.32688257098197937
5122,1.5131808519363403,0.0,0.0,-0.4981134235858917
5123,0.4590218663215637,0.0,0.0,-0.03220861405134201
5124,-0.4327613115310669,0.0,0.0,0.24950328469276428
5125,1.1345046758651733,0.0,0.0,-0.4981134235858917
5126,-1.0337461233139038,0.0,0.0,0.4863862991333008
5127,1.5131808519363403,0.0,0.0,-0.4981134235858917
5128,1.3976657390594482,0.0,0.0,-0.4981134235858917
5129,-0.015139034017920494,0.0,0.0,0.32688257098197937
5130,-0.8023201823234558,0.0,0.0,0.04714065045118332
5131,-0.015139034017920494,0.0,0.0,0.32688257098197937
5132,0.2695668935775757,0.0,0.0,0.1409788727760315
5133,1.5131808519363403,0.0,0.0,-0.4981134235858917
5134,-0.9687258005142212,0.0,0.0,0.3309803009033203
5135,-0.015139034017920494,0.0,0.0,0.32688257098197937
5136,-0.015139034017920494,0.0,0.0,0.32688257098197937
5137,1.5131808519363403,0.0,0.0,-0.4981134235858917
5138,-0.6657505035400391,0.0,0.0,0.07249175012111664
5139,-0.2291012853384018,0.0,0.0,0.24950328469276428
5140,-0.015139034017920494,0.0,0.0,0.32688257098197937
5141,-1.1113770008087158,0.0,0.0,0.6031738519668579
5142,1.5354888439178467,0.0,0.0,-0.44162705540657043
5143,1.5131808519363403,0.0,0.0,-0.4981134235858917
5144,-0.015139034017920494,0.0,0.0,0.23288345336914062
5145,1.5131808519363403,0.0,0.0,-0.4981134235858917
5146,-0.7207683324813843,0.0,0.0,1.1154210567474365
5147,-0.6343011260032654,0.0,0.0,-1.341204047203064
5148,-0.6664512753486633,0.0,0.0,-2.8118836879730225
5149,1.2293038368225098,0.0,0.0,-2.569687604904175
5150,-3.6308066844940186,0.0,0.0,0.8684166073799133
5151,-3.6308066844940186,0.0,0.0,0.8684166073799133
5152,-1.9038606882095337,0.0,0.0,0.6837534308433533
5153,2.6215784549713135,0.0,0.0,-1.3854423761367798
5154,2.6215784549713135,0.0,0.0,-1.3854423761367798
5155,-3.6796414852142334,0.0,0.0,0.605202853679657
5156,1.2293038368225098,0.0,0.0,-2.569687604904175
5157,-3.6796414852142334,0.0,0.0,0.7788428664207458
5158,-3.6796414852142334,0.0,0.0,0.7788428664207458
5159,-1.8550256490707397,0.0,0.0,0.9469673037528992
5160,0.8437288403511047,0.0,0.0,-1.9065419435501099
5161,-2.516324043273926,0.0,0.0,1.1776127815246582
5162,-1.9148104190826416,0.0,0.0,0.8278313279151917
5163,0.019491545855998993,0.0,0.0,-0.7987727522850037
5164,1.107940435409546,0.0,0.0,-2.8118836879730225
5165,-1.8550256490707397,0.0,0.0,0.9469673037528992
5166,-2.516324043273926,0.0,0.0,1.1776127815246582
5167,-0.6343011260032654,0.0,0.0,-1.341204047203064
5168,2.6215784549713135,0.0,0.0,-1.3854423761367798
5169,-2.0573811531066895,0.0,0.0,0.8278313279151917
5170,-3.6796414852142334,0.0,0.0,0.7788428664207458
5171,0.7752413153648376,0.0,0.0,-1.8968981504440308
5172,0.7621745467185974,0.0,0.0,-2.569687604904175
5173,-3.336014986038208,0.0,0.0,1.1902642250061035
5174,2.6215784549713135,0.0,0.0,-1.3854423761367798
5175,-1.8550256490707397,0.0,0.0,0.9469673037528992
5176,-1.9148104190826416,0.0,0.0,0.8278313279151917
5177,-2.091364622116089,0.0,0.0,1.0690739154815674
5178,-2.091364622116089,0.0,0.0,1.5529066324234009
5179,1.2293038368225098,0.0,0.0,-2.569687604904175
5180,-0.23640629649162292,0.0,0.0,-2.8118836879730225
5181,-3.6796414852142334,0.0,0.0,0.605202853679657
5182,-2.091364622116089,0.0,0.0,1.0690739154815674
5183,-1.9038606882095337,0.0,0.0,0.6837534308433533
5184,-1.9148104190826416,0.0,0.0,0.8278313279151917
5185,2.6215784549713135,0.0,0.0,-1.3854423761367798
5186,-0.6343011260032654,0.0,0.0,-1.341204047203064
5187,-3.6308066844940186,0.0,0.0,0.8684166073799133
5188,-1.9038606882095337,0.0,0.0,0.6837534308433533
5189,0.7752413153648376,0.0,0.0,-1.8968981504440308
5190,-0.21268311142921448,0.0,0.0,-2.265538454055786
5191,-3.6796414852142334,0.0,0.0,0.9549842476844788
5192,-1.8550256490707397,0.0,0.0,0.9469673037528992
5193,-0.040754284709692,0.0,0.0,-1.341204047203064
5194,1.2186472415924072,0.0,0.0,-2.684889554977417
5195,1.4738680124282837,0.0,0.0,-2.8118836879730225
5196,-0.33635926246643066,0.0,0.0,1.144657015800476
5197,-1.9038606882095337,0.0,0.0,1.849576711654663
5198,1.2186472415924072,0.0,0.0,-2.8118836879730225
5199,-1.9038606882095337,0.0,0.0,0.6837534308433533
5200,1.4845243692398071,0.0,0.0,-2.569687604904175
5201,-1.8550256490707397,0.0,0.0,0.9469673037528992
5202,-2.516324043273926,0.0,0.0,1.3295797109603882
5203,-1.8550256490707397,0.0,0.0,0.9469673037528992
5204,-1.9038606882095337,0.0,0.0,0.6837534308433533
5205,0.8217813372612,0.0,0.0,-2.0959455966949463
5206,1.2293038368225098,0.0,0.0,-2.569687604904175
5207,-3.6796414852142334,0.0,0.0,0.605202853679657
5208,-1.8550256490707397,0.0,0.0,0.9469673037528992
5209,-0.9756113290786743,0.0,0.0,1.1154210567474365
5210,-3.6796414852142334,0.0,0.0,0.7421519160270691
5211,-1.9038606882095337,0.0,0.0,0.6837534308433533
5212,-1.9038606882095337,0.0,0.0,0.6837534308433533
5213,-0.8299528956413269,0.0,0.0,-2.8118836879730225
5214,-0.9756113290786743,0.0,0.0,1.1154210567474365
5215,-1.8550256490707397,0.0,0.0,0.9469673037528992
5216,1.2186472415924072,0.0,0.0,-2.8118836879730225
5217,0.7980580925941467,0.0,0.0,-2.8118836879730225
5218,1.2293038368225098,0.0,0.0,-2.087268114089966
5219,-0.14419537782669067,0.0,0.0,-1.9065419435501099
5220,1.0074156522750854,0.0,0.0,-0.7987727522850037
5221,1.951187252998352,0.0,0.0,-2.2020325660705566
5222,-0.8195130825042725,0.0,0.0,0.049226872622966766
5223,-2.091364622116089,0.0,0.0,1.2452152967453003
5224,-2.091364622116089,0.0,0.0,1.0690739154815674
5225,-1.9148104190826416,0.0,0.0,1.0014714002609253
5226,1.107940435409546,0.0,0.0,-2.8118836879730225
5227,-0.9756113290786743,0.0,0.0,1.1154210567474365
5228,-1.8550256490707397,0.0,0.0,0.9469673037528992
5229,-0.21268311142921448,0.0,0.0,-2.437619924545288
5230,-1.8550256490707397,0.0,0.0,0.9469673037528992
5231,-3.6796414852142334,0.0,0.0,0.605202853679657
5232,0.8087145686149597,0.0,0.0,-2.569687604904175
5233,1.2293038368225098,0.0,0.0,-2.569687604904175
5234,1.24237060546875,0.0,0.0,-2.437619924545288
5235,0.8217813372612,0.0,0.0,-1.8968981504440308
5236,-2.091364622116089,0.0,0.0,1.5529066324234009
5237,2.6215784549713135,0.0,0.0,-1.3854423761367798
5238,-0.6343011260032654,0.0,0.0,-1.341204047203064
5239,-3.5230300426483154,0.0,0.0,0.6340044140815735
5240,-2.516324043273926,0.0,0.0,1.0014714002609253
5241,-0.23640629649162292,0.0,0.0,-2.8118836879730225
5242,-0.23640629649162292,0.0,0.0,-2.8118836879730225
5243,-0.8299528956413269,0.0,0.0,-2.8118836879730225
5244,1.2293038368225098,0.0,0.0,-2.569687604904175
5245,-3.6796414852142334,0.0,0.0,0.605202853679657
5246,-2.0573811531066895,0.0,0.0,1.1776127815246582
5247,-1.8550256490707397,0.0,0.0,0.9469673037528992
5248,-3.6796414852142334,0.0,0.0,0.605202853679657
5249,1.0456621646881104,0.0,0.0,-2.8118836879730225
5250,-2.516324043273926,0.0,0.0,0.8278313279151917
5251,-1.8550256490707397,0.0,0.0,0.9469673037528992
5252,-1.8550256490707397,0.0,0.0,0.9469673037528992
5253,-1.8550256490707397,0.0,0.0,0.9469673037528992
5254,2.6215784549713135,0.0,0.0,-1.3854423761367798
5255,-3.6796414852142334,0.0,0.0,0.605202853679657
5256,2.615078926086426,0.0,0.0,-1.008176326751709
5257,1.24237060546875,0.0,0.0,-1.8968981504440308
5258,-0.9756113290786743,0.0,0.0,1.1154210567474365
5259,-0.7207683324813843,0.0,0.0,1.1154210567474365
5260,2.597855567932129,0.0,0.0,-2.3004281520843506
5261,1.1316636800765991,0.0,0.0,-2.437619924545288
5262,2.6215784549713135,0.0,0.0,-1.7540826797485352
5263,1.2186472415924072,0.0,0.0,-2.8118836879730225
5264,2.6215784549713135,0.0,0.0,-1.3854423761367798
5265,1.380591630935669,0.0,0.0,-2.087268114089966
5266,1.7122409343719482,0.0,0.0,1.144657015800476
5267,2.6215784549713135,0.0,0.0,-1.3854423761367798
5268,-0.8206193447113037,0.0,0.0,1.1154210567474365
5269,1.4845243692398071,0.0,0.0,-2.087268114089966
5270,-1.8550256490707397,0.0,0.0,0.9469673037528992
5271,2.6215784549713135,0.0,0.0,-1.3854423761367798
5272,-1.9148104190826416,0.0,0.0,1.993654727935791
5273,1.4975911378860474,0.0,0.0,-1.8968981504440308
5274,2.6215784549713135,0.0,0.0,-1.9261643886566162
5275,0.9937098622322083,0.0,0.0,-1.341204047203064
5276,-0.33635926246643066,0.0,0.0,1.144657015800476
5277,-0.8206193447113037,0.0,0.0,1.1154210567474365
5278,-1.9148104190826416,0.0,0.0,0.8278313279151917
5279,2.6215784549713135,0.0,0.0,-1.3854423761367798
5280,1.303592324256897,0.0,0.0,-1.341204047203064
5281,-1.8550256490707397,0.0,0.0,0.9469673037528992
5282,0.019491545855998993,0.0,0.0,-0.7987727522850037
5283,-1.9038606882095337,0.0,0.0,1.1855015754699707
5284,2.6085119247436523,0.0,0.0,-1.575812578201294
5285,2.6215784549713135,0.0,0.0,-1.3854423761367798
5286,-0.33635926246643066,0.0,0.0,1.144657015800476
5287,-2.091364622116089,0.0,0.0,1.0690739154815674
5288,2.6215784549713135,0.0,0.0,-1.3854423761367798
5289,1.3108582496643066,0.0,0.0,-1.9065419435501099
5290,-2.091364622116089,0.0,0.0,2.0612576007843018
5291,1.951187252998352,0.0,0.0,-2.2020325660705566
5292,-3.6796414852142334,0.0,0.0,0.605202853679657
5293,2.6215784549713135,0.0,0.0,-1.5844899415969849
5294,2.6085119247436523,0.0,0.0,-2.058232307434082
5295,-0.7207683324813843,0.0,0.0,1.1154210567474365
5296,-1.9148104190826416,0.0,0.0,0.8278313279151917
5297,-0.33635926246643066,0.0,0.0,1.144657015800476
5298,1.565587043762207,0.0,0.0,-1.341204047203064
5299,2.6215784549713135,0.0,0.0,-1.3854423761367798
5300,-3.6796414852142334,0.0,0.0,0.605202853679657
5301,-0.8206193447113037,0.0,0.0,1.1154210567474365
5302,0.2571874260902405,0.0,0.0,1.144657015800476
5303,2.6215784549713135,0.0,0.0,-1.3854423761367798
5304,-2.0573811531066895,0.0,0.0,1.3295797109603882
5305,-2.091364622116089,0.0,0.0,1.5529066324234009
5306,-0.8206193447113037,0.0,0.0,1.1154210567474365
5307,-1.8550256490707397,0.0,0.0,0.9469673037528992
5308,2.6085119247436523,0.0,0.0,-1.575812578201294
5309,2.6215784549713135,0.0,0.0,-1.3854423761367798
5310,1.868717074394226,0.0,0.0,0.07846282422542572
5311,2.6215784549713135,0.0,0.0,-1.3854423761367798
5312,-0.35710379481315613,0.0,0.0,0.33816948533058167
5313,-0.3269515633583069,0.0,0.0,0.006285062525421381
5314,-0.4458226263523102,0.0,0.0,-1.223663330078125
5315,1.0802898406982422,0.0,0.0,-1.4025262594223022
5316,-1.7402487993240356,0.0,0.0,0.672680675983429
5317,-1.7402487993240356,0.0,0.0,0.672680675983429
5318,-1.5470041036605835,0.0,0.0,0.5263335108757019
5319,1.7752225399017334,0.0,0.0,-0.9045878052711487
5320,1.7752225399017334,0.0,0.0,-0.9045878052711487
5321,-1.440611481666565,0.0,0.0,0.5688883662223816
5322,0.6068313717842102,0.0,0.0,-1.4148348569869995
5323,-1.5595017671585083,0.0,0.0,0.19840583205223083
5324,-1.5595017671585083,0.0,0.0,0.19840583205223083
5325,-1.5470041036605835,0.0,0.0,0.6822145581245422
5326,0.15014594793319702,0.0,0.0,-0.7945765256881714
5327,-1.0538040399551392,0.0,0.0,0.45928192138671875
5328,-1.1896721124649048,0.0,0.0,0.333255797624588
5329,-0.2345445305109024,0.0,0.0,0.08546404540538788
5330,0.26726034283638,0.0,0.0,-1.1854685544967651
5331,-1.5470041036605835,0.0,0.0,0.6822145581245422
5332,-1.085738182067871,0.0,0.0,0.45928192138671875
5333,-0.34573355317115784,0.0,0.0,-0.31657475233078003
5334,1.6706459522247314,0.0,0.0,-0.9529609084129333
5335,-1.0724732875823975,0.0,0.0,0.37123769521713257
5336,-1.5595017671585083,0.0,0.0,0.19840583205223083
5337,0.03888378664851189,0.0,0.0,-1.0775843858718872
5338,0.030852168798446655,0.0,0.0,-1.456417441368103
5339,-1.3327752351760864,0.0,0.0,0.44115203619003296
5340,1.7752225399017334,0.0,0.0,-0.9045878052711487
5341,-1.5470041036605835,0.0,0.0,0.6822145581245422
5342,-1.1896721124649048,0.0,0.0,0.333255797624588
5343,-0.9112103581428528,0.0,0.0,0.31896838545799255
5344,-0.9112103581428528,0.0,0.0,0.3961354196071625
5345,0.7997801899909973,0.0,0.0,-1.4140528440475464
5346,-0.3824290931224823,0.0,0.0,-1.2679524421691895
5347,-1.4473093748092651,0.0,0.0,0.2797826826572418
5348,-0.8785480856895447,0.0,0.0,0.32956984639167786
5349,-1.5763511657714844,0.0,0.0,0.3245972990989685
5350,-1.1896721124649048,0.0,0.0,0.333255797624588
5351,1.7752225399017334,0.0,0.0,-0.9045878052711487
5352,-0.34573355317115784,0.0,0.0,-0.31657475233078003
5353,-1.7402487993240356,0.0,0.0,0.672680675983429
5354,-1.5470041036605835,0.0,0.0,0.5263335108757019
5355,0.03888378664851189,0.0,0.0,-1.0775843858718872
5356,-0.15726891160011292,0.0,0.0,-1.097112774848938
5357,-1.7916762828826904,0.0,0.0,0.2699595093727112
5358,-1.5470041036605835,0.0,0.0,0.6822145581245422
5359,-0.24261713027954102,0.0,0.0,-0.31657475233078003
5360,0.822413980960846,0.0,0.0,-1.0986812114715576
5361,0.10880514979362488,0.0,0.0,-1.1994503736495972
5362,-0.29085010290145874,0.0,0.0,0.2738599479198456
5363,-1.8075777292251587,0.0,0.0,0.21890674531459808
5364,0.6294652819633484,0.0,0.0,-1.2297576665878296
5365,-1.5470041036605835,0.0,0.0,0.5263335108757019
5366,0.08617129921913147,0.0,0.0,-1.456417441368103
5367,-1.5470041036605835,0.0,0.0,0.6822145581245422
5368,-1.0248066186904907,0.0,0.0,0.38617220520973206
5369,-1.5470041036605835,0.0,0.0,0.6822145581245422
5370,-1.5763511657714844,0.0,0.0,0.3245972990989685
5371,0.35800352692604065,0.0,0.0,-1.0636025667190552
5372,1.1449135541915894,0.0,0.0,-1.393964409828186
5373,-1.782380223274231,0.0,0.0,0.18191513419151306
5374,-1.5470041036605835,0.0,0.0,0.6822145581245422
5375,-0.5012297630310059,0.0,0.0,0.33816948533058167
5376,-1.4921730756759644,0.0,0.0,0.599025309085846
5377,-1.5891351699829102,0.0,0.0,0.19144901633262634
5378,-1.5470041036605835,0.0,0.0,0.5263335108757019
5379,-0.4458226263523102,0.0,0.0,-1.223663330078125
5380,-0.41628456115722656,0.0,0.0,0.33816948533058167
5381,-1.5470041036605835,0.0,0.0,0.6822145581245422
5382,0.8710008859634399,0.0,0.0,-1.1570857763290405
5383,0.31518182158470154,0.0,0.0,-1.1854685544967651
5384,0.61212557554245,0.0,0.0,-1.3181968927383423
5385,-0.34108832478523254,0.0,0.0,-0.8187897205352783
5386,0.2543432414531708,0.0,0.0,0.1236589103937149
5387,1.5246788263320923,0.0,0.0,-1.027983546257019
5388,-0.29085010290145874,0.0,0.0,0.2738599479198456
5389,-0.8860127329826355,0.0,0.0,0.5102715492248535
5390,-0.8060342669487,0.0,0.0,0.33816948533058167
5391,-1.214869499206543,0.0,0.0,0.2675207555294037
5392,0.26726034283638,0.0,0.0,-1.1854685544967651
5393,-0.41628456115722656,0.0,0.0,0.33816948533058167
5394,-1.5470041036605835,0.0,0.0,0.6822145581245422
5395,-0.3117462992668152,0.0,0.0,-1.097112774848938
5396,-1.5470041036605835,0.0,0.0,0.6822145581245422
5397,-1.782380223274231,0.0,0.0,0.18191513419151306
5398,0.2925480008125305,0.0,0.0,-1.44243586063385
5399,1.1449135541915894,0.0,0.0,-1.393964409828186
5400,1.1529451608657837,0.0,0.0,-1.0151313543319702
5401,0.30057966709136963,0.0,0.0,-1.0636025667190552
5402,-0.9112103581428528,0.0,0.0,0.3961354196071625
5403,1.7752225399017334,0.0,0.0,-0.9045878052711487
5404,-0.34573355317115784,0.0,0.0,-0.31657475233078003
5405,-1.4345256090164185,0.0,0.0,0.4129309356212616
5406,-1.050004243850708,0.0,0.0,0.30550262331962585
5407,-0.3824290931224823,0.0,0.0,-1.223663330078125
5408,-0.3824290931224823,0.0,0.0,-1.223663330078125
5409,-0.4458226263523102,0.0,0.0,-1.223663330078125
5410,1.2653956413269043,0.0,0.0,-1.3337615728378296
5411,-1.6598502397537231,0.0,0.0,0.21086755394935608
5412,-1.081769347190857,0.0,0.0,0.45928192138671875
5413,-1.5470041036605835,0.0,0.0,0.6822145581245422
5414,-1.6177188158035278,0.0,0.0,0.5457520484924316
5415,0.61453777551651,0.0,0.0,-1.1854685544967651
5416,-1.0764421224594116,0.0,0.0,0.37123769521713257
5417,-1.5470041036605835,0.0,0.0,0.6822145581245422
5418,-1.5470041036605835,0.0,0.0,0.6822145581245422
5419,-1.5470041036605835,0.0,0.0,0.6822145581245422
5420,1.7752225399017334,0.0,0.0,-0.9045878052711487
5421,-1.440611481666565,0.0,0.0,0.6060283184051514
5422,1.7391846179962158,0.0,0.0,-0.4913467466831207
5423,0.8456932306289673,0.0,0.0,-1.0352197885513306
5424,-0.41628456115722656,0.0,0.0,0.33816948533058167
5425,-0.27499666810035706,0.0,0.0,0.33816948533058167
5426,1.7898247241973877,0.0,0.0,-1.0264537334442139
5427,0.25265809893608093,0.0,0.0,-1.0636025667190552
5428,1.7752225399017334,0.0,0.0,-0.9045878052711487
5429,1.167547345161438,0.0,0.0,-1.1369973421096802
5430,1.7752225399017334,0.0,0.0,-0.9045878052711487
5431,0.61212557554245,0.0,0.0,-1.3181968927383423
5432,1.02132248878479,0.0,0.0,0.32660916447639465
5433,1.7752225399017334,0.0,0.0,-0.9045878052711487
5434,-0.430873304605484,0.0,0.0,0.33816948533058167
5435,0.10880514979362488,0.0,0.0,-1.043316125869751
5436,-1.5470041036605835,0.0,0.0,0.6822145581245422
5437,1.7752225399017334,0.0,0.0,-0.9045878052711487
5438,-1.214869499206543,0.0,0.0,0.37024733424186707
5439,0.094202920794487,0.0,0.0,-1.0775843858718872
5440,1.7752225399017334,0.0,0.0,-0.9045878052711487
5441,0.4539356529712677,0.0,0.0,0.044479891657829285
5442,-0.29085010290145874,0.0,0.0,0.2738599479198456
5443,-0.5012297630310059,0.0,0.0,0.33816948533058167
5444,-1.0596892833709717,0.0,0.0,0.504385769367218
5445,1.7752225399017334,0.0,0.0,-0.9045878052711487
5446,0.41527095437049866,0.0,0.0,-0.27838000655174255
5447,-1.5470041036605835,0.0,0.0,0.6822145581245422
5448,-0.2345445305109024,0.0,0.0,0.08546404540538788
5449,-1.636220097541809,0.0,0.0,0.31701746582984924
5450,1.6852481365203857,0.0,0.0,-0.9186924695968628
5451,1.7752225399017334,0.0,0.0,-0.9045878052711487
5452,-0.25511398911476135,0.0,0.0,0.33816948533058167
5453,-0.9112103581428528,0.0,0.0,0.31896838545799255
5454,1.7752225399017334,0.0,0.0,-0.9045878052711487
5455,1.1442643404006958,0.0,0.0,-0.7406854033470154
5456,-0.895308792591095,0.0,0.0,0.47274765372276306
5457,1.5246788263320923,0.0,0.0,-1.027983546257019
5458,-1.7402487993240356,0.0,0.0,0.5167996287345886
5459,1.7752225399017334,0.0,0.0,-0.9045878052711487
5460,1.662614345550537,0.0,0.0,-1.3317939043045044
5461,-0.35710379481315613,0.0,0.0,0.33816948533058167
5462,-1.1896721124649048,0.0,0.0,0.333255797624588
5463,-0.27499666810035706,0.0,0.0,0.33816948533058167
5464,0.7216395735740662,0.0,0.0,-0.4230166971683502
5465,1.7752225399017334,0.0,0.0,-0.9045878052711487
5466,-1.3521803617477417,0.0,0.0,0.5757747888565063
5467,-0.430873304605484,0.0,0.0,0.33816948533058167
5468,-0.20757390558719635,0.0,0.0,0.2738599479198456
5469,1.7752225399017334,0.0,0.0,-0.9045878052711487
5470,-1.0445079803466797,0.0,0.0,0.38617220520973206
5471,-0.9112103581428528,0.0,0.0,0.3961354196071625
5472,-0.430873304605484,0.0,0.0,0.33816948533058167
5473,-1.5470041036605835,0.0,0.0,0.6822145581245422
5474,1.7724851369857788,0.0,0.0,-1.0117290019989014
5475,1.7752225399017334,0.0,0.0,-0.9045878052711487
5476,0.2710933983325958,0.0,0.0,0.22832028567790985
5477,1.7752225399017334,0.0,0.0,-0.9045878052711487
5478,-0.7606420516967773,0.0,0.0,0.5186765193939209
5479,-0.8491430282592773,0.0,0.0,-1.1745256185531616
5480,-0.8805575370788574,0.0,0.0,-2.7005388736724854
5481,1.7290898561477661,0.0,0.0,-2.7938897609710693
5482,-2.9233429431915283,0.0,0.0,1.290771245956421
5483,-2.9233429431915283,0.0,0.0,1.290771245956421
5484,-2.5469541549682617,0.0,0.0,1.3036832809448242
5485,2.5970208644866943,0.0,0.0,-2.249492645263672
5486,2.5970208644866943,0.0,0.0,-2.249492645263672
5487,-2.922886371612549,0.0,0.0,1.290771245956421
5488,0.840872585773468,0.0,0.0,-2.838609218597412
5489,-3.154585361480713,0.0,0.0,0.10078858584165573
5490,-3.2485268115997314,0.0,0.0,0.22161231935024261
5491,-2.5469541549682617,0.0,0.0,1.3036832809448242
5492,-0.19890856742858887,0.0,0.0,-2.3429653644561768
5493,-2.1035983562469482,0.0,0.0,0.6819961667060852
5494,-2.6546919345855713,0.0,0.0,0.17539869248867035
5495,-0.7279561161994934,0.0,0.0,-1.1745256185531616
5496,-0.225495383143425,0.0,0.0,-2.814185380935669
5497,-2.5469541549682617,0.0,0.0,1.3036832809448242
5498,-2.0952839851379395,0.0,0.0,0.8177477121353149
5499,-0.8539707660675049,0.0,0.0,-2.257507085800171
5500,2.5970208644866943,0.0,0.0,-2.249492645263672
5501,-2.431610107421875,0.0,0.0,0.129619300365448
5502,-3.2485268115997314,0.0,0.0,0.28678226470947266
5503,-0.24036972224712372,0.0,0.0,-2.4095101356506348
5504,-0.24036972224712372,0.0,0.0,-2.812572479248047
5505,-2.8641810417175293,0.0,0.0,0.35636603832244873
5506,2.5970208644866943,0.0,0.0,-2.249492645263672
5507,-2.5469541549682617,0.0,0.0,1.3036832809448242
5508,-2.727766275405884,0.0,0.0,0.056804973632097244
5509,-1.3927892446517944,0.0,0.0,0.2523150146007538
5510,-1.7157021760940552,0.0,0.0,0.5960941314697266
5511,1.127991795539856,0.0,0.0,-2.7410521507263184
5512,-0.8805575370788574,0.0,0.0,-2.790660858154297
5513,-3.0616111755371094,0.0,0.0,0.17222212255001068
5514,-1.2842670679092407,0.0,0.0,0.22902213037014008
5515,-2.5632100105285645,0.0,0.0,0.9351934194564819
5516,-2.762446880340576,0.0,0.0,0.1304212212562561
5517,2.5970208644866943,0.0,0.0,-2.249492645263672
5518,-0.8539707660675049,0.0,0.0,-2.257507085800171
5519,-2.9233429431915283,0.0,0.0,1.290771245956421
5520,-2.5469541549682617,0.0,0.0,1.3036832809448242
5521,-0.24036972224712372,0.0,0.0,-2.4095101356506348
5522,-0.4870512783527374,0.0,0.0,-2.3859856128692627
5523,-2.9785611629486084,0.0,0.0,0.6496861577033997
5524,-2.5469541549682617,0.0,0.0,1.3036832809448242
5525,-0.8007054924964905,0.0,0.0,-2.257507085800171
5526,1.1072015762329102,0.0,0.0,-2.4191861152648926
5527,0.1605701744556427,0.0,0.0,-2.6872193813323975
5528,-0.7837574481964111,0.0,0.0,0.30577418208122253
5529,-2.9342708587646484,0.0,0.0,0.7731190323829651
5530,0.9103875756263733,0.0,0.0,-2.75427508354187
5531,-2.5469541549682617,0.0,0.0,1.3036832809448242
5532,0.20142337679862976,0.0,0.0,-2.775728464126587
5533,-2.5469541549682617,0.0,0.0,1.3036832809448242
5534,-2.0276620388031006,0.0,0.0,0.5035979151725769
5535,-2.5469541549682617,0.0,0.0,1.3036832809448242
5536,-2.562329053878784,0.0,0.0,1.2244096994400024
5537,0.5563709139823914,0.0,0.0,-2.349600076675415
5538,2.023820161819458,0.0,0.0,-2.7938897609710693
5539,-2.973646640777588,0.0,0.0,-0.008240205235779285
5540,-2.5469541549682617,0.0,0.0,1.3036832809448242
5541,-0.6974624991416931,0.0,0.0,1.1031856536865234
5542,-3.1670193672180176,0.0,0.0,1.3001188039779663
5543,-2.5972578525543213,0.0,0.0,0.11121269315481186
5544,-2.5469541549682617,0.0,0.0,1.3036832809448242
5545,-0.8805575370788574,0.0,0.0,-2.7005388736724854
5546,-0.7201894521713257,0.0,0.0,0.969403088092804
5547,-2.5469541549682617,0.0,0.0,1.3036832809448242
5548,1.4676300287246704,0.0,0.0,-2.6334469318389893
5549,-0.13093647360801697,0.0,0.0,-2.716705322265625
5550,0.870482861995697,0.0,0.0,-2.2558705806732178
5551,-0.8539707660675049,0.0,0.0,-2.3194408416748047
5552,-0.12615904211997986,0.0,0.0,-1.1980499029159546
5553,2.540912389755249,0.0,0.0,-2.6647732257843018
5554,-0.7228893041610718,0.0,0.0,0.3177424371242523
5555,-1.5827239751815796,0.0,0.0,0.7144110798835754
5556,-1.0540252923965454,0.0,0.0,0.23885224759578705
5557,-2.6858954429626465,0.0,0.0,0.07871166616678238
5558,-0.225495383143425,0.0,0.0,-2.7240633964538574
5559,-0.7201894521713257,0.0,0.0,1.1031856536865234
5560,-2.5469541549682617,0.0,0.0,1.3036832809448242
5561,-0.7944977879524231,0.0,0.0,-2.580288887023926
5562,-2.5469541549682617,0.0,0.0,1.3036832809448242
5563,-2.973646640777588,0.0,0.0,-0.008240205235779285
5564,0.3316733241081238,0.0,0.0,-2.766767978668213
5565,1.938430905342102,0.0,0.0,-2.7938897609710693
5566,2.023820161819458,0.0,0.0,-2.6693079471588135
5567,-0.23114113509655,0.0,0.0,-2.4021520614624023
5568,-1.378731608390808,0.0,0.0,0.6383445262908936
5569,2.5970208644866943,0.0,0.0,-2.249492645263672
5570,-0.791836142539978,0.0,0.0,-2.257507085800171
5571,-2.8978588581085205,0.0,0.0,0.9167789220809937
5572,-2.1913235187530518,0.0,0.0,0.15372927486896515
5573,-0.827292263507843,0.0,0.0,-2.6977391242980957
5574,-0.8805575370788574,0.0,0.0,-2.6977391242980957
5575,-0.8805575370788574,0.0,0.0,-2.7005388736724854
5576,2.3160417079925537,0.0,0.0,-2.7529456615448
5577,-2.973646640777588,0.0,0.0,0.04058811441063881
5578,-2.380295753479004,0.0,0.0,0.6517940163612366
5579,-2.5469541549682617,0.0,0.0,1.3036832809448242
5580,-2.88663649559021,0.0,0.0,1.290771245956421
5581,0.5712453722953796,0.0,0.0,-2.661353349685669
5582,-2.1601195335388184,0.0,0.0,0.34260132908821106
5583,-2.5469541549682617,0.0,0.0,1.3036832809448242
5584,-2.5469541549682617,0.0,0.0,1.3036832809448242
5585,-2.5469541549682617,0.0,0.0,1.3036832809448242
5586,2.5970208644866943,0.0,0.0,-2.249492645263672
5587,-2.822327136993408,0.0,0.0,1.290771245956421
5588,2.638482093811035,0.0,0.0,-2.1210145950317383
5589,1.2117198705673218,0.0,0.0,-2.3379898071289062
5590,-0.7201894521713257,0.0,0.0,1.1031856536865234
5591,-0.6954774856567383,0.0,0.0,0.8782210946083069
5592,2.6118950843811035,0.0,0.0,-2.5291829109191895
5593,-0.24036972224712372,0.0,0.0,-2.773937225341797
5594,2.5970208644866943,0.0,0.0,-2.347811460494995
5595,1.9533056020736694,0.0,0.0,-2.5761375427246094
5596,2.5970208644866943,0.0,0.0,-2.249492645263672
5597,0.8835820555686951,0.0,0.0,-2.205639362335205
5598,1.0751097202301025,0.0,0.0,0.34215983748435974
5599,2.5970208644866943,0.0,0.0,-2.249492645263672
5600,-0.6974624991416931,0.0,0.0,1.1031856536865234
5601,0.4751824736595154,0.0,0.0,-2.205104112625122
5602,-2.5469541549682617,0.0,0.0,1.3036832809448242
5603,2.5970208644866943,0.0,0.0,-2.249492645263672
5604,-2.5631914138793945,0.0,0.0,0.8252519369125366
5605,0.3253563344478607,0.0,0.0,-2.372666120529175
5606,2.5970208644866943,0.0,0.0,-2.613919734954834
5607,0.499032199382782,0.0,0.0,-1.1522454023361206
5608,-0.7228893041610718,0.0,0.0,0.3177424371242523
5609,-0.6974624991416931,0.0,0.0,1.1031856536865234
5610,-2.2467806339263916,0.0,0.0,0.9987995624542236
5611,2.5970208644866943,0.0,0.0,-2.249492645263672
5612,-0.19890856742858887,0.0,0.0,-2.281031608581543
5613,-2.5469541549682617,0.0,0.0,1.3036832809448242
5614,-0.7812213897705078,0.0,0.0,-1.1745256185531616
5615,-2.5880954265594482,0.0,0.0,0.7717058658599854
5616,2.5705225467681885,0.0,0.0,-2.0819315910339355
5617,2.5970208644866943,0.0,0.0,-2.249492645263672
5618,-0.65370112657547,0.0,0.0,0.5067082047462463
5619,-1.2687536478042603,0.0,0.0,1.0815985202789307
5620,2.5970208644866943,0.0,0.0,-2.249492645263672
5621,1.7705508470535278,0.0,0.0,-2.2383358478546143
5622,-1.6607526540756226,0.0,0.0,1.163923740386963
5623,2.540912389755249,0.0,0.0,-2.6647732257843018
5624,-2.9233429431915283,0.0,0.0,1.290771245956421
5625,2.5970208644866943,0.0,0.0,-2.249492645263672
5626,2.5970208644866943,0.0,0.0,-2.652554750442505
5627,-0.7201894521713257,0.0,0.0,1.1031856536865234
5628,-2.727766275405884,0.0,0.0,0.056804973632097244
5629,-0.6824367046356201,0.0,0.0,0.969403088092804
5630,0.8823338150978088,0.0,0.0,-2.2211217880249023
5631,2.5970208644866943,0.0,0.0,-2.249492645263672
5632,-2.8525805473327637,0.0,0.0,1.220845341682434
5633,-0.6171044707298279,0.0,0.0,1.1031856536865234
5634,-0.715835690498352,0.0,0.0,0.30577418208122253
5635,2.5970208644866943,0.0,0.0,-2.249492645263672
5636,-2.076594829559326,0.0,0.0,0.7503321766853333
5637,-1.378731608390808,0.0,0.0,0.6383445262908936
5638,-0.6171044707298279,0.0,0.0,1.1031856536865234
5639,-2.5469541549682617,0.0,0.0,1.3036832809448242
5640,2.626631021499634,0.0,0.0,-2.0819315910339355
5641,2.5970208644866943,0.0,0.0,-2.249492645263672
5642,0.4870123565196991,0.0,0.0,-0.19389855861663818
5643,2.5970208644866943,0.0,0.0,-2.249492645263672
5644,-0.2948949337005615,0.0,0.0,1.4596977233886719
5645,-0.5232499241828918,0.0,0.0,0.12734994292259216
5646,-0.3975709080696106,0.0,0.0,-2.1151397228240967
5647,2.356780767440796,0.0,0.0,-2.0743513107299805
5648,-2.2312498092651367,0.0,0.0,1.2986756563186646
5649,-2.2312498092651367,0.0,0.0,1.2986756563186646
5650,-2.2312498092651367,0.0,0.0,1.2986756563186646
5651,2.845723867416382,0.0,0.0,-1.7086259126663208
5652,2.845723867416382,0.0,0.0,-1.7086259126663208
5653,-2.248213768005371,0.0,0.0,1.2986756563186646
5654,0.9836330413818359,0.0,0.0,-1.977207064628601
5655,-2.631364583969116,0.0,0.0,1.0108871459960938
5656,-2.631364583969116,0.0,0.0,1.0108871459960938
5657,-2.2312498092651367,0.0,0.0,1.2986756563186646
5658,0.27840620279312134,0.0,0.0,-1.7495657205581665
5659,-2.2750890254974365,0.0,0.0,1.0130940675735474
5660,-2.4642205238342285,0.0,0.0,0.589901328086853
5661,-0.34964728355407715,0.0,0.0,0.5357204675674438
5662,0.6060161590576172,0.0,0.0,-2.1154427528381348
5663,-2.2312498092651367,0.0,0.0,1.2986756563186646
5664,-2.2750890254974365,0.0,0.0,1.0130940675735474
5665,-0.5232499241828918,0.0,0.0,-0.9272053241729736
5666,2.845723867416382,0.0,0.0,-1.7086259126663208
5667,-2.3030591011047363,0.0,0.0,0.589901328086853
5668,-2.631364583969116,0.0,0.0,1.2193593978881836
5669,0.27840620279312134,0.0,0.0,-1.8438977003097534
5670,0.27840620279312134,0.0,0.0,-2.2568411827087402
5671,-2.440828800201416,0.0,0.0,0.9837253093719482
5672,2.845723867416382,0.0,0.0,-1.7086259126663208
5673,-2.2312498092651367,0.0,0.0,1.2986756563186646
5674,-2.4642205238342285,0.0,0.0,0.589901328086853
5675,-1.4931931495666504,0.0,0.0,0.7577673196792603
5676,-1.930851697921753,0.0,0.0,0.9574557542800903
5677,1.7205802202224731,0.0,0.0,-2.2568411827087402
5678,-0.2868054509162903,0.0,0.0,-2.1151397228240967
5679,-2.659334897994995,0.0,0.0,0.6627624034881592
5680,-0.8333287835121155,0.0,0.0,0.6638647317886353
5681,-2.2312498092651367,0.0,0.0,1.2077683210372925
5682,-2.350019931793213,0.0,0.0,0.589901328086853
5683,2.845723867416382,0.0,0.0,-1.7086259126663208
5684,-0.5232499241828918,0.0,0.0,-0.9272053241729736
5685,-2.2312498092651367,0.0,0.0,1.2986756563186646
5686,-2.2312498092651367,0.0,0.0,1.2986756563186646
5687,0.27840620279312134,0.0,0.0,-1.8438977003097534
5688,-0.00870128720998764,0.0,0.0,-1.8435946702957153
5689,-2.23954701423645,0.0,0.0,0.9918590784072876
5690,-2.2312498092651367,0.0,0.0,1.2986756563186646
5691,-0.3926740288734436,0.0,0.0,-0.9272053241729736
5692,1.7205802202224731,0.0,0.0,-2.1154427528381348
5693,0.6669482588768005,0.0,0.0,-2.0999104976654053
5694,-0.2948949337005615,0.0,0.0,1.4596977233886719
5695,-2.23954701423645,0.0,0.0,1.1672792434692383
5696,1.3899931907653809,0.0,0.0,-2.1154427528381348
5697,-2.2312498092651367,0.0,0.0,1.2986756563186646
5698,0.5323606729507446,0.0,0.0,-2.2413089275360107
5699,-2.2312498092651367,0.0,0.0,1.2986756563186646
5700,-2.2218966484069824,0.0,0.0,1.0030810832977295
5701,-2.2312498092651367,0.0,0.0,1.2986756563186646
5702,-2.2312498092651367,0.0,0.0,1.2077683210372925
5703,0.6203040480613708,0.0,0.0,-1.8438977003097534
5704,2.356780767440796,0.0,0.0,-2.0743513107299805
5705,-2.26751708984375,0.0,0.0,0.5686663389205933
5706,-2.2312498092651367,0.0,0.0,1.2986756563186646
5707,-0.6299183964729309,0.0,0.0,1.599709391593933
5708,-2.6230673789978027,0.0,0.0,1.2986756563186646
5709,-2.26751708984375,0.0,0.0,0.5686663389205933
5710,-2.2312498092651367,0.0,0.0,1.2986756563186646
5711,-0.5232499241828918,0.0,0.0,-2.1151397228240967
5712,-0.6672184467315674,0.0,0.0,1.4596977233886719
5713,-2.2312498092651367,0.0,0.0,1.2986756563186646
5714,1.7205802202224731,0.0,0.0,-2.1154427528381348
5715,0.7201752662658691,0.0,0.0,-2.1154427528381348
5716,1.3899931907653809,0.0,0.0,-2.2568411827087402
5717,-0.3926740288734436,0.0,0.0,-1.7492626905441284
5718,0.5703647136688232,0.0,0.0,0.5354173183441162
5719,2.845723867416382,0.0,0.0,-1.8419352769851685
5720,-0.2948949337005615,0.0,0.0,1.2210443019866943
5721,-1.930851697921753,0.0,0.0,1.1383835077285767
5722,-0.8333287835121155,0.0,0.0,0.9574557542800903
5723,-2.4362504482269287,0.0,0.0,0.9381000995635986
5724,0.5034102201461792,0.0,0.0,-2.1154427528381348
5725,-0.7718766927719116,0.0,0.0,1.599709391593933
5726,-2.2312498092651367,0.0,0.0,1.2986756563186646
5727,-0.12211649119853973,0.0,0.0,-1.8435946702957153
5728,-2.2312498092651367,0.0,0.0,1.2986756563186646
5729,-2.26751708984375,0.0,0.0,0.5686663389205933
5730,0.6203040480613708,0.0,0.0,-2.2568411827087402
5731,2.356780767440796,0.0,0.0,-2.1948678493499756
5732,2.356780767440796,0.0,0.0,-1.7819246053695679
5733,0.6060161590576172,0.0,0.0,-1.8438977003097534
5734,-1.6191275119781494,0.0,0.0,0.9574557542800903
5735,2.845723867416382,0.0,0.0,-1.7086259126663208
5736,-0.5232499241828918,0.0,0.0,-0.9272053241729736
5737,-2.404561758041382,0.0,0.0,1.2290033102035522
5738,-2.1939265727996826,0.0,0.0,0.9574557542800903
5739,-0.3926740288734436,0.0,0.0,-2.1151397228240967
5740,-0.3926740288734436,0.0,0.0,-2.1151397228240967
5741,-0.5232499241828918,0.0,0.0,-2.1151397228240967
5742,2.6049273014068604,0.0,0.0,-1.9152339696884155
5743,-2.26751708984375,0.0,0.0,0.5686663389205933
5744,-2.2750890254974365,0.0,0.0,1.0130940675735474
5745,-2.2312498092651367,0.0,0.0,1.2986756563186646
5746,-2.123703718185425,0.0,0.0,1.2986756563186646
5747,0.6203040480613708,0.0,0.0,-2.1154427528381348
5748,-2.2218966484069824,0.0,0.0,0.6092571020126343
5749,-2.2312498092651367,0.0,0.0,1.2986756563186646
5750,-2.2312498092651367,0.0,0.0,1.2986756563186646
5751,-2.2312498092651367,0.0,0.0,1.2986756563186646
5752,2.845723867416382,0.0,0.0,-1.7086259126663208
5753,-2.123703718185425,0.0,0.0,1.2986756563186646
5754,2.845723867416382,0.0,0.0,-0.7922366857528687
5755,1.7205802202224731,0.0,0.0,-1.8438977003097534
5756,-0.6299183964729309,0.0,0.0,1.599709391593933
5757,-0.2948949337005615,0.0,0.0,1.4596977233886719
5758,2.845723867416382,0.0,0.0,-1.9801710844039917
5759,0.8565213680267334,0.0,0.0,-1.8438977003097534
5760,2.845723867416382,0.0,0.0,-1.7086259126663208
5761,2.356780767440796,0.0,0.0,-2.053469657897949
5762,2.845723867416382,0.0,0.0,-1.7086259126663208
5763,0.6203040480613708,0.0,0.0,-2.2568411827087402
5764,1.811881184577942,0.0,0.0,1.2207412719726562
5765,2.845723867416382,0.0,0.0,-1.7086259126663208
5766,-0.40050095319747925,0.0,0.0,1.599709391593933
5767,0.7271822690963745,0.0,0.0,-1.9633158445358276
5768,-2.2312498092651367,0.0,0.0,1.2986756563186646
5769,2.845723867416382,0.0,0.0,-1.7086259126663208
5770,-2.322050094604492,0.0,0.0,1.1885141134262085
5771,0.6669482588768005,0.0,0.0,-1.828365445137024
5772,2.845723867416382,0.0,0.0,-1.8419352769851685
5773,0.7201752662658691,0.0,0.0,0.1270468831062317
5774,-0.2948949337005615,0.0,0.0,1.4596977233886719
5775,-0.6299183964729309,0.0,0.0,1.599709391593933
5776,-2.1766269207000732,0.0,0.0,1.2290033102035522
5777,2.845723867416382,0.0,0.0,-1.7086259126663208
5778,0.6060161590576172,0.0,0.0,-0.9275084733963013
5779,-2.2312498092651367,0.0,0.0,1.2986756563186646
5780,-0.24377872049808502,0.0,0.0,0.5357204675674438
5781,-2.23954701423645,0.0,0.0,1.0977927446365356
5782,2.845723867416382,0.0,0.0,-1.9405657052993774
5783,2.845723867416382,0.0,0.0,-1.7086259126663208
5784,-0.431949257850647,0.0,0.0,1.4596977233886719
5785,-0.8333287835121155,0.0,0.0,1.599709391593933
5786,2.845723867416382,0.0,0.0,-1.7086259126663208
5787,2.356780767440796,0.0,0.0,-1.687592625617981
5788,-2.1939265727996826,0.0,0.0,1.0324498414993286
5789,2.845723867416382,0.0,0.0,-1.8419352769851685
5790,-2.2312498092651367,0.0,0.0,1.2986756563186646
5791,2.845723867416382,0.0,0.0,-1.7086259126663208
5792,2.845723867416382,0.0,0.0,-2.1215689182281494
5793,-0.2948949337005615,0.0,0.0,1.599709391593933
5794,-2.4642205238342285,0.0,0.0,0.589901328086853
5795,-0.2948949337005615,0.0,0.0,1.4596977233886719
5796,0.9836330413818359,0.0,0.0,-0.9275084733963013
5797,2.845723867416382,0.0,0.0,-1.7086259126663208
5798,-2.248213768005371,0.0,0.0,1.2986756563186646
5799,-0.40050095319747925,0.0,0.0,1.599709391593933
5800,-0.30137306451797485,0.0,0.0,1.4596977233886719
5801,2.845723867416382,0.0,0.0,-1.7086259126663208
5802,-2.3030591011047363,0.0,0.0,0.589901328086853
5803,-1.6191275119781494,0.0,0.0,0.9574557542800903
5804,-0.40050095319747925,0.0,0.0,1.599709391593933
5805,-2.2312498092651367,0.0,0.0,1.2986756563186646
5806,2.845723867416382,0.0,0.0,-2.0317647457122803
5807,2.845723867416382,0.0,0.0,-1.7086259126663208
5808,0.08259975165128708,0.0,0.0,1.2210443019866943
5809,2.845723867416382,0.0,0.0,-1.7086259126663208
5810,-0.5591702461242676,0.0,0.0,0.7213373780250549
5811,-0.6349793672561646,0.0,0.0,0.050994619727134705
5812,-0.7109299302101135,0.0,0.0,-1.2538237571716309
5813,1.003557801246643,0.0,0.0,-1.1814278364181519
5814,-1.5370372533798218,0.0,0.0,0.6600015163421631
5815,-1.599841833114624,0.0,0.0,0.6471799612045288
5816,-1.5370372533798218,0.0,0.0,0.6600015163421631
5817,1.925678014755249,0.0,0.0,-1.1071550846099854
5818,1.925678014755249,0.0,0.0,-1.1071550846099854
5819,-1.599841833114624,0.0,0.0,0.6471799612045288
5820,1.003557801246643,0.0,0.0,-1.1814278364181519
5821,-1.7315729856491089,0.0,0.0,-0.04862465709447861
5822,-1.7315729856491089,0.0,0.0,-0.04862465709447861
5823,-1.5370372533798218,0.0,0.0,0.6600015163421631
5824,-0.538394033908844,0.0,0.0,-0.9793747663497925
5825,-0.8362299203872681,0.0,0.0,-0.061522260308265686
5826,-0.788480281829834,0.0,0.0,0.33624064922332764
5827,-0.6349793672561646,0.0,0.0,0.050994619727134705
5828,0.22712735831737518,0.0,0.0,-1.2637869119644165
5829,-1.5370372533798218,0.0,0.0,0.6600015163421631
5830,-0.8362299203872681,0.0,0.0,-0.061522260308265686
5831,-0.7018159031867981,0.0,0.0,-0.6274772882461548
5832,1.925678014755249,0.0,0.0,-1.1071550846099854
5833,-0.8241914510726929,0.0,0.0,-0.012532368302345276
5834,-1.7315729856491089,0.0,0.0,0.1128099262714386
5835,-0.5287390351295471,0.0,0.0,-1.2731163501739502
5836,-0.3804352879524231,0.0,0.0,-1.2731163501739502
5837,-1.5945088863372803,0.0,0.0,-0.2073160707950592
5838,1.925678014755249,0.0,0.0,-1.1071550846099854
5839,-1.5370372533798218,0.0,0.0,0.6600015163421631
5840,-0.9725110530853271,0.0,0.0,-0.03742680698633194
5841,-0.7850978374481201,0.0,0.0,0.12680187821388245
5842,-0.8362299203872681,0.0,0.0,0.04337232559919357
5843,1.003557801246643,0.0,0.0,-1.1814278364181519
5844,-0.7109299302101135,0.0,0.0,-1.3114612102508545
5845,-1.6838231086730957,0.0,0.0,0.1718624085187912
5846,-0.6985431909561157,0.0,0.0,-0.02511805109679699
5847,-1.5553606748580933,0.0,0.0,0.5465987324714661
5848,-1.0166910886764526,0.0,0.0,0.311346173286438
5849,1.925678014755249,0.0,0.0,-1.1071550846099854
5850,-0.7018159031867981,0.0,0.0,-0.6274772882461548
5851,-1.5370372533798218,0.0,0.0,0.6600015163421631
5852,-1.5370372533798218,0.0,0.0,0.6600015163421631
5853,-0.45639246702194214,0.0,0.0,-1.2731163501739502
5854,-0.6589356064796448,0.0,0.0,-1.2849901914596558
5855,-1.668768286705017,0.0,0.0,-0.21307897567749023
5856,-1.5370372533798218,0.0,0.0,0.6600015163421631
5857,-0.7018159031867981,0.0,0.0,-0.6274772882461548
5858,0.9939028024673462,0.0,0.0,-1.2078988552093506
5859,-0.538394033908844,0.0,0.0,-1.2419499158859253
5860,-0.5591702461242676,0.0,0.0,0.7213373780250549
5861,-1.668768286705017,0.0,0.0,-0.14788806438446045
5862,0.9939028024673462,0.0,0.0,-1.2078988552093506
5863,-1.5370372533798218,0.0,0.0,0.6600015163421631
5864,-0.5287390351295471,0.0,0.0,-1.2731163501739502
5865,-1.5370372533798218,0.0,0.0,0.6600015163421631
5866,-0.8362299203872681,0.0,0.0,-0.061522260308265686
5867,-1.5370372533798218,0.0,0.0,0.6600015163421631
5868,-1.5553606748580933,0.0,0.0,0.5465987324714661
5869,0.49894097447395325,0.0,0.0,-1.2150958776474
5870,1.1068390607833862,0.0,0.0,-1.1814278364181519
5871,-1.6838231086730957,0.0,0.0,0.1718624085187912
5872,-1.5370372533798218,0.0,0.0,0.6600015163421631
5873,-0.4351320266723633,0.0,0.0,0.7635111212730408
5874,-1.599841833114624,0.0,0.0,0.6471799612045288
5875,-1.6210185289382935,0.0,0.0,0.1846839040517807
5876,-1.5370372533798218,0.0,0.0,0.6600015163421631
5877,-0.7109299302101135,0.0,0.0,-1.2538237571716309
5878,-0.5591702461242676,0.0,0.0,0.7213373780250549
5879,-1.5370372533798218,0.0,0.0,0.6600015163421631
5880,0.9939028024673462,0.0,0.0,-1.1502612829208374
5881,0.48928597569465637,0.0,0.0,-1.183929443359375
5882,1.003557801246643,0.0,0.0,-1.1513904333114624
5883,-0.7109299302101135,0.0,0.0,-0.9912486672401428
5884,-0.31413984298706055,0.0,0.0,0.06286853551864624
5885,1.7292513847351074,0.0,0.0,-1.1263498067855835
5886,-0.5727396011352539,0.0,0.0,0.3373311460018158
5887,-0.8362299203872681,0.0,0.0,-0.061522260308265686
5888,-0.5476328134536743,0.0,0.0,-0.02511805109679699
5889,-0.8362299203872681,0.0,0.0,-0.03616642951965332
5890,0.051083989441394806,0.0,0.0,-1.222205638885498
5891,-0.5530103445053101,0.0,0.0,0.7635111212730408
5892,-1.5370372533798218,0.0,0.0,0.6600015163421631
5893,-0.7012749314308167,0.0,0.0,-1.2849901914596558
5894,-1.5370372533798218,0.0,0.0,0.6600015163421631
5895,-1.6210185289382935,0.0,0.0,0.1846839040517807
5896,0.49894097447395325,0.0,0.0,-1.2150958776474
5897,1.1068390607833862,0.0,0.0,-1.1814278364181519
5898,1.1917462348937988,0.0,0.0,-1.1711444854736328
5899,0.49894097447395325,0.0,0.0,-1.2150958776474
5900,-0.7850978374481201,0.0,0.0,0.054420702159404755
5901,1.925678014755249,0.0,0.0,-1.1071550846099854
5902,-0.7018159031867981,0.0,0.0,-0.6274772882461548
5903,-1.5582817792892456,0.0,0.0,0.5337771773338318
5904,-0.8362299203872681,0.0,0.0,0.04337232559919357
5905,-0.7109299302101135,0.0,0.0,-1.2538237571716309
5906,-0.7109299302101135,0.0,0.0,-1.2538237571716309
5907,-0.7109299302101135,0.0,0.0,-1.2538237571716309
5908,1.2564465999603271,0.0,0.0,-1.1711444854736328
5909,-1.7195345163345337,0.0,0.0,-0.17691056430339813
5910,-0.8362299203872681,0.0,0.0,-0.061522260308265686
5911,-1.5370372533798218,0.0,0.0,0.6600015163421631
5912,-1.599841833114624,0.0,0.0,0.6471799612045288
5913,0.5299052000045776,0.0,0.0,-1.183929443359375
5914,-0.8241914510726929,0.0,0.0,-0.012532368302345276
5915,-1.5370372533798218,0.0,0.0,0.6600015163421631
5916,-1.5370372533798218,0.0,0.0,0.6600015163421631
5917,-1.5370372533798218,0.0,0.0,0.6600015163421631
5918,1.925678014755249,0.0,0.0,-1.1071550846099854
5919,-1.599841833114624,0.0,0.0,0.6471799612045288
5920,1.9251370429992676,0.0,0.0,-0.5240948796272278
5921,1.003557801246643,0.0,0.0,-1.1814278364181519
5922,-0.4351320266723633,0.0,0.0,0.7635111212730408
5923,-0.5591702461242676,0.0,0.0,0.7213373780250549
5924,1.9160230159759521,0.0,0.0,-1.0759886503219604
5925,0.06073903292417526,0.0,0.0,-1.253372073173523
5926,1.925678014755249,0.0,0.0,-1.1071550846099854
5927,1.0971840620040894,0.0,0.0,-1.1502612829208374
5928,1.925678014755249,0.0,0.0,-1.1071550846099854
5929,1.003557801246643,0.0,0.0,-1.1513904333114624
5930,1.1456624269485474,0.0,0.0,0.6023441553115845
5931,1.925678014755249,0.0,0.0,-1.1071550846099854
5932,-0.3975459337234497,0.0,0.0,0.7635111212730408
5933,-0.538394033908844,0.0,0.0,-1.299587368965149
5934,-1.5370372533798218,0.0,0.0,0.6600015163421631
5935,1.925678014755249,0.0,0.0,-1.1071550846099854
5936,-1.0644408464431763,0.0,0.0,0.018477892503142357
5937,-0.5287390351295471,0.0,0.0,-1.2731163501739502
5938,1.925678014755249,0.0,0.0,-1.1071550846099854
5939,0.5652364492416382,0.0,0.0,0.12088892608880997
5940,-0.5591702461242676,0.0,0.0,0.6784240007400513
5941,-0.3975459337234497,0.0,0.0,0.7635111212730408
5942,-0.7228225469589233,0.0,0.0,0.6981552839279175
5943,1.925678014755249,0.0,0.0,-1.1071550846099854
5944,0.498399943113327,0.0,0.0,-0.5575829148292542
5945,-1.5370372533798218,0.0,0.0,0.6600015163421631
5946,-0.6349793672561646,0.0,0.0,0.050994619727134705
5947,-1.668768286705017,0.0,0.0,-0.21307897567749023
5948,1.8582438230514526,0.0,0.0,-1.096312403678894
5949,1.925678014755249,0.0,0.0,-1.1071550846099854
5950,-0.5591702461242676,0.0,0.0,0.7213373780250549
5951,-0.6985431909561157,0.0,0.0,0.7635111212730408
5952,1.925678014755249,0.0,0.0,-1.1071550846099854
5953,0.9939028024673462,0.0,0.0,-0.8876863718032837
5954,-0.8362299203872681,0.0,0.0,-0.061522260308265686
5955,1.7292513847351074,0.0,0.0,-1.1263498067855835
5956,-1.5370372533798218,0.0,0.0,0.6600015163421631
5957,1.925678014755249,0.0,0.0,-1.1071550846099854
5958,1.925678014755249,0.0,0.0,-1.1071550846099854
5959,-0.5530103445053101,0.0,0.0,0.7635111212730408
5960,-0.788480281829834,0.0,0.0,0.33624064922332764
5961,-0.5591702461242676,0.0,0.0,0.7213373780250549
5962,1.0030168294906616,0.0,0.0,-0.5239149928092957
5963,1.925678014755249,0.0,0.0,-1.1071550846099854
5964,-1.599841833114624,0.0,0.0,0.6471799612045288
5965,-0.3975459337234497,0.0,0.0,0.7635111212730408
5966,-0.5591702461242676,0.0,0.0,0.6784240007400513
5967,1.925678014755249,0.0,0.0,-1.1071550846099854
5968,-0.8241914510726929,0.0,0.0,0.02941235713660717
5969,-0.7850978374481201,0.0,0.0,0.054420702159404755
5970,-0.3975459337234497,0.0,0.0,0.7635111212730408
5971,-1.5370372533798218,0.0,0.0,0.6600015163421631
5972,1.925678014755249,0.0,0.0,-1.077117681503296
5973,1.925678014755249,0.0,0.0,-1.1071550846099854
5974,-0.4002038240432739,0.0,0.0,0.3492051064968109
5975,1.925678014755249,0.0,0.0,-1.1071550846099854
5976,-0.5940054655075073,0.0,0.0,0.5698747038841248
5977,-0.9643069505691528,0.0,0.0,-0.8119744062423706
5978,-1.1056301593780518,0.0,0.0,-2.9617834091186523
5979,1.849655032157898,0.0,0.0,-2.1973330974578857
5980,-2.8964004516601562,0.0,0.0,1.3565046787261963
5981,-2.9766435623168945,0.0,0.0,1.3565046787261963
5982,-2.8617000579833984,0.0,0.0,1.3680156469345093
5983,2.467759847640991,0.0,0.0,-1.8841784000396729
5984,2.467759847640991,0.0,0.0,-1.8841784000396729
5985,-2.9808731079101562,0.0,0.0,1.365851640701294
5986,1.3976961374282837,0.0,0.0,-2.1153573989868164
5987,-3.0697553157806396,0.0,0.0,-0.2894526720046997
5988,-3.0697553157806396,0.0,0.0,-0.2894526720046997
5989,-2.8617000579833984,0.0,0.0,1.3680156469345093
5990,-0.618696928024292,0.0,0.0,-2.154491424560547
5991,-1.862302303314209,0.0,0.0,-0.112491674721241
5992,-2.2002530097961426,0.0,0.0,0.5665509700775146
5993,-0.900721549987793,0.0,0.0,-0.803503155708313
5994,0.44796639680862427,0.0,0.0,-2.8822429180145264
5995,-2.8617000579833984,0.0,0.0,1.3680156469345093
5996,-2.2540223598480225,0.0,0.0,-0.042193181812763214
5997,-0.985785722732544,0.0,0.0,-1.1572660207748413
5998,2.467759847640991,0.0,0.0,-1.8841784000396729
5999,-2.2474262714385986,0.0,0.0,0.19250528514385223
6000,-3.047995090484619,0.0,0.0,-0.041141100227832794
6001,-0.6182399988174438,0.0,0.0,-2.088702440261841
6002,-0.2844081223011017,0.0,0.0,-2.386802911758423
6003,-2.717978000640869,0.0,0.0,-0.29001307487487793
6004,2.467759847640991,0.0,0.0,-1.8841784000396729
6005,-2.8617000579833984,0.0,0.0,1.3680156469345093
6006,-2.2377498149871826,0.0,0.0,0.13324055075645447
6007,-1.522160291671753,0.0,0.0,-0.04701317101716995
6008,-1.864119529724121,0.0,0.0,-0.08549589663743973
6009,1.4525481462478638,0.0,0.0,-2.2661969661712646
6010,-1.1004120111465454,0.0,0.0,-2.943546772003174
6011,-2.9207441806793213,0.0,0.0,0.9403659105300903
6012,-1.034239411354065,0.0,0.0,-0.030212802812457085
6013,-2.912935972213745,0.0,0.0,0.9425299167633057
6014,-2.2373223304748535,0.0,0.0,0.5172266960144043
6015,2.467759847640991,0.0,0.0,-1.8841784000396729
6016,-0.985785722732544,0.0,0.0,-1.1572660207748413
6017,-2.8964004516601562,0.0,0.0,1.3565046787261963
6018,-2.8617000579833984,0.0,0.0,1.3680156469345093
6019,-0.3406437635421753,0.0,0.0,-2.088702440261841
6020,-0.660400390625,0.0,0.0,-2.113797187805176
6021,-3.0813772678375244,0.0,0.0,-0.2890491187572479
6022,-2.8617000579833984,0.0,0.0,1.3680156469345093
6023,-0.7931008338928223,0.0,0.0,-1.1440271139144897
6024,1.438830018043518,0.0,0.0,-2.6670453548431396
6025,-0.6460471153259277,0.0,0.0,-2.9234495162963867
6026,-0.6362594366073608,0.0,0.0,0.5698747038841248
6027,-3.038292169570923,0.0,0.0,0.11019633710384369
6028,1.383978009223938,0.0,0.0,-2.784607410430908
6029,-2.8617000579833984,0.0,0.0,1.3680156469345093
6030,-0.6271108388900757,0.0,0.0,-2.386802911758423
6031,-2.8617000579833984,0.0,0.0,1.3680156469345093
6032,-2.0800278186798096,0.0,0.0,-0.09790625423192978
6033,-2.8617000579833984,0.0,0.0,1.3680156469345093
6034,-2.912935972213745,0.0,0.0,1.0624715089797974
6035,0.9841331243515015,0.0,0.0,-2.0140254497528076
6036,1.8915531635284424,0.0,0.0,-2.2514545917510986
6037,-3.097334861755371,0.0,0.0,0.40530118346214294
6038,-2.8617000579833984,0.0,0.0,1.3680156469345093
6039,-0.5846911668777466,0.0,0.0,0.7065068483352661
6040,-2.8695082664489746,0.0,0.0,1.365851640701294
6041,-2.9735684394836426,0.0,0.0,0.4562545418739319
6042,-2.8617000579833984,0.0,0.0,1.3680156469345093
6043,-1.1056301593780518,0.0,0.0,-2.9617834091186523
6044,-0.6547048091888428,0.0,0.0,0.5698747038841248
6045,-2.8617000579833984,0.0,0.0,1.3680156469345093
6046,1.5301717519760132,0.0,0.0,-2.8028440475463867
6047,0.6356586813926697,0.0,0.0,-2.866462469100952
6048,1.3976961374282837,0.0,0.0,-2.2661969661712646
6049,-1.0782798528671265,0.0,0.0,-2.1928250789642334
6050,0.23215904831886292,0.0,0.0,-0.7570446729660034
6051,2.3513190746307373,0.0,0.0,-1.9521794319152832
6052,-0.5940054655075073,0.0,0.0,0.5698747038841248
6053,-1.8568835258483887,0.0,0.0,-0.13684603571891785
6054,-1.034239411354065,0.0,0.0,-0.030212802812457085
6055,-2.428638458251953,0.0,0.0,-0.1843177229166031
6056,0.1886095404624939,0.0,0.0,-2.923424005508423
6057,-0.5846911668777466,0.0,0.0,0.7065068483352661
6058,-2.8617000579833984,0.0,0.0,1.3680156469345093
6059,-0.660400390625,0.0,0.0,-2.113797187805176
6060,-2.8617000579833984,0.0,0.0,1.3680156469345093
6061,-3.017091751098633,0.0,0.0,0.40530118346214294
6062,0.9752624034881592,0.0,0.0,-2.3121256828308105
6063,1.8915531635284424,0.0,0.0,-2.2514545917510986
6064,1.9953770637512207,0.0,0.0,-1.9533543586730957
6065,0.6365769505500793,0.0,0.0,-2.0377566814422607
6066,-1.7325019836425781,0.0,0.0,-0.06502995640039444
6067,2.467759847640991,0.0,0.0,-1.8841784000396729
6068,-0.985785722732544,0.0,0.0,-1.1572660207748413
6069,-2.701043128967285,0.0,0.0,0.9822067022323608
6070,-2.101548910140991,0.0,0.0,-0.09953799098730087
6071,-1.1198209524154663,0.0,0.0,-3.0741140842437744
6072,-1.1198209524154663,0.0,0.0,-2.995689630508423
6073,-1.1056301593780518,0.0,0.0,-2.9617834091186523
6074,2.1395962238311768,0.0,0.0,-2.0314393043518066
6075,-3.1273398399353027,0.0,0.0,0.07069773972034454
6076,-1.9653949737548828,0.0,0.0,-0.112491674721241
6077,-2.8617000579833984,0.0,0.0,1.3680156469345093
6078,-3.027287483215332,0.0,0.0,1.3565046787261963
6079,1.0858944654464722,0.0,0.0,-2.9065988063812256
6080,-2.219741106033325,0.0,0.0,0.34518659114837646
6081,-2.8617000579833984,0.0,0.0,1.3680156469345093
6082,-2.8617000579833984,0.0,0.0,1.3680156469345093
6083,-2.8617000579833984,0.0,0.0,1.3680156469345093
6084,2.467759847640991,0.0,0.0,-1.8841784000396729
6085,-3.027287483215332,0.0,0.0,1.3565046787261963
6086,2.523923397064209,0.0,0.0,-1.543969988822937
6087,1.4614189863204956,0.0,0.0,-1.9680969715118408
6088,-0.5846911668777466,0.0,0.0,0.7065068483352661
6089,-0.5940054655075073,0.0,0.0,0.5698747038841248
6090,2.4399526119232178,0.0,0.0,-2.718925714492798
6091,0.6104857921600342,0.0,0.0,-2.07210636138916
6092,2.467759847640991,0.0,0.0,-1.8841784000396729
6093,1.8778349161148071,0.0,0.0,-2.769865036010742
6094,2.467759847640991,0.0,0.0,-1.8841784000396729
6095,1.4533485174179077,0.0,0.0,-2.2661969661712646
6096,1.7287025451660156,0.0,0.0,0.7181543111801147
6097,2.467759847640991,0.0,0.0,-1.8841784000396729
6098,-0.3418858051300049,0.0,0.0,0.7065068483352661
6099,-0.6408289670944214,0.0,0.0,-2.7876510620117188
6100,-2.8617000579833984,0.0,0.0,1.3680156469345093
6101,2.467759847640991,0.0,0.0,-1.8841784000396729
6102,-2.1209557056427,0.0,0.0,0.503531277179718
6103,-0.05214659497141838,0.0,0.0,-2.088702440261841
6104,2.467759847640991,0.0,0.0,-1.8841784000396729
6105,1.1477241516113281,0.0,0.0,-0.6989641189575195
6106,-0.6362594366073608,0.0,0.0,0.5698747038841248
6107,-0.3418858051300049,0.0,0.0,0.7065068483352661
6108,-1.9894630908966064,0.0,0.0,1.0528266429901123
6109,2.467759847640991,0.0,0.0,-1.8841784000396729
6110,0.8686624765396118,0.0,0.0,-1.0473002195358276
6111,-2.8617000579833984,0.0,0.0,1.3680156469345093
6112,-0.9643069505691528,0.0,0.0,-0.8119744062423706
6113,-3.054711103439331,0.0,0.0,-0.338638573884964
6114,2.4588890075683594,0.0,0.0,-2.182279109954834
6115,2.467759847640991,0.0,0.0,-1.8841784000396729
6116,-0.810539722442627,0.0,0.0,0.559215247631073
6117,-1.0013059377670288,0.0,0.0,0.6913591623306274
6118,2.467759847640991,0.0,0.0,-1.8841784000396729
6119,1.8580690622329712,0.0,0.0,-2.033885955810547
6120,-1.8404645919799805,0.0,0.0,0.4559769928455353
6121,2.3513190746307373,0.0,0.0,-1.9521794319152832
6122,-2.8964004516601562,0.0,0.0,1.3565046787261963
6123,2.467759847640991,0.0,0.0,-1.8841784000396729
6124,2.4588890075683594,0.0,0.0,-2.182279109954834
6125,-0.5940054655075073,0.0,0.0,0.7065068483352661
6126,-1.9781773090362549,0.0,0.0,0.5576931238174438
6127,-0.6362594366073608,0.0,0.0,0.5698747038841248
6128,1.485451102256775,0.0,0.0,-1.3528523445129395
6129,2.467759847640991,0.0,0.0,-1.8841784000396729
6130,-2.887937068939209,0.0,0.0,1.264728307723999
6131,-0.3418858051300049,0.0,0.0,0.7065068483352661
6132,-0.810539722442627,0.0,0.0,0.559215247631073
6133,2.467759847640991,0.0,0.0,-1.8841784000396729
6134,-1.8280212879180908,0.0,0.0,0.4375161826610565
6135,-1.864119529724121,0.0,0.0,-0.08549589663743973
6136,-0.30276602506637573,0.0,0.0,0.7065068483352661
6137,-2.8617000579833984,0.0,0.0,1.3680156469345093
6138,2.4588890075683594,0.0,0.0,-2.182279109954834
6139,2.467759847640991,0.0,0.0,-1.8841784000396729
6140,0.14677496254444122,0.0,0.0,0.22884230315685272
6141,2.467759847640991,0.0,0.0,-1.8841784000396729
6142,-0.7935803532600403,0.0,0.0,-0.09668722003698349
6143,-0.739729642868042,0.0,0.0,-1.3915938138961792
6144,-0.702552855014801,0.0,0.0,-3.402863025665283
6145,1.792126178741455,0.0,0.0,-3.6081385612487793
6146,-3.431889772415161,0.0,0.0,2.2789230346679688
6147,-3.431889772415161,0.0,0.0,2.2789230346679688
6148,-3.431889772415161,0.0,0.0,2.2789230346679688
6149,2.663954257965088,0.0,0.0,-2.450268507003784
6150,2.663954257965088,0.0,0.0,-2.450268507003784
6151,-3.3738136291503906,0.0,0.0,2.291825532913208
6152,1.3408830165863037,0.0,0.0,-3.579396963119507
6153,-3.6293303966522217,0.0,0.0,0.2910816967487335
6154,-3.6293303966522217,0.0,0.0,0.2910816967487335
6155,-3.431889772415161,0.0,0.0,2.2789230346679688
6156,0.7153639793395996,0.0,0.0,-2.7399723529815674
6157,-2.6268343925476074,0.0,0.0,0.30920711159706116
6158,-2.8850584030151367,0.0,0.0,1.07733154296875
6159,-0.12595680356025696,0.0,0.0,-1.414026141166687
6160,0.6526181697845459,0.0,0.0,-3.171570301055908
6161,-3.431889772415161,0.0,0.0,2.2789230346679688
6162,-2.6268343925476074,0.0,0.0,0.5543096661567688
6163,-0.6940048336982727,0.0,0.0,-1.9838511943817139
6164,2.663954257965088,0.0,0.0,-2.450268507003784
6165,-2.8333866596221924,0.0,0.0,0.3822180926799774
6166,-3.5840656757354736,0.0,0.0,0.2910816967487335
6167,0.6188939809799194,0.0,0.0,-2.6379899978637695
6168,0.6990724205970764,0.0,0.0,-3.7157888412475586
6169,-3.264028310775757,0.0,0.0,-0.024857472628355026
6170,2.663954257965088,0.0,0.0,-2.450268507003784
6171,-3.431889772415161,0.0,0.0,2.2789230346679688
6172,-3.120554208755493,0.0,0.0,0.40246522426605225
6173,-1.8009899854660034,0.0,0.0,0.4477582275867462
6174,-1.769940972328186,0.0,0.0,1.2383933067321777
6175,1.584883689880371,0.0,0.0,-3.629119634628296
6176,-0.3428826928138733,0.0,0.0,-3.4524993896484375
6177,-3.4835190773010254,0.0,0.0,1.0826948881149292
6178,-1.8009899854660034,0.0,0.0,0.4477582275867462
6179,-3.4836623668670654,0.0,0.0,2.023890972137451
6180,-3.1928164958953857,0.0,0.0,1.061219334602356
6181,2.663954257965088,0.0,0.0,-2.450268507003784
6182,-0.6940048336982727,0.0,0.0,-1.9838511943817139
6183,-3.431889772415161,0.0,0.0,2.2789230346679688
6184,-3.431889772415161,0.0,0.0,2.2789230346679688
6185,0.7065891027450562,0.0,0.0,-2.6379899978637695
6186,0.04103711247444153,0.0,0.0,-2.6711721420288086
6187,-3.668862819671631,0.0,0.0,0.4536135494709015
6188,-3.431889772415161,0.0,0.0,2.2789230346679688
6189,-0.13500753045082092,0.0,0.0,-1.9768682718276978
6190,1.6256613731384277,0.0,0.0,-3.131924629211426
6191,1.3429597616195679,0.0,0.0,-3.314203977584839
6192,-0.7854788303375244,0.0,0.0,-0.7688788175582886
6193,-3.6610703468322754,0.0,0.0,0.8714540004730225
6194,1.4810681343078613,0.0,0.0,-3.256751298904419
6195,-3.431889772415161,0.0,0.0,2.2789230346679688
6196,1.2908788919448853,0.0,0.0,-3.6997103691101074
6197,-3.431889772415161,0.0,0.0,2.2789230346679688
6198,-2.253464460372925,0.0,0.0,0.07083343714475632
6199,-3.431889772415161,0.0,0.0,2.2789230346679688
6200,-3.441312074661255,0.0,0.0,2.245877265930176
6201,1.0265376567840576,0.0,0.0,-2.5881853103637695
6202,2.0106024742126465,0.0,0.0,-3.5972349643707275
6203,-3.606032609939575,0.0,0.0,0.9907695055007935
6204,-3.431889772415161,0.0,0.0,2.2789230346679688
6205,-0.9711891412734985,0.0,0.0,0.4886385202407837
6206,-3.3335771560668945,0.0,0.0,2.291825532913208
6207,-3.5976383686065674,0.0,0.0,1.0581609010696411
6208,-3.431889772415161,0.0,0.0,2.2789230346679688
6209,-0.8209118247032166,0.0,0.0,-3.402863025665283
6210,-0.998633861541748,0.0,0.0,0.24918398261070251
6211,-3.431889772415161,0.0,0.0,2.2789230346679688
6212,1.8232977390289307,0.0,0.0,-3.2292704582214355
6213,0.8679240942001343,0.0,0.0,-3.2871346473693848
6214,1.379475474357605,0.0,0.0,-3.155456781387329
6215,-0.27967339754104614,0.0,0.0,-2.805570125579834
6216,0.9500460028648376,0.0,0.0,-1.3428339958190918
6217,2.430879592895508,0.0,0.0,-2.5475914478302
6218,-0.8251740336418152,0.0,0.0,-1.1357128620147705
6219,-1.8664966821670532,0.0,0.0,0.10612764209508896
6220,-1.3477331399917603,0.0,0.0,0.4651685655117035
6221,-3.0140557289123535,0.0,0.0,0.3647412061691284
6222,0.6526181697845459,0.0,0.0,-3.305328130722046
6223,-0.8777911067008972,0.0,0.0,0.4886385202407837
6224,-3.431889772415161,0.0,0.0,2.2789230346679688
6225,-0.20281441509723663,0.0,0.0,-2.781222105026245
6226,-3.431889772415161,0.0,0.0,2.2789230346679688
6227,-3.606032609939575,0.0,0.0,0.9907695055007935
6228,1.0190210342407227,0.0,0.0,-3.6659841537475586
6229,2.0106024742126465,0.0,0.0,-3.5972349643707275
6230,2.0181195735931396,0.0,0.0,-2.616759777069092
6231,0.608053982257843,0.0,0.0,-2.6130356788635254
6232,-1.7943285703659058,0.0,0.0,0.9939154386520386
6233,2.663954257965088,0.0,0.0,-2.450268507003784
6234,-0.6940048336982727,0.0,0.0,-1.9838511943817139
6235,-3.292931318283081,0.0,0.0,2.098801374435425
6236,-2.5793418884277344,0.0,0.0,0.3871246576309204
6237,-0.3315792679786682,0.0,0.0,-3.3958799839019775
6238,-0.3315792679786682,0.0,0.0,-3.4428858757019043
6239,-0.8209118247032166,0.0,0.0,-3.402863025665283
6240,2.1072540283203125,0.0,0.0,-2.9162256717681885
6241,-3.631052255630493,0.0,0.0,0.23110225796699524
6242,-2.7829368114471436,0.0,0.0,0.07197102159261703
6243,-3.431889772415161,0.0,0.0,2.2789230346679688
6244,-3.3738136291503906,0.0,0.0,2.291825532913208
6245,1.2569162845611572,0.0,0.0,-3.3114380836486816
6246,-2.557523727416992,0.0,0.0,0.36354246735572815
6247,-3.431889772415161,0.0,0.0,2.2789230346679688
6248,-3.431889772415161,0.0,0.0,2.2789230346679688
6249,-3.431889772415161,0.0,0.0,2.2789230346679688
6250,2.663954257965088,0.0,0.0,-2.450268507003784
6251,-3.3738136291503906,0.0,0.0,2.291825532913208
6252,2.7904438972473145,0.0,0.0,-2.0706658363342285
6253,1.6642444133758545,0.0,0.0,-2.551320791244507
6254,-0.8777911067008972,0.0,0.0,0.4886385202407837
6255,-0.7935803532600403,0.0,0.0,0.257407546043396
6256,2.7085182666778564,0.0,0.0,-3.1425609588623047
6257,1.0474436283111572,0.0,0.0,-2.7103588581085205
6258,2.663954257965088,0.0,0.0,-2.450268507003784
6259,2.06268310546875,0.0,0.0,-3.0779709815979004
6260,2.663954257965088,0.0,0.0,-2.450268507003784
6261,1.2509442567825317,0.0,0.0,-3.16495418548584
6262,1.8875443935394287,0.0,0.0,-0.6034577488899231
6263,2.663954257965088,0.0,0.0,-2.450268507003784
6264,-0.793208658695221,0.0,0.0,0.4886385202407837
6265,1.3513457775115967,0.0,0.0,-2.8449947834014893
6266,-3.431889772415161,0.0,0.0,2.2789230346679688
6267,2.663954257965088,0.0,0.0,-2.450268507003784
6268,-2.8695690631866455,0.0,0.0,1.138323187828064
6269,1.2983955144882202,0.0,0.0,-2.6219115257263184
6270,2.663954257965088,0.0,0.0,-2.5475914478302
6271,1.23722243309021,0.0,0.0,-1.2692087888717651
6272,-0.8125593066215515,0.0,0.0,-0.7688788175582886
6273,-0.9016641974449158,0.0,0.0,0.4886385202407837
6274,-2.6127514839172363,0.0,0.0,2.0350966453552246
6275,2.663954257965088,0.0,0.0,-2.450268507003784
6276,0.7795249223709106,0.0,0.0,-1.8863168954849243
6277,-3.431889772415161,0.0,0.0,2.2789230346679688
6278,-0.16545826196670532,0.0,0.0,-1.2606877088546753
6279,-3.668862819671631,0.0,0.0,-0.06345134973526001
6280,2.7025465965270996,0.0,0.0,-2.897904634475708
6281,2.663954257965088,0.0,0.0,-2.450268507003784
6282,-0.6231972575187683,0.0,0.0,-0.09051574021577835
6283,-1.8009899854660034,0.0,0.0,0.4477582275867462
6284,2.663954257965088,0.0,0.0,-2.450268507003784
6285,1.8923447132110596,0.0,0.0,-2.65301513671875
6286,-1.769940972328186,0.0,0.0,0.9986611604690552
6287,2.430879592895508,0.0,0.0,-2.5475914478302
6288,-3.431889772415161,0.0,0.0,2.2789230346679688
6289,2.663954257965088,0.0,0.0,-2.450268507003784
6290,2.656437873840332,0.0,0.0,-3.528066873550415
6291,-0.8451672196388245,0.0,0.0,0.4968620538711548
6292,-2.6610517501831055,0.0,0.0,1.07733154296875
6293,-0.7664998769760132,0.0,0.0,0.257407546043396
6294,1.5123543739318848,0.0,0.0,-1.8359225988388062
6295,2.663954257965088,0.0,0.0,-2.450268507003784
6296,-3.3429994583129883,0.0,0.0,2.258779764175415
6297,-0.793208658695221,0.0,0.0,0.4886385202407837
6298,-0.1528436839580536,0.0,0.0,-0.7557244300842285
6299,2.663954257965088,0.0,0.0,-2.450268507003784
6300,-2.384640693664551,0.0,0.0,0.5034181475639343
6301,-1.7943285703659058,0.0,0.0,1.019161343574524
6302,-0.793208658695221,0.0,0.0,0.4886385202407837
6303,-3.431889772415161,0.0,0.0,2.2789230346679688
6304,2.7025465965270996,0.0,0.0,-3.043083906173706
6305,2.663954257965088,0.0,0.0,-2.450268507003784
6306,1.5090805292129517,0.0,0.0,-1.0408824682235718
6307,2.663954257965088,0.0,0.0,-2.450268507003784
6308,-0.3796968460083008,0.0,0.0,0.6288764476776123
6309,-0.48148247599601746,0.0,0.0,0.04033751040697098
6310,-0.5625631809234619,0.0,0.0,-1.0690966844558716
6311,0.005543448030948639,0.0,0.0,-1.0690966844558716
6312,-1.1090927124023438,0.0,0.0,0.39920586347579956
6313,-0.9915977120399475,0.0,0.0,0.39920586347579956
6314,-1.1090927124023438,0.0,0.0,0.39920586347579956
6315,1.8890419006347656,0.0,0.0,-0.6522990465164185
6316,1.8890419006347656,0.0,0.0,-0.6522990465164185
6317,-0.801257312297821,0.0,0.0,0.39920586347579956
6318,0.005543448030948639,0.0,0.0,-1.0690966844558716
6319,-0.801257312297821,0.0,0.0,0.39920586347579956
6320,-0.801257312297821,0.0,0.0,0.39920586347579956
6321,-1.1090927124023438,0.0,0.0,0.39920586347579956
6322,-0.20326460897922516,0.0,0.0,-1.0690966844558716
6323,-0.6123815774917603,0.0,0.0,0.39920586347579956
6324,-0.6123815774917603,0.0,0.0,0.39920586347579956
6325,-0.28227704763412476,0.0,0.0,0.48603740334510803
6326,0.005543448030948639,0.0,0.0,-1.0690966844558716
6327,-1.1090927124023438,0.0,0.0,0.39920586347579956
6328,-0.6123815774917603,0.0,0.0,0.39920586347579956
6329,-0.526870608329773,0.0,0.0,-0.40597257018089294
6330,1.8890419006347656,0.0,0.0,-0.6522990465164185
6331,-0.6123815774917603,0.0,0.0,0.39920586347579956
6332,-0.801257312297821,0.0,0.0,0.39920586347579956
6333,-0.20326460897922516,0.0,0.0,-1.0690966844558716
6334,-0.08420535922050476,0.0,0.0,-1.0690966844558716
6335,-0.801257312297821,0.0,0.0,0.39920586347579956
6336,1.8890419006347656,0.0,0.0,-0.6522990465164185
6337,-1.1090927124023438,0.0,0.0,0.39920586347579956
6338,-0.6123815774917603,0.0,0.0,0.39920586347579956
6339,-0.5187841653823853,0.0,0.0,0.4154406487941742
6340,-0.6123815774917603,0.0,0.0,0.39920586347579956
6341,0.005543448030948639,0.0,0.0,-1.0690966844558716
6342,-0.4651433825492859,0.0,0.0,-1.0690966844558716
6343,-0.801257312297821,0.0,0.0,0.39920586347579956
6344,-0.3796968460083008,0.0,0.0,0.4154406487941742
6345,-1.1090927124023438,0.0,0.0,0.39920586347579956
6346,-0.6123815774917603,0.0,0.0,0.39920586347579956
6347,1.8890419006347656,0.0,0.0,-0.6522990465164185
6348,-0.526870608329773,0.0,0.0,-0.40597257018089294
6349,-1.1090927124023438,0.0,0.0,0.39920586347579956
6350,-1.1090927124023438,0.0,0.0,0.39920586347579956
6351,-0.20326460897922516,0.0,0.0,-1.0690966844558716
6352,-0.4651433825492859,0.0,0.0,-1.0690966844558716
6353,-1.1090927124023438,0.0,0.0,0.39920586347579956
6354,-1.1090927124023438,0.0,0.0,0.39920586347579956
6355,-0.4294508099555969,0.0,0.0,-0.40597257018089294
6356,0.005543448030948639,0.0,0.0,-1.0690966844558716
6357,-0.20326460897922516,0.0,0.0,-1.0690966844558716
6358,-0.3796968460083008,0.0,0.0,0.6288764476776123
6359,-1.1090927124023438,0.0,0.0,0.39920586347579956
6360,0.005543448030948639,0.0,0.0,-1.0690966844558716
6361,-1.1090927124023438,0.0,0.0,0.39920586347579956
6362,-0.20326460897922516,0.0,0.0,-1.0690966844558716
6363,-1.1090927124023438,0.0,0.0,0.39920586347579956
6364,-0.6123815774917603,0.0,0.0,0.39920586347579956
6365,-1.1090927124023438,0.0,0.0,0.39920586347579956
6366,-1.1090927124023438,0.0,0.0,0.39920586347579956
6367,0.005543448030948639,0.0,0.0,-1.0690966844558716
6368,0.09574414044618607,0.0,0.0,-1.0690966844558716
6369,-0.9915977120399475,0.0,0.0,0.39920586347579956
6370,-1.1090927124023438,0.0,0.0,0.39920586347579956
6371,-0.3796968460083008,0.0,0.0,0.6288764476776123
6372,-0.801257312297821,0.0,0.0,0.39920586347579956
6373,-1.1090927124023438,0.0,0.0,0.39920586347579956
6374,-1.1090927124023438,0.0,0.0,0.39920586347579956
6375,-0.5625631809234619,0.0,0.0,-1.0690966844558716
6376,-0.3796968460083008,0.0,0.0,0.6288764476776123
6377,-1.1090927124023438,0.0,0.0,0.39920586347579956
6378,0.005543448030948639,0.0,0.0,-1.0690966844558716
6379,0.005543448030948639,0.0,0.0,-1.0690966844558716
6380,0.005543448030948639,0.0,0.0,-1.0690966844558716
6381,-0.4651433825492859,0.0,0.0,-1.0690966844558716
6382,-0.0031246840953826904,0.0,0.0,0.04033751040697098
6383,0.45451754331588745,0.0,0.0,-0.9426294565200806
6384,-0.3796968460083008,0.0,0.0,0.48603740334510803
6385,-0.6123815774917603,0.0,0.0,0.39920586347579956
6386,-0.3796968460083008,0.0,0.0,0.4154406487941742
6387,-0.6123815774917603,0.0,0.0,0.39920586347579956
6388,0.005543448030948639,0.0,0.0,-1.0690966844558716
6389,-0.3796968460083008,0.0,0.0,0.6288764476776123
6390,-1.1090927124023438,0.0,0.0,0.39920586347579956
6391,-0.4651433825492859,0.0,0.0,-1.0690966844558716
6392,-1.1090927124023438,0.0,0.0,0.39920586347579956
6393,-1.1090927124023438,0.0,0.0,0.39920586347579956
6394,0.005543448030948639,0.0,0.0,-1.0690966844558716
6395,0.09574414044618607,0.0,0.0,-1.0690966844558716
6396,0.09574414044618607,0.0,0.0,-1.0690966844558716
6397,0.005543448030948639,0.0,0.0,-1.0690966844558716
6398,-0.5187841653823853,0.0,0.0,0.4154406487941742
6399,1.8890419006347656,0.0,0.0,-0.6522990465164185
6400,-0.526870608329773,0.0,0.0,-0.40597257018089294
6401,-0.801257312297821,0.0,0.0,0.39920586347579956
6402,-0.6123815774917603,0.0,0.0,0.39920586347579956
6403,-0.4651433825492859,0.0,0.0,-1.0690966844558716
6404,-0.4651433825492859,0.0,0.0,-1.0690966844558716
6405,-0.5625631809234619,0.0,0.0,-1.0690966844558716
6406,0.09574414044618607,0.0,0.0,-1.0690966844558716
6407,-0.9915977120399475,0.0,0.0,0.39920586347579956
6408,-0.6123815774917603,0.0,0.0,0.39920586347579956
6409,-1.1090927124023438,0.0,0.0,0.39920586347579956
6410,-0.8850306868553162,0.0,0.0,0.39920586347579956
6411,0.005543448030948639,0.0,0.0,-1.0690966844558716
6412,-0.6123815774917603,0.0,0.0,0.39920586347579956
6413,-1.1090927124023438,0.0,0.0,0.39920586347579956
6414,-1.1090927124023438,0.0,0.0,0.39920586347579956
6415,-1.1090927124023438,0.0,0.0,0.39920586347579956
6416,1.8890419006347656,0.0,0.0,-0.6522990465164185
6417,-0.801257312297821,0.0,0.0,0.39920586347579956
6418,1.8890419006347656,0.0,0.0,-0.3075658679008484
6419,0.005543448030948639,0.0,0.0,-1.0690966844558716
6420,-0.3796968460083008,0.0,0.0,0.6288764476776123
6421,-0.3796968460083008,0.0,0.0,0.6288764476776123
6422,1.8890419006347656,0.0,0.0,-0.6522990465164185
6423,0.005543448030948639,0.0,0.0,-1.0690966844558716
6424,1.8890419006347656,0.0,0.0,-0.6522990465164185
6425,0.09574414044618607,0.0,0.0,-1.0690966844558716
6426,1.8890419006347656,0.0,0.0,-0.6522990465164185
6427,0.005543448030948639,0.0,0.0,-1.0690966844558716
6428,0.18840976059436798,0.0,0.0,0.6288764476776123
6429,1.8890419006347656,0.0,0.0,-0.6522990465164185
6430,-0.3796968460083008,0.0,0.0,0.6288764476776123
6431,-0.20326460897922516,0.0,0.0,-1.0690966844558716
6432,-1.1090927124023438,0.0,0.0,0.39920586347579956
6433,1.8890419006347656,0.0,0.0,-0.6522990465164185
6434,-0.6123815774917603,0.0,0.0,0.39920586347579956
6435,-0.20326460897922516,0.0,0.0,-1.0690966844558716
6436,1.8890419006347656,0.0,0.0,-0.6522990465164185
6437,0.08662412315607071,0.0,0.0,0.04033751040697098
6438,-0.3796968460083008,0.0,0.0,0.6288764476776123
6439,-0.3796968460083008,0.0,0.0,0.6288764476776123
6440,-0.6123815774917603,0.0,0.0,0.39920586347579956
6441,1.8890419006347656,0.0,0.0,-0.6522990465164185
6442,0.04123600199818611,0.0,0.0,-0.40597257018089294
6443,-1.1090927124023438,0.0,0.0,0.39920586347579956
6444,-0.3840627074241638,0.0,0.0,0.04033751040697098
6445,-1.1090927124023438,0.0,0.0,0.39920586347579956
6446,1.8890419006347656,0.0,0.0,-0.6522990465164185
6447,1.8890419006347656,0.0,0.0,-0.6522990465164185
6448,-0.3796968460083008,0.0,0.0,0.6288764476776123
6449,-0.3796968460083008,0.0,0.0,0.6288764476776123
6450,1.8890419006347656,0.0,0.0,-0.6522990465164185
6451,0.005543448030948639,0.0,0.0,-1.0690966844558716
6452,-0.6123815774917603,0.0,0.0,0.39920586347579956
6453,0.09574414044618607,0.0,0.0,-1.0690966844558716
6454,-0.9915977120399475,0.0,0.0,0.39920586347579956
6455,1.8890419006347656,0.0,0.0,-0.6522990465164185
6456,1.8890419006347656,0.0,0.0,-0.6522990465164185
6457,-0.3796968460083008,0.0,0.0,0.6288764476776123
6458,-0.6123815774917603,0.0,0.0,0.39920586347579956
6459,-0.3796968460083008,0.0,0.0,0.6288764476776123
6460,0.04123600199818611,0.0,0.0,-0.40597257018089294
6461,1.8890419006347656,0.0,0.0,-0.6522990465164185
6462,-0.801257312297821,0.0,0.0,0.39920586347579956
6463,-0.3796968460083008,0.0,0.0,0.6288764476776123
6464,-0.28227704763412476,0.0,0.0,0.6288764476776123
6465,1.8890419006347656,0.0,0.0,-0.6522990465164185
6466,-0.6123815774917603,0.0,0.0,0.39920586347579956
6467,-0.5187841653823853,0.0,0.0,0.4154406487941742
6468,-0.3796968460083008,0.0,0.0,0.6288764476776123
6469,-1.1090927124023438,0.0,0.0,0.39920586347579956
6470,1.8890419006347656,0.0,0.0,-0.6522990465164185
6471,1.8890419006347656,0.0,0.0,-0.6522990465164185
6472,-0.02039831131696701,0.0,0.0,0.48603740334510803
6473,1.8890419006347656,0.0,0.0,-0.6522990465164185
6474,-0.3238353729248047,0.0,0.0,0.8319115042686462
6475,-0.40768134593963623,0.0,0.0,0.2084813416004181
6476,-0.5216336250305176,0.0,0.0,-0.7455437183380127
6477,0.8815688490867615,0.0,0.0,-1.0782705545425415
6478,-1.2490683794021606,0.0,0.0,0.3384181559085846
6479,-1.2490683794021606,0.0,0.0,0.3384181559085846
6480,-1.230284571647644,0.0,0.0,0.3384181559085846
6481,1.84209144115448,0.0,0.0,-0.8297610878944397
6482,1.84209144115448,0.0,0.0,-0.8297610878944397
6483,-1.2490683794021606,0.0,0.0,0.3384181559085846
6484,0.6835020184516907,0.0,0.0,-1.0856512784957886
6485,-1.277035117149353,0.0,0.0,0.7157127261161804
6486,-1.277035117149353,0.0,0.0,0.7157127261161804
6487,-1.230284571647644,0.0,0.0,0.3384181559085846
6488,-0.018990634009242058,0.0,0.0,-0.17623481154441833
6489,-1.1694585084915161,0.0,0.0,0.6572580933570862
6490,-1.1722122430801392,0.0,0.0,0.327116996049881
6491,-0.36911845207214355,0.0,0.0,0.3420490026473999
6492,0.07820900529623032,0.0,0.0,-0.7252724170684814
6493,-1.230284571647644,0.0,0.0,0.3384181559085846
6494,-1.1694585084915161,0.0,0.0,0.6572580933570862
6495,-0.435200035572052,0.0,0.0,0.012004105374217033
6496,1.8338685035705566,0.0,0.0,-0.8333718180656433
6497,-1.1763192415237427,0.0,0.0,0.33551809191703796
6498,-1.277035117149353,0.0,0.0,0.7157127261161804
6499,-0.10125276446342468,0.0,0.0,-1.0540461540222168
6500,-0.08554938435554504,0.0,0.0,-1.0324207544326782
6501,-1.2505111694335938,0.0,0.0,0.441261887550354
6502,1.84209144115448,0.0,0.0,-0.8297610878944397
6503,-1.230284571647644,0.0,0.0,0.3384181559085846
6504,-1.1693166494369507,0.0,0.0,0.33551809191703796
6505,-0.8020004630088806,0.0,0.0,0.7892920970916748
6506,-0.8229057192802429,0.0,0.0,0.831426739692688
6507,0.8557490706443787,0.0,0.0,-1.0097763538360596
6508,-0.5216336250305176,0.0,0.0,-0.7455437183380127
6509,-1.2510048151016235,0.0,0.0,0.314889520406723
6510,-0.8020004630088806,0.0,0.0,0.7892920970916748
6511,-1.230284571647644,0.0,0.0,0.3384181559085846
6512,-1.2027345895767212,0.0,0.0,0.32471662759780884
6513,1.84209144115448,0.0,0.0,-0.8297610878944397
6514,-0.435200035572052,0.0,0.0,0.012004105374217033
6515,-1.2490683794021606,0.0,0.0,0.3384181559085846
6516,-1.230284571647644,0.0,0.0,0.3384181559085846
6517,-0.10125276446342468,0.0,0.0,-1.0540461540222168
6518,-0.35784581303596497,0.0,0.0,-1.0461041927337646
6519,-1.227530837059021,0.0,0.0,0.6396458148956299
6520,-1.230284571647644,0.0,0.0,0.3384181559085846
6521,-0.41552573442459106,0.0,0.0,0.01960216835141182
6522,0.8777632117271423,0.0,0.0,-0.7090778350830078
6523,-0.06353523582220078,0.0,0.0,-0.7317224740982056
6524,-0.32297801971435547,0.0,0.0,0.7933400869369507
6525,-1.227530837059021,0.0,0.0,0.760165810585022
6526,0.7212196588516235,0.0,0.0,-0.7164585590362549
6527,-1.230284571647644,0.0,0.0,0.3384181559085846
6528,-0.08554938435554504,0.0,0.0,-1.0324207544326782
6529,-1.230284571647644,0.0,0.0,0.3384181559085846
6530,-1.0441826581954956,0.0,0.0,0.38646459579467773
6531,-1.230284571647644,0.0,0.0,0.3384181559085846
6532,-1.230284571647644,0.0,0.0,0.3384181559085846
6533,0.46831628680229187,0.0,0.0,-1.0387823581695557
6534,0.9670042991638184,0.0,0.0,-1.0723447799682617
6535,-1.2490683794021606,0.0,0.0,0.30950477719306946
6536,-1.230284571647644,0.0,0.0,0.3384181559085846
6537,-0.2932002544403076,0.0,0.0,0.8562876582145691
6538,-1.2749351263046265,0.0,0.0,0.3384181559085846
6539,-1.230284571647644,0.0,0.0,0.30950477719306946
6540,-1.230284571647644,0.0,0.0,0.3384181559085846
6541,-0.5216336250305176,0.0,0.0,-0.7455437183380127
6542,-0.3238353729248047,0.0,0.0,0.8562876582145691
6543,-1.230284571647644,0.0,0.0,0.3384181559085846
6544,0.8777632117271423,0.0,0.0,-0.7090778350830078
6545,0.30855026841163635,0.0,0.0,-0.7208348512649536
6546,0.7212196588516235,0.0,0.0,-0.7940580248832703
6547,-0.4770891070365906,0.0,0.0,-0.19005610048770905
6548,0.12592795491218567,0.0,0.0,0.3482722043991089
6549,1.347848653793335,0.0,0.0,-0.999499499797821
6550,-0.35694611072540283,0.0,0.0,0.5959272384643555
6551,-0.8229057192802429,0.0,0.0,0.7109067440032959
6552,-0.6157405972480774,0.0,0.0,0.8129211068153381
6553,-1.2007293701171875,0.0,0.0,0.7333250045776367
6554,-0.006913036573678255,0.0,0.0,-0.7317224740982056
6555,-0.2932002544403076,0.0,0.0,0.8562876582145691
6556,-1.230284571647644,0.0,0.0,0.3384181559085846
6557,-0.5047137141227722,0.0,0.0,-1.092973232269287
6558,-1.230284571647644,0.0,0.0,0.3384181559085846
6559,-1.2490683794021606,0.0,0.0,0.30950477719306946
6560,0.4840196669101715,0.0,0.0,-1.017156958580017
6561,0.9670042991638184,0.0,0.0,-1.0723447799682617
6562,0.9670042991638184,0.0,0.0,-1.0723447799682617
6563,0.2708326280117035,0.0,0.0,-1.0431585311889648
6564,-0.8229057192802429,0.0,0.0,0.831426739692688
6565,1.84209144115448,0.0,0.0,-0.8297610878944397
6566,-0.435200035572052,0.0,0.0,0.012004105374217033
6567,-1.2510048151016235,0.0,0.0,0.34380289912223816
6568,-1.1017355918884277,0.0,0.0,0.7405485510826111
6569,-0.5216336250305176,0.0,0.0,-0.7455437183380127
6570,-0.5216336250305176,0.0,0.0,-0.7455437183380127
6571,-0.5216336250305176,0.0,0.0,-0.7455437183380127
6572,1.0835528373718262,0.0,0.0,-1.0516098737716675
6573,-1.2531753778457642,0.0,0.0,0.31790590286254883
6574,-1.1694585084915161,0.0,0.0,0.6572580933570862
6575,-1.230284571647644,0.0,0.0,0.3384181559085846
6576,-1.2490683794021606,0.0,0.0,0.3384181559085846
6577,0.5060337781906128,0.0,0.0,-0.7164585590362549
6578,-1.162848949432373,0.0,0.0,0.33551809191703796
6579,-1.230284571647644,0.0,0.0,0.3384181559085846
6580,-1.230284571647644,0.0,0.0,0.3384181559085846
6581,-1.230284571647644,0.0,0.0,0.3384181559085846
6582,1.84209144115448,0.0,0.0,-0.8297610878944397
6583,-1.2490683794021606,0.0,0.0,0.3384181559085846
6584,1.8671973943710327,0.0,0.0,0.11551649123430252
6585,0.8400455713272095,0.0,0.0,-1.0314016342163086
6586,-0.2932002544403076,0.0,0.0,0.8562876582145691
6587,-0.3238353729248047,0.0,0.0,0.8562876582145691
6588,1.879808783531189,0.0,0.0,-0.5074371099472046
6589,-0.044630542397499084,0.0,0.0,-1.1009153127670288
6590,1.84209144115448,0.0,0.0,-0.8297610878944397
6591,1.004721999168396,0.0,0.0,-0.703152060508728
6592,1.84209144115448,0.0,0.0,-0.8297610878944397
6593,0.7212196588516235,0.0,0.0,-0.7940580248832703
6594,1.042475700378418,0.0,0.0,0.7313678860664368
6595,1.84209144115448,0.0,0.0,-0.8297610878944397
6596,-0.2055165022611618,0.0,0.0,0.8562876582145691
6597,-0.06353523582220078,0.0,0.0,-0.7317224740982056
6598,-1.230284571647644,0.0,0.0,0.3384181559085846
6599,1.84209144115448,0.0,0.0,-0.8297610878944397
6600,-1.156805157661438,0.0,0.0,0.7753776907920837
6601,-0.10125276446342468,0.0,0.0,-1.0540461540222168
6602,1.84209144115448,0.0,0.0,-0.8766300082206726
6603,0.6199859380722046,0.0,0.0,0.2375665307044983
6604,-0.3116708993911743,0.0,0.0,0.7514523863792419
6605,-0.2055165022611618,0.0,0.0,0.8562876582145691
6606,-1.1722122430801392,0.0,0.0,0.35603034496307373
6607,1.84209144115448,0.0,0.0,-0.8297610878944397
6608,0.3949838876724243,0.0,0.0,0.03671300783753395
6609,-1.230284571647644,0.0,0.0,0.3384181559085846
6610,-0.3887927532196045,0.0,0.0,0.33445093035697937
6611,-1.227530837059021,0.0,0.0,0.6396458148956299
6612,1.8715858459472656,0.0,0.0,-0.5432495474815369
6613,1.84209144115448,0.0,0.0,-0.8297610878944397
6614,-0.3160209059715271,0.0,0.0,0.8319115042686462
6615,-0.8020004630088806,0.0,0.0,0.7892920970916748
6616,1.84209144115448,0.0,0.0,-0.8297610878944397
6617,0.9638311266899109,0.0,0.0,-0.15359021723270416
6618,-0.8229057192802429,0.0,0.0,0.831426739692688
6619,1.0835528373718262,0.0,0.0,-1.0516098737716675
6620,-1.2490683794021606,0.0,0.0,0.3384181559085846
6621,1.84209144115448,0.0,0.0,-0.8297610878944397
6622,1.8495718240737915,0.0,0.0,-0.8117464184761047
6623,-0.3238353729248047,0.0,0.0,0.8562876582145691
6624,-1.1693166494369507,0.0,0.0,0.38803303241729736
6625,-0.30044662952423096,0.0,0.0,0.8562876582145691
6626,0.8076534867286682,0.0,0.0,0.04108929634094238
6627,1.84209144115448,0.0,0.0,-0.8297610878944397
6628,-1.2490683794021606,0.0,0.0,0.3384181559085846
6629,-0.2055165022611618,0.0,0.0,0.8562876582145691
6630,-0.32297801971435547,0.0,0.0,0.7933400869369507
6631,1.84209144115448,0.0,0.0,-0.8297610878944397
6632,-1.1763192415237427,0.0,0.0,0.33551809191703796
6633,-0.8229057192802429,0.0,0.0,0.831426739692688
6634,-0.2055165022611618,0.0,0.0,0.8562876582145691
6635,-1.230284571647644,0.0,0.0,0.3384181559085846
6636,1.879808783531189,0.0,0.0,-0.5396388173103333
6637,1.84209144115448,0.0,0.0,-0.8297610878944397
6638,0.10896676033735275,0.0,0.0,0.6097484230995178
6639,1.84209144115448,0.0,0.0,-0.8297610878944397
6640,-0.6771159172058105,0.0,0.0,0.31417539715766907
6641,-0.6771159172058105,0.0,0.0,-0.4355970621109009
6642,-0.7040678262710571,0.0,0.0,-1.3715741634368896
6643,1.7770466804504395,0.0,0.0,-1.2504217624664307
6644,-1.6941996812820435,0.0,0.0,0.7156139612197876
6645,-1.6941996812820435,0.0,0.0,0.7156139612197876
6646,-1.6941996812820435,0.0,0.0,0.7156139612197876
6647,1.878176212310791,0.0,0.0,-1.163243293762207
6648,1.878176212310791,0.0,0.0,-1.163243293762207
6649,-1.6941996812820435,0.0,0.0,0.7156139612197876
6650,1.34481942653656,0.0,0.0,-1.2504217624664307
6651,-1.8875863552093506,0.0,0.0,0.6332201957702637
6652,-1.8875863552093506,0.0,0.0,0.6332201957702637
6653,-1.6941996812820435,0.0,0.0,0.7156139612197876
6654,0.0003035515546798706,0.0,0.0,-0.9805546998977661
6655,-1.172277569770813,0.0,0.0,0.29549089074134827
6656,-1.4200477600097656,0.0,0.0,0.4619285464286804
6657,-0.6771159172058105,0.0,0.0,-0.4355970621109009
6658,0.7002592086791992,0.0,0.0,-1.3404691219329834
6659,-1.6941996812820435,0.0,0.0,0.7156139612197876
6660,-1.172277569770813,0.0,0.0,0.29549089074134827
6661,-0.6771159172058105,0.0,0.0,-0.9805546998977661
6662,1.878176212310791,0.0,0.0,-1.163243293762207
6663,-1.1363416910171509,0.0,0.0,0.35005027055740356
6664,-1.8875863552093506,0.0,0.0,0.6332201957702637
6665,-0.02664835751056671,0.0,0.0,-1.2333226203918457
6666,-0.02664835751056671,0.0,0.0,-1.3205010890960693
6667,-1.71636962890625,0.0,0.0,0.3682417869567871
6668,1.878176212310791,0.0,0.0,-1.163243293762207
6669,-1.6941996812820435,0.0,0.0,0.7156139612197876
6670,-1.5646350383758545,0.0,0.0,0.35005027055740356
6671,-0.9324659109115601,0.0,0.0,0.6551617980003357
6672,-1.172277569770813,0.0,0.0,0.6551617980003357
6673,1.5308858156204224,0.0,0.0,-1.2504217624664307
6674,-0.7040678262710571,0.0,0.0,-1.3715741634368896
6675,-1.8144023418426514,0.0,0.0,0.5612936019897461
6676,-0.9324659109115601,0.0,0.0,0.6551617980003357
6677,-1.7399892807006836,0.0,0.0,0.5612936019897461
6678,-1.5273871421813965,0.0,0.0,0.4619285464286804
6679,1.878176212310791,0.0,0.0,-1.163243293762207
6680,-0.6771159172058105,0.0,0.0,-0.9805546998977661
6681,-1.6941996812820435,0.0,0.0,0.7156139612197876
6682,-1.6941996812820435,0.0,0.0,0.7156139612197876
6683,-0.02664835751056671,0.0,0.0,-1.2333226203918457
6684,-0.7040678262710571,0.0,0.0,-1.2333226203918457
6685,-1.8131732940673828,0.0,0.0,0.27354928851127625
6686,-1.6941996812820435,0.0,0.0,0.7156139612197876
6687,-0.6771159172058105,0.0,0.0,-0.9805546998977661
6688,1.5308858156204224,0.0,0.0,-1.30149507522583
6689,-0.09040452539920807,0.0,0.0,-1.3715741634368896
6690,-0.6771159172058105,0.0,0.0,0.31417539715766907
6691,-1.8131732940673828,0.0,0.0,0.6332201957702637
6692,1.4470176696777344,0.0,0.0,-1.30149507522583
6693,-1.6941996812820435,0.0,0.0,0.7156139612197876
6694,-0.09040452539920807,0.0,0.0,-1.3205010890960693
6695,-1.6941996812820435,0.0,0.0,0.7156139612197876
6696,-1.1156522035598755,0.0,0.0,0.6400006413459778
6697,-1.6941996812820435,0.0,0.0,0.7156139612197876
6698,-1.6941996812820435,0.0,0.0,0.7156139612197876
6699,0.6769193410873413,0.0,0.0,-1.2092013359069824
6700,1.7770466804504395,0.0,0.0,-1.2504217624664307
6701,-1.7399892807006836,0.0,0.0,0.4399870038032532
6702,-1.6941996812820435,0.0,0.0,0.7156139612197876
6703,-0.6771159172058105,0.0,0.0,0.6551617980003357
6704,-1.7686127424240112,0.0,0.0,0.7156139612197876
6705,-1.7399892807006836,0.0,0.0,0.4399870038032532
6706,-1.6941996812820435,0.0,0.0,0.7156139612197876
6707,-0.7040678262710571,0.0,0.0,-1.3715741634368896
6708,-0.6771159172058105,0.0,0.0,0.561643660068512
6709,-1.6941996812820435,0.0,0.0,0.7156139612197876
6710,1.5308858156204224,0.0,0.0,-1.30149507522583
6711,0.6886760592460632,0.0,0.0,-1.3474528789520264
6712,1.4470176696777344,0.0,0.0,-1.2504217624664307
6713,-0.6771159172058105,0.0,0.0,-0.9805546998977661
6714,0.16493156552314758,0.0,0.0,-0.4355970621109009
6715,1.8266817331314087,0.0,0.0,-1.2504217624664307
6716,-0.6771159172058105,0.0,0.0,0.31417539715766907
6717,-1.172277569770813,0.0,0.0,0.29549089074134827
6718,-0.9324659109115601,0.0,0.0,0.6551617980003357
6719,-1.4932315349578857,0.0,0.0,0.6551617980003357
6720,0.7002592086791992,0.0,0.0,-1.3404691219329834
6721,-0.6771159172058105,0.0,0.0,0.6551617980003357
6722,-1.6941996812820435,0.0,0.0,0.7156139612197876
6723,-0.7040678262710571,0.0,0.0,-1.2333226203918457
6724,-1.6941996812820435,0.0,0.0,0.7156139612197876
6725,-1.7399892807006836,0.0,0.0,0.4399870038032532
6726,0.5978845357894897,0.0,0.0,-1.296379804611206
6727,1.7770466804504395,0.0,0.0,-1.2504217624664307
6728,1.7770466804504395,0.0,0.0,-1.163243293762207
6729,0.5633071064949036,0.0,0.0,-1.2329585552215576
6730,-0.9324659109115601,0.0,0.0,0.6551617980003357
6731,1.878176212310791,0.0,0.0,-1.163243293762207
6732,-0.6771159172058105,0.0,0.0,-0.9805546998977661
6733,-1.8144023418426514,0.0,0.0,0.5612936019897461
6734,-1.172277569770813,0.0,0.0,0.6551617980003357
6735,-0.7040678262710571,0.0,0.0,-1.3715741634368896
6736,-0.7040678262710571,0.0,0.0,-1.3715741634368896
6737,-0.7040678262710571,0.0,0.0,-1.3715741634368896
6738,1.7770466804504395,0.0,0.0,-1.2504217624664307
6739,-1.7772374153137207,0.0,0.0,0.32810866832733154
6740,-1.172277569770813,0.0,0.0,0.29549089074134827
6741,-1.6941996812820435,0.0,0.0,0.7156139612197876
6742,-1.6941996812820435,0.0,0.0,0.7156139612197876
6743,0.8018342852592468,0.0,0.0,-1.3474528789520264
6744,-1.1363416910171509,0.0,0.0,0.35005027055740356
6745,-1.6941996812820435,0.0,0.0,0.7156139612197876
6746,-1.6941996812820435,0.0,0.0,0.7156139612197876
6747,-1.6941996812820435,0.0,0.0,0.7156139612197876
6748,1.878176212310791,0.0,0.0,-1.163243293762207
6749,-1.6941996812820435,0.0,0.0,0.7156139612197876
6750,1.9051281213760376,0.0,0.0,-0.910475492477417
6751,1.5308858156204224,0.0,0.0,-1.163243293762207
6752,-0.6771159172058105,0.0,0.0,0.6551617980003357
6753,-0.6771159172058105,0.0,0.0,0.483723521232605
6754,1.878176212310791,0.0,0.0,-1.30149507522583
6755,0.7002592086791992,0.0,0.0,-1.2022175788879395
6756,1.878176212310791,0.0,0.0,-1.163243293762207
6757,1.7770466804504395,0.0,0.0,-1.30149507522583
6758,1.878176212310791,0.0,0.0,-1.163243293762207
6759,1.34481942653656,0.0,0.0,-1.2504217624664307
6760,1.557837724685669,0.0,0.0,0.3842545747756958
6761,1.878176212310791,0.0,0.0,-1.163243293762207
6762,-0.6771159172058105,0.0,0.0,0.6551617980003357
6763,-0.02664835751056671,0.0,0.0,-1.3205010890960693
6764,-1.6941996812820435,0.0,0.0,0.7156139612197876
6765,1.878176212310791,0.0,0.0,-1.163243293762207
6766,-1.6005711555480957,0.0,0.0,0.6551617980003357
6767,-0.09040452539920807,0.0,0.0,-1.2333226203918457
6768,1.878176212310791,0.0,0.0,-1.163243293762207
6769,0.7156279683113098,0.0,0.0,-0.41147568821907043
6770,-0.6771159172058105,0.0,0.0,0.31417539715766907
6771,-0.6771159172058105,0.0,0.0,0.6551617980003357
6772,-1.0990935564041138,0.0,0.0,0.5832352042198181
6773,1.878176212310791,0.0,0.0,-1.163243293762207
6774,0.7272111177444458,0.0,0.0,-0.9494495391845703
6775,-1.6941996812820435,0.0,0.0,0.7156139612197876
6776,-0.6771159172058105,0.0,0.0,-0.4355970621109009
6777,-1.8131732940673828,0.0,0.0,0.3682417869567871
6778,1.878176212310791,0.0,0.0,-1.2504217624664307
6779,1.878176212310791,0.0,0.0,-1.163243293762207
6780,-0.6771159172058105,0.0,0.0,0.31417539715766907
6781,-0.9324659109115601,0.0,0.0,0.6551617980003357
6782,1.878176212310791,0.0,0.0,-1.163243293762207
6783,1.803998589515686,0.0,0.0,-0.910475492477417
6784,-1.172277569770813,0.0,0.0,0.29549089074134827
6785,1.7770466804504395,0.0,0.0,-1.2504217624664307
6786,-1.6941996812820435,0.0,0.0,0.7156139612197876
6787,1.878176212310791,0.0,0.0,-1.163243293762207
6788,1.878176212310791,0.0,0.0,-1.2504217624664307
6789,-0.6771159172058105,0.0,0.0,0.6551617980003357
6790,-1.4572956562042236,0.0,0.0,0.35005027055740356
6791,-0.6771159172058105,0.0,0.0,0.561643660068512
6792,1.3717713356018066,0.0,0.0,-0.910475492477417
6793,1.878176212310791,0.0,0.0,-1.163243293762207
6794,-1.6941996812820435,0.0,0.0,0.7156139612197876
6795,-0.6771159172058105,0.0,0.0,0.6551617980003357
6796,-0.6771159172058105,0.0,0.0,0.31417539715766907
6797,1.878176212310791,0.0,0.0,-1.163243293762207
6798,-1.1156522035598755,0.0,0.0,0.6400006413459778
6799,-0.9324659109115601,0.0,0.0,0.6551617980003357
6800,-0.6771159172058105,0.0,0.0,0.6551617980003357
6801,-1.6941996812820435,0.0,0.0,0.7156139612197876
6802,1.878176212310791,0.0,0.0,-1.2504217624664307
6803,1.878176212310791,0.0,0.0,-1.163243293762207
6804,-0.06345261633396149,0.0,0.0,0.19233141839504242
6805,1.878176212310791,0.0,0.0,-1.163243293762207
6806,-0.41694921255111694,0.0,0.0,0.34867599606513977
6807,-0.4522782564163208,0.0,0.0,-0.24706712365150452
6808,-0.4522782564163208,0.0,0.0,-0.6366285681724548
6809,0.4360617399215698,0.0,0.0,-0.6366285681724548
6810,-0.6168213486671448,0.0,0.0,0.1695334017276764
6811,-0.6168213486671448,0.0,0.0,0.1695334017276764
6812,-0.6168213486671448,0.0,0.0,0.1695334017276764
6813,1.3394975662231445,0.0,0.0,-0.3169482946395874
6814,1.3394975662231445,0.0,0.0,-0.3169482946395874
6815,-0.6168213486671448,0.0,0.0,0.1695334017276764
6816,0.2606862187385559,0.0,0.0,-0.6366285681724548
6817,-0.6168213486671448,0.0,0.0,0.34867599606513977
6818,-0.6168213486671448,0.0,0.0,0.34867599606513977
6819,-0.6168213486671448,0.0,0.0,0.1695334017276764
6820,-0.2769990861415863,0.0,0.0,-0.6366285681724548
6821,-0.6168213486671448,0.0,0.0,0.34867599606513977
6822,-0.6168213486671448,0.0,0.0,0.1695334017276764
6823,-0.41694921255111694,0.0,0.0,-0.011393703520298004
6824,-0.2769990861415863,0.0,0.0,-0.6366285681724548
6825,-0.6168213486671448,0.0,0.0,0.1695334017276764
6826,-0.6168213486671448,0.0,0.0,0.34867599606513977
6827,-0.4522782564163208,0.0,0.0,-0.4567279815673828
6828,1.3394975662231445,0.0,0.0,-0.3169482946395874
6829,-0.6168213486671448,0.0,0.0,0.1695334017276764
6830,-0.6168213486671448,0.0,0.0,0.34867599606513977
6831,-0.2769990861415863,0.0,0.0,-0.4079737365245819
6832,-0.2769990861415863,0.0,0.0,-0.6366285681724548
6833,-0.6168213486671448,0.0,0.0,0.1695334017276764
6834,1.3394975662231445,0.0,0.0,-0.3169482946395874
6835,-0.6168213486671448,0.0,0.0,0.1695334017276764
6836,-0.6168213486671448,0.0,0.0,0.1695334017276764
6837,-0.6168213486671448,0.0,0.0,0.34867599606513977
6838,-0.6168213486671448,0.0,0.0,0.34867599606513977
6839,0.2606862187385559,0.0,0.0,-0.6366285681724548
6840,-0.4522782564163208,0.0,0.0,-0.6366285681724548
6841,-0.6168213486671448,0.0,0.0,0.1695334017276764
6842,-0.41694921255111694,0.0,0.0,0.34867599606513977
6843,-0.6168213486671448,0.0,0.0,0.1695334017276764
6844,-0.6168213486671448,0.0,0.0,0.1695334017276764
6845,1.3394975662231445,0.0,0.0,-0.3169482946395874
6846,-0.4522782564163208,0.0,0.0,-0.4567279815673828
6847,-0.6168213486671448,0.0,0.0,0.1695334017276764
6848,-0.6168213486671448,0.0,0.0,0.1695334017276764
6849,-0.2769990861415863,0.0,0.0,-0.4079737365245819
6850,-0.4522782564163208,0.0,0.0,-0.4079737365245819
6851,-0.6168213486671448,0.0,0.0,0.34867599606513977
6852,-0.6168213486671448,0.0,0.0,0.1695334017276764
6853,-0.4522782564163208,0.0,0.0,-0.4567279815673828
6854,0.2606862187385559,0.0,0.0,-0.6366285681724548
6855,-0.2769990861415863,0.0,0.0,-0.6366285681724548
6856,-0.41694921255111694,0.0,0.0,0.34867599606513977
6857,-0.6168213486671448,0.0,0.0,0.34867599606513977
6858,0.2606862187385559,0.0,0.0,-0.6366285681724548
6859,-0.6168213486671448,0.0,0.0,0.1695334017276764
6860,-0.2769990861415863,0.0,0.0,-0.6366285681724548
6861,-0.6168213486671448,0.0,0.0,0.1695334017276764
6862,-0.6168213486671448,0.0,0.0,0.1695334017276764
6863,-0.6168213486671448,0.0,0.0,0.1695334017276764
6864,-0.6168213486671448,0.0,0.0,0.1695334017276764
6865,0.06089252233505249,0.0,0.0,-0.4079737365245819
6866,0.4360617399215698,0.0,0.0,-0.6366285681724548
6867,-0.6168213486671448,0.0,0.0,0.1695334017276764
6868,-0.6168213486671448,0.0,0.0,0.1695334017276764
6869,-0.41694921255111694,0.0,0.0,0.34867599606513977
6870,-0.6168213486671448,0.0,0.0,0.1695334017276764
6871,-0.6168213486671448,0.0,0.0,0.1695334017276764
6872,-0.6168213486671448,0.0,0.0,0.1695334017276764
6873,-0.4522782564163208,0.0,0.0,-0.6366285681724548
6874,-0.41694921255111694,0.0,0.0,0.34867599606513977
6875,-0.6168213486671448,0.0,0.0,0.1695334017276764
6876,0.2606862187385559,0.0,0.0,-0.6366285681724548
6877,0.06089252233505249,0.0,0.0,-0.6366285681724548
6878,0.2606862187385559,0.0,0.0,-0.6366285681724548
6879,-0.4522782564163208,0.0,0.0,-0.6366285681724548
6880,-0.24167001247406006,0.0,0.0,-0.011393703520298004
6881,1.1213006973266602,0.0,0.0,-0.5456030964851379
6882,-0.41694921255111694,0.0,0.0,0.34867599606513977
6883,-0.6168213486671448,0.0,0.0,0.34867599606513977
6884,-0.41694921255111694,0.0,0.0,0.34867599606513977
6885,-0.6168213486671448,0.0,0.0,0.34867599606513977
6886,-0.2769990861415863,0.0,0.0,-0.6366285681724548
6887,-0.41694921255111694,0.0,0.0,0.34867599606513977
6888,-0.6168213486671448,0.0,0.0,0.1695334017276764
6889,-0.4522782564163208,0.0,0.0,-0.4079737365245819
6890,-0.6168213486671448,0.0,0.0,0.1695334017276764
6891,-0.6168213486671448,0.0,0.0,0.1695334017276764
6892,0.06089252233505249,0.0,0.0,-0.6366285681724548
6893,0.4360617399215698,0.0,0.0,-0.6366285681724548
6894,0.4360617399215698,0.0,0.0,-0.4079737365245819
6895,0.06089252233505249,0.0,0.0,-0.4079737365245819
6896,-0.6168213486671448,0.0,0.0,0.34867599606513977
6897,1.3394975662231445,0.0,0.0,-0.3169482946395874
6898,-0.4522782564163208,0.0,0.0,-0.4567279815673828
6899,-0.6168213486671448,0.0,0.0,0.1695334017276764
6900,-0.6168213486671448,0.0,0.0,0.34867599606513977
6901,-0.4522782564163208,0.0,0.0,-0.6366285681724548
6902,-0.4522782564163208,0.0,0.0,-0.6366285681724548
6903,-0.4522782564163208,0.0,0.0,-0.6366285681724548
6904,0.7137385010719299,0.0,0.0,-0.6366285681724548
6905,-0.6168213486671448,0.0,0.0,0.1695334017276764
6906,-0.6168213486671448,0.0,0.0,0.34867599606513977
6907,-0.6168213486671448,0.0,0.0,0.1695334017276764
6908,-0.6168213486671448,0.0,0.0,0.1695334017276764
6909,0.2606862187385559,0.0,0.0,-0.6366285681724548
6910,-0.6168213486671448,0.0,0.0,0.1695334017276764
6911,-0.6168213486671448,0.0,0.0,0.1695334017276764
6912,-0.6168213486671448,0.0,0.0,0.1695334017276764
6913,-0.6168213486671448,0.0,0.0,0.1695334017276764
6914,1.3394975662231445,0.0,0.0,-0.3169482946395874
6915,-0.6168213486671448,0.0,0.0,0.1695334017276764
6916,1.3394975662231445,0.0,0.0,-0.3657025098800659
6917,0.2606862187385559,0.0,0.0,-0.4079737365245819
6918,-0.41694921255111694,0.0,0.0,0.34867599606513977
6919,-0.41694921255111694,0.0,0.0,0.34867599606513977
6920,1.3394975662231445,0.0,0.0,-0.5456030964851379
6921,-0.2769990861415863,0.0,0.0,-0.4079737365245819
6922,1.3394975662231445,0.0,0.0,-0.3169482946395874
6923,0.4360617399215698,0.0,0.0,-0.6366285681724548
6924,1.3394975662231445,0.0,0.0,-0.3169482946395874
6925,0.2606862187385559,0.0,0.0,-0.6366285681724548
6926,0.29601529240608215,0.0,0.0,0.34867599606513977
6927,1.3394975662231445,0.0,0.0,-0.3169482946395874
6928,-0.41694921255111694,0.0,0.0,0.34867599606513977
6929,-0.2769990861415863,0.0,0.0,-0.6366285681724548
6930,-0.6168213486671448,0.0,0.0,0.1695334017276764
6931,1.3394975662231445,0.0,0.0,-0.3169482946395874
6932,-0.6168213486671448,0.0,0.0,0.34867599606513977
6933,-0.2769990861415863,0.0,0.0,-0.4079737365245819
6934,1.3394975662231445,0.0,0.0,-0.5456030964851379
6935,0.06089252233505249,0.0,0.0,-0.24706712365150452
6936,-0.41694921255111694,0.0,0.0,0.34867599606513977
6937,-0.41694921255111694,0.0,0.0,0.34867599606513977
6938,-0.6168213486671448,0.0,0.0,0.1695334017276764
6939,1.3394975662231445,0.0,0.0,-0.3169482946395874
6940,0.06089252233505249,0.0,0.0,-0.4567279815673828
6941,-0.6168213486671448,0.0,0.0,0.1695334017276764
6942,-0.41694921255111694,0.0,0.0,-0.011393703520298004
6943,-0.6168213486671448,0.0,0.0,0.34867599606513977
6944,1.3394975662231445,0.0,0.0,-0.5456030964851379
6945,1.3394975662231445,0.0,0.0,-0.3169482946395874
6946,-0.41694921255111694,0.0,0.0,0.34867599606513977
6947,-0.41694921255111694,0.0,0.0,0.34867599606513977
6948,1.3394975662231445,0.0,0.0,-0.3169482946395874
6949,0.4360617399215698,0.0,0.0,-0.6366285681724548
6950,-0.6168213486671448,0.0,0.0,0.34867599606513977
6951,1.1213006973266602,0.0,0.0,-0.5456030964851379
6952,-0.6168213486671448,0.0,0.0,0.1695334017276764
6953,1.3394975662231445,0.0,0.0,-0.3169482946395874
6954,1.3394975662231445,0.0,0.0,-0.5456030964851379
6955,-0.41694921255111694,0.0,0.0,0.34867599606513977
6956,-0.6168213486671448,0.0,0.0,0.1695334017276764
6957,-0.41694921255111694,0.0,0.0,0.34867599606513977
6958,0.2606862187385559,0.0,0.0,-0.4567279815673828
6959,1.3394975662231445,0.0,0.0,-0.3169482946395874
6960,-0.6168213486671448,0.0,0.0,0.1695334017276764
6961,-0.41694921255111694,0.0,0.0,0.34867599606513977
6962,-0.41694921255111694,0.0,0.0,0.34867599606513977
6963,1.3394975662231445,0.0,0.0,-0.3169482946395874
6964,-0.6168213486671448,0.0,0.0,0.1695334017276764
6965,-0.6168213486671448,0.0,0.0,0.34867599606513977
6966,-0.41694921255111694,0.0,0.0,0.34867599606513977
6967,-0.6168213486671448,0.0,0.0,0.1695334017276764
6968,1.3394975662231445,0.0,0.0,-0.5456030964851379
6969,1.3394975662231445,0.0,0.0,-0.3169482946395874
6970,-0.24167001247406006,0.0,0.0,0.34867599606513977
6971,1.3394975662231445,0.0,0.0,-0.3169482946395874
6972,-0.31533747911453247,0.0,0.0,1.6584641933441162
6973,-0.6907066106796265,0.0,0.0,-0.6918593049049377
6974,-0.7890148758888245,0.0,0.0,-1.3968898057937622
6975,1.346350908279419,0.0,0.0,-2.5788586139678955
6976,-2.031191349029541,0.0,0.0,1.3875536918640137
6977,-1.372376799583435,0.0,0.0,1.4512053728103638
6978,-2.1565353870391846,0.0,0.0,0.8064804077148438
6979,3.5258147716522217,0.0,0.0,-2.1462554931640625
6980,3.5241076946258545,0.0,0.0,-2.1595335006713867
6981,-1.4938268661499023,0.0,0.0,0.9479833841323853
6982,0.7549350261688232,0.0,0.0,-2.717846632003784
6983,-1.68731689453125,0.0,0.0,-0.14929667115211487
6984,-1.68731689453125,0.0,0.0,-0.14929667115211487
6985,-1.9266984462738037,0.0,0.0,1.5570217370986938
6986,0.12339508533477783,0.0,0.0,-0.6490281820297241
6987,-0.9269261360168457,0.0,0.0,0.18896660208702087
6988,-0.9167687892913818,0.0,0.0,0.4114108383655548
6989,-0.5261736512184143,0.0,0.0,-0.6695579290390015
6990,0.08543986082077026,0.0,0.0,-1.2738338708877563
6991,-2.0182323455810547,0.0,0.0,1.2032718658447266
6992,-0.9269261360168457,0.0,0.0,0.18896660208702087
6993,-0.6907066106796265,0.0,0.0,-0.6918593049049377
6994,2.5041110515594482,0.0,0.0,-2.449064254760742
6995,-0.8721661567687988,0.0,0.0,0.34867504239082336
6996,-1.6669445037841797,0.0,0.0,0.28470277786254883
6997,-0.20644289255142212,0.0,0.0,-3.1365580558776855
6998,-0.1896669864654541,0.0,0.0,-2.917602777481079
6999,-1.5844225883483887,0.0,0.0,0.027837149798870087
7000,3.5258147716522217,0.0,0.0,-2.1462554931640625
7001,-1.9266984462738037,0.0,0.0,1.5570217370986938
7002,-0.9291151762008667,0.0,0.0,0.3998171389102936
7003,-0.557786762714386,0.0,0.0,0.11697927117347717
7004,-0.7482211589813232,0.0,0.0,0.26031771302223206
7005,0.7549350261688232,0.0,0.0,-2.717846632003784
7006,-0.7890148758888245,0.0,0.0,-1.3968898057937622
7007,-1.617242693901062,0.0,0.0,0.2639053761959076
7008,-0.4654178023338318,0.0,0.0,0.14675192534923553
7009,-2.159672498703003,0.0,0.0,1.1373746395111084
7010,-0.9291151762008667,0.0,0.0,0.3998171389102936
7011,3.5258147716522217,0.0,0.0,-2.1462554931640625
7012,-0.6907066106796265,0.0,0.0,-0.6918593049049377
7013,-1.9819718599319458,0.0,0.0,1.3426779508590698
7014,-2.1565353870391846,0.0,0.0,0.8367602825164795
7015,-0.20644289255142212,0.0,0.0,-3.1365580558776855
7016,-0.635262131690979,0.0,0.0,-3.002871036529541
7017,-2.3363378047943115,0.0,0.0,-0.08583394438028336
7018,-1.9266984462738037,0.0,0.0,1.5570217370986938
7019,-0.5261736512184143,0.0,0.0,-0.6695579290390015
7020,0.9933583736419678,0.0,0.0,-1.006844162940979
7021,-0.04931115731596947,0.0,0.0,-1.2764755487442017
7022,-0.2221548706293106,0.0,0.0,1.6679580211639404
7023,-2.3330581188201904,0.0,0.0,0.18192243576049805
7024,0.9933583736419678,0.0,0.0,-1.0607002973556519
7025,-2.1565353870391846,0.0,0.0,0.8064804077148438
7026,-0.27171528339385986,0.0,0.0,-2.917602777481079
7027,-1.9266984462738037,0.0,0.0,1.5570217370986938
7028,-0.9126704931259155,0.0,0.0,0.34867504239082336
7029,-1.9266984462738037,0.0,0.0,1.5570217370986938
7030,-2.1519858837127686,0.0,0.0,1.1966934204101562
7031,0.34015485644340515,0.0,0.0,-2.89943528175354
7032,1.3941303491592407,0.0,0.0,-2.5631017684936523
7033,-1.6474496126174927,0.0,0.0,0.2614574730396271
7034,-1.9266984462738037,0.0,0.0,1.5570217370986938
7035,-0.5767576694488525,0.0,0.0,1.637272834777832
7036,-1.4636201858520508,0.0,0.0,0.9201515913009644
7037,-2.3101580142974854,0.0,0.0,0.15023407340049744
7038,-2.1565353870391846,0.0,0.0,0.8064804077148438
7039,-0.7890148758888245,0.0,0.0,-1.3968898057937622
7040,-0.5501177310943604,0.0,0.0,1.6427488327026367
7041,-1.9266984462738037,0.0,0.0,1.5570217370986938
7042,0.9933583736419678,0.0,0.0,-1.0607002973556519
7043,0.587220311164856,0.0,0.0,-1.1384896039962769
7044,0.9933583736419678,0.0,0.0,-0.8704053163528442
7045,-0.6907066106796265,0.0,0.0,-0.6918593049049377
7046,0.131045401096344,0.0,0.0,-0.5714454650878906
7047,2.299708843231201,0.0,0.0,-2.4300222396850586
7048,-0.5160133838653564,0.0,0.0,0.5255846381187439
7049,-0.671981692314148,0.0,0.0,0.2658836245536804
7050,-0.4654178023338318,0.0,0.0,0.14675192534923553
7051,-0.9868427515029907,0.0,0.0,-0.001791100949048996
7052,0.03273731842637062,0.0,0.0,-1.2764755487442017
7053,-0.5767576694488525,0.0,0.0,1.637272834777832
7054,-1.9897220134735107,0.0,0.0,1.3353302478790283
7055,-0.7126233577728271,0.0,0.0,-2.9912009239196777
7056,-2.0182323455810547,0.0,0.0,1.2032718658447266
7057,-2.3101580142974854,0.0,0.0,0.15023407340049744
7058,0.3487972021102905,0.0,0.0,-2.7956361770629883
7059,1.3941303491592407,0.0,0.0,-2.5631017684936523
7060,1.3893353939056396,0.0,0.0,-2.6516151428222656
7061,0.3320212960243225,0.0,0.0,-3.014591693878174
7062,-0.5719316601753235,0.0,0.0,0.29675090312957764
7063,3.5258147716522217,0.0,0.0,-2.1462554931640625
7064,-0.6907066106796265,0.0,0.0,-0.6918593049049377
7065,-1.4590709209442139,0.0,0.0,1.3103641271591187
7066,-0.9708201885223389,0.0,0.0,0.01183287426829338
7067,-0.6244819164276123,0.0,0.0,-1.3745883703231812
7068,-0.6244819164276123,0.0,0.0,-1.3745883703231812
7069,-0.7890148758888245,0.0,0.0,-1.3968898057937622
7070,1.3941303491592407,0.0,0.0,-2.5631017684936523
7071,-1.6593736410140991,0.0,0.0,0.18509742617607117
7072,-0.886421799659729,0.0,0.0,0.18896660208702087
7073,-1.9266984462738037,0.0,0.0,1.5570217370986938
7074,-1.4938268661499023,0.0,0.0,0.9177036285400391
7075,0.6210874319076538,0.0,0.0,-1.133139967918396
7076,-0.9126704931259155,0.0,0.0,0.34867504239082336
7077,-1.9266984462738037,0.0,0.0,1.5570217370986938
7078,-1.9266984462738037,0.0,0.0,1.5570217370986938
7079,-1.9266984462738037,0.0,0.0,1.5570217370986938
7080,3.5258147716522217,0.0,0.0,-2.1462554931640625
7081,-1.4892776012420654,0.0,0.0,1.3079161643981934
7082,2.7085928916931152,0.0,0.0,-0.0285288505256176
7083,0.7398660778999329,0.0,0.0,-2.9235243797302246
7084,-0.5767576694488525,0.0,0.0,1.637272834777832
7085,-0.31533747911453247,0.0,0.0,1.6584641933441162
7086,3.6595959663391113,0.0,0.0,-0.4031428098678589
7087,-0.19446192681789398,0.0,0.0,-3.0061159133911133
7088,3.536088705062866,0.0,0.0,-2.0290913581848145
7089,1.6325536966323853,0.0,0.0,-0.9059563875198364
7090,3.5258147716522217,0.0,0.0,-2.1462554931640625
7091,0.9933583736419678,0.0,0.0,-0.8704053163528442
7092,1.2611345052719116,0.0,0.0,1.6511073112487793
7093,3.5258147716522217,0.0,0.0,-2.1462554931640625
7094,-0.36505526304244995,0.0,0.0,1.6417438983917236
7095,0.03273731842637062,0.0,0.0,-1.0861812829971313
7096,-1.9266984462738037,0.0,0.0,1.5570217370986938
7097,3.5258147716522217,0.0,0.0,-2.1462554931640625
7098,-0.9520152807235718,0.0,0.0,0.4315054714679718
7099,-0.28035762906074524,0.0,0.0,-3.021401882171631
7100,3.536088705062866,0.0,0.0,-2.0290913581848145
7101,0.685528576374054,0.0,0.0,-0.4334597587585449
7102,-0.22996334731578827,0.0,0.0,1.6061933040618896
7103,-0.4227876365184784,0.0,0.0,1.6417438983917236
7104,-0.7097569108009338,0.0,0.0,1.412175178527832
7105,3.5258147716522217,0.0,0.0,-2.1462554931640625
7106,0.685528576374054,0.0,0.0,-0.4334597587585449
7107,-2.0350852012634277,0.0,0.0,1.3399823904037476
7108,-0.6907066106796265,0.0,0.0,-0.6918593049049377
7109,-2.3363378047943115,0.0,0.0,-0.08583394438028336
7110,2.757603168487549,0.0,0.0,-0.39594566822052
7111,3.5258147716522217,0.0,0.0,-2.1462554931640625
7112,-0.2221548706293106,0.0,0.0,1.6679580211639404
7113,-0.4047658443450928,0.0,0.0,1.637953281402588
7114,3.5258147716522217,0.0,0.0,-2.1462554931640625
7115,1.6754320859909058,0.0,0.0,-0.29426586627960205
7116,-0.7148852348327637,0.0,0.0,0.5225268006324768
7117,2.3045036792755127,0.0,0.0,-2.3415088653564453
7118,-1.4892776012420654,0.0,0.0,1.3079161643981934
7119,3.5322413444519043,0.0,0.0,-2.044377565383911
7120,2.5191798210144043,0.0,0.0,-2.243386745452881
7121,-0.31533747911453247,0.0,0.0,1.6584641933441162
7122,-0.8372559547424316,0.0,0.0,0.4114108383655548
7123,-0.2221548706293106,0.0,0.0,1.6679580211639404
7124,1.0916666984558105,0.0,0.0,-0.3556705117225647
7125,3.5258147716522217,0.0,0.0,-2.1462554931640625
7126,-1.4590709209442139,0.0,0.0,1.3103641271591187
7127,-0.36505526304244995,0.0,0.0,1.6417438983917236
7128,-0.05762184038758278,0.0,0.0,1.6902594566345215
7129,3.5258147716522217,0.0,0.0,-2.1462554931640625
7130,-0.8721661567687988,0.0,0.0,0.34867504239082336
7131,-0.5719316601753235,0.0,0.0,0.29675090312957764
7132,-0.36505526304244995,0.0,0.0,1.6417438983917236
7133,-2.0182323455810547,0.0,0.0,1.4432752132415771
7134,3.6595959663391113,0.0,0.0,-0.21284784376621246
7135,3.5258147716522217,0.0,0.0,-2.1462554931640625
7136,0.3168729841709137,0.0,0.0,0.6554925441741943
7137,3.5258147716522217,0.0,0.0,-2.1462554931640625
7138,-0.6952510476112366,0.0,0.0,0.7568402886390686
7139,-0.6843950748443604,0.0,0.0,-0.4288890063762665
7140,-0.7750523090362549,0.0,0.0,-1.9693870544433594
7141,1.512547254562378,0.0,0.0,-1.3485521078109741
7142,-1.5617289543151855,0.0,0.0,0.8594236373901367
7143,-1.5617289543151855,0.0,0.0,0.8594236373901367
7144,-1.5617289543151855,0.0,0.0,0.8594236373901367
7145,1.8624849319458008,0.0,0.0,-1.2116714715957642
7146,1.8624849319458008,0.0,0.0,-1.2116714715957642
7147,-1.5842115879058838,0.0,0.0,0.8558591604232788
7148,0.9752177596092224,0.0,0.0,-1.4002435207366943
7149,-1.9308769702911377,0.0,0.0,-0.20326727628707886
7150,-1.925004005432129,0.0,0.0,-0.1604178547859192
7151,-1.5617289543151855,0.0,0.0,0.8594236373901367
7152,-0.2571030259132385,0.0,0.0,-1.079616665840149
7153,-1.1820403337478638,0.0,0.0,0.44313791394233704
7154,-1.2412159442901611,0.0,0.0,0.7889356017112732
7155,-0.6843950748443604,0.0,0.0,-0.4288890063762665
7156,0.12496697902679443,0.0,0.0,-1.9543570280075073
7157,-1.5617289543151855,0.0,0.0,0.8594236373901367
7158,-1.4324793815612793,0.0,0.0,0.4046303629875183
7159,-0.6899869441986084,0.0,0.0,-0.5543441772460938
7160,1.8624849319458008,0.0,0.0,-1.2116714715957642
7161,-1.143301248550415,0.0,0.0,0.5911111831665039
7162,-1.9217188358306885,0.0,0.0,0.13083617389202118
7163,-0.29602572321891785,0.0,0.0,-1.383853793144226
7164,-0.2543700039386749,0.0,0.0,-1.5172536373138428
7165,-1.8219892978668213,0.0,0.0,0.4060746133327484
7166,1.8624849319458008,0.0,0.0,-1.2116714715957642
7167,-1.5617289543151855,0.0,0.0,0.8594236373901367
7168,-1.4004287719726562,0.0,0.0,0.5644528269767761
7169,-1.0533498525619507,0.0,0.0,-0.09186270087957382
7170,-1.292629361152649,0.0,0.0,-0.1118779256939888
7171,1.3676543235778809,0.0,0.0,-1.3749445676803589
7172,-0.7775171995162964,0.0,0.0,-1.9519654512405396
7173,-1.81077241897583,0.0,0.0,0.7262483239173889
7174,-0.7860885858535767,0.0,0.0,-0.06740336865186691
7175,-1.5668361186981201,0.0,0.0,0.8415094017982483
7176,-1.4052096605300903,0.0,0.0,0.7761723399162292
7177,1.8624849319458008,0.0,0.0,-1.2116714715957642
7178,-0.6899869441986084,0.0,0.0,-0.5543441772460938
7179,-1.5617289543151855,0.0,0.0,0.8594236373901367
7180,-1.5617289543151855,0.0,0.0,0.8594236373901367
7181,-0.29602572321891785,0.0,0.0,-1.383853793144226
7182,-0.5576571226119995,0.0,0.0,-1.3809258937835693
7183,-1.6431926488876343,0.0,0.0,0.33656659722328186
7184,-1.5617289543151855,0.0,0.0,0.8594236373901367
7185,-0.6476185321807861,0.0,0.0,-0.5543441772460938
7186,1.3413777351379395,0.0,0.0,-1.663619041442871
7187,-0.22728480398654938,0.0,0.0,-1.9268454313278198
7188,-0.6094598770141602,0.0,0.0,0.7568402886390686
7189,-1.6520665884017944,0.0,0.0,0.35047221183776855
7190,1.0876269340515137,0.0,0.0,-1.823414921760559
7191,-1.5617289543151855,0.0,0.0,0.8594236373901367
7192,-0.16543535888195038,0.0,0.0,-1.5134729146957397
7193,-1.5617289543151855,0.0,0.0,0.8594236373901367
7194,-1.3001781702041626,0.0,0.0,0.44893383979797363
7195,-1.5617289543151855,0.0,0.0,0.8594236373901367
7196,-1.5668361186981201,0.0,0.0,0.8415094017982483
7197,0.27595993876457214,0.0,0.0,-1.341546654701233
7198,1.512547254562378,0.0,0.0,-1.3485521078109741
7199,-1.5847947597503662,0.0,0.0,0.7219191789627075
7200,-1.5617289543151855,0.0,0.0,0.8594236373901367
7201,-0.6351616382598877,0.0,0.0,0.7917463183403015
7202,-1.7444913387298584,0.0,0.0,0.8491976261138916
7203,-1.5801208019256592,0.0,0.0,0.7378503084182739
7204,-1.5617289543151855,0.0,0.0,0.8594236373901367
7205,-0.7723842859268188,0.0,0.0,-1.9463180303573608
7206,-0.6089059114456177,0.0,0.0,0.7917463183403015
7207,-1.5617289543151855,0.0,0.0,0.8594236373901367
7208,1.3599449396133423,0.0,0.0,-1.7883168458938599
7209,0.13486957550048828,0.0,0.0,-1.9324551820755005
7210,1.0358065366744995,0.0,0.0,-1.394504189491272
7211,-0.7257517576217651,0.0,0.0,-1.0818926095962524
7212,-0.1322728544473648,0.0,0.0,-0.41013213992118835
7213,1.8624849319458008,0.0,0.0,-1.2990132570266724
7214,-0.7701862454414368,0.0,0.0,-0.4288890063762665
7215,-1.238159418106079,0.0,0.0,0.4298356771469116
7216,-0.7860885858535767,0.0,0.0,-0.06740336865186691
7217,-1.4110376834869385,0.0,0.0,-0.13451547920703888
7218,0.11819784343242645,0.0,0.0,-1.9260711669921875
7219,-0.6089059114456177,0.0,0.0,0.7917463183403015
7220,-1.5617289543151855,0.0,0.0,0.8594236373901367
7221,-0.6949450969696045,0.0,0.0,-1.3935885429382324
7222,-1.5617289543151855,0.0,0.0,0.8594236373901367
7223,-1.5847947597503662,0.0,0.0,0.7219191789627075
7224,0.27595993876457214,0.0,0.0,-1.4809041023254395
7225,1.512547254562378,0.0,0.0,-1.369216799736023
7226,1.512547254562378,0.0,0.0,-1.2298593521118164
7227,0.04896903038024902,0.0,0.0,-1.362308382987976
7228,-1.229984164237976,0.0,0.0,-0.11468235403299332
7229,1.8624849319458008,0.0,0.0,-1.2116714715957642
7230,-0.6899869441986084,0.0,0.0,-0.5543441772460938
7231,-1.797487497329712,0.0,0.0,0.8299074769020081
7232,-1.4492484331130981,0.0,0.0,-0.1290455162525177
7233,-0.7750523090362549,0.0,0.0,-1.963565468788147
7234,-0.7775171995162964,0.0,0.0,-1.9381266832351685
7235,-0.7750523090362549,0.0,0.0,-1.9693870544433594
7236,1.6098098754882812,0.0,0.0,-1.3325284719467163
7237,-1.613701581954956,0.0,0.0,0.5052812695503235
7238,-1.1727925539016724,0.0,0.0,0.43829259276390076
7239,-1.5617289543151855,0.0,0.0,0.8594236373901367
7240,-1.5617289543151855,0.0,0.0,0.8594236373901367
7241,0.4069684147834778,0.0,0.0,-1.9221062660217285
7242,-1.402988076210022,0.0,0.0,0.5733450055122375
7243,-1.5617289543151855,0.0,0.0,0.8594236373901367
7244,-1.5617289543151855,0.0,0.0,0.8594236373901367
7245,-1.5617289543151855,0.0,0.0,0.8594236373901367
7246,1.8624849319458008,0.0,0.0,-1.2116714715957642
7247,-1.5617289543151855,0.0,0.0,0.8594236373901367
7248,1.9201414585113525,0.0,0.0,-0.5586854815483093
7249,1.3448817729949951,0.0,0.0,-1.2439854145050049
7250,-0.6089059114456177,0.0,0.0,0.7917463183403015
7251,-0.6862753033638,0.0,0.0,0.7917463183403015
7252,1.8521074056625366,0.0,0.0,-1.7658840417861938
7253,0.24326054751873016,0.0,0.0,-1.3478507995605469
7254,1.8624849319458008,0.0,0.0,-1.2116714715957642
7255,1.4997049570083618,0.0,0.0,-1.7363835573196411
7256,1.8624849319458008,0.0,0.0,-1.2116714715957642
7257,0.9925107955932617,0.0,0.0,-1.394504189491272
7258,1.478089690208435,0.0,0.0,0.8844360709190369
7259,1.8624849319458008,0.0,0.0,-1.2116714715957642
7260,-0.6351616382598877,0.0,0.0,0.7917463183403015
7261,0.030145399272441864,0.0,0.0,-1.3163996934890747
7262,-1.5617289543151855,0.0,0.0,0.8594236373901367
7263,1.8624849319458008,0.0,0.0,-1.2116714715957642
7264,-1.391973853111267,0.0,0.0,0.44471320509910583
7265,-0.21957485377788544,0.0,0.0,-1.3741159439086914
7266,1.8624849319458008,0.0,0.0,-1.2990132570266724
7267,0.3562394976615906,0.0,0.0,-0.37684696912765503
7268,-0.6094598770141602,0.0,0.0,0.7568402886390686
7269,-0.6351616382598877,0.0,0.0,0.7917463183403015
7270,-1.0964363813400269,0.0,0.0,0.9273394346237183
7271,1.8624849319458008,0.0,0.0,-1.2116714715957642
7272,0.29703399538993835,0.0,0.0,-0.5110279321670532
7273,-1.5617289543151855,0.0,0.0,0.8594236373901367
7274,-0.6843950748443604,0.0,0.0,-0.4288890063762665
7275,-1.625784993171692,0.0,0.0,0.5085139870643616
7276,1.8803927898406982,0.0,0.0,-1.1928155422210693
7277,1.8624849319458008,0.0,0.0,-1.2116714715957642
7278,-0.6094598770141602,0.0,0.0,0.7568402886390686
7279,-0.7789962291717529,0.0,0.0,0.768185555934906
7280,1.8624849319458008,0.0,0.0,-1.2116714715957642
7281,1.5514702796936035,0.0,0.0,-0.9256230592727661
7282,-1.23231840133667,0.0,0.0,0.5505421161651611
7283,1.8624849319458008,0.0,0.0,-1.2990132570266724
7284,-1.5617289543151855,0.0,0.0,0.8594236373901367
7285,1.8624849319458008,0.0,0.0,-1.2116714715957642
7286,1.8624849319458008,0.0,0.0,-1.351028323173523
7287,-0.6089059114456177,0.0,0.0,0.7917463183403015
7288,-1.247058629989624,0.0,0.0,0.8005777597427368
7289,-0.6004840135574341,0.0,0.0,0.7917463183403015
7290,1.045307993888855,0.0,0.0,-0.4823988676071167
7291,1.8624849319458008,0.0,0.0,-1.2116714715957642
7292,-1.5842115879058838,0.0,0.0,0.8558591604232788
7293,-0.7789962291717529,0.0,0.0,0.768185555934906
7294,-0.6094598770141602,0.0,0.0,0.7568402886390686
7295,1.8624849319458008,0.0,0.0,-1.2116714715957642
7296,-1.1480317115783691,0.0,0.0,0.6837106347084045
7297,-1.2951923608779907,0.0,0.0,-0.12415894865989685
7298,-0.7789962291717529,0.0,0.0,0.768185555934906
7299,-1.5617289543151855,0.0,0.0,0.8594236373901367
7300,1.870138168334961,0.0,0.0,-1.2483513355255127
7301,1.8624849319458008,0.0,0.0,-1.2116714715957642
7302,-0.47737768292427063,0.0,0.0,-0.41622617840766907
7303,1.8624849319458008,0.0,0.0,-1.2116714715957642
7304,-0.23881635069847107,0.0,0.0,0.3188973069190979
7305,-0.2520415782928467,0.0,0.0,0.06329721212387085
7306,-0.2520415782928467,0.0,0.0,-0.0666746124625206
7307,0.5171717405319214,0.0,0.0,-0.04502275586128235
7308,-0.4398012161254883,0.0,0.0,-0.07942090928554535
7309,-0.4398012161254883,0.0,0.0,-0.07942090928554535
7310,-0.4398012161254883,0.0,0.0,-0.07942090928554535
7311,0.966881275177002,0.0,0.0,-0.02390488237142563
7312,0.966881275177002,0.0,0.0,-0.02390488237142563
7313,-0.4398012161254883,0.0,0.0,-0.07942090928554535
7314,0.20662151277065277,0.0,0.0,-0.0666746124625206
7315,-0.4398012161254883,0.0,0.0,-0.025250999256968498
7316,-0.4398012161254883,0.0,0.0,0.005348538979887962
7317,-0.4398012161254883,0.0,0.0,-0.07942090928554535
7318,-0.061723493039608,0.0,0.0,-0.021648529917001724
7319,-0.4398012161254883,0.0,0.0,-0.07942090928554535
7320,-0.4398012161254883,0.0,0.0,-0.07942090928554535
7321,-0.2520415782928467,0.0,0.0,0.06329721212387085
7322,-0.061723493039608,0.0,0.0,-0.0666746124625206
7323,-0.4398012161254883,0.0,0.0,-0.07942090928554535
7324,-0.4398012161254883,0.0,0.0,-0.05145662650465965
7325,-0.2520415782928467,0.0,0.0,-0.021648529917001724
7326,0.966881275177002,0.0,0.0,-0.02390488237142563
7327,-0.4398012161254883,0.0,0.0,-0.07942090928554535
7328,-0.4398012161254883,0.0,0.0,0.005348538979887962
7329,-0.061723493039608,0.0,0.0,-0.0666746124625206
7330,-0.061723493039608,0.0,0.0,-0.0666746124625206
7331,-0.4398012161254883,0.0,0.0,-0.07942090928554535
7332,0.966881275177002,0.0,0.0,-0.02390488237142563
7333,-0.4398012161254883,0.0,0.0,-0.07942090928554535
7334,-0.4398012161254883,0.0,0.0,-0.07942090928554535
7335,-0.33637481927871704,0.0,0.0,-0.025250999256968498
7336,-0.33637481927871704,0.0,0.0,-0.025250999256968498
7337,0.235270693898201,0.0,0.0,-0.0666746124625206
7338,-0.2520415782928467,0.0,0.0,-0.0666746124625206
7339,-0.4398012161254883,0.0,0.0,-0.07942090928554535
7340,-0.2894286811351776,0.0,0.0,-0.025250999256968498
7341,-0.4398012161254883,0.0,0.0,-0.07942090928554535
7342,-0.4398012161254883,0.0,0.0,-0.07942090928554535
7343,0.966881275177002,0.0,0.0,-0.02390488237142563
7344,-0.2520415782928467,0.0,0.0,-0.021648529917001724
7345,-0.4398012161254883,0.0,0.0,-0.07942090928554535
7346,-0.4398012161254883,0.0,0.0,-0.07942090928554535
7347,-0.061723493039608,0.0,0.0,-0.0666746124625206
7348,-0.2001427412033081,0.0,0.0,-0.0666746124625206
7349,-0.4398012161254883,0.0,0.0,-0.07942090928554535
7350,-0.4398012161254883,0.0,0.0,-0.07942090928554535
7351,-0.2520415782928467,0.0,0.0,-0.021648529917001724
7352,0.235270693898201,0.0,0.0,-0.0666746124625206
7353,-0.061723493039608,0.0,0.0,-0.0666746124625206
7354,-0.23881635069847107,0.0,0.0,0.3188973069190979
7355,-0.4398012161254883,0.0,0.0,-0.025250999256968498
7356,0.20662151277065277,0.0,0.0,-0.0666746124625206
7357,-0.4398012161254883,0.0,0.0,-0.07942090928554535
7358,-0.061723493039608,0.0,0.0,-0.0666746124625206
7359,-0.4398012161254883,0.0,0.0,-0.07942090928554535
7360,-0.4068889915943146,0.0,0.0,-0.07942090928554535
7361,-0.4398012161254883,0.0,0.0,-0.07942090928554535
7362,-0.4398012161254883,0.0,0.0,-0.07942090928554535
7363,-0.03038616105914116,0.0,0.0,-0.0666746124625206
7364,0.636207640171051,0.0,0.0,-0.04502275586128235
7365,-0.4398012161254883,0.0,0.0,-0.07942090928554535
7366,-0.4398012161254883,0.0,0.0,-0.07942090928554535
7367,-0.23881635069847107,0.0,0.0,0.3188973069190979
7368,-0.4398012161254883,0.0,0.0,-0.07942090928554535
7369,-0.4398012161254883,0.0,0.0,-0.07942090928554535
7370,-0.4398012161254883,0.0,0.0,-0.07942090928554535
7371,-0.2520415782928467,0.0,0.0,-0.0666746124625206
7372,-0.23881635069847107,0.0,0.0,0.3188973069190979
7373,-0.4398012161254883,0.0,0.0,-0.07942090928554535
7374,0.235270693898201,0.0,0.0,-0.0666746124625206
7375,-0.061723493039608,0.0,0.0,-0.0666746124625206
7376,0.20662151277065277,0.0,0.0,-0.0666746124625206
7377,-0.2520415782928467,0.0,0.0,-0.021648529917001724
7378,-0.061723493039608,0.0,0.0,0.06329721212387085
7379,0.966881275177002,0.0,0.0,-0.02390488237142563
7380,-0.2457457184791565,0.0,0.0,0.2670650780200958
7381,-0.33637481927871704,0.0,0.0,-0.07942090928554535
7382,-0.2894286811351776,0.0,0.0,-0.025250999256968498
7383,-0.4398012161254883,0.0,0.0,-0.025250999256968498
7384,-0.061723493039608,0.0,0.0,-0.0666746124625206
7385,-0.23881635069847107,0.0,0.0,0.3188973069190979
7386,-0.4398012161254883,0.0,0.0,-0.07942090928554535
7387,-0.2520415782928467,0.0,0.0,-0.0666746124625206
7388,-0.4398012161254883,0.0,0.0,-0.07942090928554535
7389,-0.4398012161254883,0.0,0.0,-0.07942090928554535
7390,-0.03038616105914116,0.0,0.0,-0.0666746124625206
7391,0.636207640171051,0.0,0.0,-0.04502275586128235
7392,0.636207640171051,0.0,0.0,-0.04502275586128235
7393,-0.061723493039608,0.0,0.0,-0.0666746124625206
7394,-0.33637481927871704,0.0,0.0,-0.025250999256968498
7395,0.966881275177002,0.0,0.0,-0.02390488237142563
7396,-0.2520415782928467,0.0,0.0,-0.021648529917001724
7397,-0.4398012161254883,0.0,0.0,-0.07942090928554535
7398,-0.4068889915943146,0.0,0.0,-0.025250999256968498
7399,-0.2520415782928467,0.0,0.0,-0.0666746124625206
7400,-0.2520415782928467,0.0,0.0,-0.0666746124625206
7401,-0.2520415782928467,0.0,0.0,-0.0666746124625206
7402,0.8395673632621765,0.0,0.0,-0.04502275586128235
7403,-0.4398012161254883,0.0,0.0,-0.07942090928554535
7404,-0.4398012161254883,0.0,0.0,-0.07942090928554535
7405,-0.4398012161254883,0.0,0.0,-0.07942090928554535
7406,-0.4398012161254883,0.0,0.0,-0.07942090928554535
7407,0.05735327675938606,0.0,0.0,-0.0666746124625206
7408,-0.4068889915943146,0.0,0.0,-0.07942090928554535
7409,-0.4398012161254883,0.0,0.0,-0.07942090928554535
7410,-0.4398012161254883,0.0,0.0,-0.07942090928554535
7411,-0.4398012161254883,0.0,0.0,-0.07942090928554535
7412,0.966881275177002,0.0,0.0,-0.02390488237142563
7413,-0.4398012161254883,0.0,0.0,-0.07942090928554535
7414,0.966881275177002,0.0,0.0,0.02112119272351265
7415,0.235270693898201,0.0,0.0,-0.0666746124625206
7416,-0.23881635069847107,0.0,0.0,0.3188973069190979
7417,-0.23881635069847107,0.0,0.0,0.3188973069190979
7418,0.966881275177002,0.0,0.0,-0.02390488237142563
7419,-0.061723493039608,0.0,0.0,-0.0666746124625206
7420,0.966881275177002,0.0,0.0,-0.02390488237142563
7421,0.636207640171051,0.0,0.0,-0.04502275586128235
7422,0.966881275177002,0.0,0.0,-0.02390488237142563
7423,0.20662151277065277,0.0,0.0,-0.0666746124625206
7424,0.24156655371189117,0.0,0.0,0.2670650780200958
7425,0.966881275177002,0.0,0.0,-0.02390488237142563
7426,-0.23881635069847107,0.0,0.0,0.3188973069190979
7427,-0.061723493039608,0.0,0.0,-0.0666746124625206
7428,-0.4398012161254883,0.0,0.0,-0.07942090928554535
7429,0.966881275177002,0.0,0.0,-0.02390488237142563
7430,-0.4398012161254883,0.0,0.0,-0.025250999256968498
7431,-0.061723493039608,0.0,0.0,-0.0666746124625206
7432,0.966881275177002,0.0,0.0,-0.02390488237142563
7433,-0.03038616105914116,0.0,0.0,0.06329721212387085
7434,-0.23881635069847107,0.0,0.0,0.3188973069190979
7435,-0.23881635069847107,0.0,0.0,0.3188973069190979
7436,-0.4398012161254883,0.0,0.0,-0.07942090928554535
7437,0.966881275177002,0.0,0.0,-0.02390488237142563
7438,-0.061723493039608,0.0,0.0,-0.021648529917001724
7439,-0.4398012161254883,0.0,0.0,-0.07942090928554535
7440,-0.2520415782928467,0.0,0.0,0.06329721212387085
7441,-0.4398012161254883,0.0,0.0,-0.07942090928554535
7442,0.966881275177002,0.0,0.0,-0.02390488237142563
7443,0.966881275177002,0.0,0.0,-0.02390488237142563
7444,-0.23881635069847107,0.0,0.0,0.3188973069190979
7445,-0.2894286811351776,0.0,0.0,0.3188973069190979
7446,0.966881275177002,0.0,0.0,-0.02390488237142563
7447,0.5171717405319214,0.0,0.0,3.31830233335495e-06
7448,-0.33637481927871704,0.0,0.0,-0.025250999256968498
7449,0.966881275177002,0.0,0.0,-0.02390488237142563
7450,-0.4398012161254883,0.0,0.0,-0.07942090928554535
7451,0.966881275177002,0.0,0.0,-0.02390488237142563
7452,0.966881275177002,0.0,0.0,-0.02390488237142563
7453,-0.23881635069847107,0.0,0.0,0.3188973069190979
7454,-0.4398012161254883,0.0,0.0,-0.07942090928554535
7455,-0.23881635069847107,0.0,0.0,0.3188973069190979
7456,0.20662151277065277,0.0,0.0,-0.021648529917001724
7457,0.966881275177002,0.0,0.0,-0.02390488237142563
7458,-0.4398012161254883,0.0,0.0,-0.07942090928554535
7459,-0.23881635069847107,0.0,0.0,0.3188973069190979
7460,-0.23881635069847107,0.0,0.0,0.3188973069190979
7461,0.966881275177002,0.0,0.0,-0.02390488237142563
7462,-0.4398012161254883,0.0,0.0,-0.07942090928554535
7463,-0.33637481927871704,0.0,0.0,-0.025250999256968498
7464,-0.23881635069847107,0.0,0.0,0.3188973069190979
7465,-0.4398012161254883,0.0,0.0,-0.07942090928554535
7466,0.966881275177002,0.0,0.0,-0.02390488237142563
7467,0.966881275177002,0.0,0.0,-0.02390488237142563
7468,-0.05542764067649841,0.0,0.0,0.22218060493469238
7469,0.966881275177002,0.0,0.0,-0.02390488237142563
7470,-0.16030310094356537,0.0,0.0,0.9663187265396118
7471,-0.21734611690044403,0.0,0.0,0.38532042503356934
7472,-0.38735613226890564,0.0,0.0,-0.8471234440803528
7473,0.011918174102902412,0.0,0.0,-0.6037991046905518
7474,-0.36761653423309326,0.0,0.0,-0.1733916997909546
7475,-0.36761653423309326,0.0,0.0,-0.1733916997909546
7476,-0.36761653423309326,0.0,0.0,-0.1733916997909546
7477,1.413312315940857,0.0,0.0,-0.307043194770813
7478,1.413312315940857,0.0,0.0,-0.307043194770813
7479,-0.36761653423309326,0.0,0.0,-0.1733916997909546
7480,0.011918174102902412,0.0,0.0,-0.6037991046905518
7481,-0.36761653423309326,0.0,0.0,-0.1733916997909546
7482,-0.36761653423309326,0.0,0.0,-0.1733916997909546
7483,-0.36761653423309326,0.0,0.0,-0.1733916997909546
7484,-0.3338104486465454,0.0,0.0,-0.8471234440803528
7485,-0.2925820052623749,0.0,0.0,-0.16517697274684906
7486,-0.2925820052623749,0.0,0.0,-0.16517697274684906
7487,-0.21734611690044403,0.0,0.0,0.38532042503356934
7488,-0.3338104486465454,0.0,0.0,-0.8471234440803528
7489,-0.36761653423309326,0.0,0.0,-0.1733916997909546
7490,-0.2925820052623749,0.0,0.0,-0.16517697274684906
7491,-0.38735613226890564,0.0,0.0,-0.8471234440803528
7492,1.413312315940857,0.0,0.0,-0.307043194770813
7493,-0.2925820052623749,0.0,0.0,-0.16517697274684906
7494,-0.36761653423309326,0.0,0.0,-0.1733916997909546
7495,-0.32210639119148254,0.0,0.0,-0.7142218947410583
7496,-0.32210639119148254,0.0,0.0,-0.7142218947410583
7497,-0.36761653423309326,0.0,0.0,-0.1733916997909546
7498,1.413312315940857,0.0,0.0,-0.307043194770813
7499,-0.36761653423309326,0.0,0.0,-0.1733916997909546
7500,-0.2925820052623749,0.0,0.0,-0.16517697274684906
7501,-0.2925820052623749,0.0,0.0,-0.16517697274684906
7502,-0.2925820052623749,0.0,0.0,-0.16517697274684906
7503,0.011918174102902412,0.0,0.0,-0.6037991046905518
7504,-0.38735613226890564,0.0,0.0,-0.8471234440803528
7505,-0.36761653423309326,0.0,0.0,-0.1733916997909546
7506,-0.2925820052623749,0.0,0.0,-0.16517697274684906
7507,-0.36761653423309326,0.0,0.0,-0.1733916997909546
7508,-0.2925820052623749,0.0,0.0,-0.16517697274684906
7509,1.413312315940857,0.0,0.0,-0.307043194770813
7510,-0.38735613226890564,0.0,0.0,-0.8471234440803528
7511,-0.36761653423309326,0.0,0.0,-0.1733916997909546
7512,-0.36761653423309326,0.0,0.0,-0.1733916997909546
7513,-0.32210639119148254,0.0,0.0,-0.7142218947410583
7514,-0.3756520748138428,0.0,0.0,-0.7142218947410583
7515,-0.36761653423309326,0.0,0.0,-0.1733916997909546
7516,-0.36761653423309326,0.0,0.0,-0.1733916997909546
7517,-0.38735613226890564,0.0,0.0,-0.8471234440803528
7518,0.0002142960438504815,0.0,0.0,-0.7367006540298462
7519,-0.3338104486465454,0.0,0.0,-0.8471234440803528
7520,-0.16030310094356537,0.0,0.0,0.9663187265396118
7521,-0.36761653423309326,0.0,0.0,-0.1733916997909546
7522,0.0002142960438504815,0.0,0.0,-0.7367006540298462
7523,-0.36761653423309326,0.0,0.0,-0.1733916997909546
7524,-0.32210639119148254,0.0,0.0,-0.7142218947410583
7525,-0.36761653423309326,0.0,0.0,-0.1733916997909546
7526,-0.2925820052623749,0.0,0.0,-0.16517697274684906
7527,-0.36761653423309326,0.0,0.0,-0.1733916997909546
7528,-0.36761653423309326,0.0,0.0,-0.1733916997909546
7529,-0.32210639119148254,0.0,0.0,-0.7142218947410583
7530,0.011918174102902412,0.0,0.0,-0.6037991046905518
7531,-0.36761653423309326,0.0,0.0,-0.1733916997909546
7532,-0.36761653423309326,0.0,0.0,-0.1733916997909546
7533,-0.16030310094356537,0.0,0.0,0.9663187265396118
7534,-0.36761653423309326,0.0,0.0,-0.1733916997909546
7535,-0.36761653423309326,0.0,0.0,-0.1733916997909546
7536,-0.36761653423309326,0.0,0.0,-0.1733916997909546
7537,-0.38735613226890564,0.0,0.0,-0.8471234440803528
7538,-0.16030310094356537,0.0,0.0,0.9663187265396118
7539,-0.36761653423309326,0.0,0.0,-0.1733916997909546
7540,0.0002142960438504815,0.0,0.0,-0.7367006540298462
7541,-0.3338104486465454,0.0,0.0,-0.8471234440803528
7542,0.011918174102902412,0.0,0.0,-0.6037991046905518
7543,-0.38735613226890564,0.0,0.0,-0.8471234440803528
7544,-0.16380052268505096,0.0,0.0,0.38532042503356934
7545,1.413312315940857,0.0,0.0,-0.307043194770813
7546,-0.1793641895055771,0.0,0.0,0.7500511407852173
7547,-0.2925820052623749,0.0,0.0,-0.16517697274684906
7548,-0.2925820052623749,0.0,0.0,-0.16517697274684906
7549,-0.2925820052623749,0.0,0.0,-0.16517697274684906
7550,-0.3338104486465454,0.0,0.0,-0.8471234440803528
7551,-0.16030310094356537,0.0,0.0,0.9663187265396118
7552,-0.36761653423309326,0.0,0.0,-0.1733916997909546
7553,-0.3756520748138428,0.0,0.0,-0.7142218947410583
7554,-0.36761653423309326,0.0,0.0,-0.1733916997909546
7555,-0.36761653423309326,0.0,0.0,-0.1733916997909546
7556,-0.32210639119148254,0.0,0.0,-0.7142218947410583
7557,0.011918174102902412,0.0,0.0,-0.6037991046905518
7558,0.011918174102902412,0.0,0.0,-0.6037991046905518
7559,-0.32210639119148254,0.0,0.0,-0.7142218947410583
7560,-0.2925820052623749,0.0,0.0,-0.16517697274684906
7561,1.413312315940857,0.0,0.0,-0.307043194770813
7562,-0.38735613226890564,0.0,0.0,-0.8471234440803528
7563,-0.36761653423309326,0.0,0.0,-0.1733916997909546
7564,-0.2925820052623749,0.0,0.0,-0.16517697274684906
7565,-0.38735613226890564,0.0,0.0,-0.8471234440803528
7566,-0.38735613226890564,0.0,0.0,-0.8471234440803528
7567,-0.38735613226890564,0.0,0.0,-0.8471234440803528
7568,0.011918174102902412,0.0,0.0,-0.6037991046905518
7569,-0.36761653423309326,0.0,0.0,-0.1733916997909546
7570,-0.2925820052623749,0.0,0.0,-0.16517697274684906
7571,-0.36761653423309326,0.0,0.0,-0.1733916997909546
7572,-0.36761653423309326,0.0,0.0,-0.1733916997909546
7573,-0.3338104486465454,0.0,0.0,-0.8471234440803528
7574,-0.2925820052623749,0.0,0.0,-0.16517697274684906
7575,-0.36761653423309326,0.0,0.0,-0.1733916997909546
7576,-0.36761653423309326,0.0,0.0,-0.1733916997909546
7577,-0.36761653423309326,0.0,0.0,-0.1733916997909546
7578,1.413312315940857,0.0,0.0,-0.307043194770813
7579,-0.36761653423309326,0.0,0.0,-0.1733916997909546
7580,1.4739106893539429,0.0,0.0,-0.3676421046257019
7581,0.011918174102902412,0.0,0.0,-0.6037991046905518
7582,-0.16030310094356537,0.0,0.0,0.9663187265396118
7583,-0.16030310094356537,0.0,0.0,0.9663187265396118
7584,1.4739106893539429,0.0,0.0,-0.3676421046257019
7585,-0.32210639119148254,0.0,0.0,-0.7142218947410583
7586,1.413312315940857,0.0,0.0,-0.307043194770813
7587,0.0002142960438504815,0.0,0.0,-0.7367006540298462
7588,1.413312315940857,0.0,0.0,-0.307043194770813
7589,0.011918174102902412,0.0,0.0,-0.6037991046905518
7590,0.044899847358465195,0.0,0.0,0.8943741321563721
7591,1.413312315940857,0.0,0.0,-0.307043194770813
7592,-0.16030310094356537,0.0,0.0,0.9663187265396118
7593,-0.32210639119148254,0.0,0.0,-0.7142218947410583
7594,-0.36761653423309326,0.0,0.0,-0.1733916997909546
7595,1.413312315940857,0.0,0.0,-0.307043194770813
7596,-0.2925820052623749,0.0,0.0,-0.16517697274684906
7597,-0.32210639119148254,0.0,0.0,-0.7142218947410583
7598,1.413312315940857,0.0,0.0,-0.307043194770813
7599,-0.16380052268505096,0.0,0.0,0.38532042503356934
7600,-0.16030310094356537,0.0,0.0,0.9663187265396118
7601,-0.16030310094356537,0.0,0.0,0.9663187265396118
7602,-0.2925820052623749,0.0,0.0,-0.16517697274684906
7603,1.413312315940857,0.0,0.0,-0.307043194770813
7604,-0.3338104486465454,0.0,0.0,-0.8471234440803528
7605,-0.36761653423309326,0.0,0.0,-0.1733916997909546
7606,-0.21734611690044403,0.0,0.0,0.38532042503356934
7607,-0.36761653423309326,0.0,0.0,-0.1733916997909546
7608,1.413312315940857,0.0,0.0,-0.307043194770813
7609,1.413312315940857,0.0,0.0,-0.307043194770813
7610,-0.16030310094356537,0.0,0.0,0.9663187265396118
7611,-0.16030310094356537,0.0,0.0,0.9663187265396118
7612,1.413312315940857,0.0,0.0,-0.307043194770813
7613,0.0002142960438504815,0.0,0.0,-0.7367006540298462
7614,-0.2925820052623749,0.0,0.0,-0.16517697274684906
7615,1.413312315940857,0.0,0.0,-0.307043194770813
7616,-0.36761653423309326,0.0,0.0,-0.1733916997909546
7617,1.413312315940857,0.0,0.0,-0.307043194770813
7618,1.413312315940857,0.0,0.0,-0.307043194770813
7619,-0.16030310094356537,0.0,0.0,0.9663187265396118
7620,-0.2925820052623749,0.0,0.0,-0.16517697274684906
7621,-0.16030310094356537,0.0,0.0,0.9663187265396118
7622,0.0002142960438504815,0.0,0.0,-0.7367006540298462
7623,1.413312315940857,0.0,0.0,-0.307043194770813
7624,-0.36761653423309326,0.0,0.0,-0.1733916997909546
7625,-0.16030310094356537,0.0,0.0,0.9663187265396118
7626,-0.16030310094356537,0.0,0.0,0.9663187265396118
7627,1.413312315940857,0.0,0.0,-0.307043194770813
7628,-0.2925820052623749,0.0,0.0,-0.16517697274684906
7629,-0.2925820052623749,0.0,0.0,-0.16517697274684906
7630,-0.16030310094356537,0.0,0.0,0.9663187265396118
7631,-0.36761653423309326,0.0,0.0,-0.1733916997909546
7632,1.413312315940857,0.0,0.0,-0.307043194770813
7633,1.413312315940857,0.0,0.0,-0.307043194770813
7634,-0.12581859529018402,0.0,0.0,0.7500511407852173
7635,1.413312315940857,0.0,0.0,-0.307043194770813
7636,0.011337891221046448,0.0,0.0,0.5247058272361755
7637,-0.013081081211566925,0.0,0.0,-0.06001470610499382
7638,-0.037545885890722275,0.0,0.0,-0.24658814072608948
7639,0.6560441255569458,0.0,0.0,-0.2779691815376282
7640,-0.654194176197052,0.0,0.0,0.0028301794081926346
7641,-0.654194176197052,0.0,0.0,0.0028301794081926346
7642,-0.654194176197052,0.0,0.0,0.0028301794081926346
7643,0.720664381980896,0.0,0.0,-0.2779691815376282
7644,0.720664381980896,0.0,0.0,-0.2779691815376282
7645,-0.654194176197052,0.0,0.0,0.0028301794081926346
7646,0.25239020586013794,0.0,0.0,-0.3024442791938782
7647,-0.654194176197052,0.0,0.0,0.15921860933303833
7648,-0.654194176197052,0.0,0.0,0.29655832052230835
7649,-0.654194176197052,0.0,0.0,0.0028301794081926346
7650,0.04986227676272392,0.0,0.0,-0.15490657091140747
7651,-0.5537875890731812,0.0,0.0,0.10019609332084656
7652,-0.5537875890731812,0.0,0.0,0.028020817786455154
7653,0.07197293639183044,0.0,0.0,0.1280016005039215
7654,0.1713867336511612,0.0,0.0,-0.24658814072608948
7655,-0.654194176197052,0.0,0.0,0.0028301794081926346
7656,-0.5537875890731812,0.0,0.0,0.10019609332084656
7657,-0.022772260010242462,0.0,0.0,-0.11427975445985794
7658,0.720664381980896,0.0,0.0,-0.2779691815376282
7659,-0.5537875890731812,0.0,0.0,0.028020817786455154
7660,-0.654194176197052,0.0,0.0,0.29655832052230835
7661,0.03508865833282471,0.0,0.0,-0.3024442791938782
7662,0.03508865833282471,0.0,0.0,-0.3024442791938782
7663,-0.654194176197052,0.0,0.0,0.07500545680522919
7664,0.720664381980896,0.0,0.0,-0.2779691815376282
7665,-0.654194176197052,0.0,0.0,0.0028301794081926346
7666,-0.654194176197052,0.0,0.0,0.0028301794081926346
7667,-0.31982657313346863,0.0,0.0,0.2031896412372589
7668,-0.5537875890731812,0.0,0.0,0.14708364009857178
7669,0.37496286630630493,0.0,0.0,-0.3024442791938782
7670,-0.037545885890722275,0.0,0.0,-0.24658814072608948
7671,-0.654194176197052,0.0,0.0,0.0028301794081926346
7672,-0.09577415883541107,0.0,0.0,0.2125924825668335
7673,-0.654194176197052,0.0,0.0,0.0028301794081926346
7674,-0.654194176197052,0.0,0.0,0.0028301794081926346
7675,0.720664381980896,0.0,0.0,-0.2779691815376282
7676,-0.022772260010242462,0.0,0.0,-0.11427975445985794
7677,-0.654194176197052,0.0,0.0,0.0028301794081926346
7678,-0.654194176197052,0.0,0.0,0.0028301794081926346
7679,0.03508865833282471,0.0,0.0,-0.3024442791938782
7680,0.03508865833282471,0.0,0.0,-0.3024442791938782
7681,-0.654194176197052,0.0,0.0,0.07500545680522919
7682,-0.654194176197052,0.0,0.0,0.0028301794081926346
7683,0.04986227676272392,0.0,0.0,-0.11427975445985794
7684,0.3249264657497406,0.0,0.0,-0.24658814072608948
7685,0.03508865833282471,0.0,0.0,-0.24658814072608948
7686,0.011337891221046448,0.0,0.0,0.5247058272361755
7687,-0.654194176197052,0.0,0.0,0.12189298868179321
7688,0.25239020586013794,0.0,0.0,-0.24658814072608948
7689,-0.654194176197052,0.0,0.0,0.0028301794081926346
7690,0.03508865833282471,0.0,0.0,-0.3024442791938782
7691,-0.654194176197052,0.0,0.0,0.0028301794081926346
7692,-0.5537875890731812,0.0,0.0,0.10019609332084656
7693,-0.654194176197052,0.0,0.0,0.0028301794081926346
7694,-0.654194176197052,0.0,0.0,0.0028301794081926346
7695,0.25239020586013794,0.0,0.0,-0.3024442791938782
7696,0.6560441255569458,0.0,0.0,-0.2779691815376282
7697,-0.654194176197052,0.0,0.0,0.0028301794081926346
7698,-0.654194176197052,0.0,0.0,0.0028301794081926346
7699,0.011337891221046448,0.0,0.0,0.5247058272361755
7700,-0.654194176197052,0.0,0.0,0.0028301794081926346
7701,-0.654194176197052,0.0,0.0,0.0028301794081926346
7702,-0.654194176197052,0.0,0.0,0.0028301794081926346
7703,-0.037545885890722275,0.0,0.0,-0.24658814072608948
7704,0.011337891221046448,0.0,0.0,0.5247058272361755
7705,-0.654194176197052,0.0,0.0,0.0028301794081926346
7706,0.47045236825942993,0.0,0.0,-0.2221130132675171
7707,0.21125127375125885,0.0,0.0,-0.24658814072608948
7708,0.25239020586013794,0.0,0.0,-0.3024442791938782
7709,-0.022772260010242462,0.0,0.0,-0.15490657091140747
7710,0.05955345556139946,0.0,0.0,-0.06001470610499382
7711,0.720664381980896,0.0,0.0,-0.2779691815376282
7712,-0.0006615966558456421,0.0,0.0,0.1280016005039215
7713,-0.5537875890731812,0.0,0.0,0.10019609332084656
7714,-0.06321936845779419,0.0,0.0,0.17526687681674957
7715,-0.5537875890731812,0.0,0.0,0.1844092607498169
7716,0.1713867336511612,0.0,0.0,-0.24658814072608948
7717,0.011337891221046448,0.0,0.0,0.5247058272361755
7718,-0.654194176197052,0.0,0.0,0.0028301794081926346
7719,0.03508865833282471,0.0,0.0,-0.3024442791938782
7720,-0.654194176197052,0.0,0.0,0.0028301794081926346
7721,-0.654194176197052,0.0,0.0,0.0028301794081926346
7722,0.21125127375125885,0.0,0.0,-0.3024442791938782
7723,0.6560441255569458,0.0,0.0,-0.2779691815376282
7724,0.6560441255569458,0.0,0.0,-0.2779691815376282
7725,0.21125127375125885,0.0,0.0,-0.3024442791938782
7726,-0.31982657313346863,0.0,0.0,0.1658640205860138
7727,0.720664381980896,0.0,0.0,-0.2779691815376282
7728,-0.022772260010242462,0.0,0.0,-0.11427975445985794
7729,-0.654194176197052,0.0,0.0,0.0028301794081926346
7730,-0.5537875890731812,0.0,0.0,0.14708364009857178
7731,0.03508865833282471,0.0,0.0,-0.24658814072608948
7732,0.03508865833282471,0.0,0.0,-0.24658814072608948
7733,-0.037545885890722275,0.0,0.0,-0.24658814072608948
7734,0.720664381980896,0.0,0.0,-0.2779691815376282
7735,-0.654194176197052,0.0,0.0,0.0028301794081926346
7736,-0.5537875890731812,0.0,0.0,0.10019609332084656
7737,-0.654194176197052,0.0,0.0,0.0028301794081926346
7738,-0.654194176197052,0.0,0.0,0.0028301794081926346
7739,0.25239020586013794,0.0,0.0,-0.24658814072608948
7740,-0.5537875890731812,0.0,0.0,0.10019609332084656
7741,-0.654194176197052,0.0,0.0,0.0028301794081926346
7742,-0.654194176197052,0.0,0.0,0.0028301794081926346
7743,-0.654194176197052,0.0,0.0,0.0028301794081926346
7744,0.720664381980896,0.0,0.0,-0.2779691815376282
7745,-0.654194176197052,0.0,0.0,0.0028301794081926346
7746,0.7354379892349243,0.0,0.0,-0.08980462700128555
7747,0.3249264657497406,0.0,0.0,-0.3024442791938782
7748,0.011337891221046448,0.0,0.0,0.5247058272361755
7749,0.011337891221046448,0.0,0.0,0.5247058272361755
7750,0.720664381980896,0.0,0.0,-0.2221130132675171
7751,0.1713867336511612,0.0,0.0,-0.3024442791938782
7752,0.720664381980896,0.0,0.0,-0.2779691815376282
7753,0.6560441255569458,0.0,0.0,-0.2221130132675171
7754,0.720664381980896,0.0,0.0,-0.2779691815376282
7755,0.25239020586013794,0.0,0.0,-0.3024442791938782
7756,0.3738102316856384,0.0,0.0,0.3808126449584961
7757,0.720664381980896,0.0,0.0,-0.2779691815376282
7758,0.011337891221046448,0.0,0.0,0.5247058272361755
7759,0.03508865833282471,0.0,0.0,-0.24658814072608948
7760,-0.654194176197052,0.0,0.0,0.0028301794081926346
7761,0.720664381980896,0.0,0.0,-0.2779691815376282
7762,-0.654194176197052,0.0,0.0,0.12189298868179321
7763,0.03508865833282471,0.0,0.0,-0.3024442791938782
7764,0.720664381980896,0.0,0.0,-0.2779691815376282
7765,0.2357160598039627,0.0,0.0,-0.06001470610499382
7766,0.011337891221046448,0.0,0.0,0.5247058272361755
7767,0.011337891221046448,0.0,0.0,0.5247058272361755
7768,-0.5537875890731812,0.0,0.0,0.028020817786455154
7769,0.720664381980896,0.0,0.0,-0.2779691815376282
7770,0.22602488100528717,0.0,0.0,-0.11427975445985794
7771,-0.654194176197052,0.0,0.0,0.0028301794081926346
7772,-0.013081081211566925,0.0,0.0,-0.06001470610499382
7773,-0.654194176197052,0.0,0.0,0.07500545680522919
7774,0.720664381980896,0.0,0.0,-0.2221130132675171
7775,0.720664381980896,0.0,0.0,-0.2779691815376282
7776,0.011337891221046448,0.0,0.0,0.5247058272361755
7777,-0.09577415883541107,0.0,0.0,0.5247058272361755
7778,0.720664381980896,0.0,0.0,-0.2779691815376282
7779,0.6708177328109741,0.0,0.0,-0.13043144345283508
7780,-0.5537875890731812,0.0,0.0,0.10019609332084656
7781,0.720664381980896,0.0,0.0,-0.2779691815376282
7782,-0.654194176197052,0.0,0.0,0.0028301794081926346
7783,0.720664381980896,0.0,0.0,-0.2779691815376282
7784,0.720664381980896,0.0,0.0,-0.2779691815376282
7785,0.011337891221046448,0.0,0.0,0.5247058272361755
7786,-0.5537875890731812,0.0,0.0,0.028020817786455154
7787,0.011337891221046448,0.0,0.0,0.5247058272361755
7788,0.26716384291648865,0.0,0.0,-0.11427975445985794
7789,0.720664381980896,0.0,0.0,-0.2779691815376282
7790,-0.654194176197052,0.0,0.0,0.0028301794081926346
7791,0.011337891221046448,0.0,0.0,0.5247058272361755
7792,0.08397242426872253,0.0,0.0,0.5247058272361755
7793,0.720664381980896,0.0,0.0,-0.2779691815376282
7794,-0.5537875890731812,0.0,0.0,0.10019609332084656
7795,-0.31982657313346863,0.0,0.0,0.1658640205860138
7796,0.011337891221046448,0.0,0.0,0.5247058272361755
7797,-0.654194176197052,0.0,0.0,0.0028301794081926346
7798,0.720664381980896,0.0,0.0,-0.2221130132675171
7799,0.720664381980896,0.0,0.0,-0.2779691815376282
7800,0.07197293639183044,0.0,0.0,0.1280016005039215
7801,0.720664381980896,0.0,0.0,-0.2779691815376282
7802,-0.5022101402282715,0.0,0.0,0.715009868144989
7803,-0.6763218641281128,0.0,0.0,-0.686312735080719
7804,-0.7402037382125854,0.0,0.0,-1.987030029296875
7805,1.3358838558197021,0.0,0.0,-2.4597208499908447
7806,-2.087303876876831,0.0,0.0,1.0044834613800049
7807,-1.592948317527771,0.0,0.0,1.0370540618896484
7808,-2.087303876876831,0.0,0.0,0.6615555286407471
7809,2.4624862670898438,0.0,0.0,-1.3689544200897217
7810,2.4624862670898438,0.0,0.0,-1.3689544200897217
7811,-1.4787862300872803,0.0,0.0,0.6941258907318115
7812,0.7770378589630127,0.0,0.0,-2.6296799182891846
7813,-1.6695528030395508,0.0,0.0,-0.9805951714515686
7814,-1.6695528030395508,0.0,0.0,-0.9805951714515686
7815,-2.087303876876831,0.0,0.0,1.176485300064087
7816,-0.22035932540893555,0.0,0.0,-1.6849138736724854
7817,-0.9610412120819092,0.0,0.0,-0.7009578943252563
7818,-0.7389813661575317,0.0,0.0,-0.06283296644687653
7819,0.10498589277267456,0.0,0.0,-0.24553629755973816
7820,-0.3418287932872772,0.0,0.0,-2.010852575302124
7821,-2.087303876876831,0.0,0.0,1.0044834613800049
7822,-0.9610412120819092,0.0,0.0,-0.7009578943252563
7823,-0.789753794670105,0.0,0.0,-1.3798274993896484
7824,2.4624862670898438,0.0,0.0,-1.3689544200897217
7825,-0.9279657602310181,0.0,0.0,-0.2608371078968048
7826,-1.6008235216140747,0.0,0.0,-0.5239353179931641
7827,-0.3574622571468353,0.0,0.0,-2.0089006423950195
7828,-0.3933349549770355,0.0,0.0,-2.8163836002349854
7829,-1.4586780071258545,0.0,0.0,-0.7541368007659912
7830,2.4624862670898438,0.0,0.0,-1.3689544200897217
7831,-2.087303876876831,0.0,0.0,1.176485300064087
7832,-0.8930659294128418,0.0,0.0,-0.2608371078968048
7833,-0.6458837985992432,0.0,0.0,-0.9274163842201233
7834,-0.6458837985992432,0.0,0.0,-0.9274163842201233
7835,1.1671879291534424,0.0,0.0,-2.5110223293304443
7836,-0.1422225832939148,0.0,0.0,-2.0052144527435303
7837,-1.5816353559494019,0.0,0.0,0.3553931713104248
7838,-0.6458837985992432,0.0,0.0,-0.9274163842201233
7839,-2.1901533603668213,0.0,0.0,0.3228226900100708
7840,-0.8710727691650391,0.0,0.0,-0.06283296644687653
7841,2.4624862670898438,0.0,0.0,-1.3689544200897217
7842,-0.789753794670105,0.0,0.0,-1.3798274993896484
7843,-2.087303876876831,0.0,0.0,1.0044834613800049
7844,-2.087303876876831,0.0,0.0,0.6615555286407471
7845,-0.3574622571468353,0.0,0.0,-2.0089006423950195
7846,0.15578119456768036,0.0,0.0,-2.6814777851104736
7847,-2.2780706882476807,0.0,0.0,-0.7867071628570557
7848,-2.087303876876831,0.0,0.0,1.176485300064087
7849,-0.09630054235458374,0.0,0.0,-1.3798274993896484
7850,1.2186942100524902,0.0,0.0,-1.7054908275604248
7851,0.5170384645462036,0.0,0.0,-1.9464976787567139
7852,-0.5022101402282715,0.0,0.0,0.715009868144989
7853,-2.2780706882476807,0.0,0.0,-0.2356889843940735
7854,0.8285439014434814,0.0,0.0,-1.824148178100586
7855,-2.087303876876831,0.0,0.0,0.6615555286407471
7856,0.4837169051170349,0.0,0.0,-2.7702133655548096
7857,-2.087303876876831,0.0,0.0,1.176485300064087
7858,-0.9610412120819092,0.0,0.0,-0.7009578943252563
7859,-2.087303876876831,0.0,0.0,1.176485300064087
7860,-2.1901533603668213,0.0,0.0,0.3228226900100708
7861,0.23949232697486877,0.0,0.0,-2.592139482498169
7862,1.3358838558197021,0.0,0.0,-2.4597208499908447
7863,-1.728646159172058,0.0,0.0,-0.11601176857948303
7864,-2.087303876876831,0.0,0.0,1.176485300064087
7865,-0.5022101402282715,0.0,0.0,1.0200200080871582
7866,-1.4787862300872803,0.0,0.0,0.6941258907318115
7867,-2.2230019569396973,0.0,0.0,-0.14858214557170868
7868,-2.087303876876831,0.0,0.0,0.6615555286407471
7869,-0.7402037382125854,0.0,0.0,-1.987030029296875
7870,-0.5022101402282715,0.0,0.0,1.0200200080871582
7871,-2.087303876876831,0.0,0.0,1.176485300064087
7872,1.4654102325439453,0.0,0.0,-1.5397999286651611
7873,-0.26380860805511475,0.0,0.0,-1.8964629173278809
7874,0.8285439014434814,0.0,0.0,-1.7692911624908447
7875,-0.11695784330368042,0.0,0.0,-1.7754807472229004
7876,0.001584365963935852,0.0,0.0,-0.1549694538116455
7877,1.9999346733093262,0.0,0.0,-2.277872323989868
7878,-0.5884673595428467,0.0,0.0,-0.24553629755973816
7879,-0.6458837985992432,0.0,0.0,-0.7009578943252563
7880,-0.6458837985992432,0.0,0.0,-0.9274163842201233
7881,-0.7940500974655151,0.0,0.0,-0.9274163842201233
7882,-0.26380860805511475,0.0,0.0,-1.8964629173278809
7883,-0.5022101402282715,0.0,0.0,1.0200200080871582
7884,-2.087303876876831,0.0,0.0,1.0044834613800049
7885,-0.1937287449836731,0.0,0.0,-2.8107454776763916
7886,-2.087303876876831,0.0,0.0,1.0044834613800049
7887,-2.2230019569396973,0.0,0.0,-0.14858214557170868
7888,0.11206178367137909,0.0,0.0,-2.7470290660858154
7889,1.3358838558197021,0.0,0.0,-2.4597208499908447
7890,1.3358838558197021,0.0,0.0,-2.4597208499908447
7891,-0.3574622571468353,0.0,0.0,-2.0089006423950195
7892,-0.6458837985992432,0.0,0.0,-0.9274163842201233
7893,2.4624862670898438,0.0,0.0,-1.3689544200897217
7894,-0.789753794670105,0.0,0.0,-1.3798274993896484
7895,-1.5816353559494019,0.0,0.0,0.3553931713104248
7896,-0.9610412120819092,0.0,0.0,-0.9274163842201233
7897,-0.16040724515914917,0.0,0.0,-1.987030029296875
7898,-0.16040724515914917,0.0,0.0,-1.987030029296875
7899,-0.8538604974746704,0.0,0.0,-1.987030029296875
7900,1.3358838558197021,0.0,0.0,-2.4597208499908447
7901,-1.7506394386291504,0.0,0.0,-0.31401586532592773
7902,-0.9610412120819092,0.0,0.0,-0.7009578943252563
7903,-2.087303876876831,0.0,0.0,1.176485300064087
7904,-1.592948317527771,0.0,0.0,0.6941258907318115
7905,0.3690185844898224,0.0,0.0,-1.8014864921569824
7906,-0.9279657602310181,0.0,0.0,-0.2608371078968048
7907,-2.087303876876831,0.0,0.0,1.176485300064087
7908,-2.087303876876831,0.0,0.0,1.176485300064087
7909,-2.087303876876831,0.0,0.0,1.176485300064087
7910,2.4624862670898438,0.0,0.0,-1.3689544200897217
7911,-1.4787862300872803,0.0,0.0,1.1354091167449951
7912,2.397982120513916,0.0,0.0,-1.0510673522949219
7913,1.37162446975708,0.0,0.0,-1.7035391330718994
7914,-0.5022101402282715,0.0,0.0,1.0200200080871582
7915,-0.5022101402282715,0.0,0.0,1.0200200080871582
7916,2.4638493061065674,0.0,0.0,-1.3488068580627441
7917,-0.3933349549770355,0.0,0.0,-2.8163836002349854
7918,2.536612033843994,0.0,0.0,-1.9371707439422607
7919,1.4654102325439453,0.0,0.0,-1.5397999286651611
7920,2.4624862670898438,0.0,0.0,-1.3689544200897217
7921,0.8285439014434814,0.0,0.0,-1.7692911624908447
7922,1.3964605331420898,0.0,0.0,0.23094871640205383
7923,2.4624862670898438,0.0,0.0,-1.3689544200897217
7924,-0.5022101402282715,0.0,0.0,1.0200200080871582
7925,0.5352230072021484,0.0,0.0,-1.74285888671875
7926,-2.087303876876831,0.0,0.0,1.176485300064087
7927,2.4624862670898438,0.0,0.0,-1.3689544200897217
7928,-0.9261413812637329,0.0,0.0,-0.14993956685066223
7929,0.5195896625518799,0.0,0.0,-1.9627301692962646
7930,2.536612033843994,0.0,0.0,-2.0664384365081787
7931,0.4191267192363739,0.0,0.0,-0.5263915061950684
7932,-0.5022101402282715,0.0,0.0,0.715009868144989
7933,-0.5022101402282715,0.0,0.0,1.0200200080871582
7934,-0.7061327695846558,0.0,0.0,0.40857183933258057
7935,2.4624862670898438,0.0,0.0,-1.3689544200897217
7936,-0.19970199465751648,0.0,0.0,-1.2892606258392334
7937,-2.087303876876831,0.0,0.0,1.0044834613800049
7938,0.10498589277267456,0.0,0.0,-0.24553629755973816
7939,-2.2780706882476807,0.0,0.0,-0.7867071628570557
7940,2.051440954208374,0.0,0.0,-1.250518560409546
7941,2.4624862670898438,0.0,0.0,-1.3689544200897217
7942,-0.5022101402282715,0.0,0.0,0.715009868144989
7943,-0.5022101402282715,0.0,0.0,1.0200200080871582
7944,2.4624862670898438,0.0,0.0,-1.3689544200897217
7945,1.508859395980835,0.0,0.0,-1.3282508850097656
7946,-0.6458837985992432,0.0,0.0,-0.14993956685066223
7947,1.9999346733093262,0.0,0.0,-2.277872323989868
7948,-1.592948317527771,0.0,0.0,1.1354091167449951
7949,2.536612033843994,0.0,0.0,-1.9371707439422607
7950,2.536612033843994,0.0,0.0,-2.0664384365081787
7951,-0.5022101402282715,0.0,0.0,1.0200200080871582
7952,-0.5568780899047852,0.0,0.0,-0.06283296644687653
7953,-0.5022101402282715,0.0,0.0,1.0200200080871582
7954,0.9706708192825317,0.0,0.0,-1.1025567054748535
7955,2.4624862670898438,0.0,0.0,-1.3689544200897217
7956,-1.5202349424362183,0.0,0.0,0.9224264621734619
7957,-0.5022101402282715,0.0,0.0,1.0200200080871582
7958,0.1912430375814438,0.0,0.0,0.715009868144989
7959,2.4624862670898438,0.0,0.0,-1.3689544200897217
7960,-0.9279657602310181,0.0,0.0,-0.2608371078968048
7961,-0.6458837985992432,0.0,0.0,-0.9274163842201233
7962,-0.5022101402282715,0.0,0.0,1.0200200080871582
7963,-2.087303876876831,0.0,0.0,1.0044834613800049
7964,2.4820339679718018,0.0,0.0,-1.3121347427368164
7965,2.4624862670898438,0.0,0.0,-1.3689544200897217
7966,0.45449578762054443,0.0,0.0,-0.24553629755973816
7967,2.4624862670898438,0.0,0.0,-1.3689544200897217
7968,-0.2758384346961975,0.0,0.0,0.16480642557144165
7969,-0.2758384346961975,0.0,0.0,0.1140713170170784
7970,-0.2758384346961975,0.0,0.0,-0.02269991673529148
7971,0.30795541405677795,0.0,0.0,-0.02269991673529148
7972,-0.4193783700466156,0.0,0.0,-0.1699734330177307
7973,-0.4193783700466156,0.0,0.0,-0.1699734330177307
7974,-0.4193783700466156,0.0,0.0,-0.1699734330177307
7975,0.8123722076416016,0.0,0.0,0.02963576465845108
7976,0.8123722076416016,0.0,0.0,0.02963576465845108
7977,-0.4193783700466156,0.0,0.0,-0.1699734330177307
7978,-0.13856102526187897,0.0,0.0,-0.02269991673529148
7979,-0.4193783700466156,0.0,0.0,0.0007385462522506714
7980,-0.4193783700466156,0.0,0.0,0.046254970133304596
7981,-0.4193783700466156,0.0,0.0,-0.1699734330177307
7982,-0.2758384346961975,0.0,0.0,0.06132690608501434
7983,-0.33124205470085144,0.0,0.0,-0.1699734330177307
7984,-0.4193783700466156,0.0,0.0,-0.1699734330177307
7985,-0.2758384346961975,0.0,0.0,0.1140713170170784
7986,-0.13856102526187897,0.0,0.0,-0.02269991673529148
7987,-0.4193783700466156,0.0,0.0,-0.1699734330177307
7988,-0.33124205470085144,0.0,0.0,-0.1699734330177307
7989,-0.2758384346961975,0.0,0.0,0.06132690608501434
7990,0.8123722076416016,0.0,0.0,0.02963576465845108
7991,-0.33124205470085144,0.0,0.0,-0.1699734330177307
7992,-0.4193783700466156,0.0,0.0,0.16480642557144165
7993,-0.2758384346961975,0.0,0.0,0.02963576465845108
7994,-0.2758384346961975,0.0,0.0,-0.02269991673529148
7995,-0.4193783700466156,0.0,0.0,-0.1699734330177307
7996,0.8123722076416016,0.0,0.0,0.02963576465845108
7997,-0.4193783700466156,0.0,0.0,-0.1699734330177307
7998,-0.4193783700466156,0.0,0.0,-0.1699734330177307
7999,-0.33124205470085144,0.0,0.0,0.0007385462522506714
8000,-0.33124205470085144,0.0,0.0,0.0007385462522506714
8001,0.054341841489076614,0.0,0.0,-0.02269991673529148
8002,-0.2758384346961975,0.0,0.0,-0.02269991673529148
8003,-0.4193783700466156,0.0,0.0,-0.1699734330177307
8004,-0.33124205470085144,0.0,0.0,0.0007385462522506714
8005,-0.4193783700466156,0.0,0.0,-0.1699734330177307
8006,-0.4193783700466156,0.0,0.0,-0.1699734330177307
8007,0.8123722076416016,0.0,0.0,0.02963576465845108
8008,-0.2758384346961975,0.0,0.0,0.06132690608501434
8009,-0.4193783700466156,0.0,0.0,-0.1699734330177307
8010,-0.4193783700466156,0.0,0.0,-0.1699734330177307
8011,-0.2758384346961975,0.0,0.0,0.02963576465845108
8012,-0.2758384346961975,0.0,0.0,0.02963576465845108
8013,-0.4193783700466156,0.0,0.0,-0.1699734330177307
8014,-0.4193783700466156,0.0,0.0,-0.1699734330177307
8015,-0.2758384346961975,0.0,0.0,0.06132690608501434
8016,0.054341841489076614,0.0,0.0,-0.02269991673529148
8017,-0.2758384346961975,0.0,0.0,-0.02269991673529148
8018,-0.2758384346961975,0.0,0.0,0.16480642557144165
8019,-0.4193783700466156,0.0,0.0,0.0007385462522506714
8020,-0.07167153060436249,0.0,0.0,-0.02269991673529148
8021,-0.4193783700466156,0.0,0.0,-0.1699734330177307
8022,-0.2758384346961975,0.0,0.0,-0.02269991673529148
8023,-0.4193783700466156,0.0,0.0,-0.1699734330177307
8024,-0.33124205470085144,0.0,0.0,-0.1699734330177307
8025,-0.4193783700466156,0.0,0.0,-0.1699734330177307
8026,-0.4193783700466156,0.0,0.0,-0.1699734330177307
8027,-0.13856102526187897,0.0,0.0,0.02963576465845108
8028,0.4974828064441681,0.0,0.0,-0.02269991673529148
8029,-0.4193783700466156,0.0,0.0,-0.1699734330177307
8030,-0.4193783700466156,0.0,0.0,-0.1699734330177307
8031,-0.2758384346961975,0.0,0.0,0.16480642557144165
8032,-0.4193783700466156,0.0,0.0,-0.1699734330177307
8033,-0.4193783700466156,0.0,0.0,-0.1699734330177307
8034,-0.4193783700466156,0.0,0.0,-0.1699734330177307
8035,-0.2758384346961975,0.0,0.0,-0.02269991673529148
8036,-0.2758384346961975,0.0,0.0,0.16480642557144165
8037,-0.4193783700466156,0.0,0.0,-0.1699734330177307
8038,0.10765422880649567,0.0,0.0,-0.02269991673529148
8039,-0.13856102526187897,0.0,0.0,-0.02269991673529148
8040,-0.13856102526187897,0.0,0.0,-0.02269991673529148
8041,-0.2758384346961975,0.0,0.0,0.06132690608501434
8042,-0.2758384346961975,0.0,0.0,0.1140713170170784
8043,0.5924907326698303,0.0,0.0,0.02963576465845108
8044,-0.2758384346961975,0.0,0.0,0.1140713170170784
8045,-0.33124205470085144,0.0,0.0,-0.1699734330177307
8046,-0.33124205470085144,0.0,0.0,0.0007385462522506714
8047,-0.4193783700466156,0.0,0.0,0.0007385462522506714
8048,-0.13856102526187897,0.0,0.0,-0.02269991673529148
8049,-0.2758384346961975,0.0,0.0,0.16480642557144165
8050,-0.4193783700466156,0.0,0.0,-0.1699734330177307
8051,-0.2758384346961975,0.0,0.0,0.02963576465845108
8052,-0.4193783700466156,0.0,0.0,-0.1699734330177307
8053,-0.4193783700466156,0.0,0.0,-0.1699734330177307
8054,-0.13856102526187897,0.0,0.0,-0.02269991673529148
8055,0.4974828064441681,0.0,0.0,-0.02269991673529148
8056,0.4974828064441681,0.0,0.0,0.02963576465845108
8057,-0.13856102526187897,0.0,0.0,0.02963576465845108
8058,-0.33124205470085144,0.0,0.0,0.0007385462522506714
8059,0.8123722076416016,0.0,0.0,0.02963576465845108
8060,-0.2758384346961975,0.0,0.0,0.06132690608501434
8061,-0.4193783700466156,0.0,0.0,-0.1699734330177307
8062,-0.33124205470085144,0.0,0.0,0.0007385462522506714
8063,-0.2758384346961975,0.0,0.0,-0.02269991673529148
8064,-0.2758384346961975,0.0,0.0,-0.02269991673529148
8065,-0.2758384346961975,0.0,0.0,-0.02269991673529148
8066,0.5924907326698303,0.0,0.0,-0.02269991673529148
8067,-0.4193783700466156,0.0,0.0,-0.1699734330177307
8068,-0.33124205470085144,0.0,0.0,-0.1699734330177307
8069,-0.4193783700466156,0.0,0.0,-0.1699734330177307
8070,-0.4193783700466156,0.0,0.0,-0.1699734330177307
8071,-0.13856102526187897,0.0,0.0,-0.02269991673529148
8072,-0.33124205470085144,0.0,0.0,-0.1699734330177307
8073,-0.4193783700466156,0.0,0.0,-0.1699734330177307
8074,-0.4193783700466156,0.0,0.0,-0.1699734330177307
8075,-0.4193783700466156,0.0,0.0,-0.1699734330177307
8076,0.8123722076416016,0.0,0.0,0.02963576465845108
8077,-0.4193783700466156,0.0,0.0,-0.1699734330177307
8078,0.8123722076416016,0.0,0.0,0.06132690608501434
8079,0.054341841489076614,0.0,0.0,0.02963576465845108
8080,-0.2758384346961975,0.0,0.0,0.16480642557144165
8081,-0.2758384346961975,0.0,0.0,0.16480642557144165
8082,0.8123722076416016,0.0,0.0,-0.02269991673529148
8083,-0.13856102526187897,0.0,0.0,0.02963576465845108
8084,0.8123722076416016,0.0,0.0,0.02963576465845108
8085,0.4974828064441681,0.0,0.0,-0.02269991673529148
8086,0.8123722076416016,0.0,0.0,0.02963576465845108
8087,-0.13856102526187897,0.0,0.0,-0.02269991673529148
8088,-0.07167153060436249,0.0,0.0,0.16480642557144165
8089,0.8123722076416016,0.0,0.0,0.02963576465845108
8090,-0.2758384346961975,0.0,0.0,0.16480642557144165
8091,-0.2758384346961975,0.0,0.0,-0.02269991673529148
8092,-0.4193783700466156,0.0,0.0,-0.1699734330177307
8093,0.8123722076416016,0.0,0.0,0.02963576465845108
8094,-0.4193783700466156,0.0,0.0,0.0007385462522506714
8095,-0.2758384346961975,0.0,0.0,0.02963576465845108
8096,0.8123722076416016,0.0,0.0,0.02963576465845108
8097,-0.13856102526187897,0.0,0.0,0.1140713170170784
8098,-0.2758384346961975,0.0,0.0,0.16480642557144165
8099,-0.2758384346961975,0.0,0.0,0.16480642557144165
8100,-0.33124205470085144,0.0,0.0,-0.1699734330177307
8101,0.8123722076416016,0.0,0.0,0.02963576465845108
8102,-0.13856102526187897,0.0,0.0,0.06132690608501434
8103,-0.4193783700466156,0.0,0.0,-0.1699734330177307
8104,-0.2758384346961975,0.0,0.0,0.1140713170170784
8105,-0.4193783700466156,0.0,0.0,-0.1699734330177307
8106,0.8123722076416016,0.0,0.0,-0.02269991673529148
8107,0.8123722076416016,0.0,0.0,0.02963576465845108
8108,-0.2758384346961975,0.0,0.0,0.16480642557144165
8109,-0.33124205470085144,0.0,0.0,0.16480642557144165
8110,0.8123722076416016,0.0,0.0,0.02963576465845108
8111,0.30795541405677795,0.0,0.0,0.06132690608501434
8112,-0.33124205470085144,0.0,0.0,0.0007385462522506714
8113,0.5924907326698303,0.0,0.0,0.02963576465845108
8114,-0.4193783700466156,0.0,0.0,-0.1699734330177307
8115,0.8123722076416016,0.0,0.0,0.02963576465845108
8116,0.8123722076416016,0.0,0.0,-0.02269991673529148
8117,-0.2758384346961975,0.0,0.0,0.16480642557144165
8118,-0.4193783700466156,0.0,0.0,-0.1699734330177307
8119,-0.2758384346961975,0.0,0.0,0.16480642557144165
8120,-0.13856102526187897,0.0,0.0,0.06132690608501434
8121,0.8123722076416016,0.0,0.0,0.02963576465845108
8122,-0.4193783700466156,0.0,0.0,-0.1699734330177307
8123,-0.2758384346961975,0.0,0.0,0.16480642557144165
8124,-0.2758384346961975,0.0,0.0,0.16480642557144165
8125,0.8123722076416016,0.0,0.0,0.02963576465845108
8126,-0.33124205470085144,0.0,0.0,-0.1699734330177307
8127,-0.33124205470085144,0.0,0.0,0.0007385462522506714
8128,-0.2758384346961975,0.0,0.0,0.16480642557144165
8129,-0.4193783700466156,0.0,0.0,-0.1699734330177307
8130,0.8123722076416016,0.0,0.0,-0.02269991673529148
8131,0.8123722076416016,0.0,0.0,0.02963576465845108
8132,-0.2758384346961975,0.0,0.0,0.1140713170170784
8133,0.8123722076416016,0.0,0.0,0.02963576465845108
8134,-0.08142567425966263,0.0,0.0,0.8919666409492493
8135,-0.05733972042798996,0.0,0.0,-0.14760041236877441
8136,-0.06469081342220306,0.0,0.0,-0.9313562512397766
8137,0.84269118309021,0.0,0.0,-0.5330486297607422
8138,-0.7253047823905945,0.0,0.0,0.23890481889247894
8139,-0.7253047823905945,0.0,0.0,0.23890481889247894
8140,-0.7253047823905945,0.0,0.0,0.23890481889247894
8141,0.84269118309021,0.0,0.0,-0.5330486297607422
8142,0.84269118309021,0.0,0.0,-0.5330486297607422
8143,-0.7253047823905945,0.0,0.0,0.23890481889247894
8144,0.6297020316123962,0.0,0.0,-0.5487880706787109
8145,-0.736908495426178,0.0,0.0,0.10293568670749664
8146,-0.736908495426178,0.0,0.0,0.12127286940813065
8147,-0.7253047823905945,0.0,0.0,0.23890481889247894
8148,0.11636929959058762,0.0,0.0,-0.9567557573318481
8149,-0.7421637773513794,0.0,0.0,0.1503244936466217
8150,-0.7253047823905945,0.0,0.0,0.23890481889247894
8151,-0.01786736398935318,0.0,0.0,0.05989207327365875
8152,0.33620625734329224,0.0,0.0,-0.8320572972297668
8153,-0.7253047823905945,0.0,0.0,0.23890481889247894
8154,-0.7421637773513794,0.0,0.0,0.21413028240203857
8155,-0.0756499394774437,0.0,0.0,-0.6950492858886719
8156,0.84269118309021,0.0,0.0,-0.5330486297607422
8157,-0.717694103717804,0.0,0.0,0.17173391580581665
8158,-0.7321783304214478,0.0,0.0,0.3705955445766449
8159,0.11636929959058762,0.0,0.0,-0.5567388534545898
8160,0.2008013278245926,0.0,0.0,-0.5567388534545898
8161,-0.7306737899780273,0.0,0.0,0.14618703722953796
8162,0.84269118309021,0.0,0.0,-0.5330486297607422
8163,-0.7253047823905945,0.0,0.0,0.23890481889247894
8164,-0.7306737899780273,0.0,0.0,0.1675964593887329
8165,-0.3252810537815094,0.0,0.0,0.09676939994096756
8166,-0.4244702160358429,0.0,0.0,0.25711125135421753
8167,0.824865996837616,0.0,0.0,-0.5330486297607422
8168,-0.04835709184408188,0.0,0.0,-0.8290422558784485
8169,-0.7253047823905945,0.0,0.0,0.23890481889247894
8170,-0.26562127470970154,0.0,0.0,0.09676939994096756
8171,-0.7253047823905945,0.0,0.0,0.23890481889247894
8172,-0.7253047823905945,0.0,0.0,0.21782132983207703
8173,0.84269118309021,0.0,0.0,-0.5330486297607422
8174,-0.0756499394774437,0.0,0.0,-0.6950492858886719
8175,-0.7253047823905945,0.0,0.0,0.23890481889247894
8176,-0.7253047823905945,0.0,0.0,0.23890481889247894
8177,0.2008013278245926,0.0,0.0,-0.5567388534545898
8178,0.017709294334053993,0.0,0.0,-0.553723931312561
8179,-0.7306737899780273,0.0,0.0,0.16415780782699585
8180,-0.7253047823905945,0.0,0.0,0.23890481889247894
8181,-0.036177583038806915,0.0,0.0,-0.6950492858886719
8182,0.8074097037315369,0.0,0.0,-0.7871273756027222
8183,0.10602105408906937,0.0,0.0,-0.9723405838012695
8184,-0.04538903385400772,0.0,0.0,0.8919666409492493
8185,-0.7306737899780273,0.0,0.0,0.22949561476707458
8186,0.7286671996116638,0.0,0.0,-0.8191426396369934
8187,-0.7253047823905945,0.0,0.0,0.23890481889247894
8188,0.10602105408906937,0.0,0.0,-0.553723931312561
8189,-0.7253047823905945,0.0,0.0,0.23890481889247894
8190,-0.702625572681427,0.0,0.0,0.15415701270103455
8191,-0.7253047823905945,0.0,0.0,0.23890481889247894
8192,-0.7253047823905945,0.0,0.0,0.23890481889247894
8193,0.5093370079994202,0.0,0.0,-0.5567388534545898
8194,0.84269118309021,0.0,0.0,-0.5330486297607422
8195,-0.7253047823905945,0.0,0.0,0.21782132983207703
8196,-0.7253047823905945,0.0,0.0,0.23890481889247894
8197,-0.0971188098192215,0.0,0.0,0.914584219455719
8198,-0.7253047823905945,0.0,0.0,0.23890481889247894
8199,-0.7253047823905945,0.0,0.0,0.23890481889247894
8200,-0.7253047823905945,0.0,0.0,0.23890481889247894
8201,-0.08782944083213806,0.0,0.0,-0.9723405838012695
8202,-0.0971188098192215,0.0,0.0,0.914584219455719
8203,-0.7253047823905945,0.0,0.0,0.23890481889247894
8204,0.824865996837616,0.0,0.0,-0.9516654014587402
8205,0.4908573627471924,0.0,0.0,-0.9753556251525879
8206,0.6297020316123962,0.0,0.0,-0.568328857421875
8207,-0.04835709184408188,0.0,0.0,-0.9537408351898193
8208,0.2594606280326843,0.0,0.0,0.05687718838453293
8209,0.84269118309021,0.0,0.0,-0.5330486297607422
8210,-0.07110288739204407,0.0,0.0,0.5021075010299683
8211,-0.4069552719593048,0.0,0.0,0.17380261421203613
8212,-0.24510493874549866,0.0,0.0,0.09676939994096756
8213,-0.736908495426178,0.0,0.0,0.06522703170776367
8214,0.33620625734329224,0.0,0.0,-0.9753556251525879
8215,-0.0971188098192215,0.0,0.0,0.914584219455719
8216,-0.7253047823905945,0.0,0.0,0.23890481889247894
8217,0.017709294334053993,0.0,0.0,-0.553723931312561
8218,-0.7253047823905945,0.0,0.0,0.23890481889247894
8219,-0.7253047823905945,0.0,0.0,0.21782132983207703
8220,0.5093370079994202,0.0,0.0,-0.5567388534545898
8221,0.84269118309021,0.0,0.0,-0.5330486297607422
8222,0.84269118309021,0.0,0.0,-0.5330486297607422
8223,0.4908573627471924,0.0,0.0,-0.5567388534545898
8224,-0.3190463185310364,0.0,0.0,0.2610379457473755
8225,0.84269118309021,0.0,0.0,-0.5330486297607422
8226,-0.0756499394774437,0.0,0.0,-0.6950492858886719
8227,-0.7253047823905945,0.0,0.0,0.23890481889247894
8228,-0.74839848279953,0.0,0.0,0.06936448812484741
8229,-0.04835709184408188,0.0,0.0,-0.8720277547836304
8230,-0.04835709184408188,0.0,0.0,-0.8720277547836304
8231,-0.08782944083213806,0.0,0.0,-0.9723405838012695
8232,0.84269118309021,0.0,0.0,-0.5330486297607422
8233,-0.7306737899780273,0.0,0.0,0.1675964593887329
8234,-0.717694103717804,0.0,0.0,0.1503244936466217
8235,-0.7253047823905945,0.0,0.0,0.23890481889247894
8236,-0.7253047823905945,0.0,0.0,0.23890481889247894
8237,0.563994288444519,0.0,0.0,-0.8750427961349487
8238,-0.7421637773513794,0.0,0.0,0.1503244936466217
8239,-0.7253047823905945,0.0,0.0,0.23890481889247894
8240,-0.7253047823905945,0.0,0.0,0.23890481889247894
8241,-0.7253047823905945,0.0,0.0,0.23890481889247894
8242,0.84269118309021,0.0,0.0,-0.5330486297607422
8243,-0.7253047823905945,0.0,0.0,0.23890481889247894
8244,0.8548707365989685,0.0,0.0,-0.674373984336853
8245,0.8074097037315369,0.0,0.0,-0.5330486297607422
8246,-0.0971188098192215,0.0,0.0,0.914584219455719
8247,-0.06317009031772614,0.0,0.0,0.914584219455719
8248,0.84269118309021,0.0,0.0,-0.8513524532318115
8249,0.33620625734329224,0.0,0.0,-0.5567388534545898
8250,0.84269118309021,0.0,0.0,-0.5330486297607422
8251,0.84269118309021,0.0,0.0,-0.8083669543266296
8252,0.84269118309021,0.0,0.0,-0.5330486297607422
8253,0.6297020316123962,0.0,0.0,-0.5487880706787109
8254,0.8419173359870911,0.0,0.0,0.8255384564399719
8255,0.84269118309021,0.0,0.0,-0.5330486297607422
8256,-0.0971188098192215,0.0,0.0,0.914584219455719
8257,0.13067372143268585,0.0,0.0,-0.5732647180557251
8258,-0.7253047823905945,0.0,0.0,0.23890481889247894
8259,0.84269118309021,0.0,0.0,-0.5330486297607422
8260,-0.7306737899780273,0.0,0.0,0.22949561476707458
8261,0.10602105408906937,0.0,0.0,-0.553723931312561
8262,0.84269118309021,0.0,0.0,-0.5330486297607422
8263,0.5398267507553101,0.0,0.0,-0.15061530470848083
8264,-0.04538903385400772,0.0,0.0,0.8763691186904907
8265,-0.0971188098192215,0.0,0.0,0.914584219455719
8266,-0.6932284235954285,0.0,0.0,0.2430422455072403
8267,0.84269118309021,0.0,0.0,-0.5330486297607422
8268,0.5030369162559509,0.0,0.0,-0.6980640888214111
8269,-0.7253047823905945,0.0,0.0,0.23890481889247894
8270,-0.01786736398935318,0.0,0.0,0.05989207327365875
8271,-0.7306737899780273,0.0,0.0,0.14618703722953796
8272,0.84269118309021,0.0,0.0,-0.552589476108551
8273,0.84269118309021,0.0,0.0,-0.5330486297607422
8274,-0.04538903385400772,0.0,0.0,0.8919666409492493
8275,-0.2608911097049713,0.0,0.0,0.914584219455719
8276,0.84269118309021,0.0,0.0,-0.5330486297607422
8277,0.824865996837616,0.0,0.0,-0.9330655336380005
8278,-0.4244702160358429,0.0,0.0,0.25711125135421753
8279,0.84269118309021,0.0,0.0,-0.5330486297607422
8280,-0.7253047823905945,0.0,0.0,0.23890481889247894
8281,0.84269118309021,0.0,0.0,-0.5330486297607422
8282,0.84269118309021,0.0,0.0,-0.5330486297607422
8283,-0.08142567425966263,0.0,0.0,0.914584219455719
8284,-0.7253047823905945,0.0,0.0,0.21782132983207703
8285,-0.04538903385400772,0.0,0.0,0.914584219455719
8286,0.64188152551651,0.0,0.0,-0.6901133060455322
8287,0.84269118309021,0.0,0.0,-0.5330486297607422
8288,-0.7253047823905945,0.0,0.0,0.23890481889247894
8289,-0.0971188098192215,0.0,0.0,0.914584219455719
8290,-0.005916668567806482,0.0,0.0,0.8919666409492493
8291,0.84269118309021,0.0,0.0,-0.5330486297607422
8292,-0.717694103717804,0.0,0.0,0.1503244936466217
8293,-0.3190463185310364,0.0,0.0,0.2610379457473755
8294,-0.0971188098192215,0.0,0.0,0.914584219455719
8295,-0.7253047823905945,0.0,0.0,0.23890481889247894
8296,0.84269118309021,0.0,0.0,-0.552589476108551
8297,0.84269118309021,0.0,0.0,-0.5330486297607422
8298,0.14052870869636536,0.0,0.0,0.5021075010299683
8299,0.84269118309021,0.0,0.0,-0.5330486297607422
8300,-0.244714617729187,0.0,0.0,0.5844898819923401
8301,-0.3930227756500244,0.0,0.0,-0.08702337741851807
8302,-0.44825541973114014,0.0,0.0,-1.23002028465271
8303,1.2805566787719727,0.0,0.0,-1.1078088283538818
8304,-1.1957249641418457,0.0,0.0,0.48450127243995667
8305,-1.1957249641418457,0.0,0.0,0.48450127243995667
8306,-1.0657126903533936,0.0,0.0,0.48450127243995667
8307,2.0920233726501465,0.0,0.0,-0.6316441297531128
8308,2.0920233726501465,0.0,0.0,-0.6316441297531128
8309,-1.1957249641418457,0.0,0.0,0.48450127243995667
8310,0.45380815863609314,0.0,0.0,-1.23002028465271
8311,-1.1957249641418457,0.0,0.0,0.1967707723379135
8312,-1.1957249641418457,0.0,0.0,0.1967707723379135
8313,-1.0657126903533936,0.0,0.0,0.48450127243995667
8314,-0.1632002890110016,0.0,0.0,-0.7402717471122742
8315,-0.7832279801368713,0.0,0.0,0.2899014353752136
8316,-0.7832279801368713,0.0,0.0,0.16402243077754974
8317,-0.2741560935974121,0.0,0.0,-0.007716218009591103
8318,-0.19288897514343262,0.0,0.0,-1.23002028465271
8319,-1.0657126903533936,0.0,0.0,0.48450127243995667
8320,-0.7832279801368713,0.0,0.0,0.2899014353752136
8321,-0.5253472328186035,0.0,0.0,-0.7402717471122742
8322,2.0920233726501465,0.0,0.0,-0.6316441297531128
8323,-0.7832279801368713,0.0,0.0,0.16402243077754974
8324,-1.1957249641418457,0.0,0.0,0.2716684341430664
8325,-0.19288897514343262,0.0,0.0,-1.0381019115447998
8326,-0.19288897514343262,0.0,0.0,-1.23002028465271
8327,-1.1957249641418457,0.0,0.0,0.07089173793792725
8328,2.0920233726501465,0.0,0.0,-0.6316441297531128
8329,-1.0657126903533936,0.0,0.0,0.48450127243995667
8330,-0.875397264957428,0.0,0.0,0.10745774209499359
8331,-0.38736674189567566,0.0,0.0,0.3182154595851898
8332,-0.38736674189567566,0.0,0.0,0.3182154595851898
8333,1.0322380065917969,0.0,0.0,-1.23002028465271
8334,-0.44825541973114014,0.0,0.0,-1.23002028465271
8335,-1.1957249641418457,0.0,0.0,0.07089173793792725
8336,-0.38736674189567566,0.0,0.0,0.3182154595851898
8337,-1.0657126903533936,0.0,0.0,0.21643884479999542
8338,-0.875397264957428,0.0,0.0,0.10745774209499359
8339,2.0920233726501465,0.0,0.0,-0.6316441297531128
8340,-0.5253472328186035,0.0,0.0,-0.7402717471122742
8341,-1.1957249641418457,0.0,0.0,0.48450127243995667
8342,-1.0657126903533936,0.0,0.0,0.48450127243995667
8343,-0.19288897514343262,0.0,0.0,-1.0381019115447998
8344,-0.44825541973114014,0.0,0.0,-1.0381019115447998
8345,-1.1957249641418457,0.0,0.0,0.1967707723379135
8346,-1.0657126903533936,0.0,0.0,0.48450127243995667
8347,-0.41856664419174194,0.0,0.0,-0.7402717471122742
8348,1.0322380065917969,0.0,0.0,-1.23002028465271
8349,-0.19288897514343262,0.0,0.0,-1.23002028465271
8350,-0.244714617729187,0.0,0.0,0.5844898819923401
8351,-1.1957249641418457,0.0,0.0,0.1967707723379135
8352,0.45380815863609314,0.0,0.0,-1.23002028465271
8353,-1.0657126903533936,0.0,0.0,0.48450127243995667
8354,-0.19288897514343262,0.0,0.0,-1.23002028465271
8355,-1.0657126903533936,0.0,0.0,0.48450127243995667
8356,-0.6157878637313843,0.0,0.0,0.19233645498752594
8357,-1.0657126903533936,0.0,0.0,0.48450127243995667
8358,-1.0657126903533936,0.0,0.0,0.21643884479999542
8359,0.45380815863609314,0.0,0.0,-1.0381019115447998
8360,1.4269249439239502,0.0,0.0,-1.0794978141784668
8361,-1.1957249641418457,0.0,0.0,0.07089173793792725
8362,-1.0657126903533936,0.0,0.0,0.48450127243995667
8363,-0.244714617729187,0.0,0.0,0.5844898819923401
8364,-1.1957249641418457,0.0,0.0,0.48450127243995667
8365,-1.0657126903533936,0.0,0.0,0.07089173793792725
8366,-1.0657126903533936,0.0,0.0,0.48450127243995667
8367,-0.5550358891487122,0.0,0.0,-1.23002028465271
8368,-0.244714617729187,0.0,0.0,0.5844898819923401
8369,-1.0657126903533936,0.0,0.0,0.48450127243995667
8370,1.0322380065917969,0.0,0.0,-1.23002028465271
8371,-0.19288897514343262,0.0,0.0,-1.23002028465271
8372,0.45380815863609314,0.0,0.0,-1.23002028465271
8373,-0.41856664419174194,0.0,0.0,-0.7402717471122742
8374,-0.01878970116376877,0.0,0.0,-0.007716218009591103
8375,1.6937901973724365,0.0,0.0,-0.9098175168037415
8376,-0.28091660141944885,0.0,0.0,0.4697043299674988
8377,-0.38736674189567566,0.0,0.0,0.3182154595851898
8378,-0.38736674189567566,0.0,0.0,0.3182154595851898
8379,-0.7832279801368713,0.0,0.0,0.2899014353752136
8380,-0.19288897514343262,0.0,0.0,-1.23002028465271
8381,-0.244714617729187,0.0,0.0,0.5844898819923401
8382,-1.0657126903533936,0.0,0.0,0.48450127243995667
8383,-0.44825541973114014,0.0,0.0,-1.0381019115447998
8384,-1.0657126903533936,0.0,0.0,0.48450127243995667
8385,-1.1957249641418457,0.0,0.0,0.07089173793792725
8386,0.45380815863609314,0.0,0.0,-1.23002028465271
8387,1.4269249439239502,0.0,0.0,-1.0794978141784668
8388,1.4269249439239502,0.0,0.0,-0.8875794410705566
8389,-0.19288897514343262,0.0,0.0,-1.0381019115447998
8390,-0.38736674189567566,0.0,0.0,0.3182154595851898
8391,2.0920233726501465,0.0,0.0,-0.6316441297531128
8392,-0.5253472328186035,0.0,0.0,-0.7402717471122742
8393,-1.1957249641418457,0.0,0.0,0.21643884479999542
8394,-0.7832279801368713,0.0,0.0,0.2899014353752136
8395,-0.44825541973114014,0.0,0.0,-1.23002028465271
8396,-0.44825541973114014,0.0,0.0,-1.23002028465271
8397,-0.5550358891487122,0.0,0.0,-1.23002028465271
8398,1.4269249439239502,0.0,0.0,-1.0794978141784668
8399,-1.1957249641418457,0.0,0.0,0.07089173793792725
8400,-0.7832279801368713,0.0,0.0,0.2899014353752136
8401,-1.0657126903533936,0.0,0.0,0.48450127243995667
8402,-1.1957249641418457,0.0,0.0,0.48450127243995667
8403,0.45380815863609314,0.0,0.0,-1.23002028465271
8404,-0.7832279801368713,0.0,0.0,0.16402243077754974
8405,-1.0657126903533936,0.0,0.0,0.48450127243995667
8406,-1.0657126903533936,0.0,0.0,0.48450127243995667
8407,-1.0657126903533936,0.0,0.0,0.48450127243995667
8408,2.0920233726501465,0.0,0.0,-0.6316441297531128
8409,-1.1957249641418457,0.0,0.0,0.48450127243995667
8410,1.998566746711731,0.0,0.0,-0.45695921778678894
8411,1.0322380065917969,0.0,0.0,-1.0381019115447998
8412,-0.244714617729187,0.0,0.0,0.5844898819923401
8413,-0.244714617729187,0.0,0.0,0.5844898819923401
8414,2.0920233726501465,0.0,0.0,-0.8235625624656677
8415,-0.19288897514343262,0.0,0.0,-1.0381019115447998
8416,2.0920233726501465,0.0,0.0,-0.6316441297531128
8417,1.4269249439239502,0.0,0.0,-1.0794978141784668
8418,2.0920233726501465,0.0,0.0,-0.6316441297531128
8419,0.45380815863609314,0.0,0.0,-1.23002028465271
8420,1.3425589799880981,0.0,0.0,0.5844898819923401
8421,2.0920233726501465,0.0,0.0,-0.6316441297531128
8422,-0.244714617729187,0.0,0.0,0.5844898819923401
8423,-0.19288897514343262,0.0,0.0,-1.23002028465271
8424,-1.0657126903533936,0.0,0.0,0.48450127243995667
8425,2.0920233726501465,0.0,0.0,-0.6316441297531128
8426,-0.875397264957428,0.0,0.0,0.23333676159381866
8427,-0.19288897514343262,0.0,0.0,-1.0381019115447998
8428,2.0920233726501465,0.0,0.0,-0.6316441297531128
8429,0.615821361541748,0.0,0.0,-0.08702337741851807
8430,-0.244714617729187,0.0,0.0,0.5844898819923401
8431,-0.244714617729187,0.0,0.0,0.5844898819923401
8432,-0.7832279801368713,0.0,0.0,0.30956950783729553
8433,2.0920233726501465,0.0,0.0,-0.6316441297531128
8434,-0.1632002890110016,0.0,0.0,-0.7402717471122742
8435,-1.0657126903533936,0.0,0.0,0.48450127243995667
8436,-0.2741560935974121,0.0,0.0,-0.007716218009591103
8437,-1.0657126903533936,0.0,0.0,0.1967707723379135
8438,2.0920233726501465,0.0,0.0,-0.8235625624656677
8439,2.0920233726501465,0.0,0.0,-0.6316441297531128
8440,-0.244714617729187,0.0,0.0,0.5844898819923401
8441,-0.38736674189567566,0.0,0.0,0.5575528144836426
8442,2.0920233726501465,0.0,0.0,-0.6316441297531128
8443,1.3102452754974365,0.0,0.0,-0.6180603504180908
8444,-0.38736674189567566,0.0,0.0,0.3182154595851898
8445,1.6937901973724365,0.0,0.0,-0.9098175168037415
8446,-1.1957249641418457,0.0,0.0,0.48450127243995667
8447,2.0920233726501465,0.0,0.0,-0.6316441297531128
8448,2.0920233726501465,0.0,0.0,-0.8235625624656677
8449,-0.244714617729187,0.0,0.0,0.5844898819923401
8450,-0.7832279801368713,0.0,0.0,0.16402243077754974
8451,-0.244714617729187,0.0,0.0,0.5844898819923401
8452,0.48349687457084656,0.0,0.0,-0.7402717471122742
8453,2.0920233726501465,0.0,0.0,-0.6316441297531128
8454,-1.1957249641418457,0.0,0.0,0.48450127243995667
8455,-0.244714617729187,0.0,0.0,0.5844898819923401
8456,-0.13793404400348663,0.0,0.0,0.5844898819923401
8457,2.0920233726501465,0.0,0.0,-0.6316441297531128
8458,-0.7832279801368713,0.0,0.0,0.16402243077754974
8459,-0.38736674189567566,0.0,0.0,0.3182154595851898
8460,-0.244714617729187,0.0,0.0,0.5844898819923401
8461,-1.0657126903533936,0.0,0.0,0.48450127243995667
8462,2.0920233726501465,0.0,0.0,-0.8235625624656677
8463,2.0920233726501465,0.0,0.0,-0.6316441297531128
8464,0.08123033493757248,0.0,0.0,0.4697043299674988
8465,2.0920233726501465,0.0,0.0,-0.6316441297531128
8466,-0.3135785460472107,0.0,0.0,0.9007521867752075
8467,-0.3135785460472107,0.0,0.0,0.3914531171321869
8468,-0.3135785460472107,0.0,0.0,-0.8597338199615479
8469,1.319435715675354,0.0,0.0,-0.6799116730690002
8470,-1.2002437114715576,0.0,0.0,0.05513579770922661
8471,-1.2002437114715576,0.0,0.0,0.05513579770922661
8472,-1.2002437114715576,0.0,0.0,0.05513579770922661
8473,1.319435715675354,0.0,0.0,-0.5214070081710815
8474,1.319435715675354,0.0,0.0,-0.5214070081710815
8475,-1.2002437114715576,0.0,0.0,0.05513579770922661
8476,1.1380647420883179,0.0,0.0,-0.6799116730690002
8477,-1.2002437114715576,0.0,0.0,0.05513579770922661
8478,-1.2002437114715576,0.0,0.0,0.05513579770922661
8479,-1.2002437114715576,0.0,0.0,0.05513579770922661
8480,0.17597922682762146,0.0,0.0,-0.5218574404716492
8481,-0.804283857345581,0.0,0.0,0.05513579770922661
8482,-0.958534836769104,0.0,0.0,0.05513579770922661
8483,-0.3135785460472107,0.0,0.0,0.7381616830825806
8484,0.17597922682762146,0.0,0.0,-0.8597338199615479
8485,-1.2002437114715576,0.0,0.0,0.05513579770922661
8486,-0.804283857345581,0.0,0.0,0.05513579770922661
8487,-0.3135785460472107,0.0,0.0,0.21331335604190826
8488,1.319435715675354,0.0,0.0,-0.5214070081710815
8489,-0.958534836769104,0.0,0.0,0.05513579770922661
8490,-1.2002437114715576,0.0,0.0,0.05513579770922661
8491,0.17597922682762146,0.0,0.0,-0.5214070081710815
8492,0.17597922682762146,0.0,0.0,-0.6799116730690002
8493,-1.2002437114715576,0.0,0.0,0.05513579770922661
8494,1.319435715675354,0.0,0.0,-0.5214070081710815
8495,-1.2002437114715576,0.0,0.0,0.05513579770922661
8496,-1.2002437114715576,0.0,0.0,0.05513579770922661
8497,-0.516785740852356,0.0,0.0,0.05513579770922661
8498,-0.516785740852356,0.0,0.0,0.05513579770922661
8499,1.1380647420883179,0.0,0.0,-0.6799116730690002
8500,-0.3135785460472107,0.0,0.0,-0.8597338199615479
8501,-1.2002437114715576,0.0,0.0,0.05513579770922661
8502,-0.516785740852356,0.0,0.0,0.05513579770922661
8503,-1.2002437114715576,0.0,0.0,0.05513579770922661
8504,-1.2002437114715576,0.0,0.0,0.05513579770922661
8505,1.319435715675354,0.0,0.0,-0.5214070081710815
8506,-0.3135785460472107,0.0,0.0,0.21331335604190826
8507,-1.2002437114715576,0.0,0.0,0.05513579770922661
8508,-1.2002437114715576,0.0,0.0,0.05513579770922661
8509,0.17597922682762146,0.0,0.0,-0.5214070081710815
8510,-0.022701263427734375,0.0,0.0,-0.5214070081710815
8511,-1.2002437114715576,0.0,0.0,0.05513579770922661
8512,-1.2002437114715576,0.0,0.0,0.05513579770922661
8513,-0.3135785460472107,0.0,0.0,0.21331335604190826
8514,1.1380647420883179,0.0,0.0,-0.8597338199615479
8515,0.17597922682762146,0.0,0.0,-0.8597338199615479
8516,-0.3135785460472107,0.0,0.0,0.9007521867752075
8517,-1.2002437114715576,0.0,0.0,0.05513579770922661
8518,1.1380647420883179,0.0,0.0,-0.8597338199615479
8519,-1.2002437114715576,0.0,0.0,0.05513579770922661
8520,0.17597922682762146,0.0,0.0,-0.6799116730690002
8521,-1.2002437114715576,0.0,0.0,0.05513579770922661
8522,-0.516785740852356,0.0,0.0,0.05513579770922661
8523,-1.2002437114715576,0.0,0.0,0.05513579770922661
8524,-1.2002437114715576,0.0,0.0,0.05513579770922661
8525,0.37879663705825806,0.0,0.0,-0.5214070081710815
8526,1.319435715675354,0.0,0.0,-0.6799116730690002
8527,-1.2002437114715576,0.0,0.0,0.05513579770922661
8528,-1.2002437114715576,0.0,0.0,0.05513579770922661
8529,-0.516785740852356,0.0,0.0,0.9007521867752075
8530,-1.2002437114715576,0.0,0.0,0.05513579770922661
8531,-1.2002437114715576,0.0,0.0,0.05513579770922661
8532,-1.2002437114715576,0.0,0.0,0.05513579770922661
8533,-0.3135785460472107,0.0,0.0,-0.8597338199615479
8534,-0.3135785460472107,0.0,0.0,0.9007521867752075
8535,-1.2002437114715576,0.0,0.0,0.05513579770922661
8536,1.1380647420883179,0.0,0.0,-0.8597338199615479
8537,0.37879663705825806,0.0,0.0,-0.8597338199615479
8538,1.1380647420883179,0.0,0.0,-0.6799116730690002
8539,-0.3135785460472107,0.0,0.0,0.21331335604190826
8540,0.17597922682762146,0.0,0.0,0.7381616830825806
8541,1.319435715675354,0.0,0.0,-0.6799116730690002
8542,-0.3135785460472107,0.0,0.0,0.7381616830825806
8543,-0.516785740852356,0.0,0.0,0.05513579770922661
8544,-0.516785740852356,0.0,0.0,0.05513579770922661
8545,-0.958534836769104,0.0,0.0,0.05513579770922661
8546,0.17597922682762146,0.0,0.0,-0.8597338199615479
8547,-0.516785740852356,0.0,0.0,0.9007521867752075
8548,-1.2002437114715576,0.0,0.0,0.05513579770922661
8549,-0.3135785460472107,0.0,0.0,-0.5214070081710815
8550,-1.2002437114715576,0.0,0.0,0.05513579770922661
8551,-1.2002437114715576,0.0,0.0,0.05513579770922661
8552,0.37879663705825806,0.0,0.0,-0.6799116730690002
8553,1.319435715675354,0.0,0.0,-0.6799116730690002
8554,1.319435715675354,0.0,0.0,-0.5214070081710815
8555,0.37879663705825806,0.0,0.0,-0.5214070081710815
8556,-0.516785740852356,0.0,0.0,0.05513579770922661
8557,1.319435715675354,0.0,0.0,-0.5214070081710815
8558,-0.3135785460472107,0.0,0.0,0.21331335604190826
8559,-1.2002437114715576,0.0,0.0,0.05513579770922661
8560,-0.804283857345581,0.0,0.0,0.05513579770922661
8561,-0.3135785460472107,0.0,0.0,-0.8597338199615479
8562,-0.3135785460472107,0.0,0.0,-0.8597338199615479
8563,-0.3135785460472107,0.0,0.0,-0.8597338199615479
8564,1.319435715675354,0.0,0.0,-0.6799116730690002
8565,-1.2002437114715576,0.0,0.0,0.05513579770922661
8566,-0.958534836769104,0.0,0.0,0.05513579770922661
8567,-1.2002437114715576,0.0,0.0,0.05513579770922661
8568,-1.2002437114715576,0.0,0.0,0.05513579770922661
8569,0.6159918904304504,0.0,0.0,-0.8597338199615479
8570,-0.804283857345581,0.0,0.0,0.05513579770922661
8571,-1.2002437114715576,0.0,0.0,0.05513579770922661
8572,-1.2002437114715576,0.0,0.0,0.05513579770922661
8573,-1.2002437114715576,0.0,0.0,0.05513579770922661
8574,1.319435715675354,0.0,0.0,-0.5214070081710815
8575,-1.2002437114715576,0.0,0.0,0.05513579770922661
8576,1.319435715675354,0.0,0.0,0.21331335604190826
8577,1.1380647420883179,0.0,0.0,-0.5214070081710815
8578,-0.516785740852356,0.0,0.0,0.9007521867752075
8579,-0.3135785460472107,0.0,0.0,0.9007521867752075
8580,1.319435715675354,0.0,0.0,-0.8597338199615479
8581,0.17597922682762146,0.0,0.0,-0.5214070081710815
8582,1.319435715675354,0.0,0.0,-0.5214070081710815
8583,1.319435715675354,0.0,0.0,-0.8597338199615479
8584,1.319435715675354,0.0,0.0,-0.5214070081710815
8585,1.1380647420883179,0.0,0.0,-0.6799116730690002
8586,1.1380647420883179,0.0,0.0,0.9007521867752075
8587,1.319435715675354,0.0,0.0,-0.5214070081710815
8588,-0.516785740852356,0.0,0.0,0.9007521867752075
8589,0.17597922682762146,0.0,0.0,-0.6799116730690002
8590,-1.2002437114715576,0.0,0.0,0.05513579770922661
8591,1.319435715675354,0.0,0.0,-0.5214070081710815
8592,-1.2002437114715576,0.0,0.0,0.05513579770922661
8593,0.17597922682762146,0.0,0.0,-0.5214070081710815
8594,1.319435715675354,0.0,0.0,-0.5214070081710815
8595,0.37879663705825806,0.0,0.0,0.3914531171321869
8596,-0.3135785460472107,0.0,0.0,0.9007521867752075
8597,-0.516785740852356,0.0,0.0,0.9007521867752075
8598,-0.958534836769104,0.0,0.0,0.05513579770922661
8599,1.319435715675354,0.0,0.0,-0.5214070081710815
8600,0.37879663705825806,0.0,0.0,0.21331335604190826
8601,-1.2002437114715576,0.0,0.0,0.05513579770922661
8602,-0.3135785460472107,0.0,0.0,0.7381616830825806
8603,-1.2002437114715576,0.0,0.0,0.05513579770922661
8604,1.319435715675354,0.0,0.0,-0.6799116730690002
8605,1.319435715675354,0.0,0.0,-0.5214070081710815
8606,-0.3135785460472107,0.0,0.0,0.9007521867752075
8607,-0.516785740852356,0.0,0.0,0.9007521867752075
8608,1.319435715675354,0.0,0.0,-0.5214070081710815
8609,1.319435715675354,0.0,0.0,-0.5218574404716492
8610,-0.516785740852356,0.0,0.0,0.05513579770922661
8611,1.319435715675354,0.0,0.0,-0.6799116730690002
8612,-1.2002437114715576,0.0,0.0,0.05513579770922661
8613,1.319435715675354,0.0,0.0,-0.5214070081710815
8614,1.319435715675354,0.0,0.0,-0.6799116730690002
8615,-0.3135785460472107,0.0,0.0,0.9007521867752075
8616,-0.958534836769104,0.0,0.0,0.05513579770922661
8617,-0.3135785460472107,0.0,0.0,0.9007521867752075
8618,1.1380647420883179,0.0,0.0,0.21331335604190826
8619,1.319435715675354,0.0,0.0,-0.5214070081710815
8620,-1.2002437114715576,0.0,0.0,0.05513579770922661
8621,-0.516785740852356,0.0,0.0,0.9007521867752075
8622,-0.3135785460472107,0.0,0.0,0.9007521867752075
8623,1.319435715675354,0.0,0.0,-0.5214070081710815
8624,-0.804283857345581,0.0,0.0,0.05513579770922661
8625,-0.516785740852356,0.0,0.0,0.05513579770922661
8626,-0.516785740852356,0.0,0.0,0.9007521867752075
8627,-1.2002437114715576,0.0,0.0,0.05513579770922661
8628,1.319435715675354,0.0,0.0,-0.6799116730690002
8629,1.319435715675354,0.0,0.0,-0.5214070081710815
8630,0.17597922682762146,0.0,0.0,0.7381616830825806
8631,1.319435715675354,0.0,0.0,-0.5214070081710815
8632,-0.6376413702964783,0.0,0.0,0.7044260501861572
8633,-0.6579552292823792,0.0,0.0,0.1410495489835739
8634,-0.7218582034111023,0.0,0.0,-1.0046162605285645
8635,1.3466410636901855,0.0,0.0,-0.9466609358787537
8636,-1.0015915632247925,0.0,0.0,0.2013431042432785
8637,-1.0015915632247925,0.0,0.0,0.2013431042432785
8638,-1.0015915632247925,0.0,0.0,0.2013431042432785
8639,1.654715657234192,0.0,0.0,-0.9337116479873657
8640,1.654715657234192,0.0,0.0,-0.9337116479873657
8641,-1.0015915632247925,0.0,0.0,0.2013431042432785
8642,0.45252683758735657,0.0,0.0,-0.9644306302070618
8643,-1.0527480840682983,0.0,0.0,0.31088244915008545
8644,-1.0527480840682983,0.0,0.0,0.31088244915008545
8645,-1.0015915632247925,0.0,0.0,0.2013431042432785
8646,-0.15379127860069275,0.0,0.0,-0.5479717254638672
8647,-0.8295140862464905,0.0,0.0,0.30133795738220215
8648,-0.9481251835823059,0.0,0.0,0.143109992146492
8649,-0.5839472413063049,0.0,0.0,0.3833964169025421
8650,0.3215903341770172,0.0,0.0,-1.0186578035354614
8651,-1.0015915632247925,0.0,0.0,0.2013431042432785
8652,-0.8295140862464905,0.0,0.0,0.30133795738220215
8653,-0.6904488205909729,0.0,0.0,-0.3356233537197113
8654,1.654715657234192,0.0,0.0,-0.9337116479873657
8655,-0.8185380101203918,0.0,0.0,0.16912797093391418
8656,-1.0527480840682983,0.0,0.0,0.31088244915008545
8657,-0.18520063161849976,0.0,0.0,-0.9905807971954346
8658,-0.18520063161849976,0.0,0.0,-1.0448079109191895
8659,-1.0086987018585205,0.0,0.0,0.3103216290473938
8660,1.654715657234192,0.0,0.0,-0.9337116479873657
8661,-1.0015915632247925,0.0,0.0,0.2013431042432785
8662,-0.9481251835823059,0.0,0.0,0.143109992146492
8663,-0.667954683303833,0.0,0.0,0.3304550051689148
8664,-0.7541428208351135,0.0,0.0,0.4563659429550171
8665,1.126759648323059,0.0,0.0,-1.0059908628463745
8666,-0.6768166422843933,0.0,0.0,-1.0448079109191895
8667,-1.0389400720596313,0.0,0.0,0.13131780922412872
8668,-0.667954683303833,0.0,0.0,0.3304550051689148
8669,-1.0015915632247925,0.0,0.0,0.2013431042432785
8670,-0.9481251835823059,0.0,0.0,0.143109992146492
8671,1.654715657234192,0.0,0.0,-0.9337116479873657
8672,-0.6904488205909729,0.0,0.0,-0.3356233537197113
8673,-1.0015915632247925,0.0,0.0,0.2013431042432785
8674,-1.0015915632247925,0.0,0.0,0.2013431042432785
8675,-0.18520063161849976,0.0,0.0,-0.9905807971954346
8676,-0.558739185333252,0.0,0.0,-0.9905807971954346
8677,-1.0258865356445312,0.0,0.0,0.26352784037590027
8678,-1.0015915632247925,0.0,0.0,0.2013431042432785
8679,-0.5273298025131226,0.0,0.0,-0.3356233537197113
8680,1.126759648323059,0.0,0.0,-1.0059908628463745
8681,-0.3321619927883148,0.0,0.0,-1.0046162605285645
8682,-0.6449766755104065,0.0,0.0,0.6501248478889465
8683,-1.0258865356445312,0.0,0.0,0.4561777710914612
8684,0.631570041179657,0.0,0.0,-1.0137473344802856
8685,-1.0015915632247925,0.0,0.0,0.2013431042432785
8686,-0.2875162661075592,0.0,0.0,-1.0448079109191895
8687,-1.0015915632247925,0.0,0.0,0.2013431042432785
8688,-0.7431668639183044,0.0,0.0,0.3654133677482605
8689,-1.0015915632247925,0.0,0.0,0.2013431042432785
8690,-1.0015915632247925,0.0,0.0,0.2013431042432785
8691,0.3215903341770172,0.0,0.0,-0.9644306302070618
8692,1.4568381309509277,0.0,0.0,-0.9466609358787537
8693,-1.0149105787277222,0.0,0.0,0.13131780922412872
8694,-1.0015915632247925,0.0,0.0,0.2013431042432785
8695,-0.5832675695419312,0.0,0.0,0.7301982641220093
8696,-1.0256211757659912,0.0,0.0,0.2013431042432785
8697,-1.0149105787277222,0.0,0.0,0.13131780922412872
8698,-1.0015915632247925,0.0,0.0,0.2013431042432785
8699,-0.7218582034111023,0.0,0.0,-1.0046162605285645
8700,-0.6376413702964783,0.0,0.0,0.7301982641220093
8701,-1.0015915632247925,0.0,0.0,0.2013431042432785
8702,1.126759648323059,0.0,0.0,-0.9657992124557495
8703,0.3215903341770172,0.0,0.0,-0.9784661531448364
8704,0.5125294327735901,0.0,0.0,-1.0186578035354614
8705,-0.6454072594642639,0.0,0.0,-0.5479717254638672
8706,-0.01675368845462799,0.0,0.0,0.38864997029304504
8707,1.654715657234192,0.0,0.0,-0.9337116479873657
8708,-0.6449766755104065,0.0,0.0,0.5888609886169434
8709,-0.7178008556365967,0.0,0.0,0.31861960887908936
8710,-0.6381708383560181,0.0,0.0,0.34080034494400024
8711,-0.9619331955909729,0.0,0.0,0.2830459177494049
8712,0.3215903341770172,0.0,0.0,-0.9784661531448364
8713,-0.6376413702964783,0.0,0.0,0.7301982641220093
8714,-1.0015915632247925,0.0,0.0,0.2013431042432785
8715,-0.558739185333252,0.0,0.0,-0.9905807971954346
8716,-1.0015915632247925,0.0,0.0,0.2013431042432785
8717,-1.0149105787277222,0.0,0.0,0.13131780922412872
8718,0.3215903341770172,0.0,0.0,-1.0186578035354614
8719,1.4568381309509277,0.0,0.0,-0.9466609358787537
8720,1.4568381309509277,0.0,0.0,-0.9466609358787537
8721,0.3215903341770172,0.0,0.0,-0.9644306302070618
8722,-0.6651226282119751,0.0,0.0,0.46047544479370117
8723,1.654715657234192,0.0,0.0,-0.9337116479873657
8724,-0.6904488205909729,0.0,0.0,-0.3356233537197113
8725,-1.0256211757659912,0.0,0.0,0.2013431042432785
8726,-0.7569748759269714,0.0,0.0,0.3263455033302307
8727,-0.6478500962257385,0.0,0.0,-1.0448079109191895
8728,-0.6478500962257385,0.0,0.0,-1.0448079109191895
8729,-0.7218582034111023,0.0,0.0,-1.0046162605285645
8730,1.4568381309509277,0.0,0.0,-0.9466609358787537
8731,-1.0149105787277222,0.0,0.0,0.13131780922412872
8732,-0.8295140862464905,0.0,0.0,0.30133795738220215
8733,-1.0015915632247925,0.0,0.0,0.2013431042432785
8734,-1.0015915632247925,0.0,0.0,0.2013431042432785
8735,0.3215903341770172,0.0,0.0,-1.0186578035354614
8736,-0.7807790637016296,0.0,0.0,0.2207292765378952
8737,-1.0015915632247925,0.0,0.0,0.2013431042432785
8738,-1.0015915632247925,0.0,0.0,0.2013431042432785
8739,-1.0015915632247925,0.0,0.0,0.2013431042432785
8740,1.654715657234192,0.0,0.0,-0.9337116479873657
8741,-1.0015915632247925,0.0,0.0,0.2013431042432785
8742,1.6861250400543213,0.0,0.0,-0.2787541449069977
8743,1.126759648323059,0.0,0.0,-0.9517637491226196
8744,-0.5832675695419312,0.0,0.0,0.7301982641220093
8745,-0.6376413702964783,0.0,0.0,0.7301982641220093
8746,1.654715657234192,0.0,0.0,-0.9477471113204956
8747,0.3215903341770172,0.0,0.0,-0.9644306302070618
8748,1.654715657234192,0.0,0.0,-0.9337116479873657
8749,1.4568381309509277,0.0,0.0,-1.0008881092071533
8750,1.654715657234192,0.0,0.0,-0.9337116479873657
8751,0.3215903341770172,0.0,0.0,-1.0186578035354614
8752,1.2036411762237549,0.0,0.0,0.6276780962944031
8753,1.654715657234192,0.0,0.0,-0.9337116479873657
8754,-0.5832675695419312,0.0,0.0,0.7301982641220093
8755,-0.18520063161849976,0.0,0.0,-1.0448079109191895
8756,-1.0015915632247925,0.0,0.0,0.2013431042432785
8757,1.654715657234192,0.0,0.0,-0.9337116479873657
8758,-0.959101140499115,0.0,0.0,0.46797001361846924
8759,-0.3321619927883148,0.0,0.0,-0.9905807971954346
8760,1.654715657234192,0.0,0.0,-0.9337116479873657
8761,0.3854932487010956,0.0,0.0,0.16719970107078552
8762,-0.6449766755104065,0.0,0.0,0.6501248478889465
8763,-0.5832675695419312,0.0,0.0,0.7301982641220093
8764,-0.8052191138267517,0.0,0.0,0.23915326595306396
8765,1.654715657234192,0.0,0.0,-0.9337116479873657
8766,0.3529997169971466,0.0,0.0,-0.3094731867313385
8767,-1.0015915632247925,0.0,0.0,0.2013431042432785
8768,-0.6129137873649597,0.0,0.0,0.3833964169025421
8769,-1.0149105787277222,0.0,0.0,0.3103216290473938
8770,1.654715657234192,0.0,0.0,-0.9879387617111206
8771,1.654715657234192,0.0,0.0,-0.9337116479873657
8772,-0.6376413702964783,0.0,0.0,0.7044260501861572
8773,-0.667954683303833,0.0,0.0,0.7136765718460083
8774,1.654715657234192,0.0,0.0,-0.9337116479873657
8775,1.378050446510315,0.0,0.0,-0.5040518641471863
8776,-0.7541428208351135,0.0,0.0,0.5112695097923279
8777,1.654715657234192,0.0,0.0,-0.9337116479873657
8778,-1.0015915632247925,0.0,0.0,0.2013431042432785
8779,1.654715657234192,0.0,0.0,-0.9337116479873657
8780,1.654715657234192,0.0,0.0,-0.9337116479873657
8781,-0.6376413702964783,0.0,0.0,0.7301982641220093
8782,-0.9481251835823059,0.0,0.0,0.143109992146492
8783,-0.6376413702964783,0.0,0.0,0.7301982641220093
8784,0.48393622040748596,0.0,0.0,-0.3094731867313385
8785,1.654715657234192,0.0,0.0,-0.9337116479873657
8786,-1.0015915632247925,0.0,0.0,0.2013431042432785
8787,-0.5832675695419312,0.0,0.0,0.7301982641220093
8788,-0.5709686875343323,0.0,0.0,0.6501248478889465
8789,1.654715657234192,0.0,0.0,-0.9337116479873657
8790,-0.8185380101203918,0.0,0.0,0.34813177585601807
8791,-0.6651226282119751,0.0,0.0,0.46047544479370117
8792,-0.5832675695419312,0.0,0.0,0.7301982641220093
8793,-1.0015915632247925,0.0,0.0,0.2013431042432785
8794,1.654715657234192,0.0,0.0,-0.9879387617111206
8795,1.654715657234192,0.0,0.0,-0.9337116479873657
8796,-0.2552805244922638,0.0,0.0,0.4903179109096527
8797,1.654715657234192,0.0,0.0,-0.9337116479873657
8798,-0.512932538986206,0.0,0.0,0.8116174936294556
8799,-0.5100699663162231,0.0,0.0,-0.3255615830421448
8800,-0.48833781480789185,0.0,0.0,-1.9934693574905396
8801,1.7887206077575684,0.0,0.0,-1.9938753843307495
8802,-1.8936134576797485,0.0,0.0,0.9508665800094604
8803,-1.5631448030471802,0.0,0.0,1.0308334827423096
8804,-1.6890040636062622,0.0,0.0,0.8698140382766724
8805,2.7962286472320557,0.0,0.0,-1.2911297082901
8806,2.7962286472320557,0.0,0.0,-1.2911297082901
8807,-1.202475666999817,0.0,0.0,1.1145403385162354
8808,0.5620943307876587,0.0,0.0,-2.07696795463562
8809,-1.6273120641708374,0.0,0.0,0.19041770696640015
8810,-1.6273120641708374,0.0,0.0,0.2973647117614746
8811,-1.6890040636062622,0.0,0.0,0.9508665800094604
8812,-0.19211004674434662,0.0,0.0,-1.460516333580017
8813,-1.199905514717102,0.0,0.0,0.3435952663421631
8814,-1.3930855989456177,0.0,0.0,0.24844208359718323
8815,-0.3779412806034088,0.0,0.0,-0.23675021529197693
8816,0.5275176167488098,0.0,0.0,-1.9934693574905396
8817,-1.6890040636062622,0.0,0.0,0.9508665800094604
8818,-1.3142613172531128,0.0,0.0,0.3435952663421631
8819,-0.4190708100795746,0.0,0.0,-0.7064499855041504
8820,2.6843485832214355,0.0,0.0,-1.3239128589630127
8821,-1.3155237436294556,0.0,0.0,0.24844208359718323
8822,-1.6273120641708374,0.0,0.0,0.5156238079071045
8823,-0.2273797243833542,0.0,0.0,-1.552797794342041
8824,-0.2273797243833542,0.0,0.0,-2.1026358604431152
8825,-1.607315182685852,0.0,0.0,0.3136373460292816
8826,2.7962286472320557,0.0,0.0,-1.2911297082901
8827,-1.6890040636062622,0.0,0.0,0.9508665800094604
8828,-1.3930855989456177,0.0,0.0,0.24844208359718323
8829,-0.9739775061607361,0.0,0.0,0.22404703497886658
8830,-1.1194510459899902,0.0,0.0,0.501115083694458
8831,1.160675287246704,0.0,0.0,-2.07696795463562
8832,-0.501038134098053,0.0,0.0,-2.1026358604431152
8833,-1.607315182685852,0.0,0.0,0.23294201493263245
8834,-0.8982621431350708,0.0,0.0,0.1052125096321106
8835,-1.707297444343567,0.0,0.0,0.6227407455444336
8836,-1.3930855989456177,0.0,0.0,0.24844208359718323
8837,2.7962286472320557,0.0,0.0,-1.2911297082901
8838,-0.4190708100795746,0.0,0.0,-0.7064499855041504
8839,-1.8936134576797485,0.0,0.0,0.9508665800094604
8840,-1.6890040636062622,0.0,0.0,0.9871262311935425
8841,-0.2273797243833542,0.0,0.0,-1.552797794342041
8842,-0.31174588203430176,0.0,0.0,-1.552797794342041
8843,-1.931965947151184,0.0,0.0,0.18255195021629333
8844,-1.6890040636062622,0.0,0.0,0.9508665800094604
8845,-0.4190708100795746,0.0,0.0,-0.7064499855041504
8846,1.160675287246704,0.0,0.0,-2.07696795463562
8847,-0.21467940509319305,0.0,0.0,-1.9934693574905396
8848,-0.4463401734828949,0.0,0.0,0.40704625844955444
8849,-1.931965947151184,0.0,0.0,0.7273651361465454
8850,0.7691621780395508,0.0,0.0,-2.07696795463562
8851,-1.6890040636062622,0.0,0.0,0.9871262311935425
8852,-0.2273797243833542,0.0,0.0,-2.1026358604431152
8853,-1.6890040636062622,0.0,0.0,0.9508665800094604
8854,-1.1892176866531372,0.0,0.0,0.34726670384407043
8855,-1.6890040636062622,0.0,0.0,0.9508665800094604
8856,-1.707297444343567,0.0,0.0,0.6227407455444336
8857,0.4961828887462616,0.0,0.0,-1.552797794342041
8858,1.7887206077575684,0.0,0.0,-1.9938753843307495
8859,-1.6014970541000366,0.0,0.0,0.18549486994743347
8860,-1.6890040636062622,0.0,0.0,0.9508665800094604
8861,-0.39078548550605774,0.0,0.0,1.4248548746109009
8862,-1.5689626932144165,0.0,0.0,0.9972281455993652
8863,-1.7273565530776978,0.0,0.0,0.10552798956632614
8864,-1.6890040636062622,0.0,0.0,0.9871262311935425
8865,-0.48833781480789185,0.0,0.0,-1.9934693574905396
8866,-0.4111683666706085,0.0,0.0,1.0370128154754639
8867,-1.6890040636062622,0.0,0.0,0.9508665800094604
8868,1.1733756065368652,0.0,0.0,-1.9678014516830444
8869,0.6043741106987,0.0,0.0,-1.9934693574905396
8870,0.5620943307876587,0.0,0.0,-2.07696795463562
8871,-0.4657684564590454,0.0,0.0,-1.460516333580017
8872,0.25358226895332336,0.0,0.0,-0.23675021529197693
8873,1.8848357200622559,0.0,0.0,-1.836011290550232
8874,-0.5227870941162109,0.0,0.0,0.31740158796310425
8875,-1.0271403789520264,0.0,0.0,0.3435952663421631
8876,-0.6694549322128296,0.0,0.0,0.1052125096321106
8877,-1.413082480430603,0.0,0.0,0.08708325773477554
8878,0.5275176167488098,0.0,0.0,-1.9934693574905396
8879,-0.39078548550605774,0.0,0.0,1.4248548746109009
8880,-1.6890040636062622,0.0,0.0,0.9508665800094604
8881,-0.501038134098053,0.0,0.0,-1.552797794342041
8882,-1.6890040636062622,0.0,0.0,0.9508665800094604
8883,-1.931965947151184,0.0,0.0,0.10552798956632614
8884,0.4961828887462616,0.0,0.0,-2.1026358604431152
8885,1.7887206077575684,0.0,0.0,-1.9938753843307495
8886,1.7887206077575684,0.0,0.0,-1.4440371990203857
8887,0.5148174166679382,0.0,0.0,-1.552797794342041
8888,-0.9739775061607361,0.0,0.0,0.501115083694458
8889,2.7962286472320557,0.0,0.0,-1.2911297082901
8890,-0.4190708100795746,0.0,0.0,-0.7064499855041504
8891,-1.5872563123703003,0.0,0.0,0.7501548528671265
8892,-1.2092145681381226,0.0,0.0,0.1052125096321106
8893,-0.48833781480789185,0.0,0.0,-1.9934693574905396
8894,-0.48833781480789185,0.0,0.0,-1.9934693574905396
8895,-0.48833781480789185,0.0,0.0,-1.9934693574905396
8896,1.8848357200622559,0.0,0.0,-1.836011290550232
8897,-1.6014970541000366,0.0,0.0,0.18549486994743347
8898,-1.199905514717102,0.0,0.0,0.3435952663421631
8899,-1.6890040636062622,0.0,0.0,0.9508665800094604
8900,-1.484566569328308,0.0,0.0,0.9651212692260742
8901,0.5088831186294556,0.0,0.0,-1.9934693574905396
8902,-1.3142613172531128,0.0,0.0,0.3373049199581146
8903,-1.6890040636062622,0.0,0.0,0.9508665800094604
8904,-1.6890040636062622,0.0,0.0,0.9508665800094604
8905,-1.6890040636062622,0.0,0.0,0.9508665800094604
8906,2.7962286472320557,0.0,0.0,-1.2911297082901
8907,-1.202475666999817,0.0,0.0,1.2206413745880127
8908,2.766315460205078,0.0,0.0,-0.5546317100524902
8909,1.160675287246704,0.0,0.0,-1.5271296501159668
8910,-0.39078548550605774,0.0,0.0,1.4248548746109009
8911,-0.512932538986206,0.0,0.0,1.0370128154754639
8912,2.8089287281036377,0.0,0.0,-1.7318017482757568
8913,0.7071905136108398,0.0,0.0,-1.552797794342041
8914,2.7962286472320557,0.0,0.0,-1.2911297082901
8915,1.8014209270477295,0.0,0.0,-1.884709119796753
8916,2.7962286472320557,0.0,0.0,-1.2911297082901
8917,0.4961828887462616,0.0,0.0,-2.1026358604431152
8918,0.9559890627861023,0.0,0.0,0.4327142834663391
8919,2.7962286472320557,0.0,0.0,-1.2911297082901
8920,-0.39078548550605774,0.0,0.0,1.4248548746109009
8921,-0.2273797243833542,0.0,0.0,-2.1026358604431152
8922,-1.6890040636062622,0.0,0.0,0.9508665800094604
8923,2.7962286472320557,0.0,0.0,-1.2911297082901
8924,-1.3930855989456177,0.0,0.0,0.9508657455444336
8925,-0.03387998417019844,0.0,0.0,-1.552797794342041
8926,2.7962286472320557,0.0,0.0,-1.2911297082901
8927,0.7147707939147949,0.0,0.0,-0.3255615830421448
8928,-0.4463401734828949,0.0,0.0,0.40704625844955444
8929,-0.39078548550605774,0.0,0.0,1.4248548746109009
8930,-1.2954646348953247,0.0,0.0,0.7656549215316772
8931,2.7962286472320557,0.0,0.0,-1.2911297082901
8932,0.5967846512794495,0.0,0.0,-0.7064499855041504
8933,-1.6890040636062622,0.0,0.0,0.9508665800094604
8934,-0.3779412806034088,0.0,0.0,-0.23675021529197693
8935,-1.6421843767166138,0.0,0.0,0.2658776640892029
8936,2.6843485832214355,0.0,0.0,-1.873751163482666
8937,2.7962286472320557,0.0,0.0,-1.2911297082901
8938,-0.3043569028377533,0.0,0.0,0.8116174936294556
8939,-0.8982621431350708,0.0,0.0,1.4248548746109009
8940,2.7962286472320557,0.0,0.0,-1.2911297082901
8941,1.8239903450012207,0.0,0.0,-1.3517557382583618
8942,-1.0994541645050049,0.0,0.0,0.8884087800979614
8943,1.8848357200622559,0.0,0.0,-1.836011290550232
8944,-1.5631448030471802,0.0,0.0,1.1731942892074585
8945,2.7962286472320557,0.0,0.0,-1.2911297082901
8946,2.6843485832214355,0.0,0.0,-1.873751163482666
8947,-0.39078548550605774,0.0,0.0,1.4248548746109009
8948,-1.3930855989456177,0.0,0.0,0.24844208359718323
8949,-0.43648561835289,0.0,0.0,1.0370128154754639
8950,0.6440616846084595,0.0,0.0,-0.6807818412780762
8951,2.7962286472320557,0.0,0.0,-1.2911297082901
8952,-1.3071585893630981,0.0,0.0,1.134103536605835
8953,-0.39078548550605774,0.0,0.0,1.4248548746109009
8954,-0.3142113983631134,0.0,0.0,0.40704625844955444
8955,2.7962286472320557,0.0,0.0,-1.2911297082901
8956,-1.199905514717102,0.0,0.0,0.44007408618927
8957,-0.9739775061607361,0.0,0.0,0.501115083694458
8958,-0.39078548550605774,0.0,0.0,1.4248548746109009
8959,-1.6890040636062622,0.0,0.0,0.9508665800094604
8960,2.7962286472320557,0.0,0.0,-1.840968132019043
8961,2.7962286472320557,0.0,0.0,-1.2911297082901
8962,0.1529468297958374,0.0,0.0,0.31740158796310425
8963,2.7962286472320557,0.0,0.0,-1.2911297082901
8964,-0.5875824093818665,0.0,0.0,1.2316534519195557
8965,-0.33804047107696533,0.0,0.0,-0.4759103059768677
8966,-0.33804047107696533,0.0,0.0,-1.6312029361724854
8967,2.2547974586486816,0.0,0.0,-1.6312029361724854
8968,-1.7507051229476929,0.0,0.0,1.2822966575622559
8969,-1.7507051229476929,0.0,0.0,1.2822966575622559
8970,-1.7507051229476929,0.0,0.0,1.2822966575622559
8971,2.4533491134643555,0.0,0.0,-1.568697214126587
8972,2.4533491134643555,0.0,0.0,-1.568697214126587
8973,-1.7507051229476929,0.0,0.0,1.2822966575622559
8974,1.0472818613052368,0.0,0.0,-1.6312029361724854
8975,-2.1990413665771484,0.0,0.0,0.7726682424545288
8976,-2.1990413665771484,0.0,0.0,0.7726682424545288
8977,-1.7507051229476929,0.0,0.0,1.2822966575622559
8978,0.14587734639644623,0.0,0.0,-1.4851386547088623
8979,-1.9901344776153564,0.0,0.0,1.1293431520462036
8980,-2.3763248920440674,0.0,0.0,1.2822966575622559
8981,-0.023515179753303528,0.0,0.0,-0.15704785287380219
8982,0.14587734639644623,0.0,0.0,-1.6312029361724854
8983,-1.7507051229476929,0.0,0.0,1.2822966575622559
8984,-1.9901344776153564,0.0,0.0,1.1293431520462036
8985,-0.33804047107696533,0.0,0.0,-1.3043973445892334
8986,2.4533491134643555,0.0,0.0,-1.568697214126587
8987,-2.3763248920440674,0.0,0.0,1.2822966575622559
8988,-2.1990413665771484,0.0,0.0,0.7726682424545288
8989,0.14587734639644623,0.0,0.0,-1.6312029361724854
8990,0.14587734639644623,0.0,0.0,-1.6312029361724854
8991,-2.1990413665771484,0.0,0.0,1.2822966575622559
8992,2.4533491134643555,0.0,0.0,-1.568697214126587
8993,-1.7507051229476929,0.0,0.0,1.2822966575622559
8994,-2.1990413665771484,0.0,0.0,1.2822966575622559
8995,-1.3480993509292603,0.0,0.0,0.7726682424545288
8996,-1.3480993509292603,0.0,0.0,0.9145426750183105
8997,2.0733704566955566,0.0,0.0,-1.6312029361724854
8998,-0.023515179753303528,0.0,0.0,-1.6312029361724854
8999,-2.1990413665771484,0.0,0.0,1.2822966575622559
9000,-1.3480993509292603,0.0,0.0,0.7726682424545288
9001,-1.7507051229476929,0.0,0.0,1.2822966575622559
9002,-2.1990413665771484,0.0,0.0,1.2822966575622559
9003,2.4533491134643555,0.0,0.0,-1.568697214126587
9004,-0.33804047107696533,0.0,0.0,-1.3043973445892334
9005,-1.7507051229476929,0.0,0.0,1.2822966575622559
9006,-1.7507051229476929,0.0,0.0,1.2822966575622559
9007,0.14587734639644623,0.0,0.0,-1.6312029361724854
9008,-0.023515179753303528,0.0,0.0,-1.6312029361724854
9009,-1.7507051229476929,0.0,0.0,1.1293431520462036
9010,-1.7507051229476929,0.0,0.0,1.2822966575622559
9011,-0.023515179753303528,0.0,0.0,-1.3043973445892334
9012,2.0733704566955566,0.0,0.0,-1.6312029361724854
9013,0.14587734639644623,0.0,0.0,-1.6312029361724854
9014,-0.27218085527420044,0.0,0.0,1.2316534519195557
9015,-1.7507051229476929,0.0,0.0,0.9145426750183105
9016,1.4426389932632446,0.0,0.0,-1.6312029361724854
9017,-1.7507051229476929,0.0,0.0,1.2822966575622559
9018,0.14587734639644623,0.0,0.0,-1.6312029361724854
9019,-1.7507051229476929,0.0,0.0,1.2822966575622559
9020,-1.5871264934539795,0.0,0.0,1.2822966575622559
9021,-1.7507051229476929,0.0,0.0,1.2822966575622559
9022,-1.7507051229476929,0.0,0.0,1.2822966575622559
9023,0.7241510152816772,0.0,0.0,-1.6312029361724854
9024,2.4533491134643555,0.0,0.0,-1.568697214126587
9025,-1.7507051229476929,0.0,0.0,1.2822966575622559
9026,-1.7507051229476929,0.0,0.0,1.2822966575622559
9027,-0.5875824093818665,0.0,0.0,1.2316534519195557
9028,-2.1990413665771484,0.0,0.0,1.2822966575622559
9029,-1.7507051229476929,0.0,0.0,1.2822966575622559
9030,-1.7507051229476929,0.0,0.0,1.2822966575622559
9031,-0.33804047107696533,0.0,0.0,-1.6312029361724854
9032,-0.5875824093818665,0.0,0.0,1.2316534519195557
9033,-1.7507051229476929,0.0,0.0,1.2822966575622559
9034,2.0733704566955566,0.0,0.0,-1.6312029361724854
9035,0.14587734639644623,0.0,0.0,-1.6312029361724854
9036,1.0472818613052368,0.0,0.0,-1.6312029361724854
9037,-0.023515179753303528,0.0,0.0,-1.4851386547088623
9038,0.14587734639644623,0.0,0.0,-0.15704785287380219
9039,2.4533491134643555,0.0,0.0,-1.568697214126587
9040,-0.4344261884689331,0.0,0.0,0.3231969475746155
9041,-1.3480993509292603,0.0,0.0,1.1293431520462036
9042,-1.3480993509292603,0.0,0.0,0.7726682424545288
9043,-2.3763248920440674,0.0,0.0,0.7726682424545288
9044,0.14587734639644623,0.0,0.0,-1.6312029361724854
9045,-0.5875824093818665,0.0,0.0,1.2316534519195557
9046,-1.7507051229476929,0.0,0.0,1.2822966575622559
9047,-0.023515179753303528,0.0,0.0,-1.6312029361724854
9048,-1.7507051229476929,0.0,0.0,1.2822966575622559
9049,-1.7507051229476929,0.0,0.0,1.2822966575622559
9050,0.4734404981136322,0.0,0.0,-1.6312029361724854
9051,2.4533491134643555,0.0,0.0,-1.568697214126587
9052,2.4533491134643555,0.0,0.0,-1.568697214126587
9053,0.14587734639644623,0.0,0.0,-1.6312029361724854
9054,-1.3480993509292603,0.0,0.0,0.7726682424545288
9055,2.4533491134643555,0.0,0.0,-1.568697214126587
9056,-0.33804047107696533,0.0,0.0,-1.3043973445892334
9057,-2.1990413665771484,0.0,0.0,1.2822966575622559
9058,-1.9901344776153564,0.0,0.0,0.7726682424545288
9059,-0.023515179753303528,0.0,0.0,-1.6312029361724854
9060,-0.023515179753303528,0.0,0.0,-1.6312029361724854
9061,-0.33804047107696533,0.0,0.0,-1.6312029361724854
9062,2.4533491134643555,0.0,0.0,-1.568697214126587
9063,-1.7507051229476929,0.0,0.0,1.2822966575622559
9064,-2.3763248920440674,0.0,0.0,1.1293431520462036
9065,-1.7507051229476929,0.0,0.0,1.2822966575622559
9066,-1.7507051229476929,0.0,0.0,1.2822966575622559
9067,0.7241510152816772,0.0,0.0,-1.6312029361724854
9068,-1.9901344776153564,0.0,0.0,1.2822966575622559
9069,-1.7507051229476929,0.0,0.0,1.2822966575622559
9070,-1.7507051229476929,0.0,0.0,1.2822966575622559
9071,-1.7507051229476929,0.0,0.0,1.2822966575622559
9072,2.4533491134643555,0.0,0.0,-1.568697214126587
9073,-1.7507051229476929,0.0,0.0,1.2822966575622559
9074,2.4533491134643555,0.0,0.0,-1.241891622543335
9075,2.0733704566955566,0.0,0.0,-1.6312029361724854
9076,-0.5875824093818665,0.0,0.0,1.2316534519195557
9077,-0.4344261884689331,0.0,0.0,1.2316534519195557
9078,2.4533491134643555,0.0,0.0,-1.568697214126587
9079,0.14587734639644623,0.0,0.0,-1.6312029361724854
9080,2.4533491134643555,0.0,0.0,-1.568697214126587
9081,2.4533491134643555,0.0,0.0,-1.568697214126587
9082,2.4533491134643555,0.0,0.0,-1.568697214126587
9083,1.0472818613052368,0.0,0.0,-1.6312029361724854
9084,1.5084985494613647,0.0,0.0,0.976467490196228
9085,2.4533491134643555,0.0,0.0,-1.568697214126587
9086,-0.3690917491912842,0.0,0.0,1.2316534519195557
9087,0.14587734639644623,0.0,0.0,-1.6312029361724854
9088,-1.7507051229476929,0.0,0.0,1.2822966575622559
9089,2.4533491134643555,0.0,0.0,-1.568697214126587
9090,-2.1990413665771484,0.0,0.0,0.9145426750183105
9091,0.14587734639644623,0.0,0.0,-1.6312029361724854
9092,2.4533491134643555,0.0,0.0,-1.568697214126587
9093,0.4734404981136322,0.0,0.0,-0.4759103059768677
9094,-0.27218085527420044,0.0,0.0,0.976467490196228
9095,-0.3690917491912842,0.0,0.0,1.2316534519195557
9096,-2.3763248920440674,0.0,0.0,1.2822966575622559
9097,2.4533491134643555,0.0,0.0,-1.568697214126587
9098,0.14587734639644623,0.0,0.0,-1.3043973445892334
9099,-1.7507051229476929,0.0,0.0,1.2822966575622559
9100,-0.023515179753303528,0.0,0.0,-0.15704785287380219
9101,-1.7507051229476929,0.0,0.0,1.2822966575622559
9102,2.4533491134643555,0.0,0.0,-1.568697214126587
9103,2.4533491134643555,0.0,0.0,-1.568697214126587
9104,-0.27218085527420044,0.0,0.0,1.2316534519195557
9105,-1.3480993509292603,0.0,0.0,1.2316534519195557
9106,2.4533491134643555,0.0,0.0,-1.568697214126587
9107,2.2547974586486816,0.0,0.0,-1.4851386547088623
9108,-1.3480993509292603,0.0,0.0,1.1293431520462036
9109,2.4533491134643555,0.0,0.0,-1.568697214126587
9110,-1.7507051229476929,0.0,0.0,1.2822966575622559
9111,2.4533491134643555,0.0,0.0,-1.568697214126587
9112,2.4533491134643555,0.0,0.0,-1.568697214126587
9113,-0.5875824093818665,0.0,0.0,1.2316534519195557
9114,-2.060073137283325,0.0,0.0,1.2822966575622559
9115,-0.27218085527420044,0.0,0.0,1.2316534519195557
9116,1.0472818613052368,0.0,0.0,-1.3043973445892334
9117,2.4533491134643555,0.0,0.0,-1.568697214126587
9118,-1.7507051229476929,0.0,0.0,1.2822966575622559
9119,-0.11655355989933014,0.0,0.0,1.2316534519195557
9120,0.042344458401203156,0.0,0.0,1.2316534519195557
9121,2.4533491134643555,0.0,0.0,-1.568697214126587
9122,-1.9901344776153564,0.0,0.0,1.2822966575622559
9123,-1.3480993509292603,0.0,0.0,0.7726682424545288
9124,-1.3480993509292603,0.0,0.0,1.2316534519195557
9125,-1.7507051229476929,0.0,0.0,1.2822966575622559
9126,2.4533491134643555,0.0,0.0,-1.568697214126587
9127,2.4533491134643555,0.0,0.0,-1.568697214126587
9128,0.21173697710037231,0.0,0.0,0.3231969475746155
9129,2.4533491134643555,0.0,0.0,-1.568697214126587
9130,-1.6413553953170776,0.0,0.0,0.6277374029159546
9131,-1.6831656694412231,0.0,0.0,-0.5443306565284729
9132,-1.2983578443527222,0.0,0.0,-2.0527546405792236
9133,1.1332095861434937,0.0,0.0,-1.6195064783096313
9134,-1.8054578304290771,0.0,0.0,0.4800562262535095
9135,-2.126371145248413,0.0,0.0,0.4661273956298828
9136,-1.6677162647247314,0.0,0.0,0.4470639228820801
9137,1.6816692352294922,0.0,0.0,-1.1339712142944336
9138,1.6816692352294922,0.0,0.0,-1.1339712142944336
9139,-1.9008204936981201,0.0,0.0,0.4189257025718689
9140,0.7556135058403015,0.0,0.0,-1.636457085609436
9141,-2.4062907695770264,0.0,0.0,-0.3239569664001465
9142,-2.4062907695770264,0.0,0.0,-0.3239569664001465
9143,-1.6601214408874512,0.0,0.0,0.5101040005683899
9144,-0.9941678047180176,0.0,0.0,-1.6831212043762207
9145,-1.550686240196228,0.0,0.0,-0.5267770290374756
9146,-1.710349678993225,0.0,0.0,-0.2205251157283783
9147,-1.054843783378601,0.0,0.0,-0.012939123436808586
9148,-0.4805397689342499,0.0,0.0,-2.1905946731567383
9149,-1.6601214408874512,0.0,0.0,0.5101040005683899
9150,-1.5414067506790161,0.0,0.0,-0.40886640548706055
9151,-1.6890665292739868,0.0,0.0,-1.3980824947357178
9152,1.6816692352294922,0.0,0.0,-1.1339712142944336
9153,-1.7103139162063599,0.0,0.0,-0.45739954710006714
9154,-2.3850367069244385,0.0,0.0,0.11131386458873749
9155,-1.0370572805404663,0.0,0.0,-1.285932183265686
9156,-0.7800983190536499,0.0,0.0,-1.7617870569229126
9157,-2.3804855346679688,0.0,0.0,-0.7371969223022461
9158,1.6816692352294922,0.0,0.0,-1.1339712142944336
9159,-1.6601214408874512,0.0,0.0,0.5101040005683899
9160,-1.50995671749115,0.0,0.0,-0.4702644944190979
9161,-1.2060283422470093,0.0,0.0,-0.33825886249542236
9162,-1.3628219366073608,0.0,0.0,0.17198613286018372
9163,0.8249947428703308,0.0,0.0,-1.6723753213882446
9164,-1.0122779607772827,0.0,0.0,-2.1794304847717285
9165,-2.3607664108276367,0.0,0.0,-0.3063820004463196
9166,-0.8358235955238342,0.0,0.0,-0.33131784200668335
9167,-1.7454261779785156,0.0,0.0,-0.3149680495262146
9168,-1.315836787223816,0.0,0.0,-0.22567299008369446
9169,1.6816692352294922,0.0,0.0,-1.1339712142944336
9170,-1.6890665292739868,0.0,0.0,-1.3980824947357178
9171,-1.845411777496338,0.0,0.0,0.4800562262535095
9172,-1.6677162647247314,0.0,0.0,0.4470639228820801
9173,-0.972153902053833,0.0,0.0,-1.2660531997680664
9174,-0.9732826948165894,0.0,0.0,-1.2260935306549072
9175,-1.9086313247680664,0.0,0.0,-0.5157586932182312
9176,-1.6601214408874512,0.0,0.0,0.5101040005683899
9177,-1.0825403928756714,0.0,0.0,-1.3892467021942139
9178,0.841754138469696,0.0,0.0,-2.0581510066986084
9179,-0.8507245182991028,0.0,0.0,-2.0670669078826904
9180,-1.6413553953170776,0.0,0.0,0.6277374029159546
9181,-1.8329243659973145,0.0,0.0,0.038988105952739716
9182,0.8292168378829956,0.0,0.0,-2.0866811275482178
9183,-1.6677162647247314,0.0,0.0,0.4470639228820801
9184,-0.7451322078704834,0.0,0.0,-1.7325820922851562
9185,-1.6601214408874512,0.0,0.0,0.5101040005683899
9186,-1.5432571172714233,0.0,0.0,-0.6864901781082153
9187,-1.6601214408874512,0.0,0.0,0.5101040005683899
9188,-1.7454261779785156,0.0,0.0,-0.2557542026042938
9189,-0.03169827535748482,0.0,0.0,-1.2097247838974
9190,1.181546926498413,0.0,0.0,-1.6080721616744995
9191,-2.2038612365722656,0.0,0.0,-0.1901414394378662
9192,-1.6601214408874512,0.0,0.0,0.5101040005683899
9193,-0.9791816473007202,0.0,0.0,0.6388309001922607
9194,-2.2734458446502686,0.0,0.0,0.41394978761672974
9195,-1.7454261779785156,0.0,0.0,-0.2302083671092987
9196,-1.6677162647247314,0.0,0.0,0.4470639228820801
9197,-1.2983578443527222,0.0,0.0,-2.0527546405792236
9198,-1.221119999885559,0.0,0.0,0.6277374029159546
9199,-1.6601214408874512,0.0,0.0,0.5101040005683899
9200,0.9771024584770203,0.0,0.0,-1.9899095296859741
9201,-0.4610372483730316,0.0,0.0,-2.0584428310394287
9202,0.7789979577064514,0.0,0.0,-1.4883668422698975
9203,-1.0406516790390015,0.0,0.0,-1.6142494678497314
9204,-0.5079250335693359,0.0,0.0,-0.045776210725307465
9205,1.6616652011871338,0.0,0.0,-1.3932631015777588
9206,-1.6413553953170776,0.0,0.0,0.41314035654067993
9207,-1.3835841417312622,0.0,0.0,-0.5813137888908386
9208,-0.8358235955238342,0.0,0.0,-0.38715672492980957
9209,-1.7654846906661987,0.0,0.0,-0.39152050018310547
9210,-0.5503360629081726,0.0,0.0,-2.071427822113037
9211,-1.221119999885559,0.0,0.0,0.6277374029159546
9212,-1.6601214408874512,0.0,0.0,0.5101040005683899
9213,-1.0915411710739136,0.0,0.0,-1.2886908054351807
9214,-1.6601214408874512,0.0,0.0,0.5101040005683899
9215,-1.9307165145874023,0.0,0.0,-0.26025626063346863
9216,-0.22779932618141174,0.0,0.0,-1.7054587602615356
9217,1.1332095861434937,0.0,0.0,-1.6195064783096313
9218,1.181546926498413,0.0,0.0,-1.2108533382415771
9219,-0.4684431850910187,0.0,0.0,-1.2282240390777588
9220,-1.3666104078292847,0.0,0.0,-0.39409780502319336
9221,1.6816692352294922,0.0,0.0,-1.1339712142944336
9222,-1.6890665292739868,0.0,0.0,-1.3980824947357178
9223,-2.3607664108276367,0.0,0.0,-0.3231204152107239
9224,-1.5786727666854858,0.0,0.0,-0.439450204372406
9225,-1.1180239915847778,0.0,0.0,-1.9486329555511475
9226,-1.131851315498352,0.0,0.0,-1.999283790588379
9227,-1.724549651145935,0.0,0.0,-2.06514835357666
9228,1.181546926498413,0.0,0.0,-1.4901970624923706
9229,-2.190743923187256,0.0,0.0,-0.29282939434051514
9230,-1.6828943490982056,0.0,0.0,-0.6189876794815063
9231,-1.6601214408874512,0.0,0.0,0.5101040005683899
9232,-2.0472755432128906,0.0,0.0,0.4030872583389282
9233,0.10831038653850555,0.0,0.0,-1.9829150438308716
9234,-1.5026057958602905,0.0,0.0,-0.23126009106636047
9235,-1.6601214408874512,0.0,0.0,0.5101040005683899
9236,-1.6601214408874512,0.0,0.0,0.5101040005683899
9237,-1.6601214408874512,0.0,0.0,0.5101040005683899
9238,1.6816692352294922,0.0,0.0,-1.1339712142944336
9239,-1.7920405864715576,0.0,0.0,0.4008291959762573
9240,1.6946730613708496,0.0,0.0,-1.3270092010498047
9241,0.8933042287826538,0.0,0.0,-1.1766411066055298
9242,-0.9791816473007202,0.0,0.0,0.6388309001922607
9243,-1.6413553953170776,0.0,0.0,0.6277374029159546
9244,1.6890753507614136,0.0,0.0,-1.8565106391906738
9245,-0.18484064936637878,0.0,0.0,-1.2948116064071655
9246,1.6616652011871338,0.0,0.0,-1.1965680122375488
9247,1.1467924118041992,0.0,0.0,-1.8719782829284668
9248,1.6816692352294922,0.0,0.0,-1.1339712142944336
9249,0.7167163491249084,0.0,0.0,-1.4883668422698975
9250,0.9839048385620117,0.0,0.0,0.4714290499687195
9251,1.6816692352294922,0.0,0.0,-1.1339712142944336
9252,-0.5334473848342896,0.0,0.0,0.6562033891677856
9253,-0.1711462140083313,0.0,0.0,-1.336728572845459
9254,-1.6601214408874512,0.0,0.0,0.5101040005683899
9255,1.6816692352294922,0.0,0.0,-1.1339712142944336
9256,-1.3222228288650513,0.0,0.0,0.12916438281536102
9257,-0.5937957763671875,0.0,0.0,-1.2260935306549072
9258,1.6616652011871338,0.0,0.0,-1.2665338516235352
9259,-0.07976426184177399,0.0,0.0,-0.5191256403923035
9260,-1.6413553953170776,0.0,0.0,0.6277374029159546
9261,-0.5631935596466064,0.0,0.0,0.6562033891677856
9262,-1.710349678993225,0.0,0.0,-0.3052847981452942
9263,1.6816692352294922,0.0,0.0,-1.1339712142944336
9264,-0.4255535900592804,0.0,0.0,-1.3913769721984863
9265,-1.6601214408874512,0.0,0.0,0.5101040005683899
9266,-0.9295951128005981,0.0,0.0,0.09895747900009155
9267,-1.7499275207519531,0.0,0.0,-0.29199469089508057
9268,1.6930134296417236,0.0,0.0,-1.297179937362671
9269,1.6816692352294922,0.0,0.0,-1.1339712142944336
9270,-1.6413553953170776,0.0,0.0,0.6277374029159546
9271,-0.7958632111549377,0.0,0.0,0.6347763538360596
9272,1.6816692352294922,0.0,0.0,-1.1339712142944336
9273,1.2057312726974487,0.0,0.0,-1.4979758262634277
9274,-1.3628219366073608,0.0,0.0,0.24229080975055695
9275,1.6616652011871338,0.0,0.0,-1.3932631015777588
9276,-1.853006362915039,0.0,0.0,0.41701608896255493
9277,1.6816692352294922,0.0,0.0,-1.1339712142944336
9278,1.6616652011871338,0.0,0.0,-1.5937868356704712
9279,-1.1622477769851685,0.0,0.0,0.6277374029159546
9280,-1.2858043909072876,0.0,0.0,-0.1364814192056656
9281,-1.6413553953170776,0.0,0.0,0.6277374029159546
9282,0.818507194519043,0.0,0.0,-1.3397939205169678
9283,1.6816692352294922,0.0,0.0,-1.1339712142944336
9284,-1.8218848705291748,0.0,0.0,0.3103424906730652
9285,-0.39577093720436096,0.0,0.0,0.6562033891677856
9286,-0.9929405450820923,0.0,0.0,0.6456069946289062
9287,1.6816692352294922,0.0,0.0,-1.1339712142944336
9288,-1.3917428255081177,0.0,0.0,-0.018539784476161003
9289,-1.41157066822052,0.0,0.0,-0.40968549251556396
9290,-0.39577093720436096,0.0,0.0,0.6562033891677856
9291,-1.6601214408874512,0.0,0.0,0.5101040005683899
9292,1.6930134296417236,0.0,0.0,-1.340922474861145
9293,1.6816692352294922,0.0,0.0,-1.1339712142944336
9294,-0.8826814293861389,0.0,0.0,0.42197656631469727
9295,1.6816692352294922,0.0,0.0,-1.1339712142944336
9296,-0.6094344854354858,0.0,0.0,0.8605226278305054
9297,-0.7556343674659729,0.0,0.0,0.03970607370138168
9298,-1.124079704284668,0.0,0.0,-1.276233434677124
9299,1.2520713806152344,0.0,0.0,-1.140016794204712
9300,-1.1252238750457764,0.0,0.0,0.2326163798570633
9301,-1.3204280138015747,0.0,0.0,0.2326163798570633
9302,-0.6800149083137512,0.0,0.0,0.2326163798570633
9303,2.091123104095459,0.0,0.0,-0.869880199432373
9304,2.091123104095459,0.0,0.0,-0.869880199432373
9305,-1.3204280138015747,0.0,0.0,0.2326163798570633
9306,0.7398277521133423,0.0,0.0,-1.2039756774902344
9307,-1.5011106729507446,0.0,0.0,-0.2078430950641632
9308,-1.5011106729507446,0.0,0.0,-0.2078430950641632
9309,-0.6800149083137512,0.0,0.0,0.2326163798570633
9310,-1.0310348272323608,0.0,0.0,-0.8246157169342041
9311,-1.0971094369888306,0.0,0.0,0.47954419255256653
9312,-1.0105146169662476,0.0,0.0,-0.3555958867073059
9313,-0.6094344854354858,0.0,0.0,0.5689220428466797
9314,-0.8435007929801941,0.0,0.0,-1.2338001728057861
9315,-0.6800149083137512,0.0,0.0,0.2326163798570633
9316,-1.0971094369888306,0.0,0.0,0.47954419255256653
9317,-0.977457582950592,0.0,0.0,-0.4927177131175995
9318,2.091123104095459,0.0,0.0,-0.869880199432373
9319,-1.0971094369888306,0.0,0.0,-0.3555958867073059
9320,-1.5011106729507446,0.0,0.0,-0.2078430950641632
9321,-1.124079704284668,0.0,0.0,-1.276233434677124
9322,-1.124079704284668,0.0,0.0,-1.276233434677124
9323,-1.5011106729507446,0.0,0.0,0.25570762157440186
9324,2.091123104095459,0.0,0.0,-0.869880199432373
9325,-0.6800149083137512,0.0,0.0,0.2326163798570633
9326,-1.0105146169662476,0.0,0.0,-0.3555958867073059
9327,-0.8742620944976807,0.0,0.0,-0.07307237386703491
9328,-0.8742620944976807,0.0,0.0,0.5342514514923096
9329,1.2520713806152344,0.0,0.0,-1.140016794204712
9330,-1.124079704284668,0.0,0.0,-1.276233434677124
9331,-1.5011106729507446,0.0,0.0,-0.43565940856933594
9332,-0.8742620944976807,0.0,0.0,-0.07307237386703491
9333,-0.7950931787490845,0.0,0.0,-0.17825180292129517
9334,-1.0105146169662476,0.0,0.0,-0.3555958867073059
9335,2.091123104095459,0.0,0.0,-0.869880199432373
9336,-0.977457582950592,0.0,0.0,-0.4927177131175995
9337,-1.1252238750457764,0.0,0.0,0.2326163798570633
9338,-0.6800149083137512,0.0,0.0,0.2326163798570633
9339,-1.124079704284668,0.0,0.0,-1.276233434677124
9340,-1.124079704284668,0.0,0.0,-1.276233434677124
9341,-1.3059065341949463,0.0,0.0,0.3994806706905365
9342,-0.6800149083137512,0.0,0.0,0.2326163798570633
9343,-0.977457582950592,0.0,0.0,-0.4927177131175995
9344,1.2520713806152344,0.0,0.0,-1.140016794204712
9345,-1.124079704284668,0.0,0.0,-1.276233434677124
9346,-0.6094344854354858,0.0,0.0,0.8605226278305054
9347,-1.3059065341949463,0.0,0.0,0.3994806706905365
9348,0.8870267868041992,0.0,0.0,-1.140016794204712
9349,-0.6800149083137512,0.0,0.0,0.2326163798570633
9350,-1.124079704284668,0.0,0.0,-1.276233434677124
9351,-0.6800149083137512,0.0,0.0,0.2326163798570633
9352,-1.0971094369888306,0.0,0.0,0.3357711136341095
9353,-0.6800149083137512,0.0,0.0,0.2326163798570633
9354,-0.7950931787490845,0.0,0.0,-0.17825180292129517
9355,0.7398277521133423,0.0,0.0,-1.2039756774902344
9356,1.2520713806152344,0.0,0.0,-1.140016794204712
9357,-1.3059065341949463,0.0,0.0,-0.43565940856933594
9358,-0.6800149083137512,0.0,0.0,0.2326163798570633
9359,-0.6094344854354858,0.0,0.0,0.8605226278305054
9360,-1.3204280138015747,0.0,0.0,0.2326163798570633
9361,-0.8606976270675659,0.0,0.0,-0.43565940856933594
9362,-0.6800149083137512,0.0,0.0,0.2326163798570633
9363,-1.124079704284668,0.0,0.0,-1.276233434677124
9364,-0.6094344854354858,0.0,0.0,0.8605226278305054
9365,-0.6800149083137512,0.0,0.0,0.2326163798570633
9366,1.2520713806152344,0.0,0.0,-1.140016794204712
9367,0.13333211839199066,0.0,0.0,-1.2039756774902344
9368,0.7398277521133423,0.0,0.0,-1.2039756774902344
9369,-1.0310348272323608,0.0,0.0,-0.8246157169342041
9370,-0.6094344854354858,0.0,0.0,0.38221868872642517
9371,1.2520713806152344,0.0,0.0,-1.140016794204712
9372,-0.6094344854354858,0.0,0.0,0.5689220428466797
9373,-0.8742620944976807,0.0,0.0,0.5342514514923096
9374,-0.8742620944976807,0.0,0.0,-0.07307237386703491
9375,-1.0105146169662476,0.0,0.0,-0.12777961790561676
9376,-1.124079704284668,0.0,0.0,-1.276233434677124
9377,-0.6094344854354858,0.0,0.0,0.8605226278305054
9378,-0.6800149083137512,0.0,0.0,0.2326163798570633
9379,-1.124079704284668,0.0,0.0,-1.276233434677124
9380,-0.6800149083137512,0.0,0.0,0.2326163798570633
9381,-1.3059065341949463,0.0,0.0,-0.43565940856933594
9382,0.7398277521133423,0.0,0.0,-1.2039756774902344
9383,1.2520713806152344,0.0,0.0,-1.140016794204712
9384,1.2520713806152344,0.0,0.0,-1.140016794204712
9385,0.13333211839199066,0.0,0.0,-1.2039756774902344
9386,-0.8742620944976807,0.0,0.0,0.5342514514923096
9387,2.091123104095459,0.0,0.0,-0.869880199432373
9388,-0.977457582950592,0.0,0.0,-0.4927177131175995
9389,-1.4355062246322632,0.0,0.0,-0.17825180292129517
9390,-1.0971094369888306,0.0,0.0,-0.12777961790561676
9391,-1.124079704284668,0.0,0.0,-1.276233434677124
9392,-1.124079704284668,0.0,0.0,-1.276233434677124
9393,-1.124079704284668,0.0,0.0,-1.276233434677124
9394,1.2520713806152344,0.0,0.0,-1.140016794204712
9395,-1.5011106729507446,0.0,0.0,-0.43565940856933594
9396,-1.0971094369888306,0.0,0.0,0.47954419255256653
9397,-0.6800149083137512,0.0,0.0,0.2326163798570633
9398,-1.3204280138015747,0.0,0.0,0.2326163798570633
9399,0.7398277521133423,0.0,0.0,-1.2039756774902344
9400,-1.0971094369888306,0.0,0.0,-0.3555958867073059
9401,-0.6800149083137512,0.0,0.0,0.2326163798570633
9402,-0.6800149083137512,0.0,0.0,0.2326163798570633
9403,-0.6800149083137512,0.0,0.0,0.2326163798570633
9404,2.091123104095459,0.0,0.0,-0.869880199432373
9405,-1.3204280138015747,0.0,0.0,0.2326163798570633
9406,2.2377452850341797,0.0,0.0,-0.08636446297168732
9407,1.2520713806152344,0.0,0.0,-1.140016794204712
9408,-0.6094344854354858,0.0,0.0,0.8605226278305054
9409,-0.6094344854354858,0.0,0.0,0.8605226278305054
9410,2.091123104095459,0.0,0.0,-0.869880199432373
9411,-1.124079704284668,0.0,0.0,-1.276233434677124
9412,2.091123104095459,0.0,0.0,-0.869880199432373
9413,1.2520713806152344,0.0,0.0,-1.140016794204712
9414,2.091123104095459,0.0,0.0,-0.869880199432373
9415,0.7398277521133423,0.0,0.0,-1.2039756774902344
9416,1.661137580871582,0.0,0.0,0.891160249710083
9417,2.091123104095459,0.0,0.0,-0.869880199432373
9418,0.03666716441512108,0.0,0.0,0.8605226278305054
9419,-1.124079704284668,0.0,0.0,-1.276233434677124
9420,-0.6800149083137512,0.0,0.0,0.2326163798570633
9421,2.091123104095459,0.0,0.0,-0.869880199432373
9422,-1.0105146169662476,0.0,0.0,0.47954419255256653
9423,-1.124079704284668,0.0,0.0,-1.276233434677124
9424,2.091123104095459,0.0,0.0,-0.869880199432373
9425,1.1082730293273926,0.0,0.0,0.11196377873420715
9426,-0.6094344854354858,0.0,0.0,0.8605226278305054
9427,0.03666716441512108,0.0,0.0,0.8605226278305054
9428,-0.7701320648193359,0.0,0.0,-0.09818831086158752
9429,2.091123104095459,0.0,0.0,-0.869880199432373
9430,0.2799542248249054,0.0,0.0,-0.42045995593070984
9431,-0.6800149083137512,0.0,0.0,0.2326163798570633
9432,-0.6094344854354858,0.0,0.0,0.38221868872642517
9433,-0.8606976270675659,0.0,0.0,0.3994806706905365
9434,2.091123104095459,0.0,0.0,-0.869880199432373
9435,2.091123104095459,0.0,0.0,-0.869880199432373
9436,-0.6094344854354858,0.0,0.0,0.8605226278305054
9437,-0.8742620944976807,0.0,0.0,0.7140923738479614
9438,2.091123104095459,0.0,0.0,-0.869880199432373
9439,1.345116138458252,0.0,0.0,-0.6883993148803711
9440,-0.8742620944976807,0.0,0.0,0.5342514514923096
9441,1.2520713806152344,0.0,0.0,-1.140016794204712
9442,-1.1252238750457764,0.0,0.0,0.2326163798570633
9443,2.091123104095459,0.0,0.0,-0.869880199432373
9444,2.091123104095459,0.0,0.0,-0.869880199432373
9445,-0.6094344854354858,0.0,0.0,0.8605226278305054
9446,-1.0105146169662476,0.0,0.0,-0.3555958867073059
9447,-0.6094344854354858,0.0,0.0,0.8605226278305054
9448,0.8864498138427734,0.0,0.0,-0.42045995593070984
9449,2.091123104095459,0.0,0.0,-0.869880199432373
9450,-1.3204280138015747,0.0,0.0,0.2326163798570633
9451,0.03666716441512108,0.0,0.0,0.8605226278305054
9452,-0.6094344854354858,0.0,0.0,0.8605226278305054
9453,2.091123104095459,0.0,0.0,-0.869880199432373
9454,-1.0971094369888306,0.0,0.0,0.3357711136341095
9455,-0.8742620944976807,0.0,0.0,0.5342514514923096
9456,0.03666716441512108,0.0,0.0,0.8605226278305054
9457,-0.6800149083137512,0.0,0.0,0.2326163798570633
9458,2.091123104095459,0.0,0.0,-0.869880199432373
9459,2.091123104095459,0.0,0.0,-0.869880199432373
9460,-0.6094344854354858,0.0,0.0,0.5689220428466797
9461,2.091123104095459,0.0,0.0,-0.869880199432373
9462,-0.25728514790534973,0.0,0.0,0.22132989764213562
9463,-0.20384009182453156,0.0,0.0,0.022068049758672714
9464,-0.27716726064682007,0.0,0.0,-0.5562404990196228
9465,0.5304846167564392,0.0,0.0,-0.48917391896247864
9466,-1.0690562725067139,0.0,0.0,0.2704426348209381
9467,-0.9462395906448364,0.0,0.0,0.2939740717411041
9468,-1.0690562725067139,0.0,0.0,0.2704426348209381
9469,1.4389798641204834,0.0,0.0,-0.27979326248168945
9470,1.4389798641204834,0.0,0.0,-0.27979326248168945
9471,-0.8417750597000122,0.0,0.0,0.2939740717411041
9472,0.022566182538866997,0.0,0.0,-0.5443052053451538
9473,-0.8796411156654358,0.0,0.0,-0.050350628793239594
9474,-0.8796411156654358,0.0,0.0,-0.050350628793239594
9475,-1.0690562725067139,0.0,0.0,0.2704426348209381
9476,-0.20782716572284698,0.0,0.0,-0.41432663798332214
9477,-0.43881046772003174,0.0,0.0,-0.03288926184177399
9478,-0.4751887917518616,0.0,0.0,0.08207838237285614
9479,-0.20384009182453156,0.0,0.0,0.022068049758672714
9480,-0.15687304735183716,0.0,0.0,-0.5562404990196228
9481,-1.0690562725067139,0.0,0.0,0.2704426348209381
9482,-0.43881046772003174,0.0,0.0,-0.03288926184177399
9483,-0.20384009182453156,0.0,0.0,-0.036197878420352936
9484,1.4389798641204834,0.0,0.0,-0.27979326248168945
9485,-0.4267902374267578,0.0,0.0,0.08207838237285614
9486,-0.8796411156654358,0.0,0.0,0.0550154373049736
9487,-0.22739528119564056,0.0,0.0,-0.47669336199760437
9488,-0.22739528119564056,0.0,0.0,-0.5562404990196228
9489,-0.7982587218284607,0.0,0.0,-0.050350628793239594
9490,1.4389798641204834,0.0,0.0,-0.27979326248168945
9491,-1.0690562725067139,0.0,0.0,0.2704426348209381
9492,-0.6005935668945312,0.0,0.0,0.08207838237285614
9493,-0.298126757144928,0.0,0.0,-0.03288926184177399
9494,-0.43881046772003174,0.0,0.0,-0.03288926184177399
9495,0.4014742374420166,0.0,0.0,-0.5102866291999817
9496,-0.27716726064682007,0.0,0.0,-0.5562404990196228
9497,-0.8417750597000122,0.0,0.0,0.2939740717411041
9498,-0.298126757144928,0.0,0.0,-0.03288926184177399
9499,-1.0690562725067139,0.0,0.0,0.2704426348209381
9500,-0.6474388837814331,0.0,0.0,0.08207838237285614
9501,1.4389798641204834,0.0,0.0,-0.27979326248168945
9502,-0.20384009182453156,0.0,0.0,-0.036197878420352936
9503,-1.0690562725067139,0.0,0.0,0.2704426348209381
9504,-1.0690562725067139,0.0,0.0,0.2704426348209381
9505,-0.22739528119564056,0.0,0.0,-0.47669336199760437
9506,-0.22739528119564056,0.0,0.0,-0.47669336199760437
9507,-1.1069222688674927,0.0,0.0,-0.07388205826282501
9508,-1.0690562725067139,0.0,0.0,0.2704426348209381
9509,-0.15406811237335205,0.0,0.0,-0.036197878420352936
9510,0.4014742374420166,0.0,0.0,-0.5102866291999817
9511,-0.22739528119564056,0.0,0.0,-0.5562404990196228
9512,-0.17715726792812347,0.0,0.0,0.18114331364631653
9513,-1.1069222688674927,0.0,0.0,-0.07388205826282501
9514,0.12620969116687775,0.0,0.0,-0.5443052053451538
9515,-1.0690562725067139,0.0,0.0,0.2704426348209381
9516,-0.22739528119564056,0.0,0.0,-0.5562404990196228
9517,-1.0690562725067139,0.0,0.0,0.2704426348209381
9518,-0.43881046772003174,0.0,0.0,-0.03288926184177399
9519,-1.0690562725067139,0.0,0.0,0.2704426348209381
9520,-1.0690562725067139,0.0,0.0,0.2704426348209381
9521,-0.12733936309814453,0.0,0.0,-0.47669336199760437
9522,0.7425782084465027,0.0,0.0,-0.47919729351997375
9523,-0.9720854163169861,0.0,0.0,0.06461701542139053
9524,-1.0690562725067139,0.0,0.0,0.2704426348209381
9525,-0.14384819567203522,0.0,0.0,0.22132989764213562
9526,-0.8417750597000122,0.0,0.0,0.2939740717411041
9527,-1.0949020385742188,0.0,0.0,0.04108559340238571
9528,-1.0690562725067139,0.0,0.0,0.2704426348209381
9529,-0.27716726064682007,0.0,0.0,-0.5562404990196228
9530,-0.14384819567203522,0.0,0.0,0.22132989764213562
9531,-1.0690562725067139,0.0,0.0,0.2704426348209381
9532,0.4014742374420166,0.0,0.0,-0.5102866291999817
9533,-0.12733936309814453,0.0,0.0,-0.5562404990196228
9534,0.06476253271102905,0.0,0.0,-0.5443052053451538
9535,-0.2575991451740265,0.0,0.0,-0.41432663798332214
9536,-0.15406811237335205,0.0,0.0,0.022068049758672714
9537,1.4389798641204834,0.0,0.0,-0.3228512704372406
9538,-0.2652440369129181,0.0,0.0,0.18114331364631653
9539,-0.399036169052124,0.0,0.0,-0.03288926184177399
9540,-0.298126757144928,0.0,0.0,-0.03288926184177399
9541,-0.4872090220451355,0.0,0.0,-0.03288926184177399
9542,-0.1886502355337143,0.0,0.0,-0.5562404990196228
9543,-0.14384819567203522,0.0,0.0,0.22132989764213562
9544,-1.0690562725067139,0.0,0.0,0.2704426348209381
9545,-0.22739528119564056,0.0,0.0,-0.5197513699531555
9546,-1.0690562725067139,0.0,0.0,0.2704426348209381
9547,-1.0949020385742188,0.0,0.0,0.04108559340238571
9548,-0.12733936309814453,0.0,0.0,-0.5562404990196228
9549,0.600492537021637,0.0,0.0,-0.48917391896247864
9550,0.9032151103019714,0.0,0.0,-0.3765579164028168
9551,-0.12733936309814453,0.0,0.0,-0.47669336199760437
9552,-0.298126757144928,0.0,0.0,-0.03288926184177399
9553,1.4389798641204834,0.0,0.0,-0.27979326248168945
9554,-0.20384009182453156,0.0,0.0,-0.036197878420352936
9555,-0.8417750597000122,0.0,0.0,0.2939740717411041
9556,-0.43881046772003174,0.0,0.0,-0.03288926184177399
9557,-0.27716726064682007,0.0,0.0,-0.5562404990196228
9558,-0.27716726064682007,0.0,0.0,-0.5562404990196228
9559,-0.27716726064682007,0.0,0.0,-0.5562404990196228
9560,0.9032151103019714,0.0,0.0,-0.41304704546928406
9561,-0.9720854163169861,0.0,0.0,0.06461701542139053
9562,-0.43881046772003174,0.0,0.0,-0.03288926184177399
9563,-1.0690562725067139,0.0,0.0,0.2704426348209381
9564,-0.9462395906448364,0.0,0.0,0.2939740717411041
9565,-0.12733936309814453,0.0,0.0,-0.5562404990196228
9566,-0.4267902374267578,0.0,0.0,0.08207838237285614
9567,-1.0690562725067139,0.0,0.0,0.2704426348209381
9568,-1.0690562725067139,0.0,0.0,0.2704426348209381
9569,-1.0690562725067139,0.0,0.0,0.2704426348209381
9570,1.4389798641204834,0.0,0.0,-0.27979326248168945
9571,-0.8417750597000122,0.0,0.0,0.2939740717411041
9572,1.4134783744812012,0.0,0.0,-0.07461044937372208
9573,0.4014742374420166,0.0,0.0,-0.43073949217796326
9574,-0.14384819567203522,0.0,0.0,0.22132989764213562
9575,-0.25728514790534973,0.0,0.0,0.22132989764213562
9576,1.4389798641204834,0.0,0.0,-0.3593403697013855
9577,-0.1886502355337143,0.0,0.0,-0.5197513699531555
9578,1.4389798641204834,0.0,0.0,-0.27979326248168945
9579,0.600492537021637,0.0,0.0,-0.48917391896247864
9580,1.4389798641204834,0.0,0.0,-0.27979326248168945
9581,-0.12733936309814453,0.0,0.0,-0.5562404990196228
9582,0.4821120500564575,0.0,0.0,0.20772507786750793
9583,1.4389798641204834,0.0,0.0,-0.27979326248168945
9584,-0.14384819567203522,0.0,0.0,0.22132989764213562
9585,-0.22739528119564056,0.0,0.0,-0.5562404990196228
9586,-1.0690562725067139,0.0,0.0,0.2704426348209381
9587,1.4389798641204834,0.0,0.0,-0.27979326248168945
9588,-0.6594589948654175,0.0,0.0,-0.03288926184177399
9589,-0.22739528119564056,0.0,0.0,-0.47669336199760437
9590,1.4389798641204834,0.0,0.0,-0.3228512704372406
9591,-0.054012179374694824,0.0,0.0,0.022068049758672714
9592,-0.2652440369129181,0.0,0.0,0.18114331364631653
9593,-0.14384819567203522,0.0,0.0,0.22132989764213562
9594,-0.4009443521499634,0.0,0.0,0.31143543124198914
9595,1.4389798641204834,0.0,0.0,-0.27979326248168945
9596,-0.054012179374694824,0.0,0.0,-0.036197878420352936
9597,-1.0690562725067139,0.0,0.0,0.2704426348209381
9598,-0.20384009182453156,0.0,0.0,0.022068049758672714
9599,-1.1069222688674927,0.0,0.0,-0.07388205826282501
9600,1.4389798641204834,0.0,0.0,-0.3593403697013855
9601,1.4389798641204834,0.0,0.0,-0.27979326248168945
9602,-0.16919837892055511,0.0,0.0,0.22132989764213562
9603,-0.298126757144928,0.0,0.0,0.19045811891555786
9604,1.4389798641204834,0.0,0.0,-0.27979326248168945
9605,0.5500527024269104,0.0,0.0,-0.3472600281238556
9606,-0.43881046772003174,0.0,0.0,-0.03288926184177399
9607,1.4389798641204834,0.0,0.0,-0.3228512704372406
9608,-0.9462395906448364,0.0,0.0,0.2939740717411041
9609,1.4389798641204834,0.0,0.0,-0.27979326248168945
9610,1.4389798641204834,0.0,0.0,-0.3593403697013855
9611,-0.14384819567203522,0.0,0.0,0.22132989764213562
9612,-0.4751887917518616,0.0,0.0,0.08207838237285614
9613,-0.16919837892055511,0.0,0.0,0.22132989764213562
9614,0.09053759276866913,0.0,0.0,-0.05765112489461899
9615,1.4389798641204834,0.0,0.0,-0.27979326248168945
9616,-0.8417750597000122,0.0,0.0,0.2939740717411041
9617,-0.14384819567203522,0.0,0.0,0.22132989764213562
9618,-0.17715726792812347,0.0,0.0,0.18114331364631653
9619,1.4389798641204834,0.0,0.0,-0.27979326248168945
9620,-0.4267902374267578,0.0,0.0,0.08207838237285614
9621,-0.298126757144928,0.0,0.0,-0.03288926184177399
9622,-0.14384819567203522,0.0,0.0,0.22132989764213562
9623,-1.0690562725067139,0.0,0.0,0.2704426348209381
9624,1.4389798641204834,0.0,0.0,-0.3593403697013855
9625,1.4389798641204834,0.0,0.0,-0.27979326248168945
9626,-0.12738527357578278,0.0,0.0,0.18114331364631653
9627,1.4389798641204834,0.0,0.0,-0.27979326248168945
9628,-1.2963154315948486,0.0,0.0,0.3714309334754944
9629,-1.1826810836791992,0.0,0.0,-1.9975814819335938
9630,-0.7633360624313354,0.0,0.0,-3.98661470413208
9631,1.6685738563537598,0.0,0.0,-2.921708106994629
9632,-2.3771190643310547,0.0,0.0,0.8814864158630371
9633,-2.823526382446289,0.0,0.0,0.8814864158630371
9634,-2.2671446800231934,0.0,0.0,0.6799226999282837
9635,2.223132610321045,0.0,0.0,-1.995945692062378
9636,2.223132610321045,0.0,0.0,-1.995945692062378
9637,-3.3355047702789307,0.0,0.0,0.6799226999282837
9638,1.28230619430542,0.0,0.0,-2.9084315299987793
9639,-3.5151381492614746,0.0,0.0,0.37976086139678955
9640,-3.5151381492614746,0.0,0.0,0.37976086139678955
9641,-2.254617214202881,0.0,0.0,0.8814864158630371
9642,0.319820761680603,0.0,0.0,-2.9824209213256836
9643,-2.765294313430786,0.0,0.0,0.9778061509132385
9644,-2.2062489986419678,0.0,0.0,-0.2420126348733902
9645,-0.09281738102436066,0.0,0.0,-1.2718422412872314
9646,0.7061319947242737,0.0,0.0,-3.9142227172851562
9647,-2.254617214202881,0.0,0.0,0.8814864158630371
9648,-2.765294313430786,0.0,0.0,1.1237828731536865
9649,-1.1236991882324219,0.0,0.0,-1.9471806287765503
9650,2.223132610321045,0.0,0.0,-1.995945692062378
9651,-2.45689058303833,0.0,0.0,0.3006678819656372
9652,-3.5151381492614746,0.0,0.0,0.37976086139678955
9653,0.31790417432785034,0.0,0.0,-2.1917476654052734
9654,0.31790417432785034,0.0,0.0,-3.004091262817383
9655,-2.98667311668396,0.0,0.0,0.9735949635505676
9656,2.223132610321045,0.0,0.0,-1.995945692062378
9657,-2.254617214202881,0.0,0.0,0.8814864158630371
9658,-2.4372284412384033,0.0,0.0,0.26791226863861084
9659,-2.4460105895996094,0.0,0.0,0.5539709329605103
9660,-2.7636189460754395,0.0,0.0,0.5164464712142944
9661,1.5185954570770264,0.0,0.0,-2.938724994659424
9662,-0.30050015449523926,0.0,0.0,-3.963592529296875
9663,-3.4091928005218506,0.0,0.0,-0.3327629566192627
9664,-2.0967037677764893,0.0,0.0,0.5642434358596802
9665,-2.337635040283203,0.0,0.0,0.11395518481731415
9666,-2.5803720951080322,0.0,0.0,-0.25594186782836914
9667,2.223132610321045,0.0,0.0,-1.995945692062378
9668,-1.0669209957122803,0.0,0.0,-1.9975814819335938
9669,-2.3771190643310547,0.0,0.0,0.8814864158630371
9670,-2.2671446800231934,0.0,0.0,0.6799226999282837
9671,0.31790417432785034,0.0,0.0,-2.1917476654052734
9672,0.29748743772506714,0.0,0.0,-2.2165098190307617
9673,-2.4249677658081055,0.0,0.0,0.8568654656410217
9674,-2.254617214202881,0.0,0.0,0.8814864158630371
9675,-0.09211291372776031,0.0,0.0,-1.9328147172927856
9676,1.5185954570770264,0.0,0.0,-3.5390172004699707
9677,0.7432751655578613,0.0,0.0,-3.9389877319335938
9678,-1.2127232551574707,0.0,0.0,-0.21311652660369873
9679,-2.4249677658081055,0.0,0.0,1.37546968460083
9680,1.3751633167266846,0.0,0.0,-3.711245059967041
9681,-2.2671446800231934,0.0,0.0,0.6799226999282837
9682,0.5967551469802856,0.0,0.0,-3.017422676086426
9683,-2.254617214202881,0.0,0.0,0.8814864158630371
9684,-2.765294313430786,0.0,0.0,0.7985752820968628
9685,-2.254617214202881,0.0,0.0,0.8814864158630371
9686,-2.337635040283203,0.0,0.0,0.11395518481731415
9687,0.8329669833183289,0.0,0.0,-2.180314064025879
9688,1.7530570030212402,0.0,0.0,-2.894829273223877
9689,-2.9938769340515137,0.0,0.0,-0.2028818428516388
9690,-2.254617214202881,0.0,0.0,0.8814864158630371
9691,-1.128091812133789,0.0,0.0,0.5767876505851746
9692,-3.3355047702789307,0.0,0.0,0.6799226999282837
9693,-2.4249677658081055,0.0,0.0,-0.3441271185874939
9694,-2.2671446800231934,0.0,0.0,0.6799226999282837
9695,-1.0848965644836426,0.0,0.0,-4.0283589363098145
9696,-1.2277963161468506,0.0,0.0,0.5767876505851746
9697,-2.254617214202881,0.0,0.0,0.8814864158630371
9698,1.5039937496185303,0.0,0.0,-3.860290050506592
9699,0.7515278458595276,0.0,0.0,-3.9142227172851562
9700,1.28230619430542,0.0,0.0,-2.9617457389831543
9701,-0.23556232452392578,0.0,0.0,-3.020357131958008
9702,0.5718727707862854,0.0,0.0,-1.2339059114456177
9703,1.950282335281372,0.0,0.0,-2.254517078399658
9704,-1.2554428577423096,0.0,0.0,-0.6016287207603455
9705,-2.7418079376220703,0.0,0.0,0.9935508370399475
9706,-2.0967037677764893,0.0,0.0,0.5642434358596802
9707,-2.394695997238159,0.0,0.0,0.48187553882598877
9708,0.6399616599082947,0.0,0.0,-3.9142227172851562
9709,-1.2277963161468506,0.0,0.0,0.5767876505851746
9710,-2.254617214202881,0.0,0.0,0.8814864158630371
9711,0.29748743772506714,0.0,0.0,-2.2165098190307617
9712,-2.254617214202881,0.0,0.0,0.8814864158630371
9713,-2.5474696159362793,0.0,0.0,-0.2545856833457947
9714,0.8329669833183289,0.0,0.0,-2.9926576614379883
9715,1.7530570030212402,0.0,0.0,-2.894829273223877
9716,1.7530570030212402,0.0,0.0,-2.0824856758117676
9717,0.7661295533180237,0.0,0.0,-2.180314064025879
9718,-2.7128336429595947,0.0,0.0,0.5164464712142944
9719,2.223132610321045,0.0,0.0,-1.995945692062378
9720,-1.1236991882324219,0.0,0.0,-1.9975814819335938
9721,-3.2628960609436035,0.0,0.0,0.12531937658786774
9722,-2.787104845046997,0.0,0.0,0.5007018446922302
9723,-0.30779504776000977,0.0,0.0,-3.963592529296875
9724,-0.30779504776000977,0.0,0.0,-3.963592529296875
9725,-1.2026677131652832,0.0,0.0,-4.0283589363098145
9726,1.7530570030212402,0.0,0.0,-2.4822683334350586
9727,-2.9938769340515137,0.0,0.0,0.22784996032714844
9728,-2.45689058303833,0.0,0.0,0.9778061509132385
9729,-2.254617214202881,0.0,0.0,0.8814864158630371
9730,-2.8360543251037598,0.0,0.0,0.6799226999282837
9731,0.9885289072990417,0.0,0.0,-3.9059057235717773
9732,-2.765294313430786,0.0,0.0,0.41373634338378906
9733,-2.254617214202881,0.0,0.0,0.8814864158630371
9734,-2.254617214202881,0.0,0.0,0.8814864158630371
9735,-2.254617214202881,0.0,0.0,0.8814864158630371
9736,2.223132610321045,0.0,0.0,-1.995945692062378
9737,-2.8360543251037598,0.0,0.0,0.6799226999282837
9738,2.2333998680114746,0.0,0.0,-2.232517719268799
9739,1.5185954570770264,0.0,0.0,-2.1263813972473145
9740,-1.128091812133789,0.0,0.0,0.5767876505851746
9741,-1.2859256267547607,0.0,0.0,0.5767876505851746
9742,2.208530902862549,0.0,0.0,-3.729854106903076
9743,0.6545633673667908,0.0,0.0,-2.180314064025879
9744,2.223132610321045,0.0,0.0,-1.995945692062378
9745,1.6539721488952637,0.0,0.0,-3.843273162841797
9746,2.223132610321045,0.0,0.0,-1.995945692062378
9747,1.334221363067627,0.0,0.0,-2.8864784240722656
9748,1.6680376529693604,0.0,0.0,-0.17889145016670227
9749,2.223132610321045,0.0,0.0,-1.995945692062378
9750,-1.0514919757843018,0.0,0.0,0.5767876505851746
9751,0.9503509998321533,0.0,0.0,-2.9995694160461426
9752,-2.254617214202881,0.0,0.0,0.8814864158630371
9753,2.223132610321045,0.0,0.0,-1.995945692062378
9754,-2.526827096939087,0.0,0.0,1.3876091241836548
9755,0.7578768730163574,0.0,0.0,-2.2050790786743164
9756,2.223132610321045,0.0,0.0,-1.995945692062378
9757,0.8304962515830994,0.0,0.0,-1.8834450244903564
9758,-1.2127232551574707,0.0,0.0,-0.21311652660369873
9759,-1.0514919757843018,0.0,0.0,0.5767876505851746
9760,-2.059338331222534,0.0,0.0,0.31680822372436523
9761,2.223132610321045,0.0,0.0,-1.995945692062378
9762,0.957162082195282,0.0,0.0,-1.833044171333313
9763,-2.254617214202881,0.0,0.0,0.8814864158630371
9764,-0.17219871282577515,0.0,0.0,-1.2718422412872314
9765,-2.4249677658081055,0.0,0.0,1.1335821151733398
9766,2.223132610321045,0.0,0.0,-2.803767204284668
9767,2.223132610321045,0.0,0.0,-1.995945692062378
9768,-0.9819431304931641,0.0,0.0,0.3714309334754944
9769,-2.4460105895996094,0.0,0.0,0.5539709329605103
9770,2.223132610321045,0.0,0.0,-1.995945692062378
9771,1.6704905033111572,0.0,0.0,-2.9000377655029297
9772,-2.5920193195343018,0.0,0.0,1.5121549367904663
9773,1.950282335281372,0.0,0.0,-2.254517078399658
9774,-2.389646530151367,0.0,0.0,0.6799226999282837
9775,2.223132610321045,0.0,0.0,-1.995945692062378
9776,2.223132610321045,0.0,0.0,-2.808289051055908
9777,-1.1475694179534912,0.0,0.0,0.5767876505851746
9778,-2.080061197280884,0.0,0.0,0.3562251925468445
9779,-1.1871614456176758,0.0,0.0,0.5767876505851746
9780,1.3758594989776611,0.0,0.0,-1.975644588470459
9781,2.223132610321045,0.0,0.0,-1.995945692062378
9782,-3.3355047702789307,0.0,0.0,0.6799226999282837
9783,-1.0514919757843018,0.0,0.0,0.5767876505851746
9784,-0.0465279296040535,0.0,0.0,-0.14834991097450256
9785,2.223132610321045,0.0,0.0,-1.995945692062378
9786,-2.45689058303833,0.0,0.0,0.9304062128067017
9787,-2.7636189460754395,0.0,0.0,0.5164464712142944
9788,-1.0514919757843018,0.0,0.0,0.5767876505851746
9789,-2.254617214202881,0.0,0.0,0.8814864158630371
9790,2.223132610321045,0.0,0.0,-2.803767204284668
9791,2.223132610321045,0.0,0.0,-1.995945692062378
9792,0.906108021736145,0.0,0.0,-0.5122572183609009
9793,2.223132610321045,0.0,0.0,-1.995945692062378
9794,-0.3747967779636383,0.0,0.0,0.46133166551589966
9795,-0.6025604605674744,0.0,0.0,-0.592329740524292
9796,-0.6511567234992981,0.0,0.0,-2.3309123516082764
9797,0.49581435322761536,0.0,0.0,-2.636124610900879
9798,-2.608684778213501,0.0,0.0,0.8383876085281372
9799,-2.4920122623443604,0.0,0.0,0.8136990070343018
9800,-2.4727697372436523,0.0,0.0,0.4739170968532562
9801,2.3829638957977295,0.0,0.0,-1.6457829475402832
9802,2.3829638957977295,0.0,0.0,-1.6457829475402832
9803,-2.341099262237549,0.0,0.0,0.8389397859573364
9804,0.7507377862930298,0.0,0.0,-2.6318163871765137
9805,-2.7557976245880127,0.0,0.0,0.06204667687416077
9806,-2.7557976245880127,0.0,0.0,0.06204667687416077
9807,-2.3969926834106445,0.0,0.0,1.2656910419464111
9808,0.25665295124053955,0.0,0.0,-1.4580813646316528
9809,-1.4889860153198242,0.0,0.0,0.5392398238182068
9810,-2.007115602493286,0.0,0.0,0.7192831635475159
9811,-0.6025604605674744,0.0,0.0,-0.592329740524292
9812,0.4184272289276123,0.0,0.0,-2.15633487701416
9813,-2.3969926834106445,0.0,0.0,1.2656910419464111
9814,-1.4889860153198242,0.0,0.0,0.5392398238182068
9815,-0.6142471432685852,0.0,0.0,-1.0460293292999268
9816,2.2188541889190674,0.0,0.0,-1.7111155986785889
9817,-1.6178548336029053,0.0,0.0,0.7750131487846375
9818,-2.7557976245880127,0.0,0.0,0.11100037395954132
9819,0.33806514739990234,0.0,0.0,-1.8081014156341553
9820,0.2635837197303772,0.0,0.0,-2.6921226978302
9821,-2.512873888015747,0.0,0.0,0.6326838135719299
9822,2.3829638957977295,0.0,0.0,-1.6457829475402832
9823,-2.3969926834106445,0.0,0.0,1.2656910419464111
9824,-2.007115602493286,0.0,0.0,0.7192831635475159
9825,-0.8615630269050598,0.0,0.0,0.208759143948555
9826,-1.2165710926055908,0.0,0.0,0.28137844800949097
9827,0.49581435322761536,0.0,0.0,-2.636124610900879
9828,-0.6285688281059265,0.0,0.0,-2.231031894683838
9829,-2.6897377967834473,0.0,0.0,1.0418347120285034
9830,-0.7591914534568787,0.0,0.0,0.208759143948555
9831,-2.4838931560516357,0.0,0.0,1.109811782836914
9832,-2.007115602493286,0.0,0.0,0.7192831635475159
9833,2.3829638957977295,0.0,0.0,-1.6457829475402832
9834,-0.6142471432685852,0.0,0.0,-1.0460293292999268
9835,-2.608684778213501,0.0,0.0,0.8383876085281372
9836,-2.4727697372436523,0.0,0.0,0.4739170968532562
9837,0.33806514739990234,0.0,0.0,-1.8081014156341553
9838,-0.43697038292884827,0.0,0.0,-2.316401481628418
9839,-2.6919333934783936,0.0,0.0,0.4455251097679138
9840,-2.3969926834106445,0.0,0.0,1.2656910419464111
9841,-0.6142471432685852,0.0,0.0,-1.0460293292999268
9842,0.3638353645801544,0.0,0.0,-1.8093117475509644
9843,0.2721948027610779,0.0,0.0,-2.293225049972534
9844,-0.5443887710571289,0.0,0.0,0.11575056612491608
9845,-2.213437795639038,0.0,0.0,0.7071676850318909
9846,0.7485053539276123,0.0,0.0,-2.133038282394409
9847,-2.4727697372436523,0.0,0.0,0.4739170968532562
9848,0.29701510071754456,0.0,0.0,-2.6921226978302
9849,-2.3969926834106445,0.0,0.0,1.2656910419464111
9850,-1.325652837753296,0.0,0.0,0.7633776068687439
9851,-2.3969926834106445,0.0,0.0,1.2656910419464111
9852,-2.4838931560516357,0.0,0.0,1.109811782836914
9853,0.8394959568977356,0.0,0.0,-2.019195556640625
9854,0.8094062805175781,0.0,0.0,-2.6027708053588867
9855,-2.5653297901153564,0.0,0.0,0.6566101908683777
9856,-2.3969926834106445,0.0,0.0,1.2656910419464111
9857,-0.7591914534568787,0.0,0.0,0.46133166551589966
9858,-2.6786141395568848,0.0,0.0,0.4059400260448456
9859,-2.512359619140625,0.0,0.0,0.7122965455055237
9860,-2.4727697372436523,0.0,0.0,0.4739170968532562
9861,-0.6511567234992981,0.0,0.0,-2.3309123516082764
9862,-0.6721104979515076,0.0,0.0,0.46133166551589966
9863,-2.3969926834106445,0.0,0.0,1.2656910419464111
9864,0.4709939658641815,0.0,0.0,-2.2372264862060547
9865,0.5571821331977844,0.0,0.0,-2.2562150955200195
9866,0.7676824331283569,0.0,0.0,-1.8912168741226196
9867,-0.6332672238349915,0.0,0.0,-1.495768666267395
9868,0.28735965490341187,0.0,0.0,-0.5546425580978394
9869,1.165076494216919,0.0,0.0,-2.3478639125823975
9870,-0.48551326990127563,0.0,0.0,-0.573811411857605
9871,-1.1789777278900146,0.0,0.0,0.7793963551521301
9872,-0.7591914534568787,0.0,0.0,0.208759143948555
9873,-2.044708490371704,0.0,0.0,0.13701044023036957
9874,0.3958394527435303,0.0,0.0,-2.2562150955200195
9875,-0.7591914534568787,0.0,0.0,0.46133166551589966
9876,-2.3969926834106445,0.0,0.0,1.2656910419464111
9877,-0.5880618691444397,0.0,0.0,-2.316401481628418
9878,-2.3969926834106445,0.0,0.0,1.2656910419464111
9879,-2.682002305984497,0.0,0.0,0.6812987923622131
9880,0.7907419800758362,0.0,0.0,-2.6551129817962646
9881,0.8094062805175781,0.0,0.0,-2.6027708053588867
9882,0.8476808071136475,0.0,0.0,-2.189361810684204
9883,0.6564838290214539,0.0,0.0,-1.7710916996002197
9884,-0.8615630269050598,0.0,0.0,0.28137844800949097
9885,2.3829638957977295,0.0,0.0,-1.6457829475402832
9886,-0.6142471432685852,0.0,0.0,-1.0460293292999268
9887,-2.592410087585449,0.0,0.0,1.0418347120285034
9888,-1.516648292541504,0.0,0.0,0.192740336060524
9889,-0.6285688281059265,0.0,0.0,-2.231031894683838
9890,-0.6285688281059265,0.0,0.0,-2.231031894683838
9891,-0.6511567234992981,0.0,0.0,-2.3309123516082764
9892,0.8094062805175781,0.0,0.0,-2.6027708053588867
9893,-2.5653297901153564,0.0,0.0,0.590987503528595
9894,-1.6277861595153809,0.0,0.0,0.5392398238182068
9895,-2.3969926834106445,0.0,0.0,1.2656910419464111
9896,-2.525739908218384,0.0,0.0,0.4182306230068207
9897,0.7885096669197083,0.0,0.0,-2.15633487701416
9898,-1.4790546894073486,0.0,0.0,0.7093906998634338
9899,-2.3969926834106445,0.0,0.0,1.2656910419464111
9900,-2.3969926834106445,0.0,0.0,1.2656910419464111
9901,-2.3969926834106445,0.0,0.0,1.2656910419464111
9902,2.3829638957977295,0.0,0.0,-1.6457829475402832
9903,-2.322678565979004,0.0,0.0,1.66709566116333
9904,2.307239055633545,0.0,0.0,-0.8199169635772705
9905,1.000710129737854,0.0,0.0,-1.724696159362793
9906,-0.7591914534568787,0.0,0.0,0.46133166551589966
9907,-0.3747967779636383,0.0,0.0,0.46133166551589966
9908,2.457026481628418,0.0,0.0,-1.8802498579025269
9909,0.7278217077255249,0.0,0.0,-2.0905089378356934
9910,2.4975337982177734,0.0,0.0,-1.9656192064285278
9911,1.0092527866363525,0.0,0.0,-2.094020128250122
9912,2.3829638957977295,0.0,0.0,-1.6457829475402832
9913,1.0010297298431396,0.0,0.0,-1.8912168741226196
9914,1.0737249851226807,0.0,0.0,0.05043509602546692
9915,2.3829638957977295,0.0,0.0,-1.6457829475402832
9916,-0.7591914534568787,0.0,0.0,0.46133166551589966
9917,0.45781978964805603,0.0,0.0,-1.693090796470642
9918,-2.3969926834106445,0.0,0.0,1.2656910419464111
9919,2.3829638957977295,0.0,0.0,-1.6457829475402832
9920,-2.0170462131500244,0.0,0.0,0.6692250370979309
9921,0.3714965879917145,0.0,0.0,-1.8081014156341553
9922,2.4975337982177734,0.0,0.0,-1.8227574825286865
9923,0.8028313517570496,0.0,0.0,-0.601224422454834
9924,-0.4273415207862854,0.0,0.0,0.13426898419857025
9925,-0.7591914534568787,0.0,0.0,0.46133166551589966
9926,-1.5893887281417847,0.0,0.0,1.1725285053253174
9927,2.3829638957977295,0.0,0.0,-1.6457829475402832
9928,0.5940915942192078,0.0,0.0,-0.9713321924209595
9929,-2.4390416145324707,0.0,0.0,0.8693854808807373
9930,-0.6025604605674744,0.0,0.0,-0.592329740524292
9931,-2.2035067081451416,0.0,0.0,0.7006610035896301
9932,2.3120946884155273,0.0,0.0,-1.4453282356262207
9933,2.3829638957977295,0.0,0.0,-1.6457829475402832
9934,-0.4918440282344818,0.0,0.0,0.44281333684921265
9935,-0.7591914534568787,0.0,0.0,0.46133166551589966
9936,2.3829638957977295,0.0,0.0,-1.6457829475402832
9937,0.48888352513313293,0.0,0.0,-1.4020823240280151
9938,-1.1889088153839111,0.0,0.0,0.7859030365943909
9939,0.8094062805175781,0.0,0.0,-2.6027708053588867
9940,-2.385744571685791,0.0,0.0,1.691784381866455
9941,2.442044973373413,0.0,0.0,-1.8090784549713135
9942,2.295149803161621,0.0,0.0,-2.4443609714508057
9943,-0.3747967779636383,0.0,0.0,0.46133166551589966
9944,-2.007115602493286,0.0,0.0,0.7192831635475159
9945,-0.4918440282344818,0.0,0.0,0.44281333684921265
9946,0.8036091923713684,0.0,0.0,-0.948035478591919
9947,2.3829638957977295,0.0,0.0,-1.6457829475402832
9948,-2.322678565979004,0.0,0.0,1.554776906967163
9949,-0.7591914534568787,0.0,0.0,0.46133166551589966
9950,-0.5443887710571289,0.0,0.0,0.11575056612491608
9951,2.3829638957977295,0.0,0.0,-1.6457829475402832
9952,-1.4790546894073486,0.0,0.0,0.8291798233985901
9953,-0.8615630269050598,0.0,0.0,0.40418916940689087
9954,-0.7591914534568787,0.0,0.0,0.46133166551589966
9955,-2.3969926834106445,0.0,0.0,1.2656910419464111
9956,2.4762039184570312,0.0,0.0,-1.4608008861541748
9957,2.3829638957977295,0.0,0.0,-1.6457829475402832
9958,-0.45146897435188293,0.0,0.0,-0.592329740524292
9959,2.3829638957977295,0.0,0.0,-1.6457829475402832
9960,-1.1066752672195435,0.0,0.0,0.6551380157470703
9961,-0.8696627616882324,0.0,0.0,-1.5801076889038086
9962,-0.5322837233543396,0.0,0.0,-3.7095978260040283
9963,2.4578089714050293,0.0,0.0,-2.860706329345703
9964,-3.1730759143829346,0.0,0.0,1.89638090133667
9965,-3.2420847415924072,0.0,0.0,1.89638090133667
9966,-3.1730759143829346,0.0,0.0,1.89638090133667
9967,2.905510425567627,0.0,0.0,-2.6828789710998535
9968,2.905510425567627,0.0,0.0,-2.6828789710998535
9969,-3.4480106830596924,0.0,0.0,1.89638090133667
9970,2.3891777992248535,0.0,0.0,-2.860706329345703
9971,-3.560903787612915,0.0,0.0,0.7754675149917603
9972,-3.633098840713501,0.0,0.0,0.7754675149917603
9973,-3.1730759143829346,0.0,0.0,1.89638090133667
9974,1.5776225328445435,0.0,0.0,-3.7095978260040283
9975,-3.4024229049682617,0.0,0.0,1.7638527154922485
9976,-3.141832113265991,0.0,0.0,1.8597843647003174
9977,0.2618519067764282,0.0,0.0,-0.9633805155754089
9978,0.8082973957061768,0.0,0.0,-3.5142672061920166
9979,-3.1730759143829346,0.0,0.0,1.89638090133667
9980,-3.4024229049682617,0.0,0.0,1.8401895761489868
9981,-0.6957029104232788,0.0,0.0,-1.9470824003219604
9982,2.905510425567627,0.0,0.0,-2.6828789710998535
9983,-2.868880271911621,0.0,0.0,1.746100664138794
9984,-3.633098840713501,0.0,0.0,0.7754675149917603
9985,0.5869399309158325,0.0,0.0,-2.8496460914611816
9986,0.5869399309158325,0.0,0.0,-2.9626615047454834
9987,-3.220834493637085,0.0,0.0,1.775282621383667
9988,2.905510425567627,0.0,0.0,-2.6828789710998535
9989,-3.1730759143829346,0.0,0.0,1.89638090133667
9990,-3.281414747238159,0.0,0.0,1.6965391635894775
9991,-2.519044876098633,0.0,0.0,0.900931715965271
9992,-2.69288969039917,0.0,0.0,2.346203565597534
9993,2.4578089714050293,0.0,0.0,-2.860706329345703
9994,-0.04459640756249428,0.0,0.0,-3.530514717102051
9995,-3.4467127323150635,0.0,0.0,1.89638090133667
9996,-2.519044876098633,0.0,0.0,0.900931715965271
9997,-3.1730759143829346,0.0,0.0,1.89638090133667
9998,-3.262873649597168,0.0,0.0,1.8498516082763672
9999,2.905510425567627,0.0,0.0,-2.6828789710998535
10000,-0.6957029104232788,0.0,0.0,-1.9470824003219604
10001,-3.1730759143829346,0.0,0.0,1.89638090133667
10002,-3.1730759143829346,0.0,0.0,1.89638090133667
10003,0.5869399309158325,0.0,0.0,-2.8496460914611816
10004,0.610275387763977,0.0,0.0,-2.8496460914611816
10005,-3.2404158115386963,0.0,0.0,1.7527741193771362
10006,-3.1730759143829346,0.0,0.0,1.89638090133667
10007,0.7224268913269043,0.0,0.0,-1.9470824003219604
10008,2.4578089714050293,0.0,0.0,-3.4285597801208496
10009,1.1627196073532104,0.0,0.0,-3.7095978260040283
10010,-0.7960009574890137,0.0,0.0,0.6551380157470703
10011,-3.2404158115386963,0.0,0.0,1.9496538639068604
10012,2.3891777992248535,0.0,0.0,-3.4285597801208496
10013,-3.1730759143829346,0.0,0.0,1.89638090133667
10014,1.257237434387207,0.0,0.0,-2.9626615047454834
10015,-3.1730759143829346,0.0,0.0,1.89638090133667
10016,-3.167024612426758,0.0,0.0,1.6491458415985107
10017,-3.1730759143829346,0.0,0.0,1.89638090133667
10018,-3.1730759143829346,0.0,0.0,1.89638090133667
10019,1.7807869911193848,0.0,0.0,-2.7995357513427734
10020,2.744149684906006,0.0,0.0,-2.826486349105835
10021,-3.1730759143829346,0.0,0.0,1.8119975328445435
10022,-3.1730759143829346,0.0,0.0,1.89638090133667
10023,-1.4151710271835327,0.0,0.0,0.9409551620483398
10024,-3.5189077854156494,0.0,0.0,1.89638090133667
10025,-3.1730759143829346,0.0,0.0,1.89638090133667
10026,-3.1730759143829346,0.0,0.0,1.89638090133667
10027,-0.5915159583091736,0.0,0.0,-3.7095978260040283
10028,-1.4241316318511963,0.0,0.0,0.8775568008422852
10029,-3.1730759143829346,0.0,0.0,1.89638090133667
10030,2.4578089714050293,0.0,0.0,-3.6076431274414062
10031,1.4417438507080078,0.0,0.0,-3.6594879627227783
10032,2.3891777992248535,0.0,0.0,-2.9525253772735596
10033,0.010844279080629349,0.0,0.0,-3.7095978260040283
10034,0.7463405132293701,0.0,0.0,-0.9633805155754089
10035,2.905510425567627,0.0,0.0,-2.7958943843841553
10036,-0.8103984594345093,0.0,0.0,-0.23732751607894897
10037,-2.69288969039917,0.0,0.0,1.7548389434814453
10038,-2.186269998550415,0.0,0.0,0.900931715965271
10039,-3.2560226917266846,0.0,0.0,0.8232544660568237
10040,0.6561503410339355,0.0,0.0,-3.693350315093994
10041,-1.4241316318511963,0.0,0.0,0.9409551620483398
10042,-3.1730759143829346,0.0,0.0,1.89638090133667
10043,0.610275387763977,0.0,0.0,-2.8496460914611816
10044,-3.1730759143829346,0.0,0.0,1.89638090133667
10045,-3.1730759143829346,0.0,0.0,1.8119975328445435
10046,1.6944935321807861,0.0,0.0,-2.912551164627075
10047,2.744149684906006,0.0,0.0,-2.826486349105835
10048,2.744149684906006,0.0,0.0,-2.7134711742401123
10049,1.2753018140792847,0.0,0.0,-2.8333985805511475
10050,-2.472193717956543,0.0,0.0,2.346203565597534
10051,2.905510425567627,0.0,0.0,-2.6828789710998535
10052,-0.6957029104232788,0.0,0.0,-1.9470824003219604
10053,-3.4467127323150635,0.0,0.0,1.89638090133667
10054,-3.359729290008545,0.0,0.0,0.8876783847808838
10055,0.10245119780302048,0.0,0.0,-3.7095978260040283
10056,0.010844279080629349,0.0,0.0,-3.5564868450164795
10057,-0.8078545331954956,0.0,0.0,-3.7095978260040283
10058,2.744149684906006,0.0,0.0,-2.826486349105835
10059,-3.3221919536590576,0.0,0.0,1.6586850881576538
10060,-3.3116230964660645,0.0,0.0,1.7638527154922485
10061,-3.1730759143829346,0.0,0.0,1.89638090133667
10062,-3.369088888168335,0.0,0.0,1.89638090133667
10063,1.7807869911193848,0.0,0.0,-3.6594879627227783
10064,-3.3855152130126953,0.0,0.0,1.5610170364379883
10065,-3.1730759143829346,0.0,0.0,1.89638090133667
10066,-3.1730759143829346,0.0,0.0,1.89638090133667
10067,-3.1730759143829346,0.0,0.0,1.89638090133667
10068,2.905510425567627,0.0,0.0,-2.6828789710998535
10069,-3.369088888168335,0.0,0.0,1.89638090133667
10070,2.977151870727539,0.0,0.0,-2.387258768081665
10071,2.4578089714050293,0.0,0.0,-2.7476909160614014
10072,-1.18185555934906,0.0,0.0,0.9409551620483398
10073,-0.7960009574890137,0.0,0.0,0.7291041612625122
10074,2.905510425567627,0.0,0.0,-3.5428309440612793
10075,0.5869399309158325,0.0,0.0,-2.8496460914611816
10076,2.905510425567627,0.0,0.0,-2.6828789710998535
10077,2.744149684906006,0.0,0.0,-3.3382463455200195
10078,2.905510425567627,0.0,0.0,-2.6828789710998535
10079,2.455392360687256,0.0,0.0,-2.860706329345703
10080,2.6292243003845215,0.0,0.0,0.4147690534591675
10081,2.905510425567627,0.0,0.0,-2.6828789710998535
10082,-1.2265762090682983,0.0,0.0,0.9409551620483398
10083,1.5776225328445435,0.0,0.0,-3.054480791091919
10084,-3.1730759143829346,0.0,0.0,1.89638090133667
10085,2.905510425567627,0.0,0.0,-2.6828789710998535
10086,-3.085641384124756,0.0,0.0,2.2585935592651367
10087,1.3009856939315796,0.0,0.0,-2.8496460914611816
10088,2.905510425567627,0.0,0.0,-2.6828789710998535
10089,1.8066447973251343,0.0,0.0,-1.5299975872039795
10090,-0.8103984594345093,0.0,0.0,0.5021508932113647
10091,-1.2265762090682983,0.0,0.0,0.9409551620483398
10092,-2.850338935852051,0.0,0.0,1.9837963581085205
10093,2.905510425567627,0.0,0.0,-2.6828789710998535
10094,1.3874536752700806,0.0,0.0,-1.8507051467895508
10095,-3.1730759143829346,0.0,0.0,1.89638090133667
10096,0.11480426043272018,0.0,0.0,-0.8679921627044678
10097,-3.22350811958313,0.0,0.0,1.9273282289505005
10098,2.905510425567627,0.0,0.0,-2.8877134323120117
10099,2.905510425567627,0.0,0.0,-2.6828789710998535
10100,-0.6220413446426392,0.0,0.0,0.6551380157470703
10101,-2.519044876098633,0.0,0.0,0.900931715965271
10102,2.905510425567627,0.0,0.0,-2.6828789710998535
10103,2.4578089714050293,0.0,0.0,-3.6076431274414062
10104,-2.69288969039917,0.0,0.0,2.1530566215515137
10105,2.905510425567627,0.0,0.0,-2.7958943843841553
10106,-3.1730759143829346,0.0,0.0,1.89638090133667
10107,2.905510425567627,0.0,0.0,-2.6828789710998535
10108,2.905510425567627,0.0,0.0,-2.7958943843841553
10109,-1.1066752672195435,0.0,0.0,0.9724717140197754
10110,-3.0472238063812256,0.0,0.0,1.8597843647003174
10111,-0.7960009574890137,0.0,0.0,0.9090733528137207
10112,2.476168632507324,0.0,0.0,-2.140557289123535
10113,2.905510425567627,0.0,0.0,-2.6828789710998535
10114,-3.4480106830596924,0.0,0.0,1.89638090133667
10115,-1.2265762090682983,0.0,0.0,0.9409551620483398
10116,0.1822601854801178,0.0,0.0,0.5021508932113647
10117,2.905510425567627,0.0,0.0,-2.6828789710998535
10118,-3.0318570137023926,0.0,0.0,1.68451988697052
10119,-2.519044876098633,0.0,0.0,1.991115927696228
10120,-1.2265762090682983,0.0,0.0,0.9409551620483398
10121,-3.1730759143829346,0.0,0.0,1.89638090133667
10122,2.905510425567627,0.0,0.0,-2.8877134323120117
10123,2.905510425567627,0.0,0.0,-2.6828789710998535
10124,1.47240149974823,0.0,0.0,-0.23732751607894897
10125,2.905510425567627,0.0,0.0,-2.6828789710998535
10126,-0.26244789361953735,0.0,0.0,0.47406941652297974
10127,-0.2849624752998352,0.0,0.0,-0.07047384977340698
10128,-0.2849624752998352,0.0,0.0,-0.5271896719932556
10129,0.31454771757125854,0.0,0.0,-0.4880644381046295
10130,-0.7923485040664673,0.0,0.0,0.11081013083457947
10131,-0.7923485040664673,0.0,0.0,0.11081013083457947
10132,-0.7923485040664673,0.0,0.0,0.11081013083457947
10133,1.2237104177474976,0.0,0.0,-0.45459792017936707
10134,1.2237104177474976,0.0,0.0,-0.45459792017936707
10135,-0.7923485040664673,0.0,0.0,0.11081013083457947
10136,0.1005595326423645,0.0,0.0,-0.5271896719932556
10137,-0.7923485040664673,0.0,0.0,0.30405476689338684
10138,-0.7923485040664673,0.0,0.0,0.30405476689338684
10139,-0.7923485040664673,0.0,0.0,0.11081013083457947
10140,-0.2849624752998352,0.0,0.0,-0.28497353196144104
10141,-0.4631730914115906,0.0,0.0,0.11081013083457947
10142,-0.4631730914115906,0.0,0.0,0.11081013083457947
10143,-0.2849624752998352,0.0,0.0,-0.07047384977340698
10144,-0.2849624752998352,0.0,0.0,-0.5271896719932556
10145,-0.7923485040664673,0.0,0.0,0.11081013083457947
10146,-0.4631730914115906,0.0,0.0,0.20653009414672852
10147,-0.2849624752998352,0.0,0.0,-0.07047384977340698
10148,1.0166980028152466,0.0,0.0,-0.4880644381046295
10149,-0.4631730914115906,0.0,0.0,0.11081013083457947
10150,-0.7923485040664673,0.0,0.0,0.402658611536026
10151,-0.2849624752998352,0.0,0.0,-0.5271896719932556
10152,-0.2849624752998352,0.0,0.0,-0.5271896719932556
10153,-0.5876728296279907,0.0,0.0,0.11081013083457947
10154,1.2237104177474976,0.0,0.0,-0.45459792017936707
10155,-0.7923485040664673,0.0,0.0,0.11081013083457947
10156,-0.4631730914115906,0.0,0.0,0.11081013083457947
10157,-0.4631730914115906,0.0,0.0,0.30405476689338684
10158,-0.4631730914115906,0.0,0.0,0.20653009414672852
10159,0.21164457499980927,0.0,0.0,-0.5271896719932556
10160,-0.2849624752998352,0.0,0.0,-0.5271896719932556
10161,-0.5876728296279907,0.0,0.0,0.11081013083457947
10162,-0.4631730914115906,0.0,0.0,0.20653009414672852
10163,-0.7923485040664673,0.0,0.0,0.11081013083457947
10164,-0.4631730914115906,0.0,0.0,0.11081013083457947
10165,1.2237104177474976,0.0,0.0,-0.45459792017936707
10166,-0.2849624752998352,0.0,0.0,-0.07047384977340698
10167,-0.7923485040664673,0.0,0.0,0.11081013083457947
10168,-0.7923485040664673,0.0,0.0,0.11081013083457947
10169,-0.2849624752998352,0.0,0.0,-0.5271896719932556
10170,-0.2849624752998352,0.0,0.0,-0.5271896719932556
10171,-0.7923485040664673,0.0,0.0,0.11081013083457947
10172,-0.7923485040664673,0.0,0.0,0.11081013083457947
10173,-0.2849624752998352,0.0,0.0,-0.07047384977340698
10174,0.21164457499980927,0.0,0.0,-0.5271896719932556
10175,-0.2849624752998352,0.0,0.0,-0.5271896719932556
10176,-0.26244789361953735,0.0,0.0,0.47406941652297974
10177,-0.7923485040664673,0.0,0.0,0.20653009414672852
10178,0.1005595326423645,0.0,0.0,-0.5271896719932556
10179,-0.7923485040664673,0.0,0.0,0.11081013083457947
10180,-0.2849624752998352,0.0,0.0,-0.5271896719932556
10181,-0.7923485040664673,0.0,0.0,0.11081013083457947
10182,-0.4631730914115906,0.0,0.0,0.11081013083457947
10183,-0.7923485040664673,0.0,0.0,0.11081013083457947
10184,-0.7923485040664673,0.0,0.0,0.11081013083457947
10185,0.1005595326423645,0.0,0.0,-0.5271896719932556
10186,0.31454771757125854,0.0,0.0,-0.4880644381046295
10187,-0.7923485040664673,0.0,0.0,0.11081013083457947
10188,-0.7923485040664673,0.0,0.0,0.11081013083457947
10189,-0.36146390438079834,0.0,0.0,0.6026394367218018
10190,-0.7923485040664673,0.0,0.0,0.11081013083457947
10191,-0.7923485040664673,0.0,0.0,0.11081013083457947
10192,-0.7923485040664673,0.0,0.0,0.11081013083457947
10193,-0.2849624752998352,0.0,0.0,-0.5271896719932556
10194,-0.36146390438079834,0.0,0.0,0.6026394367218018
10195,-0.7923485040664673,0.0,0.0,0.11081013083457947
10196,0.31454771757125854,0.0,0.0,-0.4880644381046295
10197,-0.18550744652748108,0.0,0.0,-0.5271896719932556
10198,0.1005595326423645,0.0,0.0,-0.5271896719932556
10199,-0.2849624752998352,0.0,0.0,-0.1896422803401947
10200,-0.2849624752998352,0.0,0.0,-0.07047384977340698
10201,0.8786462545394897,0.0,0.0,-0.4880644381046295
10202,-0.26244789361953735,0.0,0.0,0.07460436224937439
10203,-0.4631730914115906,0.0,0.0,0.11081013083457947
10204,-0.4631730914115906,0.0,0.0,0.20653009414672852
10205,-0.4631730914115906,0.0,0.0,0.20653009414672852
10206,-0.2849624752998352,0.0,0.0,-0.5271896719932556
10207,-0.36146390438079834,0.0,0.0,0.6026394367218018
10208,-0.7923485040664673,0.0,0.0,0.11081013083457947
10209,-0.2849624752998352,0.0,0.0,-0.5271896719932556
10210,-0.7923485040664673,0.0,0.0,0.11081013083457947
10211,-0.7923485040664673,0.0,0.0,0.11081013083457947
10212,0.1005595326423645,0.0,0.0,-0.5271896719932556
10213,0.31454771757125854,0.0,0.0,-0.4880644381046295
10214,0.472753643989563,0.0,0.0,-0.4880644381046295
10215,-0.18550744652748108,0.0,0.0,-0.5271896719932556
10216,-0.4631730914115906,0.0,0.0,0.20653009414672852
10217,1.2237104177474976,0.0,0.0,-0.45459792017936707
10218,-0.2849624752998352,0.0,0.0,-0.07047384977340698
10219,-0.5876728296279907,0.0,0.0,0.11081013083457947
10220,-0.4631730914115906,0.0,0.0,0.20653009414672852
10221,-0.2849624752998352,0.0,0.0,-0.5271896719932556
10222,-0.2849624752998352,0.0,0.0,-0.5271896719932556
10223,-0.2849624752998352,0.0,0.0,-0.5271896719932556
10224,0.5872424840927124,0.0,0.0,-0.4880644381046295
10225,-0.7923485040664673,0.0,0.0,0.11081013083457947
10226,-0.4631730914115906,0.0,0.0,0.11081013083457947
10227,-0.7923485040664673,0.0,0.0,0.11081013083457947
10228,-0.7923485040664673,0.0,0.0,0.11081013083457947
10229,0.1005595326423645,0.0,0.0,-0.5271896719932556
10230,-0.4631730914115906,0.0,0.0,0.11081013083457947
10231,-0.7923485040664673,0.0,0.0,0.11081013083457947
10232,-0.7923485040664673,0.0,0.0,0.11081013083457947
10233,-0.7923485040664673,0.0,0.0,0.11081013083457947
10234,1.2237104177474976,0.0,0.0,-0.45459792017936707
10235,-0.7923485040664673,0.0,0.0,0.11081013083457947
10236,1.0166980028152466,0.0,0.0,-0.1505170464515686
10237,0.21164457499980927,0.0,0.0,-0.5271896719932556
10238,-0.36146390438079834,0.0,0.0,0.6026394367218018
10239,-0.22270815074443817,0.0,0.0,0.6026394367218018
10240,1.2237104177474976,0.0,0.0,-0.45459792017936707
10241,-0.2849624752998352,0.0,0.0,-0.5271896719932556
10242,1.2237104177474976,0.0,0.0,-0.45459792017936707
10243,0.31454771757125854,0.0,0.0,-0.4880644381046295
10244,1.2237104177474976,0.0,0.0,-0.45459792017936707
10245,0.1005595326423645,0.0,0.0,-0.5271896719932556
10246,0.12307406961917877,0.0,0.0,0.37922990322113037
10247,1.2237104177474976,0.0,0.0,-0.45459792017936707
10248,-0.36146390438079834,0.0,0.0,0.6026394367218018
10249,-0.2849624752998352,0.0,0.0,-0.5271896719932556
10250,-0.7923485040664673,0.0,0.0,0.11081013083457947
10251,1.2237104177474976,0.0,0.0,-0.45459792017936707
10252,-0.4631730914115906,0.0,0.0,0.20653009414672852
10253,-0.2849624752998352,0.0,0.0,-0.5271896719932556
10254,1.2237104177474976,0.0,0.0,-0.45459792017936707
10255,0.1005595326423645,0.0,0.0,-0.07047384977340698
10256,-0.26244789361953735,0.0,0.0,0.37922990322113037
10257,-0.36146390438079834,0.0,0.0,0.6026394367218018
10258,-0.4631730914115906,0.0,0.0,0.11081013083457947
10259,1.2237104177474976,0.0,0.0,-0.45459792017936707
10260,-0.18550744652748108,0.0,0.0,-0.07047384977340698
10261,-0.7923485040664673,0.0,0.0,0.11081013083457947
10262,-0.2849624752998352,0.0,0.0,-0.07047384977340698
10263,-0.7923485040664673,0.0,0.0,0.11081013083457947
10264,0.8786462545394897,0.0,0.0,-0.4880644381046295
10265,1.2237104177474976,0.0,0.0,-0.45459792017936707
10266,-0.26244789361953735,0.0,0.0,0.47406941652297974
10267,-0.4631730914115906,0.0,0.0,0.6026394367218018
10268,1.2237104177474976,0.0,0.0,-0.45459792017936707
10269,0.31454771757125854,0.0,0.0,-0.24584829807281494
10270,-0.4631730914115906,0.0,0.0,0.20653009414672852
10271,0.8786462545394897,0.0,0.0,-0.4880644381046295
10272,-0.7923485040664673,0.0,0.0,0.11081013083457947
10273,1.2237104177474976,0.0,0.0,-0.45459792017936707
10274,1.0166980028152466,0.0,0.0,-0.4880644381046295
10275,-0.22270815074443817,0.0,0.0,0.6026394367218018
10276,-0.4631730914115906,0.0,0.0,0.11081013083457947
10277,-0.22270815074443817,0.0,0.0,0.6026394367218018
10278,0.1005595326423645,0.0,0.0,-0.07047384977340698
10279,1.2237104177474976,0.0,0.0,-0.45459792017936707
10280,-0.7923485040664673,0.0,0.0,0.11081013083457947
10281,-0.36146390438079834,0.0,0.0,0.6026394367218018
10282,-0.26244789361953735,0.0,0.0,0.47406941652297974
10283,1.2237104177474976,0.0,0.0,-0.45459792017936707
10284,-0.4631730914115906,0.0,0.0,0.11081013083457947
10285,-0.4631730914115906,0.0,0.0,0.20653009414672852
10286,-0.36146390438079834,0.0,0.0,0.6026394367218018
10287,-0.7923485040664673,0.0,0.0,0.11081013083457947
10288,1.2237104177474976,0.0,0.0,-0.45459792017936707
10289,1.2237104177474976,0.0,0.0,-0.45459792017936707
10290,-0.26244789361953735,0.0,0.0,0.07460436224937439
10291,1.2237104177474976,0.0,0.0,-0.45459792017936707
10292,-0.19474336504936218,0.0,0.0,0.6280007362365723
10293,-0.22741632163524628,0.0,0.0,0.4268714487552643
10294,-0.34126681089401245,0.0,0.0,-0.4074352979660034
10295,0.0767710730433464,0.0,0.0,-0.39307498931884766
10296,-0.5141922831535339,0.0,0.0,-0.1561187505722046
10297,-0.5141922831535339,0.0,0.0,-0.1561187505722046
10298,-0.5141922831535339,0.0,0.0,-0.1561187505722046
10299,0.9660208225250244,0.0,0.0,-0.1418152004480362
10300,0.9660208225250244,0.0,0.0,-0.1418152004480362
10301,-0.5141922831535339,0.0,0.0,-0.1561187505722046
10302,-0.31027674674987793,0.0,0.0,-0.4074352979660034
10303,-0.5141922831535339,0.0,0.0,-0.1561187505722046
10304,-0.5141922831535339,0.0,0.0,-0.1561187505722046
10305,-0.5141922831535339,0.0,0.0,-0.1561187505722046
10306,-0.34126681089401245,0.0,0.0,-0.4074352979660034
10307,-0.24233779311180115,0.0,0.0,-0.1059422641992569
10308,-0.24233779311180115,0.0,0.0,-0.1059422641992569
10309,-0.22741632163524628,0.0,0.0,0.4268714487552643
10310,-0.34126681089401245,0.0,0.0,-0.4074352979660034
10311,-0.5141922831535339,0.0,0.0,-0.1561187505722046
10312,-0.24233779311180115,0.0,0.0,-0.1059422641992569
10313,-0.22741632163524628,0.0,0.0,0.4268714487552643
10314,0.9660208225250244,0.0,0.0,-0.1418152004480362
10315,-0.24233779311180115,0.0,0.0,-0.1059422641992569
10316,-0.5141922831535339,0.0,0.0,-0.007221253123134375
10317,-0.34126681089401245,0.0,0.0,-0.37591904401779175
10318,-0.34126681089401245,0.0,0.0,-0.4074352979660034
10319,-0.46860048174858093,0.0,0.0,-0.14463302493095398
10320,0.9660208225250244,0.0,0.0,-0.1418152004480362
10321,-0.5141922831535339,0.0,0.0,-0.1561187505722046
10322,-0.24233779311180115,0.0,0.0,-0.1059422641992569
10323,-0.21391747891902924,0.0,0.0,-0.09428735077381134
10324,-0.21391747891902924,0.0,0.0,-0.09428735077381134
10325,0.029434610158205032,0.0,0.0,-0.40263447165489197
10326,-0.34126681089401245,0.0,0.0,-0.4074352979660034
10327,-0.5141922831535339,0.0,0.0,-0.1561187505722046
10328,-0.21391747891902924,0.0,0.0,-0.09428735077381134
10329,-0.5141922831535339,0.0,0.0,-0.1561187505722046
10330,-0.24233779311180115,0.0,0.0,-0.1059422641992569
10331,0.9660208225250244,0.0,0.0,-0.1418152004480362
10332,-0.22741632163524628,0.0,0.0,0.4268714487552643
10333,-0.5141922831535339,0.0,0.0,-0.1561187505722046
10334,-0.5141922831535339,0.0,0.0,-0.1561187505722046
10335,-0.34126681089401245,0.0,0.0,-0.37591904401779175
10336,-0.34126681089401245,0.0,0.0,-0.37591904401779175
10337,-0.5141922831535339,0.0,0.0,-0.1561187505722046
10338,-0.5141922831535339,0.0,0.0,-0.1561187505722046
10339,-0.22741632163524628,0.0,0.0,0.4268714487552643
10340,0.029434610158205032,0.0,0.0,-0.40263447165489197
10341,-0.34126681089401245,0.0,0.0,-0.4074352979660034
10342,-0.19474336504936218,0.0,0.0,0.6280007362365723
10343,-0.5141922831535339,0.0,0.0,-0.1561187505722046
10344,-0.31027674674987793,0.0,0.0,-0.4074352979660034
10345,-0.5141922831535339,0.0,0.0,-0.1561187505722046
10346,-0.34126681089401245,0.0,0.0,-0.4074352979660034
10347,-0.5141922831535339,0.0,0.0,-0.1561187505722046
10348,-0.21391747891902924,0.0,0.0,-0.09428735077381134
10349,-0.5141922831535339,0.0,0.0,-0.1561187505722046
10350,-0.5141922831535339,0.0,0.0,-0.1561187505722046
10351,-0.34126681089401245,0.0,0.0,-0.37591904401779175
10352,0.09685490280389786,0.0,0.0,-0.39307498931884766
10353,-0.5141922831535339,0.0,0.0,-0.1561187505722046
10354,-0.5141922831535339,0.0,0.0,-0.1561187505722046
10355,-0.19474336504936218,0.0,0.0,0.6280007362365723
10356,-0.5141922831535339,0.0,0.0,-0.1561187505722046
10357,-0.5141922831535339,0.0,0.0,-0.1561187505722046
10358,-0.5141922831535339,0.0,0.0,-0.1561187505722046
10359,-0.34126681089401245,0.0,0.0,-0.4074352979660034
10360,-0.19474336504936218,0.0,0.0,0.6280007362365723
10361,-0.5141922831535339,0.0,0.0,-0.1561187505722046
10362,0.0767710730433464,0.0,0.0,-0.39307498931884766
10363,-0.34126681089401245,0.0,0.0,-0.4074352979660034
10364,-0.31027674674987793,0.0,0.0,-0.4074352979660034
10365,-0.34126681089401245,0.0,0.0,-0.4074352979660034
10366,-0.22741632163524628,0.0,0.0,0.4268714487552643
10367,0.8544389009475708,0.0,0.0,-0.18597139418125153
10368,-0.19814282655715942,0.0,0.0,0.6047648191452026
10369,-0.21391747891902924,0.0,0.0,-0.09428735077381134
10370,-0.21391747891902924,0.0,0.0,-0.09428735077381134
10371,-0.24233779311180115,0.0,0.0,-0.1059422641992569
10372,-0.34126681089401245,0.0,0.0,-0.4074352979660034
10373,-0.19474336504936218,0.0,0.0,0.6280007362365723
10374,-0.5141922831535339,0.0,0.0,-0.1561187505722046
10375,-0.34126681089401245,0.0,0.0,-0.37591904401779175
10376,-0.5141922831535339,0.0,0.0,-0.1561187505722046
10377,-0.5141922831535339,0.0,0.0,-0.1561187505722046
10378,-0.34126681089401245,0.0,0.0,-0.4074352979660034
10379,0.09685490280389786,0.0,0.0,-0.39307498931884766
10380,0.21806488931179047,0.0,0.0,-0.3478126525878906
10381,-0.34126681089401245,0.0,0.0,-0.37591904401779175
10382,-0.21391747891902924,0.0,0.0,-0.09428735077381134
10383,0.9660208225250244,0.0,0.0,-0.1418152004480362
10384,-0.22741632163524628,0.0,0.0,0.4268714487552643
10385,-0.5141922831535339,0.0,0.0,-0.1561187505722046
10386,-0.21391747891902924,0.0,0.0,-0.09428735077381134
10387,-0.34126681089401245,0.0,0.0,-0.4074352979660034
10388,-0.34126681089401245,0.0,0.0,-0.4074352979660034
10389,-0.34126681089401245,0.0,0.0,-0.4074352979660034
10390,0.21806488931179047,0.0,0.0,-0.3793288767337799
10391,-0.5141922831535339,0.0,0.0,-0.1561187505722046
10392,-0.24233779311180115,0.0,0.0,-0.1059422641992569
10393,-0.5141922831535339,0.0,0.0,-0.1561187505722046
10394,-0.5141922831535339,0.0,0.0,-0.1561187505722046
10395,-0.34126681089401245,0.0,0.0,-0.4074352979660034
10396,-0.21391747891902924,0.0,0.0,-0.09428735077381134
10397,-0.5141922831535339,0.0,0.0,-0.1561187505722046
10398,-0.5141922831535339,0.0,0.0,-0.1561187505722046
10399,-0.5141922831535339,0.0,0.0,-0.1561187505722046
10400,0.9660208225250244,0.0,0.0,-0.1418152004480362
10401,-0.5141922831535339,0.0,0.0,-0.1561187505722046
10402,0.9514923691749573,0.0,0.0,0.21988162398338318
10403,0.029434610158205032,0.0,0.0,-0.3711182475090027
10404,-0.19474336504936218,0.0,0.0,0.6280007362365723
10405,-0.19474336504936218,0.0,0.0,0.6280007362365723
10406,0.9660208225250244,0.0,0.0,-0.17333142459392548
10407,-0.34126681089401245,0.0,0.0,-0.37591904401779175
10408,0.9660208225250244,0.0,0.0,-0.1418152004480362
10409,0.09685490280389786,0.0,0.0,-0.39307498931884766
10410,0.9660208225250244,0.0,0.0,-0.1418152004480362
10411,-0.34126681089401245,0.0,0.0,-0.4074352979660034
10412,0.17396673560142517,0.0,0.0,0.6211745738983154
10413,0.9660208225250244,0.0,0.0,-0.1418152004480362
10414,-0.19474336504936218,0.0,0.0,0.6280007362365723
10415,-0.34126681089401245,0.0,0.0,-0.4074352979660034
10416,-0.5141922831535339,0.0,0.0,-0.1561187505722046
10417,0.9660208225250244,0.0,0.0,-0.1418152004480362
10418,-0.24233779311180115,0.0,0.0,-0.1059422641992569
10419,-0.34126681089401245,0.0,0.0,-0.37591904401779175
10420,0.9660208225250244,0.0,0.0,-0.1418152004480362
10421,-0.22741632163524628,0.0,0.0,0.4268714487552643
10422,-0.1967347115278244,0.0,0.0,0.6163737773895264
10423,-0.19474336504936218,0.0,0.0,0.6280007362365723
10424,-0.24233779311180115,0.0,0.0,-0.1059422641992569
10425,0.9660208225250244,0.0,0.0,-0.1418152004480362
10426,-0.22741632163524628,0.0,0.0,0.4268714487552643
10427,-0.5141922831535339,0.0,0.0,-0.1561187505722046
10428,-0.22741632163524628,0.0,0.0,0.4268714487552643
10429,-0.5141922831535339,0.0,0.0,-0.1561187505722046
10430,0.946125864982605,0.0,0.0,-0.18188868463039398
10431,0.9660208225250244,0.0,0.0,-0.1418152004480362
10432,-0.19474336504936218,0.0,0.0,0.6280007362365723
10433,-0.19474336504936218,0.0,0.0,0.6280007362365723
10434,0.9660208225250244,0.0,0.0,-0.1418152004480362
10435,0.0767710730433464,0.0,0.0,-0.39307498931884766
10436,-0.21391747891902924,0.0,0.0,-0.09428735077381134
10437,0.8544389009475708,0.0,0.0,-0.18597139418125153
10438,-0.5141922831535339,0.0,0.0,-0.1561187505722046
10439,0.9660208225250244,0.0,0.0,-0.1418152004480362
10440,0.9660208225250244,0.0,0.0,-0.17333142459392548
10441,-0.19474336504936218,0.0,0.0,0.6280007362365723
10442,-0.24233779311180115,0.0,0.0,-0.1059422641992569
10443,-0.19474336504936218,0.0,0.0,0.6280007362365723
10444,-0.19642624258995056,0.0,0.0,0.4268714487552643
10445,0.9660208225250244,0.0,0.0,-0.1418152004480362
10446,-0.5141922831535339,0.0,0.0,-0.1561187505722046
10447,-0.19474336504936218,0.0,0.0,0.6280007362365723
10448,-0.19474336504936218,0.0,0.0,0.6280007362365723
10449,0.9660208225250244,0.0,0.0,-0.1418152004480362
10450,-0.24233779311180115,0.0,0.0,-0.1059422641992569
10451,-0.21391747891902924,0.0,0.0,-0.09428735077381134
10452,-0.19474336504936218,0.0,0.0,0.6280007362365723
10453,-0.5141922831535339,0.0,0.0,-0.1561187505722046
10454,0.9660208225250244,0.0,0.0,-0.17333142459392548
10455,0.9660208225250244,0.0,0.0,-0.1418152004480362
10456,-0.19814282655715942,0.0,0.0,0.6047648191452026
10457,0.9660208225250244,0.0,0.0,-0.1418152004480362
10458,-0.47196924686431885,0.0,0.0,0.6137380599975586
10459,-0.4837481379508972,0.0,0.0,-1.009196400642395
10460,-0.4837481379508972,0.0,0.0,-1.009196400642395
10461,1.3250058889389038,0.0,0.0,-0.8676738142967224
10462,-1.1076574325561523,0.0,0.0,0.4211345314979553
10463,-1.1916229724884033,0.0,0.0,0.40721625089645386
10464,-1.0337728261947632,0.0,0.0,0.4211345314979553
10465,1.6518433094024658,0.0,0.0,-0.7641251087188721
10466,1.6518433094024658,0.0,0.0,-0.7641251087188721
10467,-1.1916229724884033,0.0,0.0,0.40721625089645386
10468,0.417385458946228,0.0,0.0,-0.913438081741333
10469,-1.2376985549926758,0.0,0.0,0.3198006749153137
10470,-1.2376985549926758,0.0,0.0,0.3198006749153137
10471,-1.0337728261947632,0.0,0.0,0.4211345314979553
10472,-0.39247655868530273,0.0,0.0,-1.009196400642395
10473,-1.0323736667633057,0.0,0.0,0.08731245994567871
10474,-1.1449503898620605,0.0,0.0,0.014465611428022385
10475,-0.4837481379508972,0.0,0.0,-1.009196400642395
10476,0.1052282452583313,0.0,0.0,-1.009196400642395
10477,-1.0337728261947632,0.0,0.0,0.4211345314979553
10478,-1.0323736667633057,0.0,0.0,0.08731245994567871
10479,-0.4837481379508972,0.0,0.0,-1.009196400642395
10480,1.6518433094024658,0.0,0.0,-0.7641251087188721
10481,-1.1449503898620605,0.0,0.0,0.014465611428022385
10482,-1.2376985549926758,0.0,0.0,0.4843606948852539
10483,-0.372363805770874,0.0,0.0,-0.8098894357681274
10484,-0.372363805770874,0.0,0.0,-0.913438081741333
10485,-1.2376985549926758,0.0,0.0,0.061818767338991165
10486,1.6518433094024658,0.0,0.0,-0.7641251087188721
10487,-1.0337728261947632,0.0,0.0,0.4211345314979553
10488,-1.1449503898620605,0.0,0.0,0.014465611428022385
10489,-0.6563282012939453,0.0,0.0,0.34529435634613037
10490,-0.6563282012939453,0.0,0.0,0.34529435634613037
10491,1.3250058889389038,0.0,0.0,-0.8676738142967224
10492,-0.4837481379508972,0.0,0.0,-1.009196400642395
10493,-1.2376985549926758,0.0,0.0,-0.011028073728084564
10494,-0.5600956678390503,0.0,0.0,0.34529435634613037
10495,-1.0337728261947632,0.0,0.0,0.2573537528514862
10496,-1.2376985549926758,0.0,0.0,-0.011028073728084564
10497,1.6518433094024658,0.0,0.0,-0.7641251087188721
10498,-0.4837481379508972,0.0,0.0,-1.009196400642395
10499,-1.1076574325561523,0.0,0.0,0.4211345314979553
10500,-1.0337728261947632,0.0,0.0,0.4211345314979553
10501,-0.372363805770874,0.0,0.0,-0.8098894357681274
10502,-0.372363805770874,0.0,0.0,-0.8098894357681274
10503,-1.1537328958511353,0.0,0.0,0.0757371038198471
10504,-1.0337728261947632,0.0,0.0,0.4211345314979553
10505,-0.4837481379508972,0.0,0.0,-1.009196400642395
10506,1.304893136024475,0.0,0.0,-0.9634321331977844
10507,-0.39247655868530273,0.0,0.0,-1.009196400642395
10508,-0.47196924686431885,0.0,0.0,0.6137380599975586
10509,-1.1537328958511353,0.0,0.0,0.33371901512145996
10510,0.7326516509056091,0.0,0.0,-0.9939175844192505
10511,-1.0337728261947632,0.0,0.0,0.4211345314979553
10512,-0.372363805770874,0.0,0.0,-0.913438081741333
10513,-1.0337728261947632,0.0,0.0,0.4211345314979553
10514,-1.0323736667633057,0.0,0.0,0.08731245994567871
10515,-1.0337728261947632,0.0,0.0,0.4211345314979553
10516,-1.0337728261947632,0.0,0.0,0.2573537528514862
10517,0.12534096837043762,0.0,0.0,-0.8098894357681274
10518,1.4086995124816895,0.0,0.0,-0.8676738142967224
10519,-1.2376985549926758,0.0,0.0,-0.011028073728084564
10520,-1.0337728261947632,0.0,0.0,0.4211345314979553
10521,-0.47196924686431885,0.0,0.0,0.6137380599975586
10522,-1.1916229724884033,0.0,0.0,0.40721625089645386
10523,-1.079848289489746,0.0,0.0,0.0028902702033519745
10524,-1.0337728261947632,0.0,0.0,0.4211345314979553
10525,-0.4837481379508972,0.0,0.0,-1.009196400642395
10526,-0.47196924686431885,0.0,0.0,0.6137380599975586
10527,-1.0337728261947632,0.0,0.0,0.4211345314979553
10528,1.304893136024475,0.0,0.0,-0.9634321331977844
10529,0.1052282452583313,0.0,0.0,-1.009196400642395
10530,0.5715157389640808,0.0,0.0,-1.009196400642395
10531,-0.4837481379508972,0.0,0.0,-1.009196400642395
10532,-0.39247655868530273,0.0,0.0,-1.009196400642395
10533,1.6518433094024658,0.0,0.0,-0.7641251087188721
10534,-0.4837481379508972,0.0,0.0,-1.009196400642395
10535,-0.6563282012939453,0.0,0.0,0.08731245994567871
10536,-0.5600956678390503,0.0,0.0,0.34529435634613037
10537,-1.1449503898620605,0.0,0.0,0.34529435634613037
10538,-0.05314021557569504,0.0,0.0,-1.009196400642395
10539,-0.47196924686431885,0.0,0.0,0.6137380599975586
10540,-1.0337728261947632,0.0,0.0,0.4211345314979553
10541,-0.4636353850364685,0.0,0.0,-0.8098894357681274
10542,-1.0337728261947632,0.0,0.0,0.4211345314979553
10543,-1.1537328958511353,0.0,0.0,0.0028902702033519745
10544,0.12534096837043762,0.0,0.0,-0.913438081741333
10545,1.4086995124816895,0.0,0.0,-0.8676738142967224
10546,1.4086995124816895,0.0,0.0,-0.7641251087188721
10547,0.12534096837043762,0.0,0.0,-0.8098894357681274
10548,-0.6563282012939453,0.0,0.0,0.34529435634613037
10549,1.6518433094024658,0.0,0.0,-0.7641251087188721
10550,-0.4837481379508972,0.0,0.0,-1.009196400642395
10551,-1.1916229724884033,0.0,0.0,0.24343544244766235
10552,-1.0323736667633057,0.0,0.0,0.34529435634613037
10553,-0.4837481379508972,0.0,0.0,-1.009196400642395
10554,-0.4837481379508972,0.0,0.0,-1.009196400642395
10555,-0.4837481379508972,0.0,0.0,-1.009196400642395
10556,1.5021376609802246,0.0,0.0,-0.8676738142967224
10557,-1.2376985549926758,0.0,0.0,-0.011028073728084564
10558,-1.1449503898620605,0.0,0.0,0.08731245994567871
10559,-1.0337728261947632,0.0,0.0,0.4211345314979553
10560,-1.1916229724884033,0.0,0.0,0.40721625089645386
10561,0.22243446111679077,0.0,0.0,-1.009196400642395
10562,-1.0323736667633057,0.0,0.0,0.014465611428022385
10563,-1.0337728261947632,0.0,0.0,0.4211345314979553
10564,-1.0337728261947632,0.0,0.0,0.4211345314979553
10565,-1.0337728261947632,0.0,0.0,0.4211345314979553
10566,1.6518433094024658,0.0,0.0,-0.7641251087188721
10567,-1.1916229724884033,0.0,0.0,0.40721625089645386
10568,1.631730556488037,0.0,0.0,-0.9634321331977844
10569,1.3250058889389038,0.0,0.0,-0.7641251087188721
10570,-0.47196924686431885,0.0,0.0,0.6137380599975586
10571,-0.47196924686431885,0.0,0.0,0.6137380599975586
10572,1.631730556488037,0.0,0.0,-0.9634321331977844
10573,-0.03302746266126633,0.0,0.0,-0.8098894357681274
10574,1.6518433094024658,0.0,0.0,-0.7641251087188721
10575,1.3885867595672607,0.0,0.0,-0.9634321331977844
10576,1.6518433094024658,0.0,0.0,-0.7641251087188721
10577,0.417385458946228,0.0,0.0,-0.913438081741333
10578,1.304893136024475,0.0,0.0,0.37468838691711426
10579,1.6518433094024658,0.0,0.0,-0.7641251087188721
10580,-0.47196924686431885,0.0,0.0,0.6137380599975586
10581,-0.39247655868530273,0.0,0.0,-1.009196400642395
10582,-1.0337728261947632,0.0,0.0,0.4211345314979553
10583,1.6518433094024658,0.0,0.0,-0.7641251087188721
10584,-1.2376985549926758,0.0,0.0,0.3198006749153137
10585,-0.372363805770874,0.0,0.0,-0.8098894357681274
10586,1.6518433094024658,0.0,0.0,-0.7641251087188721
10587,0.1052282452583313,0.0,0.0,-1.009196400642395
10588,-0.47196924686431885,0.0,0.0,0.6137380599975586
10589,-0.47196924686431885,0.0,0.0,0.6137380599975586
10590,-1.098874807357788,0.0,0.0,0.268929123878479
10591,1.6518433094024658,0.0,0.0,-0.7641251087188721
10592,0.1052282452583313,0.0,0.0,-1.009196400642395
10593,-1.0337728261947632,0.0,0.0,0.4211345314979553
10594,-0.4837481379508972,0.0,0.0,-1.009196400642395
10595,-1.079848289489746,0.0,0.0,0.0757371038198471
10596,1.631730556488037,0.0,0.0,-0.9634321331977844
10597,1.6518433094024658,0.0,0.0,-0.7641251087188721
10598,-0.47196924686431885,0.0,0.0,0.6137380599975586
10599,-0.5600956678390503,0.0,0.0,0.6137380599975586
10600,1.6518433094024658,0.0,0.0,-0.7641251087188721
10601,1.304893136024475,0.0,0.0,-0.9634321331977844
10602,-0.6563282012939453,0.0,0.0,0.34529435634613037
10603,1.6518433094024658,0.0,0.0,-0.7641251087188721
10604,-1.1076574325561523,0.0,0.0,0.4211345314979553
10605,1.6518433094024658,0.0,0.0,-0.7641251087188721
10606,1.6518433094024658,0.0,0.0,-0.8676738142967224
10607,-0.47196924686431885,0.0,0.0,0.6137380599975586
10608,-1.1449503898620605,0.0,0.0,0.014465611428022385
10609,-0.47196924686431885,0.0,0.0,0.6137380599975586
10610,0.3972727060317993,0.0,0.0,-1.009196400642395
10611,1.6518433094024658,0.0,0.0,-0.7641251087188721
10612,-1.1916229724884033,0.0,0.0,0.40721625089645386
10613,-0.47196924686431885,0.0,0.0,0.6137380599975586
10614,-0.47196924686431885,0.0,0.0,0.6137380599975586
10615,1.6518433094024658,0.0,0.0,-0.7641251087188721
10616,-1.0323736667633057,0.0,0.0,0.08731245994567871
10617,-0.6563282012939453,0.0,0.0,0.34529435634613037
10618,-0.47196924686431885,0.0,0.0,0.6137380599975586
10619,-1.0337728261947632,0.0,0.0,0.4211345314979553
10620,1.631730556488037,0.0,0.0,-0.9634321331977844
10621,1.6518433094024658,0.0,0.0,-0.7641251087188721
10622,-0.39247655868530273,0.0,0.0,-1.009196400642395
10623,1.6518433094024658,0.0,0.0,-0.7641251087188721
10624,-0.8076425790786743,0.0,0.0,0.5101088285446167
10625,-0.6518236398696899,0.0,0.0,-1.5982762575149536
10626,-0.5110409259796143,0.0,0.0,-3.609097719192505
10627,2.85856556892395,0.0,0.0,-3.082343578338623
10628,-2.7824206352233887,0.0,0.0,1.5796788930892944
10629,-2.9433796405792236,0.0,0.0,1.5951277017593384
10630,-2.612685441970825,0.0,0.0,1.5796788930892944
10631,3.141749620437622,0.0,0.0,-3.0040054321289062
10632,3.141749620437622,0.0,0.0,-3.0040054321289062
10633,-2.7211005687713623,0.0,0.0,1.6248704195022583
10634,1.3569626808166504,0.0,0.0,-3.176327705383301
10635,-3.639535665512085,0.0,0.0,0.06871466338634491
10636,-3.639535665512085,0.0,0.0,0.21221613883972168
10637,-2.612685441970825,0.0,0.0,1.5796788930892944
10638,-0.24350619316101074,0.0,0.0,-2.7640767097473145
10639,-2.453579902648926,0.0,0.0,0.43531179428100586
10640,-2.5696215629577637,0.0,0.0,0.6864331364631653
10641,0.057472869753837585,0.0,0.0,-1.1390035152435303
10642,0.14338603615760803,0.0,0.0,-3.3379549980163574
10643,-2.612685441970825,0.0,0.0,1.5796788930892944
10644,-2.453579902648926,0.0,0.0,0.43531179428100586
10645,-0.705077052116394,0.0,0.0,-1.5830347537994385
10646,3.141749620437622,0.0,0.0,-3.0040054321289062
10647,-2.4530999660491943,0.0,0.0,0.4932175278663635
10648,-3.639535665512085,0.0,0.0,0.346487820148468
10649,-0.2658662497997284,0.0,0.0,-3.282135009765625
10650,-0.19944623112678528,0.0,0.0,-3.282135009765625
10651,-3.4857943058013916,0.0,0.0,0.651384711265564
10652,3.141749620437622,0.0,0.0,-3.0040054321289062
10653,-2.612685441970825,0.0,0.0,1.5796788930892944
10654,-3.299191951751709,0.0,0.0,1.0420993566513062
10655,-1.1205402612686157,0.0,0.0,0.2516394257545471
10656,-1.5385220050811768,0.0,0.0,0.31926101446151733
10657,2.6192071437835693,0.0,0.0,-3.082343578338623
10658,-0.15319520235061646,0.0,0.0,-3.373633861541748
10659,-3.597607135772705,0.0,0.0,0.5995412468910217
10660,-0.8201205730438232,0.0,0.0,0.11331892013549805
10661,-2.6982975006103516,0.0,0.0,0.8421294093132019
10662,-3.3161563873291016,0.0,0.0,0.6943687796592712
10663,3.141749620437622,0.0,0.0,-3.0040054321289062
10664,-0.705077052116394,0.0,0.0,-1.6081520318984985
10665,-2.845012664794922,0.0,0.0,1.5796788930892944
10666,-2.612685441970825,0.0,0.0,1.5796788930892944
10667,-0.2658662497997284,0.0,0.0,-3.282135009765625
10668,-0.04567119851708412,0.0,0.0,-3.298494815826416
10669,-2.8721213340759277,0.0,0.0,0.3023416996002197
10670,-2.612685441970825,0.0,0.0,1.5796788930892944
10671,0.0005508773028850555,0.0,0.0,-1.5891767740249634
10672,2.6358566284179688,0.0,0.0,-3.1027350425720215
10673,0.36877039074897766,0.0,0.0,-3.5942342281341553
10674,-0.4256649613380432,0.0,0.0,0.5101088285446167
10675,-2.7579333782196045,0.0,0.0,0.3023416996002197
10676,1.704766035079956,0.0,0.0,-3.2180891036987305
10677,-2.612685441970825,0.0,0.0,1.5796788930892944
10678,0.352120965719223,0.0,0.0,-3.290586471557617
10679,-2.612685441970825,0.0,0.0,1.5796788930892944
10680,-2.0414230823516846,0.0,0.0,0.685958981513977
10681,-2.612685441970825,0.0,0.0,1.5796788930892944
10682,-2.6982975006103516,0.0,0.0,0.9084429144859314
10683,1.0205261707305908,0.0,0.0,-3.186028003692627
10684,2.85856556892395,0.0,0.0,-3.082343578338623
10685,-3.0567941665649414,0.0,0.0,0.7409717440605164
10686,-2.612685441970825,0.0,0.0,1.5796788930892944
10687,-1.0724332332611084,0.0,0.0,0.6956272721290588
10688,-3.4822800159454346,0.0,0.0,1.6302367448806763
10689,-2.7280116081237793,0.0,0.0,0.5489837527275085
10690,-2.612685441970825,0.0,0.0,1.5796788930892944
10691,-0.761541485786438,0.0,0.0,-3.62807297706604
10692,-0.9801350235939026,0.0,0.0,0.6133339405059814
10693,-2.612685441970825,0.0,0.0,1.5796788930892944
10694,2.76833438873291,0.0,0.0,-3.3859918117523193
10695,0.7101173996925354,0.0,0.0,-3.526135206222534
10696,1.5287353992462158,0.0,0.0,-3.1596622467041016
10697,-0.14748452603816986,0.0,0.0,-2.7873921394348145
10698,0.14709711074829102,0.0,0.0,-1.1033244132995605
10699,2.85856556892395,0.0,0.0,-3.082343578338623
10700,-0.7033038139343262,0.0,0.0,-0.45047062635421753
10701,-1.5183806419372559,0.0,0.0,0.9870861768722534
10702,-0.8201205730438232,0.0,0.0,0.11331892013549805
10703,-2.696424722671509,0.0,0.0,-0.019005946815013885
10704,0.14338603615760803,0.0,0.0,-3.5734188556671143
10705,-1.0724332332611084,0.0,0.0,0.6956272721290588
10706,-2.612685441970825,0.0,0.0,1.5796788930892944
10707,-0.10025452077388763,0.0,0.0,-3.305450439453125
10708,-2.612685441970825,0.0,0.0,1.5796788930892944
10709,-2.889854669570923,0.0,0.0,0.6077426075935364
10710,0.8247676491737366,0.0,0.0,-3.2082533836364746
10711,2.85856556892395,0.0,0.0,-3.082343578338623
10712,2.85856556892395,0.0,0.0,-3.082343578338623
10713,0.5541010499000549,0.0,0.0,-3.234187602996826
10714,-1.1205402612686157,0.0,0.0,0.33190393447875977
10715,3.141749620437622,0.0,0.0,-3.0040054321289062
10716,-0.705077052116394,0.0,0.0,-1.6081520318984985
10717,-3.5678930282592773,0.0,0.0,0.8926870226860046
10718,-2.2995188236236572,0.0,0.0,-0.0022812597453594208
10719,-0.08360506594181061,0.0,0.0,-3.559863567352295
10720,-0.08360506594181061,0.0,0.0,-3.559863567352295
10721,-0.7892332077026367,0.0,0.0,-3.62807297706604
10722,2.85856556892395,0.0,0.0,-3.082343578338623
10723,-3.065729856491089,0.0,0.0,0.4865879416465759
10724,-2.4317867755889893,0.0,0.0,0.43531179428100586
10725,-2.612685441970825,0.0,0.0,1.5796788930892944
10726,-2.8721091747283936,0.0,0.0,1.607073187828064
10727,1.135481834411621,0.0,0.0,-3.440441131591797
10728,-2.3331727981567383,0.0,0.0,0.6041091680526733
10729,-2.612685441970825,0.0,0.0,1.5796788930892944
10730,-2.612685441970825,0.0,0.0,1.5796788930892944
10731,-2.612685441970825,0.0,0.0,1.5796788930892944
10732,3.141749620437622,0.0,0.0,-3.0040054321289062
10733,-2.719195604324341,0.0,0.0,1.6537011861801147
10734,3.2244222164154053,0.0,0.0,-1.5690115690231323
10735,2.6192071437835693,0.0,0.0,-3.082343578338623
10736,-1.0724332332611084,0.0,0.0,0.6956272721290588
10737,-0.8076425790786743,0.0,0.0,0.6133339405059814
10738,3.1583991050720215,0.0,0.0,-3.210305690765381
10739,-0.010630369186401367,0.0,0.0,-3.2697715759277344
10740,3.141749620437622,0.0,0.0,-3.0040054321289062
10741,2.8752150535583496,0.0,0.0,-3.150527000427246
10742,3.141749620437622,0.0,0.0,-3.0040054321289062
10743,1.1188323497772217,0.0,0.0,-3.186028003692627
10744,2.857985734939575,0.0,0.0,0.16406595706939697
10745,3.141749620437622,0.0,0.0,-3.0040054321289062
10746,-0.5877532958984375,0.0,0.0,0.7074429392814636
10747,0.5532516241073608,0.0,0.0,-3.1963114738464355
10748,-2.612685441970825,0.0,0.0,1.5796788930892944
10749,3.141749620437622,0.0,0.0,-3.0040054321289062
10750,-3.484102487564087,0.0,0.0,0.36360830068588257
10751,0.352120965719223,0.0,0.0,-3.290586471557617
10752,3.141749620437622,0.0,0.0,-3.0040054321289062
10753,0.794273316860199,0.0,0.0,-1.5062141418457031
10754,-0.43447089195251465,0.0,0.0,0.39290931820869446
10755,-0.7261662483215332,0.0,0.0,0.6956272721290588
10756,-2.283583164215088,0.0,0.0,1.0466338396072388
10757,3.141749620437622,0.0,0.0,-3.0040054321289062
10758,0.817272961139679,0.0,0.0,-1.4732205867767334
10759,-2.612685441970825,0.0,0.0,1.5796788930892944
10760,-0.012117095291614532,0.0,0.0,-1.0489834547042847
10761,-2.7497994899749756,0.0,0.0,0.7662469148635864
10762,3.1583991050720215,0.0,0.0,-2.927927017211914
10763,3.141749620437622,0.0,0.0,-3.0040054321289062
10764,-0.47294002771377563,0.0,0.0,0.5101088285446167
10765,-0.7567986249923706,0.0,0.0,0.6983699202537537
10766,3.141749620437622,0.0,0.0,-3.0040054321289062
10767,2.8809256553649902,0.0,0.0,-2.56428599357605
10768,-1.5265145301818848,0.0,0.0,0.523181140422821
10769,2.85856556892395,0.0,0.0,-3.082343578338623
10770,-2.797960042953491,0.0,0.0,1.6366859674453735
10771,3.141749620437622,0.0,0.0,-3.0040054321289062
10772,3.141749620437622,0.0,0.0,-3.0040054321289062
10773,-0.8076425790786743,0.0,0.0,0.6956272721290588
10774,-2.632030963897705,0.0,0.0,1.0717183351516724
10775,-0.4256649613380432,0.0,0.0,0.6133339405059814
10776,1.4501895904541016,0.0,0.0,-1.479836106300354
10777,3.141749620437622,0.0,0.0,-3.0040054321289062
10778,-2.9442293643951416,0.0,0.0,1.5414897203445435
10779,-0.4104965329170227,0.0,0.0,0.7074429392814636
10780,0.17943432927131653,0.0,0.0,0.475260466337204
10781,3.141749620437622,0.0,0.0,-3.0040054321289062
10782,-2.311415433883667,0.0,0.0,1.144594669342041
10783,-1.0426959991455078,0.0,0.0,0.5014470815658569
10784,-0.4104965329170227,0.0,0.0,0.7074429392814636
10785,-2.612685441970825,0.0,0.0,1.5796788930892944
10786,3.141749620437622,0.0,0.0,-3.0040054321289062
10787,3.141749620437622,0.0,0.0,-3.0040054321289062
10788,0.5772035717964172,0.0,0.0,-0.4265071153640747
10789,3.141749620437622,0.0,0.0,-3.0040054321289062
10790,-0.576945424079895,0.0,0.0,0.6607311964035034
10791,-0.6839122176170349,0.0,0.0,-0.4747672379016876
10792,-0.7721996307373047,0.0,0.0,-1.7111213207244873
10793,1.0864747762680054,0.0,0.0,-1.7544269561767578
10794,-1.9910210371017456,0.0,0.0,0.7992936372756958
10795,-1.9910210371017456,0.0,0.0,0.7992936372756958
10796,-2.0021469593048096,0.0,0.0,0.6872987747192383
10797,2.0927250385284424,0.0,0.0,-1.4389724731445312
10798,2.0927250385284424,0.0,0.0,-1.4389724731445312
10799,-1.9426974058151245,0.0,0.0,0.6951773166656494
10800,0.8251708745956421,0.0,0.0,-1.8243613243103027
10801,-2.0353333950042725,0.0,0.0,0.2567134499549866
10802,-2.0353333950042725,0.0,0.0,0.40814027190208435
10803,-1.8692227602005005,0.0,0.0,1.2896376848220825
10804,-0.1157713234424591,0.0,0.0,-1.3884024620056152
10805,-1.240792989730835,0.0,0.0,-0.1526642143726349
10806,-1.3590281009674072,0.0,0.0,0.19262807071208954
10807,-0.28844863176345825,0.0,0.0,-0.30479833483695984
10808,0.40155476331710815,0.0,0.0,-1.631256103515625
10809,-1.968485713005066,0.0,0.0,0.9209427833557129
10810,-1.240792989730835,0.0,0.0,-0.06287333369255066
10811,-0.7022438645362854,0.0,0.0,-0.6909716725349426
10812,1.8801478147506714,0.0,0.0,-1.5065580606460571
10813,-1.2301764488220215,0.0,0.0,-0.11623343825340271
10814,-2.0353333950042725,0.0,0.0,0.40814027190208435
10815,-0.14120420813560486,0.0,0.0,-1.753722906112671
10816,-0.15768980979919434,0.0,0.0,-1.8907971382141113
10817,-1.8873180150985718,0.0,0.0,-0.18256500363349915
10818,2.0927250385284424,0.0,0.0,-1.4389724731445312
10819,-1.9493488073349,0.0,0.0,0.9712314605712891
10820,-1.4768561124801636,0.0,0.0,-0.1312216818332672
10821,-0.5378892421722412,0.0,0.0,0.2519354820251465
10822,-0.6962447762489319,0.0,0.0,0.2519354820251465
10823,0.8843474388122559,0.0,0.0,-1.815047025680542
10824,-0.456230103969574,0.0,0.0,-1.70572829246521
10825,-1.9946180582046509,0.0,0.0,0.17535480856895447
10826,-0.4917393624782562,0.0,0.0,0.2712400555610657
10827,-2.0283164978027344,0.0,0.0,0.5288032293319702
10828,-1.4586772918701172,0.0,0.0,0.19026733934879303
10829,2.0927250385284424,0.0,0.0,-1.4389724731445312
10830,-0.7022438645362854,0.0,0.0,-0.6909716725349426
10831,-1.9910210371017456,0.0,0.0,0.7992936372756958
10832,-2.0021469593048096,0.0,0.0,0.6872987747192383
10833,-0.14120420813560486,0.0,0.0,-1.753722906112671
10834,-0.3283957242965698,0.0,0.0,-1.5857231616973877
10835,-2.1015660762786865,0.0,0.0,-0.19044357538223267
10836,-1.8692227602005005,0.0,0.0,1.2896376848220825
10837,-0.28844863176345825,0.0,0.0,-0.4693741798400879
10838,0.8937521576881409,0.0,0.0,-1.616837739944458
10839,-0.14828509092330933,0.0,0.0,-1.6925873756408691
10840,-0.5806692838668823,0.0,0.0,0.6135156750679016
10841,-2.094782590866089,0.0,0.0,0.21963103115558624
10842,0.8937521576881409,0.0,0.0,-1.616837739944458
10843,-2.0021469593048096,0.0,0.0,0.6872987747192383
10844,-0.15768980979919434,0.0,0.0,-1.8907971382141113
10845,-1.8692227602005005,0.0,0.0,1.2896376848220825
10846,-1.0839862823486328,0.0,0.0,-0.1439434289932251
10847,-1.8692227602005005,0.0,0.0,1.2896376848220825
10848,-2.0283164978027344,0.0,0.0,0.5288032293319702
10849,0.620819091796875,0.0,0.0,-1.519287347793579
10850,1.2406655550003052,0.0,0.0,-1.6968177556991577
10851,-2.054067373275757,0.0,0.0,0.16747623682022095
10852,-1.9493488073349,0.0,0.0,0.9712314605712891
10853,-0.5447297096252441,0.0,0.0,0.6607311964035034
10854,-1.931571364402771,0.0,0.0,0.8071722984313965
10855,-2.054067373275757,0.0,0.0,0.16747623682022095
10856,-2.0021469593048096,0.0,0.0,0.6872987747192383
10857,-0.8516935706138611,0.0,0.0,-1.7111213207244873
10858,-0.576945424079895,0.0,0.0,0.6607311964035034
10859,-1.9493488073349,0.0,0.0,0.9712314605712891
10860,0.9582862257957458,0.0,0.0,-1.5980095863342285
10861,0.40155476331710815,0.0,0.0,-1.631256103515625
10862,0.8292434215545654,0.0,0.0,-1.6950368881225586
10863,-0.42371636629104614,0.0,0.0,-1.401543140411377
10864,0.08563637733459473,0.0,0.0,-0.2798064947128296
10865,1.2711045742034912,0.0,0.0,-1.5136866569519043
10866,-0.6165168881416321,0.0,0.0,0.2631353735923767
10867,-0.7030278444290161,0.0,0.0,-0.09435074031352997
10868,-0.4917393624782562,0.0,0.0,0.2712400555610657
10869,-1.3997437953948975,0.0,0.0,0.18099436163902283
10870,0.40155476331710815,0.0,0.0,-1.631256103515625
10871,-0.576945424079895,0.0,0.0,0.6607311964035034
10872,-1.968485713005066,0.0,0.0,0.8417229652404785
10873,-0.44328272342681885,0.0,0.0,-1.5988640785217285
10874,-1.968485713005066,0.0,0.0,0.8417229652404785
10875,-2.054067373275757,0.0,0.0,0.16747623682022095
10876,0.5984669327735901,0.0,0.0,-1.8243613243103027
10877,1.2406655550003052,0.0,0.0,-1.6968177556991577
10878,1.1676326990127563,0.0,0.0,-1.4871288537979126
10879,0.4086354970932007,0.0,0.0,-1.6923916339874268
10880,-0.5378892421722412,0.0,0.0,0.2519354820251465
10881,2.0927250385284424,0.0,0.0,-1.4389724731445312
10882,-0.7022438645362854,0.0,0.0,-0.6909716725349426
10883,-1.9688668251037598,0.0,0.0,0.5366818308830261
10884,-1.234009861946106,0.0,0.0,0.19362184405326843
10885,-0.456230103969574,0.0,0.0,-1.70572829246521
10886,-0.456230103969574,0.0,0.0,-1.70572829246521
10887,-0.8516935706138611,0.0,0.0,-1.7111213207244873
10888,1.2711045742034912,0.0,0.0,-1.5136866569519043
10889,-2.1015660762786865,0.0,0.0,-0.1540127992630005
10890,-1.2301764488220215,0.0,0.0,-0.1526642143726349
10891,-1.9493488073349,0.0,0.0,0.9712314605712891
10892,-1.9910210371017456,0.0,0.0,0.7992936372756958
10893,0.6078717112541199,0.0,0.0,-1.6261518001556396
10894,-1.240792989730835,0.0,0.0,-0.11623343825340271
10895,-1.9493488073349,0.0,0.0,0.9712314605712891
10896,-1.8692227602005005,0.0,0.0,1.2896376848220825
10897,-1.9493488073349,0.0,0.0,0.9712314605712891
10898,2.0927250385284424,0.0,0.0,-1.4389724731445312
10899,-1.9426974058151245,0.0,0.0,0.6951773166656494
10900,2.0663363933563232,0.0,0.0,-0.5997490286827087
10901,0.900833010673523,0.0,0.0,-1.6779732704162598
10902,-0.5447297096252441,0.0,0.0,0.6607311964035034
10903,-0.5384867787361145,0.0,0.0,0.6607311964035034
10904,2.277642250061035,0.0,0.0,-1.1858391761779785
10905,0.4145021438598633,0.0,0.0,-1.5243916511535645
10906,2.1601521968841553,0.0,0.0,-1.2094120979309082
10907,1.2500702142715454,0.0,0.0,-1.498608112335205
10908,2.0927250385284424,0.0,0.0,-1.4389724731445312
10909,0.8292434215545654,0.0,0.0,-1.6950368881225586
10910,1.1647766828536987,0.0,0.0,0.6661232113838196
10911,2.0927250385284424,0.0,0.0,-1.4389724731445312
10912,-0.4415743052959442,0.0,0.0,0.6607311964035034
10913,-0.14828509092330933,0.0,0.0,-1.6925873756408691
10914,-1.8692227602005005,0.0,0.0,1.2896376848220825
10915,2.0927250385284424,0.0,0.0,-1.4389724731445312
10916,-1.4993929862976074,0.0,0.0,0.24242211878299713
10917,-0.12421169877052307,0.0,0.0,-1.4737281799316406
10918,2.1601521968841553,0.0,0.0,-1.2094120979309082
10919,0.7756533026695251,0.0,0.0,-0.3897978961467743
10920,-0.5806692838668823,0.0,0.0,0.6135156750679016
10921,-0.4415743052959442,0.0,0.0,0.6607311964035034
10922,-1.1569266319274902,0.0,0.0,0.5665826797485352
10923,2.0927250385284424,0.0,0.0,-1.4389724731445312
10924,0.5510045289993286,0.0,0.0,-0.6111066341400146
10925,-1.9910210371017456,0.0,0.0,0.7992936372756958
10926,-0.28844863176345825,0.0,0.0,-0.30479833483695984
10927,-2.1015660762786865,0.0,0.0,-0.19044357538223267
10928,2.0650646686553955,0.0,0.0,-1.2534250020980835
10929,2.1481106281280518,0.0,0.0,-1.405564308166504
10930,-0.5724614262580872,0.0,0.0,0.6607311964035034
10931,-0.4917393624782562,0.0,0.0,0.6607311964035034
10932,2.0927250385284424,0.0,0.0,-1.4389724731445312
10933,1.128393292427063,0.0,0.0,-1.25203275680542
10934,-0.6962447762489319,0.0,0.0,0.3157239258289337
10935,1.2711045742034912,0.0,0.0,-1.5136866569519043
10936,-2.0021469593048096,0.0,0.0,0.6872987747192383
10937,2.1601521968841553,0.0,0.0,-1.2094120979309082
10938,2.055659770965576,0.0,0.0,-1.451634407043457
10939,-0.576945424079895,0.0,0.0,0.6607311964035034
10940,-1.2665356397628784,0.0,0.0,0.19262807071208954
10941,-0.5724614262580872,0.0,0.0,0.6607311964035034
10942,0.9730224013328552,0.0,0.0,-0.6735419631004333
10943,2.1481106281280518,0.0,0.0,-1.405564308166504
10944,-1.9426974058151245,0.0,0.0,0.6951773166656494
10945,-0.4415743052959442,0.0,0.0,0.6607311964035034
10946,-0.18520578742027283,0.0,0.0,0.618908703327179
10947,2.0927250385284424,0.0,0.0,-1.4389724731445312
10948,-1.190964698791504,0.0,0.0,-0.11623343825340271
10949,-0.5378892421722412,0.0,0.0,0.2519354820251465
10950,-0.4917393624782562,0.0,0.0,0.6607311964035034
10951,-1.968485713005066,0.0,0.0,0.9209427833557129
10952,2.277642250061035,0.0,0.0,-1.1858391761779785
10953,2.1481106281280518,0.0,0.0,-1.405564308166504
10954,0.08689169585704803,0.0,0.0,0.28166934847831726
10955,2.1481106281280518,0.0,0.0,-1.405564308166504
10956,-0.6906538009643555,0.0,0.0,1.020133376121521
10957,-0.845689058303833,0.0,0.0,-0.09783616662025452
10958,-1.0157784223556519,0.0,0.0,-1.8418933153152466
10959,1.2487539052963257,0.0,0.0,-2.0242867469787598
10960,-1.0703366994857788,0.0,0.0,0.20152068138122559
10961,-1.0801770687103271,0.0,0.0,0.18709701299667358
10962,-0.8724573254585266,0.0,0.0,-0.47288525104522705
10963,2.059401035308838,0.0,0.0,-0.7303354740142822
10964,2.059401035308838,0.0,0.0,-0.7303354740142822
10965,-0.8985346555709839,0.0,0.0,-0.30077117681503296
10966,0.8434633612632751,0.0,0.0,-2.1200268268585205
10967,-1.3363795280456543,0.0,0.0,-0.4647325277328491
10968,-1.3363795280456543,0.0,0.0,-0.4647325277328491
10969,-0.8253259062767029,0.0,0.0,0.2084406316280365
10970,-0.7780670523643494,0.0,0.0,-1.3638252019882202
10971,-1.4431133270263672,0.0,0.0,-0.3335080146789551
10972,-1.1859673261642456,0.0,0.0,-1.0271353721618652
10973,-0.8010162115097046,0.0,0.0,0.7850920557975769
10974,-0.08227777481079102,0.0,0.0,-1.8765695095062256
10975,-0.8253259062767029,0.0,0.0,0.2084406316280365
10976,-1.4431133270263672,0.0,0.0,-0.3335080146789551
10977,-0.9211770296096802,0.0,0.0,-0.6138561367988586
10978,1.885914921760559,0.0,0.0,-0.7697813510894775
10979,-1.4431133270263672,0.0,0.0,-1.0531723499298096
10980,-1.3363795280456543,0.0,0.0,-0.12026716768741608
10981,-0.7909285426139832,0.0,0.0,-1.111418604850769
10982,-0.6892462372779846,0.0,0.0,-2.248502254486084
10983,-1.2513543367385864,0.0,0.0,-0.9689153432846069
10984,2.059401035308838,0.0,0.0,-0.7303354740142822
10985,-0.8253259062767029,0.0,0.0,0.2084406316280365
10986,-1.2429273128509521,0.0,0.0,-1.0271353721618652
10987,-1.2049933671951294,0.0,0.0,-0.4773973822593689
10988,-1.273104190826416,0.0,0.0,-0.4773973822593689
10989,0.9108934998512268,0.0,0.0,-2.1200268268585205
10990,-1.0310003757476807,0.0,0.0,-1.9179991483688354
10991,-1.3170843124389648,0.0,0.0,-1.0271353721618652
10992,-1.1160975694656372,0.0,0.0,-0.45416396856307983
10993,-0.9517399668693542,0.0,0.0,-0.08777348697185516
10994,-1.2429273128509521,0.0,0.0,-1.0271353721618652
10995,2.059401035308838,0.0,0.0,-0.7303354740142822
10996,-0.9211770296096802,0.0,0.0,-0.6138561367988586
10997,-1.0101763010025024,0.0,0.0,0.20152068138122559
10998,-0.8724573254585266,0.0,0.0,-0.47288525104522705
10999,-0.7909285426139832,0.0,0.0,-1.111418604850769
11000,-0.8397676944732666,0.0,0.0,-1.111418604850769
11001,-1.2693456411361694,0.0,0.0,-0.29688966274261475
11002,-0.8253259062767029,0.0,0.0,0.2084406316280365
11003,-0.9211770296096802,0.0,0.0,-0.6138561367988586
11004,0.8528304696083069,0.0,0.0,-1.777325987815857
11005,-0.81187504529953,0.0,0.0,-1.8296953439712524
11006,-0.6906538009643555,0.0,0.0,1.020133376121521
11007,-1.0243350267410278,0.0,0.0,0.058722659945487976
11008,0.7848801016807556,0.0,0.0,-1.777325987815857
11009,-0.8724573254585266,0.0,0.0,-0.47288525104522705
11010,-0.8270972371101379,0.0,0.0,-2.248502254486084
11011,-0.8253259062767029,0.0,0.0,0.2084406316280365
11012,-1.4431133270263672,0.0,0.0,-1.0531723499298096
11013,-0.8253259062767029,0.0,0.0,0.2084406316280365
11014,-0.9517399668693542,0.0,0.0,-0.08777348697185516
11015,0.3355506658554077,0.0,0.0,-1.0887045860290527
11016,1.3048075437545776,0.0,0.0,-1.9930131435394287
11017,-1.2791862487792969,0.0,0.0,-1.0309776067733765
11018,-0.8253259062767029,0.0,0.0,0.2084406316280365
11019,-0.6906538009643555,0.0,0.0,1.0839017629623413
11020,-1.1652065515518188,0.0,0.0,-0.4903867244720459
11021,-1.0243350267410278,0.0,0.0,-1.009634017944336
11022,-0.8724573254585266,0.0,0.0,-0.47288525104522705
11023,-1.0157784223556519,0.0,0.0,-1.8418933153152466
11024,-0.6906538009643555,0.0,0.0,1.0839017629623413
11025,-0.8253259062767029,0.0,0.0,0.2084406316280365
11026,0.9883215427398682,0.0,0.0,-1.701220154762268
11027,0.35307449102401733,0.0,0.0,-1.780173420906067
11028,0.7848801016807556,0.0,0.0,-1.777325987815857
11029,-0.981970489025116,0.0,0.0,-1.376023292541504
11030,-0.33541280031204224,0.0,0.0,0.5069394707679749
11031,1.6950968503952026,0.0,0.0,-1.583205223083496
11032,-0.6906538009643555,0.0,0.0,1.020133376121521
11033,-1.2538089752197266,0.0,0.0,-0.3884856700897217
11034,-0.9431899785995483,0.0,0.0,-0.42461663484573364
11035,-1.2622225284576416,0.0,0.0,-0.4647325277328491
11036,-0.12993201613426208,0.0,0.0,-1.8202773332595825
11037,-0.6906538009643555,0.0,0.0,1.0839017629623413
11038,-0.8253259062767029,0.0,0.0,0.2084406316280365
11039,-0.9948318600654602,0.0,0.0,-1.1236166954040527
11040,-0.8253259062767029,0.0,0.0,0.2084406316280365
11041,-1.209185242652893,0.0,0.0,-1.0165539979934692
11042,0.3367273211479187,0.0,0.0,-2.1884429454803467
11043,1.3048075437545776,0.0,0.0,-1.9930131435394287
11044,1.3036309480667114,0.0,0.0,-0.8932751417160034
11045,0.33667558431625366,0.0,0.0,-1.0992422103881836
11046,-1.273104190826416,0.0,0.0,-0.4773973822593689
11047,2.059401035308838,0.0,0.0,-0.7303354740142822
11048,-0.9211770296096802,0.0,0.0,-0.6138561367988586
11049,-1.2444891929626465,0.0,0.0,-0.10527496039867401
11050,-1.4624085426330566,0.0,0.0,-0.4907694458961487
11051,-1.0157784223556519,0.0,0.0,-1.8418933153152466
11052,-1.0310003757476807,0.0,0.0,-1.9179991483688354
11053,-1.0157784223556519,0.0,0.0,-1.8418933153152466
11054,1.3715602159500122,0.0,0.0,-1.9930131435394287
11055,-1.2791862487792969,0.0,0.0,-1.0309776067733765
11056,-1.4431133270263672,0.0,0.0,-0.3335080146789551
11057,-0.8253259062767029,0.0,0.0,0.2084406316280365
11058,-1.071048617362976,0.0,0.0,-0.49422889947891235
11059,0.3367273211479187,0.0,0.0,-1.8457415103912354
11060,-1.4431133270263672,0.0,0.0,-1.0531723499298096
11061,-0.8253259062767029,0.0,0.0,0.2084406316280365
11062,-0.8253259062767029,0.0,0.0,0.2084406316280365
11063,-0.8253259062767029,0.0,0.0,0.2084406316280365
11064,2.059401035308838,0.0,0.0,-0.7303354740142822
11065,-0.8757013082504272,0.0,0.0,0.3501615822315216
11066,1.7614046335220337,0.0,0.0,-0.4581865072250366
11067,0.8516538143157959,0.0,0.0,-1.0202890634536743
11068,-0.6906538009643555,0.0,0.0,1.0839017629623413
11069,-0.6906538009643555,0.0,0.0,1.0839017629623413
11070,2.0757999420166016,0.0,0.0,-1.411266803741455
11071,-0.10898545384407043,0.0,0.0,-1.1020005941390991
11072,2.059401035308838,0.0,0.0,-0.7303354740142822
11073,1.3048075437545776,0.0,0.0,-1.6503121852874756
11074,2.059401035308838,0.0,0.0,-0.7303354740142822
11075,0.8434633612632751,0.0,0.0,-1.777325987815857
11076,0.9738142490386963,0.0,0.0,1.0688457489013672
11077,2.059401035308838,0.0,0.0,-0.7303354740142822
11078,-0.5774049758911133,0.0,0.0,1.0839017629623413
11079,-0.8270972371101379,0.0,0.0,-1.9058011770248413
11080,-0.8253259062767029,0.0,0.0,0.2084406316280365
11081,2.059401035308838,0.0,0.0,-0.7303354740142822
11082,-1.135535478591919,0.0,0.0,-0.024001367390155792
11083,-0.5536524057388306,0.0,0.0,-1.111418604850769
11084,2.059401035308838,0.0,0.0,-0.7303354740142822
11085,0.5792224407196045,0.0,0.0,-0.025578632950782776
11086,-0.6906538009643555,0.0,0.0,1.020133376121521
11087,-0.5774049758911133,0.0,0.0,1.0839017629623413
11088,-0.9954658150672913,0.0,0.0,-0.10527496039867401
11089,2.059401035308838,0.0,0.0,-0.7303354740142822
11090,0.4476759433746338,0.0,0.0,-0.5521363019943237
11091,-0.8253259062767029,0.0,0.0,0.2084406316280365
11092,-0.8010162115097046,0.0,0.0,0.485323429107666
11093,-1.0243350267410278,0.0,0.0,-0.35831934213638306
11094,1.8870917558670044,0.0,0.0,-1.5268187522888184
11095,2.059401035308838,0.0,0.0,-0.7303354740142822
11096,-0.7846733331680298,0.0,0.0,0.9855656027793884
11097,-1.039435863494873,0.0,0.0,0.9973409175872803
11098,2.059401035308838,0.0,0.0,-0.7303354740142822
11099,1.2977839708328247,0.0,0.0,-1.1396100521087646
11100,-1.2538089752197266,0.0,0.0,0.02855633944272995
11101,1.6950968503952026,0.0,0.0,-1.583205223083496
11102,-0.9743543267250061,0.0,0.0,0.36649492383003235
11103,2.059401035308838,0.0,0.0,-0.7303354740142822
11104,1.8870917558670044,0.0,0.0,-1.8695197105407715
11105,-0.6906538009643555,0.0,0.0,1.0839017629623413
11106,-1.2429273128509521,0.0,0.0,-1.0271353721618652
11107,-0.6906538009643555,0.0,0.0,1.0839017629623413
11108,0.9532871246337891,0.0,0.0,-0.4731830358505249
11109,2.059401035308838,0.0,0.0,-0.7303354740142822
11110,-0.8757013082504272,0.0,0.0,0.2913321852684021
11111,-0.5774049758911133,0.0,0.0,1.0839017629623413
11112,-0.7846733331680298,0.0,0.0,0.9855656027793884
11113,2.059401035308838,0.0,0.0,-0.7303354740142822
11114,-1.4431133270263672,0.0,0.0,-1.0531723499298096
11115,-1.273104190826416,0.0,0.0,-0.4773973822593689
11116,-0.5774049758911133,0.0,0.0,1.0839017629623413
11117,-0.8253259062767029,0.0,0.0,0.2084406316280365
11118,2.060577869415283,0.0,0.0,-1.487372636795044
11119,2.059401035308838,0.0,0.0,-0.7303354740142822
11120,-0.3598365783691406,0.0,0.0,0.797290027141571
11121,2.059401035308838,0.0,0.0,-0.7303354740142822
11122,-0.6258522272109985,0.0,0.0,0.48960551619529724
11123,-0.519667387008667,0.0,0.0,-1.0288996696472168
11124,-0.5814722776412964,0.0,0.0,-2.1111063957214355
11125,1.9452133178710938,0.0,0.0,-1.8948792219161987
11126,-2.4722344875335693,0.0,0.0,1.1498976945877075
11127,-2.536755323410034,0.0,0.0,1.1498976945877075
11128,-2.4722344875335693,0.0,0.0,1.1498976945877075
11129,2.093580484390259,0.0,0.0,-1.7491798400878906
11130,2.093580484390259,0.0,0.0,-1.7491798400878906
11131,-2.536755323410034,0.0,0.0,1.1498976945877075
11132,1.473163366317749,0.0,0.0,-1.9283818006515503
11133,-2.5715086460113525,0.0,0.0,0.44952407479286194
11134,-2.5715086460113525,0.0,0.0,0.44952407479286194
11135,-2.4722344875335693,0.0,0.0,1.1498976945877075
11136,0.5870900750160217,0.0,0.0,-1.9467973709106445
11137,-2.195523977279663,0.0,0.0,0.9327532649040222
11138,-2.4942972660064697,0.0,0.0,1.1873239278793335
11139,-0.3707570433616638,0.0,0.0,-0.4913574159145355
11140,1.1744675636291504,0.0,0.0,-2.0253145694732666
11141,-2.4722344875335693,0.0,0.0,1.1498976945877075
11142,-2.195523977279663,0.0,0.0,0.9327532649040222
11143,-0.5490106344223022,0.0,0.0,-1.4167290925979614
11144,2.093580484390259,0.0,0.0,-1.7491798400878906
11145,-2.4416210651397705,0.0,0.0,1.2066553831100464
11146,-2.5715086460113525,0.0,0.0,0.44952407479286194
11147,0.5620441436767578,0.0,0.0,-1.7854105234146118
11148,0.5620441436767578,0.0,0.0,-1.9936964511871338
11149,-2.5471575260162354,0.0,0.0,0.9819822907447815
11150,2.093580484390259,0.0,0.0,-1.7491798400878906
11151,-2.4722344875335693,0.0,0.0,1.1498976945877075
11152,-2.5679476261138916,0.0,0.0,1.1873239278793335
11153,-1.0768932104110718,0.0,0.0,0.5875493884086609
11154,-1.4880696535110474,0.0,0.0,0.6284983158111572
11155,1.6419055461883545,0.0,0.0,-1.9750617742538452
11156,-0.4468424916267395,0.0,0.0,-2.032163381576538
11157,-2.536755323410034,0.0,0.0,1.1498976945877075
11158,-0.7179280519485474,0.0,0.0,0.5875493884086609
11159,-2.4722344875335693,0.0,0.0,1.1498976945877075
11160,-2.5679476261138916,0.0,0.0,1.1873239278793335
11161,2.093580484390259,0.0,0.0,-1.7491798400878906
11162,-0.5490106344223022,0.0,0.0,-1.4167290925979614
11163,-2.4722344875335693,0.0,0.0,1.1498976945877075
11164,-2.4722344875335693,0.0,0.0,1.1498976945877075
11165,0.5620441436767578,0.0,0.0,-1.7854105234146118
11166,-0.005288541316986084,0.0,0.0,-1.7854105234146118
11167,-2.4826366901397705,0.0,0.0,0.8565441370010376
11168,-2.4722344875335693,0.0,0.0,1.1498976945877075
11169,-0.41438084840774536,0.0,0.0,-1.4167290925979614
11170,1.6537562608718872,0.0,0.0,-1.9036363363265991
11171,0.3978402614593506,0.0,0.0,-2.1111063957214355
11172,-0.4635637700557709,0.0,0.0,0.48960551619529724
11173,-2.4926908016204834,0.0,0.0,0.7455468773841858
11174,1.4850140810012817,0.0,0.0,-2.029435396194458
11175,-2.4722344875335693,0.0,0.0,1.1498976945877075
11176,0.46111932396888733,0.0,0.0,-1.9936964511871338
11177,-2.4722344875335693,0.0,0.0,1.1498976945877075
11178,-1.9750292301177979,0.0,0.0,1.0581916570663452
11179,-2.4722344875335693,0.0,0.0,1.1498976945877075
11180,-2.4722344875335693,0.0,0.0,1.1498976945877075
11181,1.2258658409118652,0.0,0.0,-1.7904964685440063
11182,1.9452133178710938,0.0,0.0,-1.8948792219161987
11183,-2.536755323410034,0.0,0.0,1.1498976945877075
11184,-2.4722344875335693,0.0,0.0,1.1498976945877075
11185,-0.6568493843078613,0.0,0.0,0.5875493884086609
11186,-2.536755323410034,0.0,0.0,1.1498976945877075
11187,-2.4722344875335693,0.0,0.0,1.1498976945877075
11188,-2.4722344875335693,0.0,0.0,1.1498976945877075
11189,-0.5814722776412964,0.0,0.0,-2.1111063957214355
11190,-0.6568493843078613,0.0,0.0,0.560645580291748
11191,-2.4722344875335693,0.0,0.0,1.1498976945877075
11192,1.6537562608718872,0.0,0.0,-2.0924718379974365
11193,1.0797851085662842,0.0,0.0,-2.11619234085083
11194,1.4850140810012817,0.0,0.0,-1.919542670249939
11195,-0.4336473345756531,0.0,0.0,-1.9467973709106445
11196,0.7860299944877625,0.0,0.0,-0.4913574159145355
11197,1.9452133178710938,0.0,0.0,-1.8948792219161987
11198,-0.6188079118728638,0.0,0.0,-0.09235981851816177
11199,-1.4850560426712036,0.0,0.0,1.0991543531417847
11200,-0.7179280519485474,0.0,0.0,0.5577912926673889
11201,-2.529050588607788,0.0,0.0,0.4869503974914551
11202,1.1744675636291504,0.0,0.0,-2.104257583618164
11203,-0.6568493843078613,0.0,0.0,0.5875493884086609
11204,-2.4722344875335693,0.0,0.0,1.1498976945877075
11205,-0.4262457489967346,0.0,0.0,-1.7854105234146118
11206,-2.4722344875335693,0.0,0.0,1.1498976945877075
11207,-2.4722344875335693,0.0,0.0,1.1498976945877075
11208,1.2258658409118652,0.0,0.0,-1.9987823963165283
11209,1.9452133178710938,0.0,0.0,-1.8948792219161987
11210,1.9452133178710938,0.0,0.0,-1.7491798400878906
11211,0.952601432800293,0.0,0.0,-1.7904964685440063
11212,-1.0555559396743774,0.0,0.0,0.6757028102874756
11213,2.093580484390259,0.0,0.0,-1.7491798400878906
11214,-0.5490106344223022,0.0,0.0,-1.4167290925979614
11215,-2.536755323410034,0.0,0.0,1.1498976945877075
11216,-2.219874858856201,0.0,0.0,0.4959750771522522
11217,-0.4468424916267395,0.0,0.0,-2.22322940826416
11218,-0.4468424916267395,0.0,0.0,-2.22322940826416
11219,-0.5814722776412964,0.0,0.0,-2.1111063957214355
11220,1.9452133178710938,0.0,0.0,-1.8948792219161987
11221,-2.536755323410034,0.0,0.0,1.1498976945877075
11222,-2.3622381687164307,0.0,0.0,0.9327532649040222
11223,-2.4722344875335693,0.0,0.0,1.1498976945877075
11224,-2.536755323410034,0.0,0.0,1.1498976945877075
11225,1.402964472770691,0.0,0.0,-2.2283153533935547
11226,-2.185121774673462,0.0,0.0,1.2261066436767578
11227,-2.4722344875335693,0.0,0.0,1.1498976945877075
11228,-2.4722344875335693,0.0,0.0,1.1498976945877075
11229,-2.4722344875335693,0.0,0.0,1.1498976945877075
11230,2.093580484390259,0.0,0.0,-1.7491798400878906
11231,-2.536755323410034,0.0,0.0,1.1498976945877075
11232,2.1378936767578125,0.0,0.0,-1.5379084348678589
11233,1.6419055461883545,0.0,0.0,-1.7667758464813232
11234,-0.6568493843078613,0.0,0.0,0.5875493884086609
11235,-0.5924532413482666,0.0,0.0,0.560645580291748
11236,2.1054320335388184,0.0,0.0,-2.074875831604004
11237,1.1626167297363281,0.0,0.0,-1.7785617113113403
11238,2.093580484390259,0.0,0.0,-1.7491798400878906
11239,1.9570640325546265,0.0,0.0,-1.9959330558776855
11240,2.093580484390259,0.0,0.0,-1.7491798400878906
11241,1.4850140810012817,0.0,0.0,-1.919542670249939
11242,1.592780351638794,0.0,0.0,0.2547689378261566
11243,2.093580484390259,0.0,0.0,-1.7491798400878906
11244,-0.6568493843078613,0.0,0.0,0.5875493884086609
11245,0.6469784379005432,0.0,0.0,-1.9222707748413086
11246,-2.4722344875335693,0.0,0.0,1.1498976945877075
11247,2.093580484390259,0.0,0.0,-1.7491798400878906
11248,-2.365208387374878,0.0,0.0,0.8487343788146973
11249,0.4756872057914734,0.0,0.0,-1.7854105234146118
11250,2.093580484390259,0.0,0.0,-1.7491798400878906
11251,1.2995214462280273,0.0,0.0,-1.0339856147766113
11252,-0.4737063944339752,0.0,0.0,0.2520408630371094
11253,-0.6568493843078613,0.0,0.0,0.5875493884086609
11254,-2.4942972660064697,0.0,0.0,1.1873239278793335
11255,2.093580484390259,0.0,0.0,-1.7491798400878906
11256,1.206929326057434,0.0,0.0,-1.4098803997039795
11257,-2.4722344875335693,0.0,0.0,1.1498976945877075
11258,-0.3707570433616638,0.0,0.0,-0.39935892820358276
11259,-2.4826366901397705,0.0,0.0,1.0083335638046265
11260,1.9570640325546265,0.0,0.0,-1.8860403299331665
11261,2.093580484390259,0.0,0.0,-1.7491798400878906
11262,-0.4635637700557709,0.0,0.0,0.48960551619529724
11263,-0.7179280519485474,0.0,0.0,0.5875493884086609
11264,2.093580484390259,0.0,0.0,-1.7491798400878906
11265,1.9702593088150024,0.0,0.0,-1.910566806793213
11266,-1.5496236085891724,0.0,0.0,0.947364866733551
11267,1.9452133178710938,0.0,0.0,-1.8948792219161987
11268,-2.4722344875335693,0.0,0.0,1.1498976945877075
11269,2.093580484390259,0.0,0.0,-1.7491798400878906
11270,2.093580484390259,0.0,0.0,-1.8948792219161987
11271,-0.6258522272109985,0.0,0.0,0.5875493884086609
11272,-2.437985897064209,0.0,0.0,1.1873239278793335
11273,-0.4635637700557709,0.0,0.0,0.560645580291748
11274,1.5174758434295654,0.0,0.0,-1.4140011072158813
11275,2.093580484390259,0.0,0.0,-1.7491798400878906
11276,-2.536755323410034,0.0,0.0,1.1498976945877075
11277,-0.6568493843078613,0.0,0.0,0.5875493884086609
11278,-0.3289340138435364,0.0,0.0,0.48960551619529724
11279,2.093580484390259,0.0,0.0,-1.7491798400878906
11280,-2.1595466136932373,0.0,0.0,1.2261066436767578
11281,-1.001024842262268,0.0,0.0,0.7895426750183105
11282,-0.7179280519485474,0.0,0.0,0.5875493884086609
11283,-2.4722344875335693,0.0,0.0,1.1498976945877075
11284,2.1054320335388184,0.0,0.0,-1.8860403299331665
11285,2.093580484390259,0.0,0.0,-1.7491798400878906
11286,0.5790917873382568,0.0,0.0,-0.09235981851816177
11287,2.093580484390259,0.0,0.0,-1.7491798400878906
11288,-1.559949517250061,0.0,0.0,0.2974395155906677
11289,-1.618820309638977,0.0,0.0,-1.5350228548049927
11290,-1.618820309638977,0.0,0.0,-2.9487767219543457
11291,1.9025291204452515,0.0,0.0,-2.5944323539733887
11292,-2.455681800842285,0.0,0.0,1.0851259231567383
11293,-2.455681800842285,0.0,0.0,1.0851259231567383
11294,-2.455681800842285,0.0,0.0,1.0851259231567383
11295,1.9025291204452515,0.0,0.0,-2.5944323539733887
11296,1.9025291204452515,0.0,0.0,-2.5944323539733887
11297,-2.455681800842285,0.0,0.0,1.0851259231567383
11298,1.9025291204452515,0.0,0.0,-2.5944323539733887
11299,-2.455681800842285,0.0,0.0,-1.4774694442749023
11300,-2.455681800842285,0.0,0.0,-0.9872131943702698
11301,-2.455681800842285,0.0,0.0,1.0851259231567383
11302,1.121174693107605,0.0,0.0,-3.0912156105041504
11303,-2.830423355102539,0.0,0.0,0.2664240896701813
11304,-2.455681800842285,0.0,0.0,1.0851259231567383
11305,-0.9628000855445862,0.0,0.0,-0.9697573184967041
11306,1.121174693107605,0.0,0.0,-2.9487767219543457
11307,-2.455681800842285,0.0,0.0,1.0851259231567383
11308,-2.830423355102539,0.0,0.0,0.2664240896701813
11309,-1.618820309638977,0.0,0.0,-2.5214972496032715
11310,1.9025291204452515,0.0,0.0,-2.5944323539733887
11311,-2.6606154441833496,0.0,0.0,1.0851259231567383
11312,-2.455681800842285,0.0,0.0,-0.5003384351730347
11313,1.121174693107605,0.0,0.0,-2.5944323539733887
11314,1.121174693107605,0.0,0.0,-2.5944323539733887
11315,-2.455681800842285,0.0,0.0,1.0851259231567383
11316,1.9025291204452515,0.0,0.0,-2.5944323539733887
11317,-2.455681800842285,0.0,0.0,1.0851259231567383
11318,-2.455681800842285,0.0,0.0,1.0851259231567383
11319,-1.2099592685699463,0.0,0.0,-1.4774694442749023
11320,-2.854954242706299,0.0,0.0,-0.5142344832420349
11321,1.9025291204452515,0.0,0.0,-2.5944323539733887
11322,-1.618820309638977,0.0,0.0,-2.9487767219543457
11323,-2.455681800842285,0.0,0.0,1.0851259231567383
11324,-1.3846442699432373,0.0,0.0,-1.4774694442749023
11325,-2.455681800842285,0.0,0.0,1.0851259231567383
11326,-2.455681800842285,0.0,0.0,1.0851259231567383
11327,1.9025291204452515,0.0,0.0,-2.5944323539733887
11328,-1.618820309638977,0.0,0.0,-2.5214972496032715
11329,-2.455681800842285,0.0,0.0,1.0851259231567383
11330,-2.455681800842285,0.0,0.0,1.0851259231567383
11331,1.121174693107605,0.0,0.0,-2.5944323539733887
11332,-0.40571367740631104,0.0,0.0,-2.5944323539733887
11333,-2.455681800842285,0.0,0.0,0.2664240896701813
11334,-2.455681800842285,0.0,0.0,1.0851259231567383
11335,-0.8236732482910156,0.0,0.0,-2.5214972496032715
11336,1.9025291204452515,0.0,0.0,-2.8068385124206543
11337,0.9195810556411743,0.0,0.0,-3.0912156105041504
11338,-1.618820309638977,0.0,0.0,0.2974395155906677
11339,-2.455681800842285,0.0,0.0,0.12534475326538086
11340,1.9025291204452515,0.0,0.0,-2.9487767219543457
11341,-2.455681800842285,0.0,0.0,1.0851259231567383
11342,0.9195810556411743,0.0,0.0,-2.5944323539733887
11343,-2.455681800842285,0.0,0.0,1.0851259231567383
11344,-2.830423355102539,0.0,0.0,1.0851259231567383
11345,-2.455681800842285,0.0,0.0,1.0851259231567383
11346,-2.455681800842285,0.0,0.0,1.0851259231567383
11347,1.5878089666366577,0.0,0.0,-2.5944323539733887
11348,1.9025291204452515,0.0,0.0,-2.5944323539733887
11349,-2.455681800842285,0.0,0.0,1.0851259231567383
11350,-2.455681800842285,0.0,0.0,1.0851259231567383
11351,-1.7090449333190918,0.0,0.0,1.0767216682434082
11352,-2.455681800842285,0.0,0.0,1.0851259231567383
11353,-2.455681800842285,0.0,0.0,1.0851259231567383
11354,-2.455681800842285,0.0,0.0,1.0851259231567383
11355,-1.618820309638977,0.0,0.0,-3.0912156105041504
11356,-2.189046859741211,0.0,0.0,0.9428152441978455
11357,-2.455681800842285,0.0,0.0,1.0851259231567383
11358,1.9025291204452515,0.0,0.0,-3.0912156105041504
11359,1.403621792793274,0.0,0.0,-2.9487767219543457
11360,1.9025291204452515,0.0,0.0,-2.5944323539733887
11361,-1.618820309638977,0.0,0.0,-3.0912156105041504
11362,1.121174693107605,0.0,0.0,-0.9697573184967041
11363,1.9025291204452515,0.0,0.0,-2.5944323539733887
11364,-1.2508323192596436,0.0,0.0,-0.9697573184967041
11365,-2.459911584854126,0.0,0.0,0.4014555513858795
11366,-1.3846442699432373,0.0,0.0,-1.4774694442749023
11367,-2.455681800842285,0.0,0.0,-1.4774694442749023
11368,1.121174693107605,0.0,0.0,-2.9487767219543457
11369,-2.337282657623291,0.0,0.0,1.0767216682434082
11370,-2.455681800842285,0.0,0.0,1.0851259231567383
11371,-0.40571367740631104,0.0,0.0,-2.5944323539733887
11372,-2.455681800842285,0.0,0.0,1.0851259231567383
11373,-2.455681800842285,0.0,0.0,1.0851259231567383
11374,1.5878089666366577,0.0,0.0,-2.5944323539733887
11375,1.9025291204452515,0.0,0.0,-2.5944323539733887
11376,1.9025291204452515,0.0,0.0,-2.5944323539733887
11377,1.121174693107605,0.0,0.0,-2.5944323539733887
11378,-1.379608154296875,0.0,0.0,-0.5142344832420349
11379,1.9025291204452515,0.0,0.0,-2.5944323539733887
11380,-1.618820309638977,0.0,0.0,-2.5214972496032715
11381,-2.455681800842285,0.0,0.0,1.0851259231567383
11382,-2.830423355102539,0.0,0.0,-1.4774694442749023
11383,-0.9628000855445862,0.0,0.0,-2.9487767219543457
11384,-0.9628000855445862,0.0,0.0,-2.9487767219543457
11385,-1.618820309638977,0.0,0.0,-2.9487767219543457
11386,1.9025291204452515,0.0,0.0,-2.5944323539733887
11387,-2.455681800842285,0.0,0.0,1.0851259231567383
11388,-2.5144283771514893,0.0,0.0,0.4014555513858795
11389,-2.455681800842285,0.0,0.0,1.0851259231567383
11390,-2.455681800842285,0.0,0.0,1.0851259231567383
11391,1.9025291204452515,0.0,0.0,-2.9487767219543457
11392,-2.830423355102539,0.0,0.0,1.0851259231567383
11393,-2.455681800842285,0.0,0.0,1.0851259231567383
11394,-2.455681800842285,0.0,0.0,1.0851259231567383
11395,-2.455681800842285,0.0,0.0,1.0851259231567383
11396,1.9025291204452515,0.0,0.0,-2.5944323539733887
11397,-2.455681800842285,0.0,0.0,1.0851259231567383
11398,1.9025291204452515,0.0,0.0,-2.5214972496032715
11399,1.9025291204452515,0.0,0.0,-2.5944323539733887
11400,-1.7090449333190918,0.0,0.0,1.0767216682434082
11401,-1.2508323192596436,0.0,0.0,0.783936083316803
11402,1.9025291204452515,0.0,0.0,-2.9487767219543457
11403,1.121174693107605,0.0,0.0,-2.5944323539733887
11404,1.9025291204452515,0.0,0.0,-2.5944323539733887
11405,1.9025291204452515,0.0,0.0,-2.9487767219543457
11406,1.9025291204452515,0.0,0.0,-2.5944323539733887
11407,1.9025291204452515,0.0,0.0,-2.5944323539733887
11408,1.9025291204452515,0.0,0.0,0.01412421464920044
11409,1.9025291204452515,0.0,0.0,-2.5944323539733887
11410,-0.7247793674468994,0.0,0.0,1.0767216682434082
11411,1.121174693107605,0.0,0.0,-2.5944323539733887
11412,-2.455681800842285,0.0,0.0,1.0851259231567383
11413,1.9025291204452515,0.0,0.0,-2.5944323539733887
11414,-2.455681800842285,0.0,0.0,0.5472368001937866
11415,0.9195810556411743,0.0,0.0,-2.5944323539733887
11416,1.9025291204452515,0.0,0.0,-2.5944323539733887
11417,1.5878089666366577,0.0,0.0,-1.5350228548049927
11418,-1.0871825218200684,0.0,0.0,0.3776467442512512
11419,-0.7247793674468994,0.0,0.0,1.0767216682434082
11420,-2.455681800842285,0.0,0.0,1.0851259231567383
11421,1.9025291204452515,0.0,0.0,-2.5944323539733887
11422,1.121174693107605,0.0,0.0,-2.5214972496032715
11423,-2.455681800842285,0.0,0.0,1.0851259231567383
11424,-1.618820309638977,0.0,0.0,-0.9697573184967041
11425,-2.455681800842285,0.0,0.0,1.0851259231567383
11426,1.9025291204452515,0.0,0.0,-2.5944323539733887
11427,1.9025291204452515,0.0,0.0,-2.5944323539733887
11428,-1.618820309638977,0.0,0.0,0.2974395155906677
11429,-1.2099592685699463,0.0,0.0,1.0767216682434082
11430,1.9025291204452515,0.0,0.0,-2.5944323539733887
11431,1.9025291204452515,0.0,0.0,-3.0912156105041504
11432,-2.168945789337158,0.0,0.0,0.4134282171726227
11433,1.9025291204452515,0.0,0.0,-2.5944323539733887
11434,-2.455681800842285,0.0,0.0,1.0851259231567383
11435,1.9025291204452515,0.0,0.0,-2.5944323539733887
11436,1.9025291204452515,0.0,0.0,-2.5944323539733887
11437,-1.4164608716964722,0.0,0.0,1.0767216682434082
11438,-2.455681800842285,0.0,0.0,1.0851259231567383
11439,-1.4454485177993774,0.0,0.0,0.9428152441978455
11440,1.9025291204452515,0.0,0.0,-2.5214972496032715
11441,1.9025291204452515,0.0,0.0,-2.5944323539733887
11442,-2.455681800842285,0.0,0.0,1.0851259231567383
11443,-0.7247793674468994,0.0,0.0,1.0767216682434082
11444,-0.9628000855445862,0.0,0.0,0.6966919302940369
11445,1.9025291204452515,0.0,0.0,-2.5944323539733887
11446,-2.5144283771514893,0.0,0.0,1.0851259231567383
11447,-1.379608154296875,0.0,0.0,-0.36665862798690796
11448,-0.5024662017822266,0.0,0.0,1.0767216682434082
11449,-2.455681800842285,0.0,0.0,1.0851259231567383
11450,1.9025291204452515,0.0,0.0,-2.5944323539733887
11451,1.9025291204452515,0.0,0.0,-2.5944323539733887
11452,0.9195810556411743,0.0,0.0,-0.9697573184967041
11453,1.9025291204452515,0.0,0.0,-2.5944323539733887
11454,-0.2986353933811188,0.0,0.0,0.23070816695690155
11455,-0.4053463041782379,0.0,0.0,-0.1504298448562622
11456,-0.4560796618461609,0.0,0.0,-0.5911718606948853
11457,0.4849887490272522,0.0,0.0,-0.5911718606948853
11458,-0.829396665096283,0.0,0.0,0.1381891667842865
11459,-0.829396665096283,0.0,0.0,0.1381891667842865
11460,-0.7027153372764587,0.0,0.0,0.024343959987163544
11461,1.1169888973236084,0.0,0.0,-0.2382393330335617
11462,1.0493016242980957,0.0,0.0,-0.4835026264190674
11463,-0.7800365090370178,0.0,0.0,0.017066597938537598
11464,0.2938261330127716,0.0,0.0,-0.5911718606948853
11465,-0.7860445380210876,0.0,0.0,0.01004489604383707
11466,-0.7860445380210876,0.0,0.0,0.01004489604383707
11467,-0.6876019835472107,0.0,0.0,0.20873798429965973
11468,-0.198337122797966,0.0,0.0,-0.35152024030685425
11469,-0.5546395182609558,0.0,0.0,0.0850858986377716
11470,-0.5546395182609558,0.0,0.0,-0.05794132128357887
11471,-0.4408279061317444,0.0,0.0,-0.1504298448562622
11472,-0.06726961582899094,0.0,0.0,-0.5911718606948853
11473,-0.6876019835472107,0.0,0.0,0.14546653628349304
11474,-0.5546395182609558,0.0,0.0,0.0850858986377716
11475,-0.4408279061317444,0.0,0.0,-0.19196482002735138
11476,0.8403957486152649,0.0,0.0,-0.33218592405319214
11477,-0.5546395182609558,0.0,0.0,-0.01994207128882408
11478,-0.7860445380210876,0.0,0.0,0.01004489604383707
11479,-0.19990570843219757,0.0,0.0,-0.5153909921646118
11480,-0.20698954164981842,0.0,0.0,-0.5911718606948853
11481,-0.7860445380210876,0.0,0.0,-0.01994207128882408
11482,1.0493016242980957,0.0,0.0,-0.2515680193901062
11483,-0.6876019835472107,0.0,0.0,0.20873798429965973
11484,-0.6738256812095642,0.0,0.0,-0.01994207128882408
11485,-0.4081701636314392,0.0,0.0,0.016878344118595123
11486,-0.505693793296814,0.0,0.0,0.06764425337314606
11487,0.3450029194355011,0.0,0.0,-0.5911718606948853
11488,-0.4560796618461609,0.0,0.0,-0.5911718606948853
11489,-0.7800365090370178,0.0,0.0,0.017066597938537598
11490,-0.4081701636314392,0.0,0.0,0.016878344118595123
11491,-0.7027153372764587,0.0,0.0,0.024343959987163544
11492,-0.7500535845756531,0.0,0.0,-0.05794132128357887
11493,1.1169888973236084,0.0,0.0,-0.2382393330335617
11494,-0.4408279061317444,0.0,0.0,-0.19196482002735138
11495,-0.829396665096283,0.0,0.0,0.1381891667842865
11496,-0.7027153372764587,0.0,0.0,0.024343959987163544
11497,-0.19990570843219757,0.0,0.0,-0.5153909921646118
11498,-0.28838634490966797,0.0,0.0,-0.5911718606948853
11499,-0.8505180478096008,0.0,0.0,0.0850858986377716
11500,-0.6876019835472107,0.0,0.0,0.20873798429965973
11501,-0.3922789692878723,0.0,0.0,-0.19196482002735138
11502,0.3450029194355011,0.0,0.0,-0.5911718606948853
11503,-0.20698954164981842,0.0,0.0,-0.5911718606948853
11504,-0.39283519983291626,0.0,0.0,0.23070816695690155
11505,-0.8505180478096008,0.0,0.0,0.06764425337314606
11506,0.2938261330127716,0.0,0.0,-0.5911718606948853
11507,-0.7027153372764587,0.0,0.0,0.024343959987163544
11508,-0.20698954164981842,0.0,0.0,-0.5911718606948853
11509,-0.6876019835472107,0.0,0.0,0.20873798429965973
11510,-0.5546395182609558,0.0,0.0,-0.01994207128882408
11511,-0.6876019835472107,0.0,0.0,0.20873798429965973
11512,-0.7027153372764587,0.0,0.0,0.024343959987163544
11513,0.12288448959589005,0.0,0.0,-0.5911718606948853
11514,0.4849887490272522,0.0,0.0,-0.5911718606948853
11515,-0.8505180478096008,0.0,0.0,-0.05794132128357887
11516,-0.6876019835472107,0.0,0.0,0.20873798429965973
11517,-0.2986353933811188,0.0,0.0,0.23070816695690155
11518,-0.7800365090370178,0.0,0.0,0.017066597938537598
11519,-0.7087233662605286,0.0,0.0,-0.05066395178437233
11520,-0.7027153372764587,0.0,0.0,0.024343959987163544
11521,-0.4560796618461609,0.0,0.0,-0.5911718606948853
11522,-0.2986353933811188,0.0,0.0,0.23070816695690155
11523,-0.6876019835472107,0.0,0.0,0.20873798429965973
11524,0.3450029194355011,0.0,0.0,-0.5911718606948853
11525,0.0666232630610466,0.0,0.0,-0.5911718606948853
11526,0.2938261330127716,0.0,0.0,-0.5911718606948853
11527,-0.4474272131919861,0.0,0.0,-0.35152024030685425
11528,-0.19173778593540192,0.0,0.0,-0.1504298448562622
11529,0.4849887490272522,0.0,0.0,-0.5911718606948853
11530,-0.2986353933811188,0.0,0.0,0.23070816695690155
11531,-0.505693793296814,0.0,0.0,0.0850858986377716
11532,-0.4081701636314392,0.0,0.0,0.016878344118595123
11533,-0.6738256812095642,0.0,0.0,0.01004489604383707
11534,-0.14073067903518677,0.0,0.0,-0.5911718606948853
11535,-0.2986353933811188,0.0,0.0,0.23070816695690155
11536,-0.6876019835472107,0.0,0.0,0.14546653628349304
11537,-0.28838634490966797,0.0,0.0,-0.5911718606948853
11538,-0.6876019835472107,0.0,0.0,0.14546653628349304
11539,-0.8505180478096008,0.0,0.0,-0.05794132128357887
11540,0.12288448959589005,0.0,0.0,-0.5911718606948853
11541,0.4849887490272522,0.0,0.0,-0.5911718606948853
11542,0.4849887490272522,0.0,0.0,-0.5911718606948853
11543,0.07370711863040924,0.0,0.0,-0.5153909921646118
11544,-0.4552212059497833,0.0,0.0,0.07447769492864609
11545,1.0493016242980957,0.0,0.0,-0.3148394823074341
11546,-0.4408279061317444,0.0,0.0,-0.19196482002735138
11547,-0.7800365090370178,0.0,0.0,0.017066597938537598
11548,-0.5546395182609558,0.0,0.0,0.01004489604383707
11549,-0.4560796618461609,0.0,0.0,-0.5911718606948853
11550,-0.4560796618461609,0.0,0.0,-0.5911718606948853
11551,-0.4560796618461609,0.0,0.0,-0.5911718606948853
11552,0.4849887490272522,0.0,0.0,-0.5911718606948853
11553,-0.7860445380210876,0.0,0.0,-0.01994207128882408
11554,-0.5546395182609558,0.0,0.0,0.0850858986377716
11555,-0.6876019835472107,0.0,0.0,0.20873798429965973
11556,-0.7800365090370178,0.0,0.0,0.017066597938537598
11557,0.12288448959589005,0.0,0.0,-0.5911718606948853
11558,-0.5546395182609558,0.0,0.0,-0.01994207128882408
11559,-0.6876019835472107,0.0,0.0,0.20873798429965973
11560,-0.6876019835472107,0.0,0.0,0.20873798429965973
11561,-0.6876019835472107,0.0,0.0,0.20873798429965973
11562,1.0493016242980957,0.0,0.0,-0.3148394823074341
11563,-0.7800365090370178,0.0,0.0,0.017066597938537598
11564,0.8485636115074158,0.0,0.0,-0.1774229258298874
11565,0.35208675265312195,0.0,0.0,-0.34672778844833374
11566,-0.2986353933811188,0.0,0.0,0.23070816695690155
11567,-0.2986353933811188,0.0,0.0,0.23070816695690155
11568,1.04221773147583,0.0,0.0,-0.5592836141586304
11569,-0.14073067903518677,0.0,0.0,-0.5911718606948853
11570,1.04221773147583,0.0,0.0,-0.5592836141586304
11571,0.4849887490272522,0.0,0.0,-0.5911718606948853
11572,1.1169888973236084,0.0,0.0,-0.2382393330335617
11573,0.2938261330127716,0.0,0.0,-0.5911718606948853
11574,0.3727656900882721,0.0,0.0,0.23070816695690155
11575,1.0493016242980957,0.0,0.0,-0.3148394823074341
11576,-0.2986353933811188,0.0,0.0,0.23070816695690155
11577,-0.20698954164981842,0.0,0.0,-0.5911718606948853
11578,-0.6876019835472107,0.0,0.0,0.20873798429965973
11579,1.0493016242980957,0.0,0.0,-0.3148394823074341
11580,-0.7500535845756531,0.0,0.0,0.06764425337314606
11581,-0.19990570843219757,0.0,0.0,-0.5153909921646118
11582,1.04221773147583,0.0,0.0,-0.5592836141586304
11583,0.13813625276088715,0.0,0.0,-0.1504298448562622
11584,-0.2986353933811188,0.0,0.0,0.23070816695690155
11585,-0.2986353933811188,0.0,0.0,0.23070816695690155
11586,-0.548631489276886,0.0,0.0,0.017066597938537598
11587,1.0493016242980957,0.0,0.0,-0.2515680193901062
11588,0.0818750336766243,0.0,0.0,-0.19196482002735138
11589,-0.6876019835472107,0.0,0.0,0.14546653628349304
11590,-0.4408279061317444,0.0,0.0,-0.1504298448562622
11591,-0.7087233662605286,0.0,0.0,0.09236326813697815
11592,0.8333118557929993,0.0,0.0,-0.5766299962997437
11593,1.1169888973236084,0.0,0.0,-0.2382393330335617
11594,-0.39283519983291626,0.0,0.0,0.23070816695690155
11595,-0.4081701636314392,0.0,0.0,0.21282781660556793
11596,1.1169888973236084,0.0,0.0,-0.2382393330335617
11597,0.493641197681427,0.0,0.0,-0.35152024030685425
11598,-0.505693793296814,0.0,0.0,0.1633003056049347
11599,0.4849887490272522,0.0,0.0,-0.5911718606948853
11600,-0.844510018825531,0.0,0.0,0.017066597938537598
11601,1.04221773147583,0.0,0.0,-0.5592836141586304
11602,0.8333118557929993,0.0,0.0,-0.5766299962997437
11603,-0.2986353933811188,0.0,0.0,0.23070816695690155
11604,-0.6738256812095642,0.0,0.0,-0.05794132128357887
11605,-0.2986353933811188,0.0,0.0,0.23070816695690155
11606,0.30907782912254333,0.0,0.0,-0.19196482002735138
11607,1.1169888973236084,0.0,0.0,-0.2382393330335617
11608,-0.7800365090370178,0.0,0.0,0.017066597938537598
11609,-0.2986353933811188,0.0,0.0,0.23070816695690155
11610,-0.4283168315887451,0.0,0.0,0.23070816695690155
11611,1.0493016242980957,0.0,0.0,-0.3148394823074341
11612,-0.5546395182609558,0.0,0.0,-0.01994207128882408
11613,-0.4552212059497833,0.0,0.0,0.07447769492864609
11614,-0.2986353933811188,0.0,0.0,0.23070816695690155
11615,-0.6876019835472107,0.0,0.0,0.14546653628349304
11616,1.04221773147583,0.0,0.0,-0.5592836141586304
11617,1.1169888973236084,0.0,0.0,-0.2382393330335617
11618,-0.19173778593540192,0.0,0.0,0.10203829407691956
11619,1.1169888973236084,0.0,0.0,-0.2382393330335617
11620,-0.5522031784057617,0.0,0.0,1.2085100412368774
11621,-0.2853202223777771,0.0,0.0,-0.6544138789176941
11622,-0.5200031399726868,0.0,0.0,-2.028989553451538
11623,2.0820717811584473,0.0,0.0,-2.8540303707122803
11624,-3.1424856185913086,0.0,0.0,2.087557792663574
11625,-3.1424856185913086,0.0,0.0,2.087557792663574
11626,-3.1424856185913086,0.0,0.0,2.087557792663574
11627,3.171365737915039,0.0,0.0,-1.2779823541641235
11628,3.171365737915039,0.0,0.0,-1.2779823541641235
11629,-2.569626569747925,0.0,0.0,2.125530242919922
11630,1.3191728591918945,0.0,0.0,-2.946584939956665
11631,-2.4410715103149414,0.0,0.0,-0.01109536923468113
11632,-2.4410715103149414,0.0,0.0,-0.01109536923468113
11633,-3.1424856185913086,0.0,0.0,2.087557792663574
11634,0.5817505121231079,0.0,0.0,-1.6132371425628662
11635,-1.9338122606277466,0.0,0.0,0.057548634707927704
11636,-2.346182346343994,0.0,0.0,-0.01109536923468113
11637,-0.12667354941368103,0.0,0.0,-0.3799998164176941
11638,1.1704297065734863,0.0,0.0,-1.8053109645843506
11639,-3.1424856185913086,0.0,0.0,2.087557792663574
11640,-1.9338122606277466,0.0,0.0,0.057548634707927704
11641,-0.47625666856765747,0.0,0.0,-1.3254797458648682
11642,3.171365737915039,0.0,0.0,-1.2779823541641235
11643,-1.9338122606277466,0.0,0.0,0.057548634707927704
11644,-2.4410715103149414,0.0,0.0,-0.01109536923468113
11645,0.5219853520393372,0.0,0.0,-1.7421342134475708
11646,0.4718053340911865,0.0,0.0,-2.9937169551849365
11647,-2.4410715103149414,0.0,0.0,-0.01109536923468113
11648,3.171365737915039,0.0,0.0,-1.2779823541641235
11649,-3.1424856185913086,0.0,0.0,2.087557792663574
11650,-2.4410715103149414,0.0,0.0,-0.01109536923468113
11651,-0.5819448232650757,0.0,0.0,0.2920175790786743
11652,-0.7369482517242432,0.0,0.0,0.2528742551803589
11653,1.7799365520477295,0.0,0.0,-2.8844525814056396
11654,-0.42081257700920105,0.0,0.0,-1.891965627670288
11655,-2.3757660388946533,0.0,0.0,1.578844428062439
11656,-0.410732626914978,0.0,0.0,0.3216065764427185
11657,-3.1962013244628906,0.0,0.0,1.540871500968933
11658,-2.4410715103149414,0.0,0.0,-0.01109536923468113
11659,3.171365737915039,0.0,0.0,-1.2779823541641235
11660,-0.47625666856765747,0.0,0.0,-1.3254797458648682
11661,-3.1424856185913086,0.0,0.0,2.087557792663574
11662,-3.1424856185913086,0.0,0.0,2.087557792663574
11663,0.5219853520393372,0.0,0.0,-1.7421342134475708
11664,-0.22797298431396484,0.0,0.0,-1.781657338142395
11665,-3.2615067958831787,0.0,0.0,-0.0490681454539299
11666,-3.1424856185913086,0.0,0.0,2.087557792663574
11667,-0.18612965941429138,0.0,0.0,-0.6544138789176941
11668,1.846135139465332,0.0,0.0,-1.743178367614746
11669,0.7734705805778503,0.0,0.0,-1.9894665479660034
11670,-0.1274920105934143,0.0,0.0,1.2085100412368774
11671,-3.2615067958831787,0.0,0.0,-0.0490681454539299
11672,1.385371446609497,0.0,0.0,-1.8053109645843506
11673,-3.1424856185913086,0.0,0.0,2.087557792663574
11674,0.707271933555603,0.0,0.0,-2.9937169551849365
11675,-3.1424856185913086,0.0,0.0,2.087557792663574
11676,-1.9338122606277466,0.0,0.0,0.057548634707927704
11677,-3.1424856185913086,0.0,0.0,2.087557792663574
11678,-3.1962013244628906,0.0,0.0,1.540871500968933
11679,1.1544113159179688,0.0,0.0,-1.6950026750564575
11680,2.0820717811584473,0.0,0.0,-2.8540303707122803
11681,-3.2615067958831787,0.0,0.0,-0.0490681454539299
11682,-3.1424856185913086,0.0,0.0,2.087557792663574
11683,-0.5522031784057617,0.0,0.0,1.2085100412368774
11684,-2.3220503330230713,0.0,0.0,2.125530242919922
11685,-3.2615067958831787,0.0,0.0,-0.0490681454539299
11686,-3.1424856185913086,0.0,0.0,2.087557792663574
11687,-0.5200031399726868,0.0,0.0,-2.028989553451538
11688,-0.5522031784057617,0.0,0.0,1.2085100412368774
11689,-3.1424856185913086,0.0,0.0,2.087557792663574
11690,1.8898816108703613,0.0,0.0,-1.5039727687835693
11691,1.1704297065734863,0.0,0.0,-1.9423348903656006
11692,1.385371446609497,0.0,0.0,-1.8053109645843506
11693,-0.37706610560417175,0.0,0.0,-1.6527600288391113
11694,1.0333430767059326,0.0,0.0,-0.4602803587913513
11695,3.121185779571533,0.0,0.0,-2.1434121131896973
11696,-0.3602240979671478,0.0,0.0,-0.1512792855501175
11697,-0.7369482517242432,0.0,0.0,0.2528742551803589
11698,-0.410732626914978,0.0,0.0,0.3216065764427185
11699,-2.4410715103149414,0.0,0.0,-0.01109536923468113
11700,1.1704297065734863,0.0,0.0,-1.9423348903656006
11701,-0.5522031784057617,0.0,0.0,1.2085100412368774
11702,-3.1424856185913086,0.0,0.0,2.087557792663574
11703,-0.43683120608329773,0.0,0.0,-1.781657338142395
11704,-3.1424856185913086,0.0,0.0,2.087557792663574
11705,-3.2615067958831787,0.0,0.0,-0.0490681454539299
11706,1.1042311191558838,0.0,0.0,-2.946584939956665
11707,2.0820717811584473,0.0,0.0,-2.8540303707122803
11708,2.132251739501953,0.0,0.0,-1.6024481058120728
11709,1.1544113159179688,0.0,0.0,-1.6950026750564575
11710,-0.5819448232650757,0.0,0.0,0.2920175790786743
11711,3.171365737915039,0.0,0.0,-1.2779823541641235
11712,-0.47625666856765747,0.0,0.0,-1.3254797458648682
11713,-2.3757660388946533,0.0,0.0,1.578844428062439
11714,-1.9338122606277466,0.0,0.0,0.057548634707927704
11715,-0.42081257700920105,0.0,0.0,-2.028989553451538
11716,-0.42081257700920105,0.0,0.0,-2.028989553451538
11717,-0.5200031399726868,0.0,0.0,-2.028989553451538
11718,2.37910795211792,0.0,0.0,-2.6801669597625732
11719,-3.2615067958831787,0.0,0.0,-0.0490681454539299
11720,-1.9338122606277466,0.0,0.0,0.057548634707927704
11721,-3.1424856185913086,0.0,0.0,2.087557792663574
11722,-3.1424856185913086,0.0,0.0,2.087557792663574
11723,1.2624127864837646,0.0,0.0,-1.9423348903656006
11724,-1.9338122606277466,0.0,0.0,0.057548634707927704
11725,-3.1424856185913086,0.0,0.0,2.087557792663574
11726,-3.1424856185913086,0.0,0.0,2.087557792663574
11727,-3.1424856185913086,0.0,0.0,2.087557792663574
11728,3.171365737915039,0.0,0.0,-1.2779823541641235
11729,-2.569626569747925,0.0,0.0,2.125530242919922
11730,3.1450142860412598,0.0,0.0,-0.9079211950302124
11731,1.8301165103912354,0.0,0.0,-1.632870078086853
11732,-0.5522031784057617,0.0,0.0,1.2085100412368774
11733,-0.26185205578804016,0.0,0.0,1.2085100412368774
11734,3.1873841285705566,0.0,0.0,-1.5253145694732666
11735,1.1544113159179688,0.0,0.0,-1.6950026750564575
11736,3.171365737915039,0.0,0.0,-1.2779823541641235
11737,2.14827036857605,0.0,0.0,-1.7127565145492554
11738,3.171365737915039,0.0,0.0,-1.2779823541641235
11739,1.385371446609497,0.0,0.0,-1.8053109645843506
11740,2.0287516117095947,0.0,0.0,0.6487935781478882
11741,3.171365737915039,0.0,0.0,-1.2779823541641235
11742,-0.32750439643859863,0.0,0.0,1.2085100412368774
11743,0.7734705805778503,0.0,0.0,-1.8524426221847534
11744,-3.1424856185913086,0.0,0.0,2.087557792663574
11745,3.171365737915039,0.0,0.0,-1.2779823541641235
11746,-2.4410715103149414,0.0,0.0,-0.01109536923468113
11747,0.8680989146232605,0.0,0.0,-1.7421342134475708
11748,3.171365737915039,0.0,0.0,-1.2779823541641235
11749,1.4051127433776855,0.0,0.0,-0.5677592158317566
11750,-0.17045116424560547,0.0,0.0,1.0508050918579102
11751,-0.4506375789642334,0.0,0.0,1.2085100412368774
11752,-1.868506669998169,0.0,0.0,1.6474884748458862
11753,3.171365737915039,0.0,0.0,-1.2779823541641235
11754,1.2141761779785156,0.0,0.0,-1.2388250827789307
11755,-3.1424856185913086,0.0,0.0,2.087557792663574
11756,-0.12667354941368103,0.0,0.0,-0.3799998164176941
11757,-3.2615067958831787,0.0,0.0,-0.0490681454539299
11758,3.1873841285705566,0.0,0.0,-1.3882906436920166
11759,3.171365737915039,0.0,0.0,-1.2779823541641235
11760,-0.1274920105934143,0.0,0.0,1.2085100412368774
11761,-0.32750439643859863,0.0,0.0,1.2085100412368774
11762,3.171365737915039,0.0,0.0,-1.2779823541641235
11763,2.192016839981079,0.0,0.0,-1.473550796508789
11764,-0.7369482517242432,0.0,0.0,0.2528742551803589
11765,3.121185779571533,0.0,0.0,-2.1434121131896973
11766,-3.1424856185913086,0.0,0.0,2.087557792663574
11767,3.171365737915039,0.0,0.0,-1.2779823541641235
11768,3.121185779571533,0.0,0.0,-2.5295650959014893
11769,-0.5522031784057617,0.0,0.0,1.2085100412368774
11770,-2.4410715103149414,0.0,0.0,-0.01109536923468113
11771,-0.1274920105934143,0.0,0.0,1.2085100412368774
11772,1.4291179180145264,0.0,0.0,-1.2388250827789307
11773,3.171365737915039,0.0,0.0,-1.2779823541641235
11774,-2.3220503330230713,0.0,0.0,2.125530242919922
11775,-0.32750439643859863,0.0,0.0,1.2085100412368774
11776,-0.028301451355218887,0.0,0.0,1.2085100412368774
11777,3.171365737915039,0.0,0.0,-1.2779823541641235
11778,-1.9338122606277466,0.0,0.0,0.057548634707927704
11779,-0.5819448232650757,0.0,0.0,0.2920175790786743
11780,-0.32750439643859863,0.0,0.0,1.2085100412368774
11781,-3.1424856185913086,0.0,0.0,2.087557792663574
11782,3.1873841285705566,0.0,0.0,-1.3882906436920166
11783,3.171365737915039,0.0,0.0,-1.2779823541641235
11784,1.178256630897522,0.0,0.0,-0.11175630986690521
11785,3.171365737915039,0.0,0.0,-1.2779823541641235
11786,-0.0968194454908371,0.0,0.0,0.23389722406864166
11787,-0.11042246222496033,0.0,0.0,0.04249257594347
11788,-0.11442580074071884,0.0,0.0,-0.38887497782707214
11789,1.02229642868042,0.0,0.0,-0.35649386048316956
11790,-0.760051965713501,0.0,0.0,0.3085916340351105
11791,-0.760051965713501,0.0,0.0,0.3085916340351105
11792,-0.760051965713501,0.0,0.0,0.3085916340351105
11793,1.02229642868042,0.0,0.0,-0.35649386048316956
11794,1.02229642868042,0.0,0.0,-0.35649386048316956
11795,-0.760051965713501,0.0,0.0,0.3085916340351105
11796,0.7212993502616882,0.0,0.0,-0.38887497782707214
11797,-0.760051965713501,0.0,0.0,0.22685521841049194
11798,-0.760051965713501,0.0,0.0,0.22685521841049194
11799,-0.760051965713501,0.0,0.0,0.3085916340351105
11800,-0.11442580074071884,0.0,0.0,-0.2823856472969055
11801,-0.8142033219337463,0.0,0.0,0.22685521841049194
11802,-0.760051965713501,0.0,0.0,0.28560182452201843
11803,-0.11042246222496033,0.0,0.0,0.04249257594347
11804,0.08695010095834732,0.0,0.0,-0.38887497782707214
11805,-0.760051965713501,0.0,0.0,0.3085916340351105
11806,-0.8929154872894287,0.0,0.0,0.22685521841049194
11807,-0.11042246222496033,0.0,0.0,-0.06485308706760406
11808,1.02229642868042,0.0,0.0,-0.35649386048316956
11809,-0.760051965713501,0.0,0.0,0.28560182452201843
11810,-0.760051965713501,0.0,0.0,0.22685521841049194
11811,-0.11442580074071884,0.0,0.0,-0.38887497782707214
11812,-0.11442580074071884,0.0,0.0,-0.38887497782707214
11813,-0.760051965713501,0.0,0.0,0.28560182452201843
11814,1.02229642868042,0.0,0.0,-0.35649386048316956
11815,-0.760051965713501,0.0,0.0,0.3085916340351105
11816,-0.760051965713501,0.0,0.0,0.28560182452201843
11817,-0.821851909160614,0.0,0.0,0.22685521841049194
11818,-0.8929154872894287,0.0,0.0,0.22685521841049194
11819,0.9873582124710083,0.0,0.0,-0.3728119432926178
11820,-0.11442580074071884,0.0,0.0,-0.38887497782707214
11821,-0.760051965713501,0.0,0.0,0.3085916340351105
11822,-0.7577326893806458,0.0,0.0,0.22685521841049194
11823,-0.760051965713501,0.0,0.0,0.3085916340351105
11824,-0.760051965713501,0.0,0.0,0.28560182452201843
11825,1.02229642868042,0.0,0.0,-0.35649386048316956
11826,-0.11042246222496033,0.0,0.0,-0.06485308706760406
11827,-0.760051965713501,0.0,0.0,0.3085916340351105
11828,-0.760051965713501,0.0,0.0,0.3085916340351105
11829,-0.11442580074071884,0.0,0.0,-0.38887497782707214
11830,-0.11442580074071884,0.0,0.0,-0.38887497782707214
11831,-0.760051965713501,0.0,0.0,0.22685521841049194
11832,-0.760051965713501,0.0,0.0,0.3085916340351105
11833,-0.11042246222496033,0.0,0.0,0.04249257594347
11834,0.9873582124710083,0.0,0.0,-0.3728119432926178
11835,-0.11442580074071884,0.0,0.0,-0.38887497782707214
11836,-0.0968194454908371,0.0,0.0,0.23389722406864166
11837,-0.760051965713501,0.0,0.0,0.22685521841049194
11838,0.8802841901779175,0.0,0.0,-0.38887497782707214
11839,-0.760051965713501,0.0,0.0,0.3085916340351105
11840,-0.11442580074071884,0.0,0.0,-0.38887497782707214
11841,-0.760051965713501,0.0,0.0,0.3085916340351105
11842,-0.8929154872894287,0.0,0.0,0.28560182452201843
11843,-0.760051965713501,0.0,0.0,0.3085916340351105
11844,-0.760051965713501,0.0,0.0,0.3085916340351105
11845,0.3701286315917969,0.0,0.0,-0.38887497782707214
11846,1.02229642868042,0.0,0.0,-0.35649386048316956
11847,-0.760051965713501,0.0,0.0,0.28560182452201843
11848,-0.760051965713501,0.0,0.0,0.3085916340351105
11849,-0.13218367099761963,0.0,0.0,0.23389722406864166
11850,-0.760051965713501,0.0,0.0,0.3085916340351105
11851,-0.760051965713501,0.0,0.0,0.28560182452201843
11852,-0.760051965713501,0.0,0.0,0.3085916340351105
11853,-0.11442580074071884,0.0,0.0,-0.38887497782707214
11854,-0.0968194454908371,0.0,0.0,0.23389722406864166
11855,-0.760051965713501,0.0,0.0,0.3085916340351105
11856,0.9873582124710083,0.0,0.0,-0.3728119432926178
11857,0.2535487711429596,0.0,0.0,-0.38887497782707214
11858,0.7754507064819336,0.0,0.0,-0.38887497782707214
11859,-0.11042246222496033,0.0,0.0,-0.2625214457511902
11860,-0.11042246222496033,0.0,0.0,0.04249257594347
11861,1.02229642868042,0.0,0.0,-0.35649386048316956
11862,-0.11042246222496033,0.0,0.0,0.14513812959194183
11863,-0.8929154872894287,0.0,0.0,0.22685521841049194
11864,-0.5735704302787781,0.0,0.0,0.22685521841049194
11865,-0.760051965713501,0.0,0.0,0.22685521841049194
11866,0.00679759681224823,0.0,0.0,-0.38887497782707214
11867,-0.0968194454908371,0.0,0.0,0.23389722406864166
11868,-0.760051965713501,0.0,0.0,0.3085916340351105
11869,-0.11442580074071884,0.0,0.0,-0.38887497782707214
11870,-0.760051965713501,0.0,0.0,0.3085916340351105
11871,-0.760051965713501,0.0,0.0,0.28560182452201843
11872,0.3701286315917969,0.0,0.0,-0.38887497782707214
11873,1.02229642868042,0.0,0.0,-0.35649386048316956
11874,1.02229642868042,0.0,0.0,-0.35649386048316956
11875,0.2535487711429596,0.0,0.0,-0.38887497782707214
11876,-0.8929154872894287,0.0,0.0,0.22685521841049194
11877,1.02229642868042,0.0,0.0,-0.35649386048316956
11878,-0.11042246222496033,0.0,0.0,-0.06485308706760406
11879,-0.760051965713501,0.0,0.0,0.3085916340351105
11880,-0.8929154872894287,0.0,0.0,0.22685521841049194
11881,-0.11442580074071884,0.0,0.0,-0.38887497782707214
11882,-0.11442580074071884,0.0,0.0,-0.38887497782707214
11883,-0.11442580074071884,0.0,0.0,-0.38887497782707214
11884,1.02229642868042,0.0,0.0,-0.35649386048316956
11885,-0.760051965713501,0.0,0.0,0.28560182452201843
11886,-0.760051965713501,0.0,0.0,0.22685521841049194
11887,-0.760051965713501,0.0,0.0,0.3085916340351105
11888,-0.760051965713501,0.0,0.0,0.3085916340351105
11889,0.3701286315917969,0.0,0.0,-0.38887497782707214
11890,-0.8929154872894287,0.0,0.0,0.28560182452201843
11891,-0.760051965713501,0.0,0.0,0.3085916340351105
11892,-0.760051965713501,0.0,0.0,0.3085916340351105
11893,-0.760051965713501,0.0,0.0,0.3085916340351105
11894,1.02229642868042,0.0,0.0,-0.35649386048316956
11895,-0.760051965713501,0.0,0.0,0.3085916340351105
11896,1.0262997150421143,0.0,0.0,-0.03247199207544327
11897,0.9873582124710083,0.0,0.0,-0.3728119432926178
11898,-0.0968194454908371,0.0,0.0,0.23389722406864166
11899,-0.0968194454908371,0.0,0.0,0.23389722406864166
11900,1.02229642868042,0.0,0.0,-0.35649386048316956
11901,0.00679759681224823,0.0,0.0,-0.38887497782707214
11902,1.02229642868042,0.0,0.0,-0.35649386048316956
11903,1.02229642868042,0.0,0.0,-0.35649386048316956
11904,1.02229642868042,0.0,0.0,-0.35649386048316956
11905,0.7212993502616882,0.0,0.0,-0.38887497782707214
11906,0.9979788661003113,0.0,0.0,0.20584018528461456
11907,1.02229642868042,0.0,0.0,-0.35649386048316956
11908,-0.13218367099761963,0.0,0.0,0.23389722406864166
11909,-0.11442580074071884,0.0,0.0,-0.38887497782707214
11910,-0.760051965713501,0.0,0.0,0.3085916340351105
11911,1.02229642868042,0.0,0.0,-0.35649386048316956
11912,-0.760051965713501,0.0,0.0,0.22685521841049194
11913,-0.11442580074071884,0.0,0.0,-0.38887497782707214
11914,1.02229642868042,0.0,0.0,-0.35649386048316956
11915,0.3741319477558136,0.0,0.0,0.04249257594347
11916,-0.0968194454908371,0.0,0.0,0.23389722406864166
11917,-0.13218367099761963,0.0,0.0,0.23389722406864166
11918,-0.760051965713501,0.0,0.0,0.3085916340351105
11919,1.02229642868042,0.0,0.0,-0.35649386048316956
11920,0.2575521171092987,0.0,0.0,-0.06485308706760406
11921,-0.760051965713501,0.0,0.0,0.3085916340351105
11922,-0.11042246222496033,0.0,0.0,0.04249257594347
11923,-0.760051965713501,0.0,0.0,0.28560182452201843
11924,1.02229642868042,0.0,0.0,-0.35649386048316956
11925,1.02229642868042,0.0,0.0,-0.35649386048316956
11926,-0.0968194454908371,0.0,0.0,0.23389722406864166
11927,-0.821851909160614,0.0,0.0,0.22685521841049194
11928,1.02229642868042,0.0,0.0,-0.35649386048316956
11929,1.02229642868042,0.0,0.0,-0.25000452995300293
11930,-0.8929154872894287,0.0,0.0,0.22685521841049194
11931,1.02229642868042,0.0,0.0,-0.35649386048316956
11932,-0.760051965713501,0.0,0.0,0.3085916340351105
11933,1.02229642868042,0.0,0.0,-0.35649386048316956
11934,1.02229642868042,0.0,0.0,-0.35649386048316956
11935,-0.0968194454908371,0.0,0.0,0.23389722406864166
11936,-0.760051965713501,0.0,0.0,0.28560182452201843
11937,-0.0968194454908371,0.0,0.0,0.23389722406864166
11938,0.7253026962280273,0.0,0.0,-0.06485308706760406
11939,1.02229642868042,0.0,0.0,-0.35649386048316956
11940,-0.760051965713501,0.0,0.0,0.3085916340351105
11941,-0.13218367099761963,0.0,0.0,0.23389722406864166
11942,-0.0968194454908371,0.0,0.0,0.23389722406864166
11943,1.02229642868042,0.0,0.0,-0.35649386048316956
11944,-0.760051965713501,0.0,0.0,0.28560182452201843
11945,-0.8929154872894287,0.0,0.0,0.22685521841049194
11946,-0.5735704302787781,0.0,0.0,0.22685521841049194
11947,-0.760051965713501,0.0,0.0,0.3085916340351105
11948,1.02229642868042,0.0,0.0,-0.35649386048316956
11949,1.02229642868042,0.0,0.0,-0.35649386048316956
11950,-0.11042246222496033,0.0,0.0,0.14513812959194183
11951,1.02229642868042,0.0,0.0,-0.35649386048316956
11952,-0.24043923616409302,0.0,0.0,0.16801562905311584
11953,-0.24043923616409302,0.0,0.0,0.05739149451255798
11954,-0.25353193283081055,0.0,0.0,-0.1773349940776825
11955,0.5478357076644897,0.0,0.0,-0.16551265120506287
11956,-0.7451227307319641,0.0,0.0,0.033520057797431946
11957,-0.7451227307319641,0.0,0.0,0.033520057797431946
11958,-0.7451227307319641,0.0,0.0,0.033520057797431946
11959,0.7973852157592773,0.0,0.0,-0.16551265120506287
11960,0.7973852157592773,0.0,0.0,-0.16551265120506287
11961,-0.7451227307319641,0.0,0.0,0.033520057797431946
11962,0.294061541557312,0.0,0.0,-0.1773349940776825
11963,-0.7603297233581543,0.0,0.0,0.10025016218423843
11964,-0.7603297233581543,0.0,0.0,0.10025016218423843
11965,-0.7451227307319641,0.0,0.0,0.033520057797431946
11966,-0.11121352761983871,0.0,0.0,-0.13286200165748596
11967,-0.5484606623649597,0.0,0.0,0.030531099066138268
11968,-0.6980953216552734,0.0,0.0,-0.035433538258075714
11969,-0.24043923616409302,0.0,0.0,0.12335614114999771
11970,-0.11121352761983871,0.0,0.0,-0.1773349940776825
11971,-0.7451227307319641,0.0,0.0,0.033520057797431946
11972,-0.5484606623649597,0.0,0.0,0.030531099066138268
11973,-0.24043923616409302,0.0,0.0,0.05739149451255798
11974,0.7973852157592773,0.0,0.0,-0.16551265120506287
11975,-0.6449822187423706,0.0,0.0,-0.035433538258075714
11976,-0.7603297233581543,0.0,0.0,0.10025016218423843
11977,-0.11121352761983871,0.0,0.0,-0.1773349940776825
11978,-0.11121352761983871,0.0,0.0,-0.1773349940776825
11979,-0.7603297233581543,0.0,0.0,-0.035433538258075714
11980,0.7973852157592773,0.0,0.0,-0.16551265120506287
11981,-0.7451227307319641,0.0,0.0,0.033520057797431946
11982,-0.6980953216552734,0.0,0.0,-0.035433538258075714
11983,-0.412885844707489,0.0,0.0,0.12549889087677002
11984,-0.4845377504825592,0.0,0.0,0.030531099066138268
11985,0.5478357076644897,0.0,0.0,-0.16551265120506287
11986,-0.25353193283081055,0.0,0.0,-0.1773349940776825
11987,-0.7451227307319641,0.0,0.0,0.033520057797431946
11988,-0.412885844707489,0.0,0.0,0.055779822170734406
11989,-0.7451227307319641,0.0,0.0,0.033520057797431946
11990,-0.6980953216552734,0.0,0.0,-0.035433538258075714
11991,0.7973852157592773,0.0,0.0,-0.16551265120506287
11992,-0.24043923616409302,0.0,0.0,0.05739149451255798
11993,-0.7451227307319641,0.0,0.0,0.033520057797431946
11994,-0.7451227307319641,0.0,0.0,0.033520057797431946
11995,-0.11121352761983871,0.0,0.0,-0.1773349940776825
11996,-0.11121352761983871,0.0,0.0,-0.1773349940776825
11997,-0.7603297233581543,0.0,0.0,0.030531099066138268
11998,-0.7451227307319641,0.0,0.0,0.033520057797431946
11999,-0.24043923616409302,0.0,0.0,0.05739149451255798
12000,0.5478357076644897,0.0,0.0,-0.16551265120506287
12001,-0.11121352761983871,0.0,0.0,-0.1773349940776825
12002,-0.24043923616409302,0.0,0.0,0.16801562905311584
12003,-0.7603297233581543,0.0,0.0,0.030531099066138268
12004,0.294061541557312,0.0,0.0,-0.1773349940776825
12005,-0.7451227307319641,0.0,0.0,0.033520057797431946
12006,-0.11121352761983871,0.0,0.0,-0.1773349940776825
12007,-0.7451227307319641,0.0,0.0,0.033520057797431946
12008,-0.5484606623649597,0.0,0.0,-0.035433538258075714
12009,-0.7451227307319641,0.0,0.0,0.033520057797431946
12010,-0.7451227307319641,0.0,0.0,0.033520057797431946
12011,-0.11121352761983871,0.0,0.0,-0.1773349940776825
12012,0.5478357076644897,0.0,0.0,-0.16551265120506287
12013,-0.7603297233581543,0.0,0.0,-0.035433538258075714
12014,-0.7451227307319641,0.0,0.0,0.033520057797431946
12015,-0.24043923616409302,0.0,0.0,0.2162882685661316
12016,-0.7451227307319641,0.0,0.0,0.033520057797431946
12017,-0.7603297233581543,0.0,0.0,-0.035433538258075714
12018,-0.7451227307319641,0.0,0.0,0.033520057797431946
12019,-0.25353193283081055,0.0,0.0,-0.1773349940776825
12020,-0.24043923616409302,0.0,0.0,0.2162882685661316
12021,-0.7451227307319641,0.0,0.0,0.033520057797431946
12022,0.5478357076644897,0.0,0.0,-0.16551265120506287
12023,-0.11121352761983871,0.0,0.0,-0.1773349940776825
12024,0.294061541557312,0.0,0.0,-0.1773349940776825
12025,-0.25353193283081055,0.0,0.0,-0.13286200165748596
12026,-0.09812084585428238,0.0,0.0,0.12335614114999771
12027,0.7973852157592773,0.0,0.0,-0.16551265120506287
12028,-0.24043923616409302,0.0,0.0,0.12335614114999771
12029,-0.412885844707489,0.0,0.0,-0.010184818878769875
12030,-0.412885844707489,0.0,0.0,0.055779822170734406
12031,-0.6980953216552734,0.0,0.0,0.030531099066138268
12032,-0.11121352761983871,0.0,0.0,-0.1773349940776825
12033,-0.24043923616409302,0.0,0.0,0.2162882685661316
12034,-0.7451227307319641,0.0,0.0,0.033520057797431946
12035,-0.15395313501358032,0.0,0.0,-0.1773349940776825
12036,-0.7451227307319641,0.0,0.0,0.033520057797431946
12037,-0.7603297233581543,0.0,0.0,-0.035433538258075714
12038,-0.11121352761983871,0.0,0.0,-0.1773349940776825
12039,0.5478357076644897,0.0,0.0,-0.16551265120506287
12040,0.5478357076644897,0.0,0.0,-0.16551265120506287
12041,-0.11121352761983871,0.0,0.0,-0.1773349940776825
12042,-0.412885844707489,0.0,0.0,0.055779822170734406
12043,0.7973852157592773,0.0,0.0,-0.16551265120506287
12044,-0.24043923616409302,0.0,0.0,0.05739149451255798
12045,-0.7451227307319641,0.0,0.0,0.033520057797431946
12046,-0.5484606623649597,0.0,0.0,0.030531099066138268
12047,-0.25353193283081055,0.0,0.0,-0.1773349940776825
12048,-0.25353193283081055,0.0,0.0,-0.1773349940776825
12049,-0.25353193283081055,0.0,0.0,-0.1773349940776825
12050,0.6559927463531494,0.0,0.0,-0.16551265120506287
12051,-0.7603297233581543,0.0,0.0,-0.035433538258075714
12052,-0.6449822187423706,0.0,0.0,0.030531099066138268
12053,-0.7451227307319641,0.0,0.0,0.033520057797431946
12054,-0.7451227307319641,0.0,0.0,0.033520057797431946
12055,-0.11121352761983871,0.0,0.0,-0.1773349940776825
12056,-0.5484606623649597,0.0,0.0,-0.035433538258075714
12057,-0.7451227307319641,0.0,0.0,0.033520057797431946
12058,-0.7451227307319641,0.0,0.0,0.033520057797431946
12059,-0.7451227307319641,0.0,0.0,0.033520057797431946
12060,0.7973852157592773,0.0,0.0,-0.16551265120506287
12061,-0.7451227307319641,0.0,0.0,0.033520057797431946
12062,0.7973852157592773,0.0,0.0,-0.12103966623544693
12063,0.5478357076644897,0.0,0.0,-0.16551265120506287
12064,-0.24043923616409302,0.0,0.0,0.2162882685661316
12065,-0.24043923616409302,0.0,0.0,0.2162882685661316
12066,0.7973852157592773,0.0,0.0,-0.16551265120506287
12067,-0.11121352761983871,0.0,0.0,-0.1773349940776825
12068,0.7973852157592773,0.0,0.0,-0.16551265120506287
12069,0.5478357076644897,0.0,0.0,-0.16551265120506287
12070,0.7973852157592773,0.0,0.0,-0.16551265120506287
12071,0.294061541557312,0.0,0.0,-0.1773349940776825
12072,0.5609283447265625,0.0,0.0,0.17983795702457428
12073,0.7973852157592773,0.0,0.0,-0.16551265120506287
12074,-0.24043923616409302,0.0,0.0,0.2162882685661316
12075,-0.11121352761983871,0.0,0.0,-0.1773349940776825
12076,-0.7451227307319641,0.0,0.0,0.033520057797431946
12077,0.7973852157592773,0.0,0.0,-0.16551265120506287
12078,-0.6980953216552734,0.0,0.0,0.030531099066138268
12079,-0.11121352761983871,0.0,0.0,-0.1773349940776825
12080,0.7973852157592773,0.0,0.0,-0.16551265120506287
12081,-0.09812084585428238,0.0,0.0,0.05739149451255798
12082,-0.24043923616409302,0.0,0.0,0.16801562905311584
12083,-0.24043923616409302,0.0,0.0,0.2162882685661316
12084,-0.6297752261161804,0.0,0.0,0.033520057797431946
12085,0.7973852157592773,0.0,0.0,-0.16551265120506287
12086,-0.09812084585428238,0.0,0.0,0.05739149451255798
12087,-0.7451227307319641,0.0,0.0,0.033520057797431946
12088,-0.24043923616409302,0.0,0.0,0.12335614114999771
12089,-0.7603297233581543,0.0,0.0,-0.035433538258075714
12090,0.7973852157592773,0.0,0.0,-0.16551265120506287
12091,0.7973852157592773,0.0,0.0,-0.16551265120506287
12092,-0.24043923616409302,0.0,0.0,0.16801562905311584
12093,-0.412885844707489,0.0,0.0,0.2162882685661316
12094,0.7973852157592773,0.0,0.0,-0.16551265120506287
12095,0.5478357076644897,0.0,0.0,-0.12103966623544693
12096,-0.4845377504825592,0.0,0.0,0.030531099066138268
12097,0.7973852157592773,0.0,0.0,-0.16551265120506287
12098,-0.7451227307319641,0.0,0.0,0.033520057797431946
12099,0.7973852157592773,0.0,0.0,-0.16551265120506287
12100,0.7973852157592773,0.0,0.0,-0.16551265120506287
12101,-0.24043923616409302,0.0,0.0,0.2162882685661316
12102,-0.6980953216552734,0.0,0.0,-0.035433538258075714
12103,-0.24043923616409302,0.0,0.0,0.2162882685661316
12104,0.30715420842170715,0.0,0.0,0.05739149451255798
12105,0.7973852157592773,0.0,0.0,-0.16551265120506287
12106,-0.7451227307319641,0.0,0.0,0.033520057797431946
12107,-0.24043923616409302,0.0,0.0,0.2162882685661316
12108,-0.24043923616409302,0.0,0.0,0.16801562905311584
12109,0.7973852157592773,0.0,0.0,-0.16551265120506287
12110,-0.5484606623649597,0.0,0.0,-0.035433538258075714
12111,-0.412885844707489,0.0,0.0,0.055779822170734406
12112,-0.24043923616409302,0.0,0.0,0.2162882685661316
12113,-0.7451227307319641,0.0,0.0,0.033520057797431946
12114,0.7973852157592773,0.0,0.0,-0.16551265120506287
12115,0.7973852157592773,0.0,0.0,-0.16551265120506287
12116,-0.09812084585428238,0.0,0.0,0.12335614114999771
12117,0.7973852157592773,0.0,0.0,-0.16551265120506287
12118,-0.21124953031539917,0.0,0.0,0.2520197033882141
12119,-0.3039117455482483,0.0,0.0,-0.29436835646629333
12120,-0.3429085314273834,0.0,0.0,-0.6479330658912659
12121,0.3274785280227661,0.0,0.0,-0.5839545130729675
12122,-1.0268088579177856,0.0,0.0,0.3575183153152466
12123,-1.0268088579177856,0.0,0.0,0.3575183153152466
12124,-1.0268088579177856,0.0,0.0,0.3575183153152466
12125,1.4526373147964478,0.0,0.0,-0.4872380793094635
12126,1.4526373147964478,0.0,0.0,-0.4872380793094635
12127,-1.1434082984924316,0.0,0.0,0.3575183153152466
12128,0.3083129823207855,0.0,0.0,-0.5921493768692017
12129,-1.1954129934310913,0.0,0.0,0.1529565304517746
12130,-1.1954129934310913,0.0,0.0,0.1529565304517746
12131,-1.0268088579177856,0.0,0.0,0.3575183153152466
12132,-0.07482399046421051,0.0,0.0,-0.6211153864860535
12133,-0.7548222541809082,0.0,0.0,0.22488610446453094
12134,-0.802570104598999,0.0,0.0,0.11633779108524323
12135,-0.2906331419944763,0.0,0.0,-0.15002594888210297
12136,0.07287673652172089,0.0,0.0,-0.615208089351654
12137,-1.0268088579177856,0.0,0.0,0.3575183153152466
12138,-0.7548222541809082,0.0,0.0,0.22488610446453094
12139,-0.3039117455482483,0.0,0.0,-0.29436835646629333
12140,1.4526373147964478,0.0,0.0,-0.4872380793094635
12141,-0.7548222541809082,0.0,0.0,0.13506756722927094
12142,-1.1954129934310913,0.0,0.0,0.1529565304517746
12143,-0.08020307123661041,0.0,0.0,-0.5980566740036011
12144,-0.08020307123661041,0.0,0.0,-0.5980566740036011
12145,-1.1531513929367065,0.0,0.0,0.16546593606472015
12146,1.4526373147964478,0.0,0.0,-0.4872380793094635
12147,-1.0268088579177856,0.0,0.0,0.3575183153152466
12148,-0.8389157652854919,0.0,0.0,0.12479312717914581
12149,-0.2793411612510681,0.0,0.0,0.25858303904533386
12150,-0.43719393014907837,0.0,0.0,0.246397003531456
12151,0.3274785280227661,0.0,0.0,-0.5839545130729675
12152,-0.3429085314273834,0.0,0.0,-0.6479330658912659
12153,-1.1866446733474731,0.0,0.0,0.044408198446035385
12154,-0.05853636935353279,0.0,0.0,0.2859984338283539
12155,-1.0268088579177856,0.0,0.0,0.3054192066192627
12156,-0.8301475048065186,0.0,0.0,0.10606333613395691
12157,1.4526373147964478,0.0,0.0,-0.4872380793094635
12158,-0.3039117455482483,0.0,0.0,-0.29436835646629333
12159,-1.0268088579177856,0.0,0.0,0.3575183153152466
12160,-1.0268088579177856,0.0,0.0,0.3575183153152466
12161,-0.08020307123661041,0.0,0.0,-0.5980566740036011
12162,-0.3482876121997833,0.0,0.0,-0.6248742938041687
12163,-1.0788134336471558,0.0,0.0,0.1529565304517746
12164,-1.0268088579177856,0.0,0.0,0.3575183153152466
12165,-0.3039117455482483,0.0,0.0,-0.29436835646629333
12166,0.332857608795166,0.0,0.0,-0.6070132255554199
12167,-0.07482399046421051,0.0,0.0,-0.6211153864860535
12168,-0.21124953031539917,0.0,0.0,0.2520197033882141
12169,-1.0788134336471558,0.0,0.0,0.1529565304517746
12170,0.3136920630931854,0.0,0.0,-0.615208089351654
12171,-1.0268088579177856,0.0,0.0,0.3575183153152466
12172,-0.08020307123661041,0.0,0.0,-0.5980566740036011
12173,-1.0268088579177856,0.0,0.0,0.3575183153152466
12174,-0.6846741437911987,0.0,0.0,0.23213522136211395
12175,-1.0268088579177856,0.0,0.0,0.3575183153152466
12176,-1.0268088579177856,0.0,0.0,0.3054192066192627
12177,0.06749767065048218,0.0,0.0,-0.5921493768692017
12178,1.0171207189559937,0.0,0.0,-0.5577414035797119
12179,-1.0700451135635376,0.0,0.0,0.09702551364898682
12180,-1.0268088579177856,0.0,0.0,0.3575183153152466
12181,-0.13520798087120056,0.0,0.0,0.2859984338283539
12182,-1.1434082984924316,0.0,0.0,0.3575183153152466
12183,-1.0700451135635376,0.0,0.0,0.044408198446035385
12184,-1.0268088579177856,0.0,0.0,0.3575183153152466
12185,-0.3429085314273834,0.0,0.0,-0.6479330658912659
12186,-0.16666850447654724,0.0,0.0,0.2520197033882141
12187,-1.0268088579177856,0.0,0.0,0.3575183153152466
12188,0.332857608795166,0.0,0.0,-0.6070132255554199
12189,0.07287673652172089,0.0,0.0,-0.615208089351654
12190,0.3136920630931854,0.0,0.0,-0.5537697076797485
12191,-0.3182295560836792,0.0,0.0,-0.35236459970474243
12192,-0.02254858985543251,0.0,0.0,-0.12320823967456818
12193,1.4526373147964478,0.0,0.0,-0.4872380793094635
12194,-0.25802069902420044,0.0,0.0,0.06290014833211899
12195,-0.43719393014907837,0.0,0.0,0.246397003531456
12196,-0.05853636935353279,0.0,0.0,0.2859984338283539
12197,-0.8113383650779724,0.0,0.0,0.22488610446453094
12198,0.07287673652172089,0.0,0.0,-0.615208089351654
12199,-0.16666850447654724,0.0,0.0,0.2859984338283539
12200,-1.0268088579177856,0.0,0.0,0.3575183153152466
12201,-0.3482876121997833,0.0,0.0,-0.6248742938041687
12202,-1.0268088579177856,0.0,0.0,0.3575183153152466
12203,-1.0700451135635376,0.0,0.0,0.044408198446035385
12204,0.06749767065048218,0.0,0.0,-0.5921493768692017
12205,1.0171207189559937,0.0,0.0,-0.5577414035797119
12206,1.0171207189559937,0.0,0.0,-0.5577414035797119
12207,0.06749767065048218,0.0,0.0,-0.5921493768692017
12208,-0.31840941309928894,0.0,0.0,0.25858303904533386
12209,1.4526373147964478,0.0,0.0,-0.4872380793094635
12210,-0.3039117455482483,0.0,0.0,-0.29436835646629333
12211,-1.1011466979980469,0.0,0.0,0.31792861223220825
12212,-0.7241102457046509,0.0,0.0,0.23213522136211395
12213,-0.3429085314273834,0.0,0.0,-0.6479330658912659
12214,-0.3429085314273834,0.0,0.0,-0.6479330658912659
12215,-0.3429085314273834,0.0,0.0,-0.6479330658912659
12216,1.0171207189559937,0.0,0.0,-0.5577414035797119
12217,-1.0788134336471558,0.0,0.0,0.08737340569496155
12218,-0.7548222541809082,0.0,0.0,0.22488610446453094
12219,-1.0268088579177856,0.0,0.0,0.3575183153152466
12220,-1.0268088579177856,0.0,0.0,0.3575183153152466
12221,0.09788768738508224,0.0,0.0,-0.615208089351654
12222,-0.7548222541809082,0.0,0.0,0.1593029946088791
12223,-1.0268088579177856,0.0,0.0,0.3575183153152466
12224,-1.0268088579177856,0.0,0.0,0.3575183153152466
12225,-1.0268088579177856,0.0,0.0,0.3575183153152466
12226,1.4526373147964478,0.0,0.0,-0.4872380793094635
12227,-1.0268088579177856,0.0,0.0,0.3575183153152466
12228,1.482695460319519,0.0,0.0,-0.21472816169261932
12229,0.3274785280227661,0.0,0.0,-0.5839545130729675
12230,-0.13520798087120056,0.0,0.0,0.2859984338283539
12231,-0.21124953031539917,0.0,0.0,0.2520197033882141
12232,1.4580165147781372,0.0,0.0,-0.5102967619895935
12233,0.06749767065048218,0.0,0.0,-0.5921493768692017
12234,1.4526373147964478,0.0,0.0,-0.4872380793094635
12235,1.022499680519104,0.0,0.0,-0.5808000564575195
12236,1.4526373147964478,0.0,0.0,-0.4872380793094635
12237,0.3136920630931854,0.0,0.0,-0.5537697076797485
12238,0.4453510642051697,0.0,0.0,0.2847446799278259
12239,1.4526373147964478,0.0,0.0,-0.4872380793094635
12240,-0.05853636935353279,0.0,0.0,0.2859984338283539
12241,-0.07482399046421051,0.0,0.0,-0.559677004814148
12242,-1.0268088579177856,0.0,0.0,0.3575183153152466
12243,1.4526373147964478,0.0,0.0,-0.4872380793094635
12244,-0.8389157652854919,0.0,0.0,0.21461166441440582
12245,-0.08020307123661041,0.0,0.0,-0.5980566740036011
12246,1.4526373147964478,0.0,0.0,-0.4872380793094635
12247,0.11187350004911423,0.0,0.0,-0.26164335012435913
12248,-0.21124953031539917,0.0,0.0,0.2520197033882141
12249,-0.05853636935353279,0.0,0.0,0.2859984338283539
12250,-0.7028177380561829,0.0,0.0,0.3773488402366638
12251,1.4526373147964478,0.0,0.0,-0.4872380793094635
12252,0.11187350004911423,0.0,0.0,-0.26164335012435913
12253,-1.0268088579177856,0.0,0.0,0.3575183153152466
12254,-0.2906331419944763,0.0,0.0,-0.15002594888210297
12255,-1.0788134336471558,0.0,0.0,0.1529565304517746
12256,1.4580165147781372,0.0,0.0,-0.448858380317688
12257,1.4526373147964478,0.0,0.0,-0.4872380793094635
12258,-0.21124953031539917,0.0,0.0,0.2520197033882141
12259,-0.05853636935353279,0.0,0.0,0.2859984338283539
12260,1.4526373147964478,0.0,0.0,-0.4872380793094635
12261,0.332857608795166,0.0,0.0,-0.6070132255554199
12262,-0.43719393014907837,0.0,0.0,0.246397003531456
12263,1.4526373147964478,0.0,0.0,-0.4872380793094635
12264,-1.0268088579177856,0.0,0.0,0.3575183153152466
12265,1.4526373147964478,0.0,0.0,-0.4872380793094635
12266,1.4526373147964478,0.0,0.0,-0.4872380793094635
12267,-0.16666850447654724,0.0,0.0,0.2859984338283539
12268,-0.802570104598999,0.0,0.0,0.16895510256290436
12269,-0.21124953031539917,0.0,0.0,0.2520197033882141
12270,0.3526887893676758,0.0,0.0,-0.26164335012435913
12271,1.4526373147964478,0.0,0.0,-0.4872380793094635
12272,-1.1434082984924316,0.0,0.0,0.3575183153152466
12273,-0.05853636935353279,0.0,0.0,0.2859984338283539
12274,-0.21124953031539917,0.0,0.0,0.2520197033882141
12275,1.4526373147964478,0.0,0.0,-0.4872380793094635
12276,-0.7548222541809082,0.0,0.0,0.22488610446453094
12277,-0.31840941309928894,0.0,0.0,0.25858303904533386
12278,-0.05853636935353279,0.0,0.0,0.2859984338283539
12279,-1.0268088579177856,0.0,0.0,0.3575183153152466
12280,1.4580165147781372,0.0,0.0,-0.448858380317688
12281,1.4526373147964478,0.0,0.0,-0.4872380793094635
12282,0.010063852183520794,0.0,0.0,0.08971784263849258
12283,1.4526373147964478,0.0,0.0,-0.4872380793094635
12284,-0.11181037873029709,0.0,0.0,0.17545932531356812
12285,-0.11181037873029709,0.0,0.0,-0.011411592364311218
12286,-0.11181037873029709,0.0,0.0,-0.3323553800582886
12287,0.42103418707847595,0.0,0.0,-0.3323553800582886
12288,-0.9641709327697754,0.0,0.0,0.10211631655693054
12289,-0.9641709327697754,0.0,0.0,0.10211631655693054
12290,-0.8685064315795898,0.0,0.0,0.10211631655693054
12291,1.0193355083465576,0.0,0.0,-0.21165698766708374
12292,1.0193355083465576,0.0,0.0,-0.21165698766708374
12293,-0.9641709327697754,0.0,0.0,0.10211631655693054
12294,0.2609541118144989,0.0,0.0,-0.3323553800582886
12295,-0.9641709327697754,0.0,0.0,0.17545932531356812
12296,-0.9641709327697754,0.0,0.0,0.17545932531356812
12297,-0.8685064315795898,0.0,0.0,0.10211631655693054
12298,-0.11181037873029709,0.0,0.0,-0.15099509060382843
12299,-0.6462371349334717,0.0,0.0,0.17545932531356812
12300,-0.7838497757911682,0.0,0.0,0.10211631655693054
12301,-0.11181037873029709,0.0,0.0,0.07015375792980194
12302,0.05744358152151108,0.0,0.0,-0.3323553800582886
12303,-0.8685064315795898,0.0,0.0,0.10211631655693054
12304,-0.6462371349334717,0.0,0.0,0.17545932531356812
12305,-0.11181037873029709,0.0,0.0,-0.011411592364311218
12306,1.0193355083465576,0.0,0.0,-0.21165698766708374
12307,-0.6462371349334717,0.0,0.0,0.10211631655693054
12308,-0.9641709327697754,0.0,0.0,0.17545932531356812
12309,-0.11181037873029709,0.0,0.0,-0.21165698766708374
12310,-0.11181037873029709,0.0,0.0,-0.3323553800582886
12311,-0.8603082895278931,0.0,0.0,0.17545932531356812
12312,1.0193355083465576,0.0,0.0,-0.21165698766708374
12313,-0.8685064315795898,0.0,0.0,0.10211631655693054
12314,-0.7838497757911682,0.0,0.0,0.10211631655693054
12315,-0.6462371349334717,0.0,0.0,0.17545932531356812
12316,-0.6462371349334717,0.0,0.0,0.17545932531356812
12317,0.34329280257225037,0.0,0.0,-0.3323553800582886
12318,-0.11181037873029709,0.0,0.0,-0.3323553800582886
12319,-0.9641709327697754,0.0,0.0,0.10211631655693054
12320,-0.37878143787384033,0.0,0.0,0.17545932531356812
12321,-0.8685064315795898,0.0,0.0,0.10211631655693054
12322,-0.7838497757911682,0.0,0.0,0.10211631655693054
12323,1.0193355083465576,0.0,0.0,-0.21165698766708374
12324,-0.11181037873029709,0.0,0.0,-0.011411592364311218
12325,-0.9641709327697754,0.0,0.0,0.10211631655693054
12326,-0.8685064315795898,0.0,0.0,0.10211631655693054
12327,-0.11181037873029709,0.0,0.0,-0.21165698766708374
12328,-0.11181037873029709,0.0,0.0,-0.3323553800582886
12329,-0.9641709327697754,0.0,0.0,0.17545932531356812
12330,-0.8685064315795898,0.0,0.0,0.10211631655693054
12331,-0.11181037873029709,0.0,0.0,-0.011411592364311218
12332,0.34329280257225037,0.0,0.0,-0.3323553800582886
12333,-0.11181037873029709,0.0,0.0,-0.3323553800582886
12334,-0.11181037873029709,0.0,0.0,0.17545932531356812
12335,-0.9641709327697754,0.0,0.0,0.17545932531356812
12336,0.2609541118144989,0.0,0.0,-0.3323553800582886
12337,-0.8685064315795898,0.0,0.0,0.10211631655693054
12338,-0.11181037873029709,0.0,0.0,-0.3323553800582886
12339,-0.8685064315795898,0.0,0.0,0.10211631655693054
12340,-0.6462371349334717,0.0,0.0,0.17545932531356812
12341,-0.8685064315795898,0.0,0.0,0.10211631655693054
12342,-0.8685064315795898,0.0,0.0,0.10211631655693054
12343,0.2609541118144989,0.0,0.0,-0.21165698766708374
12344,0.42103418707847595,0.0,0.0,-0.3323553800582886
12345,-0.9641709327697754,0.0,0.0,0.10211631655693054
12346,-0.8685064315795898,0.0,0.0,0.10211631655693054
12347,-0.11181037873029709,0.0,0.0,0.17545932531356812
12348,-0.9641709327697754,0.0,0.0,0.10211631655693054
12349,-0.8685064315795898,0.0,0.0,0.10211631655693054
12350,-0.8685064315795898,0.0,0.0,0.10211631655693054
12351,-0.11181037873029709,0.0,0.0,-0.3323553800582886
12352,-0.11181037873029709,0.0,0.0,0.17545932531356812
12353,-0.8685064315795898,0.0,0.0,0.10211631655693054
12354,0.34329280257225037,0.0,0.0,-0.3323553800582886
12355,0.13417711853981018,0.0,0.0,-0.3323553800582886
12356,0.2609541118144989,0.0,0.0,-0.3323553800582886
12357,-0.11181037873029709,0.0,0.0,-0.011411592364311218
12358,-0.11181037873029709,0.0,0.0,-0.011411592364311218
12359,0.6903961896896362,0.0,0.0,-0.3323553800582886
12360,-0.11181037873029709,0.0,0.0,0.07015375792980194
12361,-0.6462371349334717,0.0,0.0,0.17545932531356812
12362,-0.37878143787384033,0.0,0.0,0.17545932531356812
12363,-0.7838497757911682,0.0,0.0,0.17545932531356812
12364,0.05744358152151108,0.0,0.0,-0.3323553800582886
12365,-0.11181037873029709,0.0,0.0,0.17545932531356812
12366,-0.8685064315795898,0.0,0.0,0.10211631655693054
12367,-0.11181037873029709,0.0,0.0,-0.3323553800582886
12368,-0.8685064315795898,0.0,0.0,0.10211631655693054
12369,-0.9641709327697754,0.0,0.0,0.10211631655693054
12370,0.2609541118144989,0.0,0.0,-0.3323553800582886
12371,0.42103418707847595,0.0,0.0,-0.3323553800582886
12372,0.42103418707847595,0.0,0.0,-0.3323553800582886
12373,0.13417711853981018,0.0,0.0,-0.21165698766708374
12374,-0.6462371349334717,0.0,0.0,0.17545932531356812
12375,1.0193355083465576,0.0,0.0,-0.21165698766708374
12376,-0.11181037873029709,0.0,0.0,-0.011411592364311218
12377,-0.9641709327697754,0.0,0.0,0.10211631655693054
12378,-0.6462371349334717,0.0,0.0,0.17545932531356812
12379,-0.11181037873029709,0.0,0.0,-0.3323553800582886
12380,-0.11181037873029709,0.0,0.0,-0.3323553800582886
12381,-0.11181037873029709,0.0,0.0,-0.3323553800582886
12382,0.5055372714996338,0.0,0.0,-0.3323553800582886
12383,-0.9641709327697754,0.0,0.0,0.10211631655693054
12384,-0.6462371349334717,0.0,0.0,0.17545932531356812
12385,-0.8685064315795898,0.0,0.0,0.10211631655693054
12386,-0.9641709327697754,0.0,0.0,0.10211631655693054
12387,0.2609541118144989,0.0,0.0,-0.3323553800582886
12388,-0.6462371349334717,0.0,0.0,0.10211631655693054
12389,-0.8685064315795898,0.0,0.0,0.10211631655693054
12390,-0.8685064315795898,0.0,0.0,0.10211631655693054
12391,-0.8685064315795898,0.0,0.0,0.10211631655693054
12392,1.0193355083465576,0.0,0.0,-0.21165698766708374
12393,-0.9641709327697754,0.0,0.0,0.10211631655693054
12394,1.0193355083465576,0.0,0.0,-0.011411592364311218
12395,0.34329280257225037,0.0,0.0,-0.21165698766708374
12396,-0.11181037873029709,0.0,0.0,0.17545932531356812
12397,-0.11181037873029709,0.0,0.0,0.17545932531356812
12398,1.0193355083465576,0.0,0.0,-0.3323553800582886
12399,0.05744358152151108,0.0,0.0,-0.3323553800582886
12400,1.0193355083465576,0.0,0.0,-0.3323553800582886
12401,0.42103418707847595,0.0,0.0,-0.3323553800582886
12402,1.0193355083465576,0.0,0.0,-0.21165698766708374
12403,0.2609541118144989,0.0,0.0,-0.3323553800582886
12404,0.34329280257225037,0.0,0.0,0.07015375792980194
12405,1.0193355083465576,0.0,0.0,-0.21165698766708374
12406,-0.11181037873029709,0.0,0.0,0.17545932531356812
12407,-0.11181037873029709,0.0,0.0,-0.3323553800582886
12408,-0.8685064315795898,0.0,0.0,0.10211631655693054
12409,1.0193355083465576,0.0,0.0,-0.21165698766708374
12410,-0.7838497757911682,0.0,0.0,0.17545932531356812
12411,-0.11181037873029709,0.0,0.0,-0.21165698766708374
12412,1.0193355083465576,0.0,0.0,-0.3323553800582886
12413,0.2609541118144989,0.0,0.0,-0.011411592364311218
12414,-0.11181037873029709,0.0,0.0,0.17545932531356812
12415,-0.11181037873029709,0.0,0.0,0.17545932531356812
12416,-0.6462371349334717,0.0,0.0,0.10211631655693054
12417,1.0193355083465576,0.0,0.0,-0.21165698766708374
12418,0.13417711853981018,0.0,0.0,-0.011411592364311218
12419,-0.8685064315795898,0.0,0.0,0.10211631655693054
12420,-0.11181037873029709,0.0,0.0,-0.011411592364311218
12421,-0.8685064315795898,0.0,0.0,0.17545932531356812
12422,1.0193355083465576,0.0,0.0,-0.3323553800582886
12423,1.0193355083465576,0.0,0.0,-0.21165698766708374
12424,-0.11181037873029709,0.0,0.0,0.17545932531356812
12425,-0.6462371349334717,0.0,0.0,0.17545932531356812
12426,1.0193355083465576,0.0,0.0,-0.21165698766708374
12427,0.42103418707847595,0.0,0.0,-0.15099509060382843
12428,-0.6462371349334717,0.0,0.0,0.17545932531356812
12429,0.6903961896896362,0.0,0.0,-0.3323553800582886
12430,-0.9641709327697754,0.0,0.0,0.10211631655693054
12431,1.0193355083465576,0.0,0.0,-0.21165698766708374
12432,1.0193355083465576,0.0,0.0,-0.3323553800582886
12433,-0.11181037873029709,0.0,0.0,0.17545932531356812
12434,-0.7838497757911682,0.0,0.0,0.10211631655693054
12435,-0.11181037873029709,0.0,0.0,0.17545932531356812
12436,0.2609541118144989,0.0,0.0,-0.011411592364311218
12437,1.0193355083465576,0.0,0.0,-0.21165698766708374
12438,-0.9641709327697754,0.0,0.0,0.10211631655693054
12439,-0.11181037873029709,0.0,0.0,0.17545932531356812
12440,-0.11181037873029709,0.0,0.0,0.17545932531356812
12441,1.0193355083465576,0.0,0.0,-0.21165698766708374
12442,-0.6462371349334717,0.0,0.0,0.17545932531356812
12443,-0.6462371349334717,0.0,0.0,0.17545932531356812
12444,-0.11181037873029709,0.0,0.0,0.17545932531356812
12445,-0.8685064315795898,0.0,0.0,0.10211631655693054
12446,1.0193355083465576,0.0,0.0,-0.3323553800582886
12447,1.0193355083465576,0.0,0.0,-0.21165698766708374
12448,-0.11181037873029709,0.0,0.0,0.07015375792980194
12449,1.0193355083465576,0.0,0.0,-0.21165698766708374
12450,-0.18308982253074646,0.0,0.0,0.005698867607861757
12451,-0.18308982253074646,0.0,0.0,0.005698867607861757
12452,-0.18575400114059448,0.0,0.0,-0.01177777536213398
12453,0.279456228017807,0.0,0.0,-0.01177777536213398
12454,-0.2553989589214325,0.0,0.0,0.0008613122627139091
12455,-0.2553989589214325,0.0,0.0,0.0008613122627139091
12456,-0.2553989589214325,0.0,0.0,0.0008613122627139091
12457,0.40593913197517395,0.0,0.0,-0.0015371288172900677
12458,0.40593913197517395,0.0,0.0,-0.0015371288172900677
12459,-0.2553989589214325,0.0,0.0,0.0008613122627139091
12460,0.07539091259241104,0.0,0.0,-0.0015371288172900677
12461,-0.2553989589214325,0.0,0.0,0.0008613122627139091
12462,-0.2553989589214325,0.0,0.0,0.0008613122627139091
12463,-0.2553989589214325,0.0,0.0,0.0008613122627139091
12464,-0.1333448737859726,0.0,0.0,0.005698867607861757
12465,-0.24009570479393005,0.0,0.0,0.005698867607861757
12466,-0.24009570479393005,0.0,0.0,0.005698867607861757
12467,-0.18308982253074646,0.0,0.0,0.005698867607861757
12468,0.016106264665722847,0.0,0.0,-0.01177777536213398
12469,-0.2553989589214325,0.0,0.0,0.0008613122627139091
12470,-0.24009570479393005,0.0,0.0,0.005698867607861757
12471,-0.18308982253074646,0.0,0.0,0.005698867607861757
12472,0.40593913197517395,0.0,0.0,-0.0015371288172900677
12473,-0.24009570479393005,0.0,0.0,0.005698867607861757
12474,-0.2553989589214325,0.0,0.0,0.0008613122627139091
12475,-0.13600903749465942,0.0,0.0,-0.0015371288172900677
12476,-0.13600903749465942,0.0,0.0,-0.01177777536213398
12477,-0.2553989589214325,0.0,0.0,0.0008613122627139091
12478,0.40593913197517395,0.0,0.0,-0.0015371288172900677
12479,-0.2553989589214325,0.0,0.0,0.0008613122627139091
12480,-0.2553989589214325,0.0,0.0,0.0008613122627139091
12481,-0.23152108490467072,0.0,0.0,0.005698867607861757
12482,-0.23152108490467072,0.0,0.0,0.005698867607861757
12483,0.1856110692024231,0.0,0.0,-0.01177777536213398
12484,-0.18575400114059448,0.0,0.0,-0.01177777536213398
12485,-0.2553989589214325,0.0,0.0,0.0008613122627139091
12486,-0.23152108490467072,0.0,0.0,0.005698867607861757
12487,-0.2553989589214325,0.0,0.0,0.0008613122627139091
12488,-0.2553989589214325,0.0,0.0,0.0008613122627139091
12489,0.40593913197517395,0.0,0.0,-0.0015371288172900677
12490,-0.18308982253074646,0.0,0.0,0.005698867607861757
12491,-0.2553989589214325,0.0,0.0,0.0008613122627139091
12492,-0.2553989589214325,0.0,0.0,0.0008613122627139091
12493,-0.13600903749465942,0.0,0.0,-0.0015371288172900677
12494,-0.18575400114059448,0.0,0.0,-0.0015371288172900677
12495,-0.2553989589214325,0.0,0.0,0.0008613122627139091
12496,-0.2553989589214325,0.0,0.0,0.0008613122627139091
12497,-0.18308982253074646,0.0,0.0,0.005698867607861757
12498,0.1856110692024231,0.0,0.0,-0.01177777536213398
12499,-0.17620959877967834,0.0,0.0,-0.01177777536213398
12500,-0.18308982253074646,0.0,0.0,0.005698867607861757
12501,-0.2553989589214325,0.0,0.0,0.0008613122627139091
12502,0.12699554860591888,0.0,0.0,-0.01177777536213398
12503,-0.2553989589214325,0.0,0.0,0.0008613122627139091
12504,-0.17620959877967834,0.0,0.0,-0.01177777536213398
12505,-0.2553989589214325,0.0,0.0,0.0008613122627139091
12506,-0.24009570479393005,0.0,0.0,0.005698867607861757
12507,-0.2553989589214325,0.0,0.0,0.0008613122627139091
12508,-0.2553989589214325,0.0,0.0,0.0008613122627139091
12509,0.028281603008508682,0.0,0.0,-0.0015371288172900677
12510,0.279456228017807,0.0,0.0,-0.01177777536213398
12511,-0.2553989589214325,0.0,0.0,0.0008613122627139091
12512,-0.2553989589214325,0.0,0.0,0.0008613122627139091
12513,-0.18308982253074646,0.0,0.0,0.005698867607861757
12514,-0.2553989589214325,0.0,0.0,0.0008613122627139091
12515,-0.2553989589214325,0.0,0.0,0.0008613122627139091
12516,-0.2553989589214325,0.0,0.0,0.0008613122627139091
12517,-0.18575400114059448,0.0,0.0,-0.01177777536213398
12518,-0.18308982253074646,0.0,0.0,0.005698867607861757
12519,-0.2553989589214325,0.0,0.0,0.0008613122627139091
12520,0.1856110692024231,0.0,0.0,-0.01177777536213398
12521,0.028281603008508682,0.0,0.0,-0.01177777536213398
12522,0.0856228843331337,0.0,0.0,-0.01177777536213398
12523,-0.18308982253074646,0.0,0.0,0.005698867607861757
12524,-0.08467364311218262,0.0,0.0,0.005698867607861757
12525,0.40593913197517395,0.0,0.0,-0.0015371288172900677
12526,-0.18308982253074646,0.0,0.0,0.005698867607861757
12527,-0.23152108490467072,0.0,0.0,0.005698867607861757
12528,-0.23152108490467072,0.0,0.0,0.005698867607861757
12529,-0.24009570479393005,0.0,0.0,0.005698867607861757
12530,0.016106264665722847,0.0,0.0,-0.01177777536213398
12531,-0.18308982253074646,0.0,0.0,0.005698867607861757
12532,-0.2553989589214325,0.0,0.0,0.0008613122627139091
12533,-0.18575400114059448,0.0,0.0,-0.0015371288172900677
12534,-0.2553989589214325,0.0,0.0,0.0008613122627139091
12535,-0.2553989589214325,0.0,0.0,0.0008613122627139091
12536,0.028281603008508682,0.0,0.0,-0.01177777536213398
12537,0.279456228017807,0.0,0.0,-0.01177777536213398
12538,0.2985437512397766,0.0,0.0,-0.0015371288172900677
12539,0.028281603008508682,0.0,0.0,-0.0015371288172900677
12540,-0.23152108490467072,0.0,0.0,0.005698867607861757
12541,0.40593913197517395,0.0,0.0,-0.0015371288172900677
12542,-0.18308982253074646,0.0,0.0,0.005698867607861757
12543,-0.2553989589214325,0.0,0.0,0.0008613122627139091
12544,-0.24009570479393005,0.0,0.0,0.005698867607861757
12545,-0.18575400114059448,0.0,0.0,-0.01177777536213398
12546,-0.18575400114059448,0.0,0.0,-0.01177777536213398
12547,-0.18575400114059448,0.0,0.0,-0.01177777536213398
12548,0.30763983726501465,0.0,0.0,-0.0015371288172900677
12549,-0.2553989589214325,0.0,0.0,0.0008613122627139091
12550,-0.24009570479393005,0.0,0.0,0.005698867607861757
12551,-0.2553989589214325,0.0,0.0,0.0008613122627139091
12552,-0.2553989589214325,0.0,0.0,0.0008613122627139091
12553,0.028281603008508682,0.0,0.0,-0.01177777536213398
12554,-0.24009570479393005,0.0,0.0,0.005698867607861757
12555,-0.2553989589214325,0.0,0.0,0.0008613122627139091
12556,-0.2553989589214325,0.0,0.0,0.0008613122627139091
12557,-0.2553989589214325,0.0,0.0,0.0008613122627139091
12558,0.40593913197517395,0.0,0.0,-0.0015371288172900677
12559,-0.2553989589214325,0.0,0.0,0.0008613122627139091
12560,0.4086032807826996,0.0,0.0,0.005698867607861757
12561,0.1856110692024231,0.0,0.0,-0.0015371288172900677
12562,-0.18308982253074646,0.0,0.0,0.005698867607861757
12563,-0.18308982253074646,0.0,0.0,0.005698867607861757
12564,0.40593913197517395,0.0,0.0,-0.01177777536213398
12565,0.016106264665722847,0.0,0.0,-0.0015371288172900677
12566,0.40593913197517395,0.0,0.0,-0.0015371288172900677
12567,0.279456228017807,0.0,0.0,-0.01177777536213398
12568,0.40593913197517395,0.0,0.0,-0.0015371288172900677
12569,0.07539091259241104,0.0,0.0,-0.01177777536213398
12570,0.18827524781227112,0.0,0.0,0.005698867607861757
12571,0.40593913197517395,0.0,0.0,-0.0015371288172900677
12572,-0.18308982253074646,0.0,0.0,0.005698867607861757
12573,-0.13600903749465942,0.0,0.0,-0.01177777536213398
12574,-0.2553989589214325,0.0,0.0,0.0008613122627139091
12575,0.40593913197517395,0.0,0.0,-0.0015371288172900677
12576,-0.2553989589214325,0.0,0.0,0.0008613122627139091
12577,-0.18575400114059448,0.0,0.0,-0.0015371288172900677
12578,0.40593913197517395,0.0,0.0,-0.0015371288172900677
12579,0.030945759266614914,0.0,0.0,0.005698867607861757
12580,-0.18308982253074646,0.0,0.0,0.005698867607861757
12581,-0.18308982253074646,0.0,0.0,0.005698867607861757
12582,-0.24009570479393005,0.0,0.0,0.005698867607861757
12583,0.40593913197517395,0.0,0.0,-0.0015371288172900677
12584,0.030945759266614914,0.0,0.0,0.005698867607861757
12585,-0.2553989589214325,0.0,0.0,0.0008613122627139091
12586,-0.18308982253074646,0.0,0.0,0.005698867607861757
12587,-0.2553989589214325,0.0,0.0,0.0008613122627139091
12588,0.40593913197517395,0.0,0.0,-0.01177777536213398
12589,0.40593913197517395,0.0,0.0,-0.0015371288172900677
12590,-0.18308982253074646,0.0,0.0,0.005698867607861757
12591,-0.23152108490467072,0.0,0.0,0.005698867607861757
12592,0.40593913197517395,0.0,0.0,-0.0015371288172900677
12593,0.28212037682533264,0.0,0.0,0.005698867607861757
12594,-0.23152108490467072,0.0,0.0,0.005698867607861757
12595,0.40593913197517395,0.0,0.0,-0.0015371288172900677
12596,-0.2553989589214325,0.0,0.0,0.0008613122627139091
12597,0.40593913197517395,0.0,0.0,-0.0015371288172900677
12598,0.40593913197517395,0.0,0.0,-0.01177777536213398
12599,-0.18308982253074646,0.0,0.0,0.005698867607861757
12600,-0.24009570479393005,0.0,0.0,0.005698867607861757
12601,-0.18308982253074646,0.0,0.0,0.005698867607861757
12602,0.07805506885051727,0.0,0.0,0.005698867607861757
12603,0.40593913197517395,0.0,0.0,-0.0015371288172900677
12604,-0.2553989589214325,0.0,0.0,0.0008613122627139091
12605,-0.18308982253074646,0.0,0.0,0.005698867607861757
12606,-0.18308982253074646,0.0,0.0,0.005698867607861757
12607,0.40593913197517395,0.0,0.0,-0.0015371288172900677
12608,-0.24009570479393005,0.0,0.0,0.005698867607861757
12609,-0.23152108490467072,0.0,0.0,0.005698867607861757
12610,-0.18308982253074646,0.0,0.0,0.005698867607861757
12611,-0.2553989589214325,0.0,0.0,0.0008613122627139091
12612,0.40593913197517395,0.0,0.0,-0.01177777536213398
12613,0.40593913197517395,0.0,0.0,-0.0015371288172900677
12614,-0.18308982253074646,0.0,0.0,0.005698867607861757
12615,0.40593913197517395,0.0,0.0,-0.0015371288172900677
12616,-0.7243324518203735,0.0,0.0,0.6680514812469482
12617,-0.7415226697921753,0.0,0.0,-1.2944542169570923
12618,-0.9684594869613647,0.0,0.0,-2.838960647583008
12619,1.3293871879577637,0.0,0.0,-2.81423020362854
12620,-3.1109440326690674,0.0,0.0,1.206242561340332
12621,-2.376514196395874,0.0,0.0,1.2187819480895996
12622,-2.955737829208374,0.0,0.0,0.9359630942344666
12623,2.455491542816162,0.0,0.0,-2.020359992980957
12624,2.455491542816162,0.0,0.0,-2.4266180992126465
12625,-2.229282855987549,0.0,0.0,0.9485024809837341
12626,1.3293871879577637,0.0,0.0,-2.81423020362854
12627,-2.4167470932006836,0.0,0.0,0.48956894874572754
12628,-2.4167470932006836,0.0,0.0,0.48956894874572754
12629,-2.9264848232269287,0.0,0.0,1.7083570957183838
12630,0.649497389793396,0.0,0.0,-1.8255105018615723
12631,-1.5091222524642944,0.0,0.0,-0.20882582664489746
12632,-1.3763595819473267,0.0,0.0,0.2133873552083969
12633,-0.2892776429653168,0.0,0.0,-0.6049603223800659
12634,1.4325480461120605,0.0,0.0,-2.5679538249969482
12635,-2.9264848232269287,0.0,0.0,1.7083570957183838
12636,-1.5091222524642944,0.0,0.0,0.25412994623184204
12637,-0.7415226697921753,0.0,0.0,-1.2944542169570923
12638,2.455491542816162,0.0,0.0,-2.020359992980957
12639,-1.3763595819473267,0.0,0.0,0.2133873552083969
12640,-2.4167470932006836,0.0,0.0,0.48956894874572754
12641,0.37034526467323303,0.0,0.0,-2.9782423973083496
12642,0.4400666654109955,0.0,0.0,-2.978515863418579
12643,-2.4167470932006836,0.0,0.0,-0.25382450222969055
12644,2.455491542816162,0.0,0.0,-2.020359992980957
12645,-2.9264848232269287,0.0,0.0,1.7083570957183838
12646,-1.7169960737228394,0.0,0.0,0.2133873552083969
12647,-1.6732653379440308,0.0,0.0,0.5345677137374878
12648,-1.5091222524642944,0.0,0.0,0.5345677137374878
12649,1.3293871879577637,0.0,0.0,-2.81423020362854
12650,-0.5162147283554077,0.0,0.0,-2.7610762119293213
12651,-2.4167470932006836,0.0,0.0,0.16838866472244263
12652,-1.3050962686538696,0.0,0.0,0.6680514812469482
12653,-3.143202543258667,0.0,0.0,0.15584927797317505
12654,-1.7169960737228394,0.0,0.0,0.2133873552083969
12655,2.455491542816162,0.0,0.0,-2.020359992980957
12656,-0.7415226697921753,0.0,0.0,-1.2944542169570923
12657,-3.1109440326690674,0.0,0.0,1.206242561340332
12658,-2.955737829208374,0.0,0.0,0.9359630942344666
12659,0.37034526467323303,0.0,0.0,-2.9782423973083496
12660,-0.10223191231489182,0.0,0.0,-2.81345796585083
12661,-3.3276612758636475,0.0,0.0,-0.07724420726299286
12662,-2.9264848232269287,0.0,0.0,1.7083570957183838
12663,-0.2892776429653168,0.0,0.0,-1.2165697813034058
12664,1.3748724460601807,0.0,0.0,-2.5679538249969482
12665,0.11590196192264557,0.0,0.0,-2.732239007949829
12666,-0.5768814086914062,0.0,0.0,0.6908290386199951
12667,-3.3276612758636475,0.0,0.0,0.47702956199645996
12668,1.3748724460601807,0.0,0.0,-2.5679538249969482
12669,-2.955737829208374,0.0,0.0,0.9359630942344666
12670,0.07041652500629425,0.0,0.0,-2.978515863418579
12671,-2.9264848232269287,0.0,0.0,1.7083570957183838
12672,-1.5091222524642944,0.0,0.0,-0.20882582664489746
12673,-2.9264848232269287,0.0,0.0,1.7083570957183838
12674,-3.143202543258667,0.0,0.0,0.15584927797317505
12675,0.9253144264221191,0.0,0.0,-2.8139569759368896
12676,1.3293871879577637,0.0,0.0,-2.81423020362854
12677,-2.593231678009033,0.0,0.0,0.16838866472244263
12678,-2.9264848232269287,0.0,0.0,1.7083570957183838
12679,-0.7243324518203735,0.0,0.0,0.6680514812469482
12680,-2.229282855987549,0.0,0.0,0.9485024809837341
12681,-3.143202543258667,0.0,0.0,0.15584927797317505
12682,-2.955737829208374,0.0,0.0,0.9359630942344666
12683,-0.9684594869613647,0.0,0.0,-2.838960647583008
12684,-0.7243324518203735,0.0,0.0,0.6680514812469482
12685,-2.9264848232269287,0.0,0.0,1.7083570957183838
12686,1.3748724460601807,0.0,0.0,-2.5679538249969482
12687,1.040521264076233,0.0,0.0,-2.5679538249969482
12688,1.3748724460601807,0.0,0.0,-1.986461877822876
12689,-0.3522695302963257,0.0,0.0,-1.8543477058410645
12690,0.9296939373016357,0.0,0.0,-0.44616568088531494
12691,2.5252127647399902,0.0,0.0,-2.092200517654419
12692,-0.6513290405273438,0.0,0.0,0.05767783150076866
12693,-1.5091222524642944,0.0,0.0,-0.20882582664489746
12694,-1.1219896078109741,0.0,0.0,0.6680514812469482
12695,-1.3763595819473267,0.0,0.0,0.5345677137374878
12696,1.4325480461120605,0.0,0.0,-2.5679538249969482
12697,-0.7243324518203735,0.0,0.0,0.6680514812469482
12698,-2.9264848232269287,0.0,0.0,1.7083570957183838
12699,-0.5617001056671143,0.0,0.0,-2.8422951698303223
12700,-2.9264848232269287,0.0,0.0,1.7083570957183838
12701,-3.3276612758636475,0.0,0.0,0.15584927797317505
12702,0.9950357675552368,0.0,0.0,-2.81423020362854
12703,1.3293871879577637,0.0,0.0,-2.81423020362854
12704,1.793421745300293,0.0,0.0,-2.5647130012512207
12705,0.9253144264221191,0.0,0.0,-2.8139569759368896
12706,-1.6732653379440308,0.0,0.0,0.5345677137374878
12707,2.455491542816162,0.0,0.0,-2.020359992980957
12708,-0.7415226697921753,0.0,0.0,-1.2944542169570923
12709,-2.4167470932006836,0.0,0.0,0.16838866472244263
12710,-1.5091222524642944,0.0,0.0,0.5345677137374878
12711,-0.5162147283554077,0.0,0.0,-2.7610762119293213
12712,-0.5162147283554077,0.0,0.0,-2.7610762119293213
12713,-0.9684594869613647,0.0,0.0,-2.838960647583008
12714,1.793421745300293,0.0,0.0,-2.7297704219818115
12715,-2.593231678009033,0.0,0.0,0.16838866472244263
12716,-1.5433064699172974,0.0,0.0,-0.20882582664489746
12717,-2.9264848232269287,0.0,0.0,1.7083570957183838
12718,-2.229282855987549,0.0,0.0,0.9485024809837341
12719,1.040521264076233,0.0,0.0,-2.5679538249969482
12720,-1.5091222524642944,0.0,0.0,0.2133873552083969
12721,-2.9264848232269287,0.0,0.0,1.7083570957183838
12722,-2.9264848232269287,0.0,0.0,1.7083570957183838
12723,-2.9264848232269287,0.0,0.0,1.7083570957183838
12724,2.455491542816162,0.0,0.0,-2.020359992980957
12725,-2.229282855987549,0.0,0.0,1.7963882684707642
12726,2.490772247314453,0.0,0.0,-0.9429713487625122
12727,1.2596659660339355,0.0,0.0,-2.407697916030884
12728,-0.7243324518203735,0.0,0.0,0.6680514812469482
12729,-0.5768814086914062,0.0,0.0,0.6908290386199951
12730,2.5706982612609863,0.0,0.0,-2.180614948272705
12731,1.3870627880096436,0.0,0.0,-2.479539155960083
12732,2.5252127647399902,0.0,0.0,-2.261833667755127
12733,1.3748724460601807,0.0,0.0,-2.5679538249969482
12734,2.455491542816162,0.0,0.0,-2.020359992980957
12735,1.3748724460601807,0.0,0.0,-1.986461877822876
12736,1.6920030117034912,0.0,0.0,0.7344770431518555
12737,2.455491542816162,0.0,0.0,-2.020359992980957
12738,-0.7243324518203735,0.0,0.0,0.6680514812469482
12739,0.485552042722702,0.0,0.0,-2.150747299194336
12740,-2.9264848232269287,0.0,0.0,1.7083570957183838
12741,2.455491542816162,0.0,0.0,-2.020359992980957
12742,-1.7169960737228394,0.0,0.0,0.5345677137374878
12743,0.0006951242685317993,0.0,0.0,-2.9782423973083496
12744,2.5252127647399902,0.0,0.0,-2.092200517654419
12745,1.267458200454712,0.0,0.0,-1.023446798324585
12746,-0.5768814086914062,0.0,0.0,0.6908290386199951
12747,-0.7243324518203735,0.0,0.0,0.6680514812469482
12748,-1.3763595819473267,0.0,0.0,0.2133873552083969
12749,2.455491542816162,0.0,0.0,-2.020359992980957
12750,1.4813470840454102,0.0,0.0,-1.023446798324585
12751,-2.9264848232269287,0.0,0.0,1.206242561340332
12752,-0.2892776429653168,0.0,0.0,-0.6049603223800659
12753,-3.143202543258667,0.0,0.0,-0.2663639485836029
12754,2.5706982612609863,0.0,0.0,-1.599123239517212
12755,2.455491542816162,0.0,0.0,-2.020359992980957
12756,-0.5768814086914062,0.0,0.0,0.6908290386199951
12757,-1.6732653379440308,0.0,0.0,0.5345677137374878
12758,2.455491542816162,0.0,0.0,-2.020359992980957
12759,1.5388178825378418,0.0,0.0,-1.6612248420715332
12760,-1.5091222524642944,0.0,0.0,0.5345677137374878
12761,2.5252127647399902,0.0,0.0,-2.092200517654419
12762,-2.4057674407958984,0.0,0.0,1.7963882684707642
12763,2.5252127647399902,0.0,0.0,-2.261833667755127
12764,2.5252127647399902,0.0,0.0,-2.426891326904297
12765,-0.7243324518203735,0.0,0.0,0.6680514812469482
12766,-1.3763595819473267,0.0,0.0,0.2133873552083969
12767,-0.5768814086914062,0.0,0.0,0.6908290386199951
12768,1.6018097400665283,0.0,0.0,-1.023446798324585
12769,2.455491542816162,0.0,0.0,-2.020359992980957
12770,-2.229282855987549,0.0,0.0,1.453328013420105
12771,-0.7243324518203735,0.0,0.0,0.6680514812469482
12772,-0.1246364563703537,0.0,0.0,0.7687134742736816
12773,2.455491542816162,0.0,0.0,-2.020359992980957
12774,-1.3366130590438843,0.0,0.0,0.2133873552083969
12775,-1.5091222524642944,0.0,0.0,0.5345677137374878
12776,-0.7243324518203735,0.0,0.0,0.6680514812469482
12777,-2.9264848232269287,0.0,0.0,1.7083570957183838
12778,2.5706982612609863,0.0,0.0,-1.599123239517212
12779,2.455491542816162,0.0,0.0,-2.020359992980957
12780,0.4330325126647949,0.0,0.0,0.16439944505691528
12781,2.455491542816162,0.0,0.0,-2.020359992980957
12782,-0.23009905219078064,0.0,0.0,0.18706558644771576
12783,-0.2512982487678528,0.0,0.0,0.06129855290055275
12784,-0.2687527537345886,0.0,0.0,-0.08736875653266907
12785,0.2991707921028137,0.0,0.0,-0.08443284034729004
12786,-0.4310623109340668,0.0,0.0,-0.1272064596414566
12787,-0.4332317113876343,0.0,0.0,-0.1272064596414566
12788,-0.4310623109340668,0.0,0.0,-0.1272064596414566
12789,0.5435106158256531,0.0,0.0,-0.03269319236278534
12790,0.5435106158256531,0.0,0.0,-0.03269319236278534
12791,-0.4332317113876343,0.0,0.0,-0.1272064596414566
12792,0.27461186051368713,0.0,0.0,-0.0860186219215393
12793,-0.43014201521873474,0.0,0.0,0.04709293320775032
12794,-0.42988502979278564,0.0,0.0,0.05589324235916138
12795,-0.4310623109340668,0.0,0.0,-0.1272064596414566
12796,-0.14287593960762024,0.0,0.0,-0.05871296674013138
12797,-0.4085809886455536,0.0,0.0,-0.09846758097410202
12798,-0.4119000732898712,0.0,0.0,-0.12359242886304855
12799,-0.2316652238368988,0.0,0.0,0.11811093240976334
12800,-0.019359391182661057,0.0,0.0,-0.08736875653266907
12801,-0.4310623109340668,0.0,0.0,-0.1272064596414566
12802,-0.4079234004020691,0.0,0.0,-0.07103048264980316
12803,-0.26060163974761963,0.0,0.0,0.0020639970898628235
12804,0.5435106158256531,0.0,0.0,-0.03269319236278534
12805,-0.40910711884498596,0.0,0.0,-0.12496661394834518
12806,-0.42955660820007324,0.0,0.0,0.0829659253358841
12807,-0.14511635899543762,0.0,0.0,-0.07670589536428452
12808,-0.14259031414985657,0.0,0.0,-0.087689109146595
12809,-0.4336170554161072,0.0,0.0,-0.1291251927614212
12810,0.5435106158256531,0.0,0.0,-0.03269319236278534
12811,-0.4310623109340668,0.0,0.0,-0.1272064596414566
12812,-0.42243707180023193,0.0,0.0,-0.12707683444023132
12813,-0.274030476808548,0.0,0.0,0.06675481796264648
12814,-0.32578909397125244,0.0,0.0,0.0555381253361702
12815,0.2777320146560669,0.0,0.0,-0.0860186219215393
12816,-0.2687527537345886,0.0,0.0,-0.08736875653266907
12817,-0.4332317113876343,0.0,0.0,-0.1272064596414566
12818,-0.2713888883590698,0.0,0.0,0.06675481796264648
12819,-0.4310623109340668,0.0,0.0,-0.1272064596414566
12820,-0.42657455801963806,0.0,0.0,-0.1254650503396988
12821,0.5435106158256531,0.0,0.0,-0.03269319236278534
12822,-0.26060163974761963,0.0,0.0,0.0020639970898628235
12823,-0.4310623109340668,0.0,0.0,-0.1272064596414566
12824,-0.4310623109340668,0.0,0.0,-0.1272064596414566
12825,-0.1422683447599411,0.0,0.0,-0.07670589536428452
12826,-0.23445376753807068,0.0,0.0,-0.07670589536428452
12827,-0.4302639365196228,0.0,0.0,-0.07518906891345978
12828,-0.4310623109340668,0.0,0.0,-0.1272064596414566
12829,-0.25058114528656006,0.0,0.0,0.0020639970898628235
12830,0.2777320146560669,0.0,0.0,-0.08569827675819397
12831,-0.1454383283853531,0.0,0.0,-0.08736875653266907
12832,-0.23157453536987305,0.0,0.0,0.18706558644771576
12833,-0.42835456132888794,0.0,0.0,0.04065683111548424
12834,0.27461186051368713,0.0,0.0,-0.08569827675819397
12835,-0.4310623109340668,0.0,0.0,-0.1272064596414566
12836,-0.1454383283853531,0.0,0.0,-0.087689109146595
12837,-0.4310623109340668,0.0,0.0,-0.1272064596414566
12838,-0.38455983996391296,0.0,0.0,-0.12344399094581604
12839,-0.4310623109340668,0.0,0.0,-0.1272064596414566
12840,-0.4310623109340668,0.0,0.0,-0.1272064596414566
12841,0.15779003500938416,0.0,0.0,-0.07623578608036041
12842,0.306589812040329,0.0,0.0,-0.08330088108778
12843,-0.4332317113876343,0.0,0.0,-0.1272064596414566
12844,-0.4310623109340668,0.0,0.0,-0.1272064596414566
12845,-0.22494104504585266,0.0,0.0,0.19476208090782166
12846,-0.4332317113876343,0.0,0.0,-0.1272064596414566
12847,-0.4310623109340668,0.0,0.0,-0.1272064596414566
12848,-0.4310623109340668,0.0,0.0,-0.1272064596414566
12849,-0.2687527537345886,0.0,0.0,-0.08736875653266907
12850,-0.2297956347465515,0.0,0.0,0.18909592926502228
12851,-0.4310623109340668,0.0,0.0,-0.1272064596414566
12852,0.2808115482330322,0.0,0.0,-0.08540384471416473
12853,0.06236518919467926,0.0,0.0,-0.08689864724874496
12854,0.27461186051368713,0.0,0.0,-0.08428327739238739
12855,-0.2661902904510498,0.0,0.0,-0.05871296674013138
12856,-0.11003171652555466,0.0,0.0,0.06129855290055275
12857,0.5435106158256531,0.0,0.0,-0.03269319236278534
12858,-0.24168574810028076,0.0,0.0,0.11811093240976334
12859,-0.3183852434158325,0.0,0.0,-0.09502614289522171
12860,-0.26121729612350464,0.0,0.0,0.06715302914381027
12861,-0.40881040692329407,0.0,0.0,0.05070696398615837
12862,-0.04271700233221054,0.0,0.0,-0.08736875653266907
12863,-0.2288704216480255,0.0,0.0,0.19476208090782166
12864,-0.4310623109340668,0.0,0.0,-0.1272064596414566
12865,-0.2559860646724701,0.0,0.0,-0.07670589536428452
12866,-0.4310623109340668,0.0,0.0,-0.1272064596414566
12867,-0.4310623109340668,0.0,0.0,-0.1272064596414566
12868,0.1574680656194687,0.0,0.0,-0.0872189924120903
12869,0.306589812040329,0.0,0.0,-0.08330088108778
12870,0.32265564799308777,0.0,0.0,-0.06972574442625046
12871,0.04851021617650986,0.0,0.0,-0.07623578608036041
12872,-0.2744124233722687,0.0,0.0,0.06193285807967186
12873,0.5435106158256531,0.0,0.0,-0.03269319236278534
12874,-0.26060163974761963,0.0,0.0,0.0020639970898628235
12875,-0.4332317113876343,0.0,0.0,-0.1272064596414566
12876,-0.40222057700157166,0.0,0.0,0.05197659507393837
12877,-0.2587321698665619,0.0,0.0,-0.08736875653266907
12878,-0.2587321698665619,0.0,0.0,-0.08736875653266907
12879,-0.2687527537345886,0.0,0.0,-0.08736875653266907
12880,0.35353416204452515,0.0,0.0,-0.07198920845985413
12881,-0.4336170554161072,0.0,0.0,-0.1291251927614212
12882,-0.40874385833740234,0.0,0.0,-0.10235784202814102
12883,-0.4310623109340668,0.0,0.0,-0.1272064596414566
12884,-0.4332317113876343,0.0,0.0,-0.1272064596414566
12885,0.1574680656194687,0.0,0.0,-0.08689864724874496
12886,-0.40910711884498596,0.0,0.0,-0.12496661394834518
12887,-0.4310623109340668,0.0,0.0,-0.1272064596414566
12888,-0.4310623109340668,0.0,0.0,-0.1272064596414566
12889,-0.4310623109340668,0.0,0.0,-0.1272064596414566
12890,0.5435106158256531,0.0,0.0,-0.03269319236278534
12891,-0.4332317113876343,0.0,0.0,-0.1272064596414566
12892,0.5506669878959656,0.0,0.0,0.03600607439875603
12893,0.27805399894714355,0.0,0.0,-0.07503541558980942
12894,-0.2288704216480255,0.0,0.0,0.19476208090782166
12895,-0.2297956347465515,0.0,0.0,0.18909592926502228
12896,0.5431886315345764,0.0,0.0,-0.04335606098175049
12897,-0.042395032942295074,0.0,0.0,-0.07670589536428452
12898,0.5435106158256531,0.0,0.0,-0.03269319236278534
12899,0.306589812040329,0.0,0.0,-0.08298052847385406
12900,0.5435106158256531,0.0,0.0,-0.03269319236278534
12901,0.27461186051368713,0.0,0.0,-0.08428327739238739
12902,0.3106164038181305,0.0,0.0,0.16361147165298462
12903,0.5435106158256531,0.0,0.0,-0.03269319236278534
12904,-0.22494104504585266,0.0,0.0,0.19476208090782166
12905,-0.1454383283853531,0.0,0.0,-0.08595375716686249
12906,-0.4310623109340668,0.0,0.0,-0.1272064596414566
12907,0.5435106158256531,0.0,0.0,-0.03269319236278534
12908,-0.4252052903175354,0.0,0.0,0.043616920709609985
12909,-0.14511635899543762,0.0,0.0,-0.07670589536428452
12910,0.5435106158256531,0.0,0.0,-0.03269319236278534
12911,0.17492255568504333,0.0,0.0,0.061768658459186554
12912,-0.23292899131774902,0.0,0.0,0.18046076595783234
12913,-0.22494104504585266,0.0,0.0,0.19476208090782166
12914,-0.40872177481651306,0.0,0.0,-0.12304786592721939
12915,0.5435106158256531,0.0,0.0,-0.03269319236278534
12916,0.0563393272459507,0.0,0.0,0.002534108003601432
12917,-0.4310623109340668,0.0,0.0,-0.1272064596414566
12918,-0.2512982487678528,0.0,0.0,0.06129855290055275
12919,-0.43108439445495605,0.0,0.0,-0.10876113921403885
12920,0.5431886315345764,0.0,0.0,-0.04194105789065361
12921,0.5435106158256531,0.0,0.0,-0.03269319236278534
12922,-0.23157453536987305,0.0,0.0,0.18706558644771576
12923,-0.26991742849349976,0.0,0.0,0.19249610602855682
12924,0.5435106158256531,0.0,0.0,-0.03269319236278534
12925,0.30173325538635254,0.0,0.0,-0.055456697940826416
12926,-0.32578909397125244,0.0,0.0,0.05392398312687874
12927,0.5435106158256531,0.0,0.0,-0.03269319236278534
12928,-0.4310623109340668,0.0,0.0,-0.1272064596414566
12929,0.5435106158256531,0.0,0.0,-0.03269319236278534
12930,0.5431886315345764,0.0,0.0,-0.04367641359567642
12931,-0.2288704216480255,0.0,0.0,0.19476208090782166
12932,-0.4119000732898712,0.0,0.0,-0.12359242886304855
12933,-0.23127111792564392,0.0,0.0,0.18909592926502228
12934,0.2827630341053009,0.0,0.0,0.003734483616426587
12935,0.5435106158256531,0.0,0.0,-0.03269319236278534
12936,-0.4332317113876343,0.0,0.0,-0.1272064596414566
12937,-0.22759169340133667,0.0,0.0,0.19445271790027618
12938,-0.22290846705436707,0.0,0.0,0.18046076595783234
12939,0.5435106158256531,0.0,0.0,-0.03269319236278534
12940,-0.40910711884498596,0.0,0.0,-0.12496661394834518
12941,-0.274030476808548,0.0,0.0,0.06675481796264648
12942,-0.22759169340133667,0.0,0.0,0.19445271790027618
12943,-0.4310623109340668,0.0,0.0,-0.1272064596414566
12944,0.5431886315345764,0.0,0.0,-0.04194105789065361
12945,0.5435106158256531,0.0,0.0,-0.03269319236278534
12946,-0.11837123334407806,0.0,0.0,0.11811093240976334
12947,0.5435106158256531,0.0,0.0,-0.03269319236278534
12948,-0.7768961787223816,0.0,0.0,0.5800896883010864
12949,-0.7768961787223816,0.0,0.0,0.23747482895851135
12950,-0.8133276104927063,0.0,0.0,-1.366992712020874
12951,1.3613098859786987,0.0,0.0,-1.3319623470306396
12952,-1.5859917402267456,0.0,0.0,0.8518168926239014
12953,-1.5859917402267456,0.0,0.0,0.8518168926239014
12954,-1.5859917402267456,0.0,0.0,0.8518168926239014
12955,2.080883502960205,0.0,0.0,-1.3319623470306396
12956,2.080883502960205,0.0,0.0,-1.3319623470306396
12957,-1.5859917402267456,0.0,0.0,0.8518168926239014
12958,0.6924041509628296,0.0,0.0,-1.3319623470306396
12959,-1.6171293258666992,0.0,0.0,0.5008070468902588
12960,-1.6171293258666992,0.0,0.0,0.5008070468902588
12961,-1.5859917402267456,0.0,0.0,0.8518168926239014
12962,-0.657824695110321,0.0,0.0,-1.134905457496643
12963,-1.4645206928253174,0.0,0.0,0.5008070468902588
12964,-1.4645206928253174,0.0,0.0,0.45361971855163574
12965,-0.6213932633399963,0.0,0.0,0.43202346563339233
12966,-0.2548448145389557,0.0,0.0,-1.366992712020874
12967,-1.5859917402267456,0.0,0.0,0.8518168926239014
12968,-1.4645206928253174,0.0,0.0,0.5008070468902588
12969,-0.7866689562797546,0.0,0.0,-0.8242400288581848
12970,2.080883502960205,0.0,0.0,-1.3319623470306396
12971,-1.4645206928253174,0.0,0.0,0.45361971855163574
12972,-1.6171293258666992,0.0,0.0,0.5008070468902588
12973,-0.657824695110321,0.0,0.0,-1.366992712020874
12974,-0.657824695110321,0.0,0.0,-1.366992712020874
12975,-1.6171293258666992,0.0,0.0,0.5008070468902588
12976,2.080883502960205,0.0,0.0,-1.3319623470306396
12977,-1.5859917402267456,0.0,0.0,0.8518168926239014
12978,-1.5401885509490967,0.0,0.0,0.45361971855163574
12979,-1.1571928262710571,0.0,0.0,0.516905665397644
12980,-1.3839529752731323,0.0,0.0,0.5008070468902588
12981,0.8783823251724243,0.0,0.0,-1.3319623470306396
12982,-0.657824695110321,0.0,0.0,-1.366992712020874
12983,-1.5859917402267456,0.0,0.0,0.6528180837631226
12984,-0.8019194006919861,0.0,0.0,0.5627342462539673
12985,-1.5859917402267456,0.0,0.0,0.7976527214050293
12986,-1.5401885509490967,0.0,0.0,0.45361971855163574
12987,2.080883502960205,0.0,0.0,-1.3319623470306396
12988,-0.7866689562797546,0.0,0.0,-0.8242400288581848
12989,-1.5859917402267456,0.0,0.0,0.8518168926239014
12990,-1.5859917402267456,0.0,0.0,0.8518168926239014
12991,-0.657824695110321,0.0,0.0,-1.366992712020874
12992,-0.657824695110321,0.0,0.0,-1.366992712020874
12993,-1.6171293258666992,0.0,0.0,0.5008070468902588
12994,-1.5859917402267456,0.0,0.0,0.8518168926239014
12995,-0.6311660408973694,0.0,0.0,-0.8242400288581848
12996,0.8783823251724243,0.0,0.0,-1.3319623470306396
12997,-0.657824695110321,0.0,0.0,-1.366992712020874
12998,-0.7768961787223816,0.0,0.0,0.5800896883010864
12999,-1.6171293258666992,0.0,0.0,0.5008070468902588
13000,0.7579421401023865,0.0,0.0,-1.3319623470306396
13001,-1.5859917402267456,0.0,0.0,0.8518168926239014
13002,-0.657824695110321,0.0,0.0,-1.366992712020874
13003,-1.5859917402267456,0.0,0.0,0.8518168926239014
13004,-1.4645206928253174,0.0,0.0,0.5008070468902588
13005,-1.5859917402267456,0.0,0.0,0.8518168926239014
13006,-1.5859917402267456,0.0,0.0,0.7976527214050293
13007,0.19942736625671387,0.0,0.0,-1.3319623470306396
13008,1.3613098859786987,0.0,0.0,-1.3319623470306396
13009,-1.6171293258666992,0.0,0.0,0.45361971855163574
13010,-1.5859917402267456,0.0,0.0,0.8518168926239014
13011,-0.7768961787223816,0.0,0.0,0.6918070316314697
13012,-1.5859917402267456,0.0,0.0,0.8518168926239014
13013,-1.6171293258666992,0.0,0.0,0.45361971855163574
13014,-1.5859917402267456,0.0,0.0,0.8518168926239014
13015,-0.8133276104927063,0.0,0.0,-1.366992712020874
13016,-0.7768961787223816,0.0,0.0,0.6918070316314697
13017,-1.5859917402267456,0.0,0.0,0.8518168926239014
13018,0.9614505171775818,0.0,0.0,-1.3319623470306396
13019,-0.2548448145389557,0.0,0.0,-1.366992712020874
13020,0.6924041509628296,0.0,0.0,-1.3319623470306396
13021,-0.657824695110321,0.0,0.0,-1.134905457496643
13022,-0.4016556143760681,0.0,0.0,0.43202346563339233
13023,1.8732718229293823,0.0,0.0,-1.3319623470306396
13024,-0.7768961787223816,0.0,0.0,0.5800896883010864
13025,-1.3839529752731323,0.0,0.0,0.5008070468902588
13026,-0.8019194006919861,0.0,0.0,0.5627342462539673
13027,-1.4645206928253174,0.0,0.0,0.5008070468902588
13028,-0.2548448145389557,0.0,0.0,-1.366992712020874
13029,-0.7768961787223816,0.0,0.0,0.6918070316314697
13030,-1.5859917402267456,0.0,0.0,0.8518168926239014
13031,-0.657824695110321,0.0,0.0,-1.366992712020874
13032,-1.5859917402267456,0.0,0.0,0.8518168926239014
13033,-1.6171293258666992,0.0,0.0,0.45361971855163574
13034,0.19942736625671387,0.0,0.0,-1.3319623470306396
13035,1.3613098859786987,0.0,0.0,-1.3319623470306396
13036,1.3613098859786987,0.0,0.0,-1.3319623470306396
13037,-0.2548448145389557,0.0,0.0,-1.366992712020874
13038,-1.1571928262710571,0.0,0.0,0.516905665397644
13039,2.080883502960205,0.0,0.0,-1.3319623470306396
13040,-0.7866689562797546,0.0,0.0,-0.8242400288581848
13041,-1.5859917402267456,0.0,0.0,0.7976527214050293
13042,-1.4645206928253174,0.0,0.0,0.5008070468902588
13043,-0.657824695110321,0.0,0.0,-1.366992712020874
13044,-0.657824695110321,0.0,0.0,-1.366992712020874
13045,-0.8133276104927063,0.0,0.0,-1.366992712020874
13046,1.478736162185669,0.0,0.0,-1.3319623470306396
13047,-1.6171293258666992,0.0,0.0,0.45361971855163574
13048,-1.4645206928253174,0.0,0.0,0.5008070468902588
13049,-1.5859917402267456,0.0,0.0,0.8518168926239014
13050,-1.5859917402267456,0.0,0.0,0.8518168926239014
13051,0.2879905700683594,0.0,0.0,-1.3319623470306396
13052,-1.4645206928253174,0.0,0.0,0.45361971855163574
13053,-1.5859917402267456,0.0,0.0,0.8518168926239014
13054,-1.5859917402267456,0.0,0.0,0.8518168926239014
13055,-1.5859917402267456,0.0,0.0,0.8518168926239014
13056,2.080883502960205,0.0,0.0,-1.3319623470306396
13057,-1.5859917402267456,0.0,0.0,0.8518168926239014
13058,2.107542037963867,0.0,0.0,-0.78920978307724
13059,0.8783823251724243,0.0,0.0,-1.3319623470306396
13060,-0.7768961787223816,0.0,0.0,0.6918070316314697
13061,-0.7768961787223816,0.0,0.0,0.6918070316314697
13062,2.080883502960205,0.0,0.0,-1.3319623470306396
13063,-0.2548448145389557,0.0,0.0,-1.366992712020874
13064,2.080883502960205,0.0,0.0,-1.3319623470306396
13065,1.3613098859786987,0.0,0.0,-1.3319623470306396
13066,2.080883502960205,0.0,0.0,-1.3319623470306396
13067,0.7919928431510925,0.0,0.0,-1.3319623470306396
13068,0.9148136377334595,0.0,0.0,0.6151199340820312
13069,2.080883502960205,0.0,0.0,-1.3319623470306396
13070,-0.6943808197975159,0.0,0.0,0.6918070316314697
13071,-0.657824695110321,0.0,0.0,-1.366992712020874
13072,-1.5859917402267456,0.0,0.0,0.8518168926239014
13073,2.080883502960205,0.0,0.0,-1.3319623470306396
13074,-1.5401885509490967,0.0,0.0,0.5008070468902588
13075,-0.657824695110321,0.0,0.0,-1.366992712020874
13076,2.080883502960205,0.0,0.0,-1.3319623470306396
13077,0.2358587235212326,0.0,0.0,0.27250516414642334
13078,-0.7768961787223816,0.0,0.0,0.5800896883010864
13079,-0.6943808197975159,0.0,0.0,0.6918070316314697
13080,-1.4333831071853638,0.0,0.0,0.7976527214050293
13081,2.080883502960205,0.0,0.0,-1.3319623470306396
13082,-0.22818616032600403,0.0,0.0,-0.8242400288581848
13083,-1.5859917402267456,0.0,0.0,0.8518168926239014
13084,-0.6213932633399963,0.0,0.0,0.43202346563339233
13085,-1.6171293258666992,0.0,0.0,0.5008070468902588
13086,2.080883502960205,0.0,0.0,-1.3319623470306396
13087,2.080883502960205,0.0,0.0,-1.3319623470306396
13088,-0.7768961787223816,0.0,0.0,0.5800896883010864
13089,-0.8019194006919861,0.0,0.0,0.6918070316314697
13090,2.080883502960205,0.0,0.0,-1.3319623470306396
13091,1.3613098859786987,0.0,0.0,-1.0998752117156982
13092,-1.4645206928253174,0.0,0.0,0.5008070468902588
13093,1.8732718229293823,0.0,0.0,-1.3319623470306396
13094,-1.5859917402267456,0.0,0.0,0.8518168926239014
13095,2.080883502960205,0.0,0.0,-1.3319623470306396
13096,2.080883502960205,0.0,0.0,-1.3319623470306396
13097,-0.7768961787223816,0.0,0.0,0.6918070316314697
13098,-1.4645206928253174,0.0,0.0,0.45361971855163574
13099,-0.7768961787223816,0.0,0.0,0.6918070316314697
13100,0.7190628051757812,0.0,0.0,-0.78920978307724
13101,2.080883502960205,0.0,0.0,-1.3319623470306396
13102,-1.5859917402267456,0.0,0.0,0.8518168926239014
13103,-0.6943808197975159,0.0,0.0,0.6918070316314697
13104,-0.6213932633399963,0.0,0.0,0.5800896883010864
13105,2.080883502960205,0.0,0.0,-1.3319623470306396
13106,-1.4645206928253174,0.0,0.0,0.5008070468902588
13107,-1.1571928262710571,0.0,0.0,0.516905665397644
13108,-0.6943808197975159,0.0,0.0,0.6918070316314697
13109,-1.5859917402267456,0.0,0.0,0.8518168926239014
13110,2.080883502960205,0.0,0.0,-1.3319623470306396
13111,2.080883502960205,0.0,0.0,-1.3319623470306396
13112,-0.6213932633399963,0.0,0.0,0.5800896883010864
13113,2.080883502960205,0.0,0.0,-1.3319623470306396
13114,-0.1704373061656952,0.0,0.0,0.4572889804840088
13115,-0.21236452460289001,0.0,0.0,0.3595159947872162
13116,-0.3367566764354706,0.0,0.0,-0.349749356508255
13117,0.25227901339530945,0.0,0.0,-0.29791566729545593
13118,-0.4565960466861725,0.0,0.0,-0.003997407387942076
13119,-0.4511927664279938,0.0,0.0,-0.002275960985571146
13120,-0.4565960466861725,0.0,0.0,-0.003997407387942076
13121,0.886110782623291,0.0,0.0,-0.08955918997526169
13122,0.886110782623291,0.0,0.0,-0.08955918997526169
13123,-0.3979090750217438,0.0,0.0,0.008127987384796143
13124,0.25227901339530945,0.0,0.0,-0.29791566729545593
13125,-0.43768110871315,0.0,0.0,-0.25597479939460754
13126,-0.437358558177948,0.0,0.0,-0.25338608026504517
13127,-0.4565960466861725,0.0,0.0,-0.003997407387942076
13128,-0.13867272436618805,0.0,0.0,-0.331745982170105
13129,-0.24251481890678406,0.0,0.0,-0.2042914628982544
13130,-0.22574736177921295,0.0,0.0,-0.12152916193008423
13131,-0.21236452460289001,0.0,0.0,0.3595159947872162
13132,-0.12337042391300201,0.0,0.0,-0.33032041788101196
13133,-0.4565960466861725,0.0,0.0,-0.003997407387942076
13134,-0.24251481890678406,0.0,0.0,-0.2042914628982544
13135,-0.28336238861083984,0.0,0.0,-0.039149198681116104
13136,0.8835580945014954,0.0,0.0,-0.09077365696430206
13137,-0.22574736177921295,0.0,0.0,-0.12152916193008423
13138,-0.4346068203449249,0.0,0.0,-0.20407293736934662
13139,-0.1374560296535492,0.0,0.0,-0.313533753156662
13140,-0.1390748769044876,0.0,0.0,-0.33336567878723145
13141,-0.42139437794685364,0.0,0.0,-0.2473740130662918
13142,0.886110782623291,0.0,0.0,-0.08955918997526169
13143,-0.4565960466861725,0.0,0.0,-0.003997407387942076
13144,-0.22574736177921295,0.0,0.0,-0.12152916193008423
13145,-0.23952633142471313,0.0,0.0,-0.2093607634305954
13146,-0.23952633142471313,0.0,0.0,-0.2093607634305954
13147,0.25227901339530945,0.0,0.0,-0.29791566729545593
13148,-0.3367566764354706,0.0,0.0,-0.349749356508255
13149,-0.418160617351532,0.0,0.0,-0.1598089188337326
13150,-0.23643669486045837,0.0,0.0,-0.20881304144859314
13151,-0.4768475890159607,0.0,0.0,-0.1719343215227127
13152,-0.22574736177921295,0.0,0.0,-0.12152916193008423
13153,0.886110782623291,0.0,0.0,-0.08955918997526169
13154,-0.28336238861083984,0.0,0.0,-0.039149198681116104
13155,-0.4565960466861725,0.0,0.0,-0.003997407387942076
13156,-0.4565960466861725,0.0,0.0,-0.003997407387942076
13157,-0.1374560296535492,0.0,0.0,-0.313533753156662
13158,-0.32018643617630005,0.0,0.0,-0.3307728171348572
13159,-0.49519652128219604,0.0,0.0,-0.2622700333595276
13160,-0.4565960466861725,0.0,0.0,-0.003997407387942076
13161,-0.28253236413002014,0.0,0.0,-0.03553467243909836
13162,0.252681165933609,0.0,0.0,-0.29629597067832947
13163,-0.14612038433551788,0.0,0.0,-0.3309444189071655
13164,-0.18332618474960327,0.0,0.0,0.4572889804840088
13165,-0.49519652128219604,0.0,0.0,-0.2622700333595276
13166,0.252681165933609,0.0,0.0,-0.29629597067832947
13167,-0.4565960466861725,0.0,0.0,-0.003997407387942076
13168,-0.14652250707149506,0.0,0.0,-0.3325641453266144
13169,-0.4565960466861725,0.0,0.0,-0.003997407387942076
13170,-0.24251481890678406,0.0,0.0,-0.2042914628982544
13171,-0.4565960466861725,0.0,0.0,-0.003997407387942076
13172,-0.4768475890159607,0.0,0.0,-0.1719343215227127
13173,-0.11663395166397095,0.0,0.0,-0.31150200963020325
13174,0.2549722194671631,0.0,0.0,-0.29692599177360535
13175,-0.47302567958831787,0.0,0.0,-0.17778629064559937
13176,-0.4565960466861725,0.0,0.0,-0.003997407387942076
13177,-0.1704373061656952,0.0,0.0,0.4572889804840088
13178,-0.3979090750217438,0.0,0.0,0.008127987384796143
13179,-0.4784289598464966,0.0,0.0,-0.17950773239135742
13180,-0.4565960466861725,0.0,0.0,-0.003997407387942076
13181,-0.3367566764354706,0.0,0.0,-0.349749356508255
13182,-0.1704373061656952,0.0,0.0,0.4572889804840088
13183,-0.4565960466861725,0.0,0.0,-0.003997407387942076
13184,0.252681165933609,0.0,0.0,-0.29629597067832947
13185,-0.117850661277771,0.0,0.0,-0.32971423864364624
13186,0.252681165933609,0.0,0.0,-0.29629597067832947
13187,-0.3367566764354706,0.0,0.0,-0.349749356508255
13188,-0.014280535280704498,0.0,0.0,0.37751930952072144
13189,0.3220584988594055,0.0,0.0,-0.26830407977104187
13190,-0.1994757056236267,0.0,0.0,0.3595159947872162
13191,-0.23835480213165283,0.0,0.0,-0.20353056490421295
13192,-0.23303267359733582,0.0,0.0,-0.20881304144859314
13193,-0.24368634819984436,0.0,0.0,-0.21012166142463684
13194,-0.12337042391300201,0.0,0.0,-0.33032041788101196
13195,-0.1704373061656952,0.0,0.0,0.4572889804840088
13196,-0.4565960466861725,0.0,0.0,-0.003997407387942076
13197,-0.33657222986221313,0.0,0.0,-0.3378593325614929
13198,-0.4565960466861725,0.0,0.0,-0.003997407387942076
13199,-0.4784289598464966,0.0,0.0,-0.17950773239135742
13200,-0.11825279891490936,0.0,0.0,-0.3313339948654175
13201,0.2549722194671631,0.0,0.0,-0.29692599177360535
13202,0.2588350176811218,0.0,0.0,-0.281917542219162
13203,-0.11663395166397095,0.0,0.0,-0.31150200963020325
13204,-0.23952633142471313,0.0,0.0,-0.2093607634305954
13205,0.886110782623291,0.0,0.0,-0.08955918997526169
13206,-0.28336238861083984,0.0,0.0,-0.039149198681116104
13207,-0.418160617351532,0.0,0.0,-0.1598089188337326
13208,-0.24368634819984436,0.0,0.0,-0.21012166142463684
13209,-0.3367566764354706,0.0,0.0,-0.349749356508255
13210,-0.3367566764354706,0.0,0.0,-0.349749356508255
13211,-0.3367566764354706,0.0,0.0,-0.349749356508255
13212,0.2709120512008667,0.0,0.0,-0.28967803716659546
13213,-0.47365614771842957,0.0,0.0,-0.18157659471035004
13214,-0.24251481890678406,0.0,0.0,-0.2042914628982544
13215,-0.4565960466861725,0.0,0.0,-0.003997407387942076
13216,-0.44908401370048523,0.0,0.0,-0.0016911081038415432
13217,-0.07942542433738708,0.0,0.0,-0.32842689752578735
13218,-0.22637781500816345,0.0,0.0,-0.1253194510936737
13219,-0.4565960466861725,0.0,0.0,-0.003997407387942076
13220,-0.4565960466861725,0.0,0.0,-0.003997407387942076
13221,-0.4565960466861725,0.0,0.0,-0.003997407387942076
13222,0.886110782623291,0.0,0.0,-0.08955918997526169
13223,-0.3979090750217438,0.0,0.0,0.008127987384796143
13224,0.8726441860198975,0.0,0.0,0.0664859414100647
13225,0.25389787554740906,0.0,0.0,-0.2780837118625641
13226,-0.1704373061656952,0.0,0.0,0.4572889804840088
13227,-0.1704373061656952,0.0,0.0,0.4572889804840088
13228,0.8848941326141357,0.0,0.0,-0.10777144134044647
13229,-0.12254814803600311,0.0,0.0,-0.3177926540374756
13230,0.886110782623291,0.0,0.0,-0.08955918997526169
13231,0.2549374997615814,0.0,0.0,-0.295470654964447
13232,0.886110782623291,0.0,0.0,-0.08955918997526169
13233,0.2517842650413513,0.0,0.0,-0.29654428362846375
13234,0.3899393677711487,0.0,0.0,0.4664897322654724
13235,0.886110782623291,0.0,0.0,-0.08955918997526169
13236,-0.1704373061656952,0.0,0.0,0.4572889804840088
13237,-0.13867272436618805,0.0,0.0,-0.331745982170105
13238,-0.4565960466861725,0.0,0.0,-0.003997407387942076
13239,0.886110782623291,0.0,0.0,-0.08955918997526169
13240,-0.24251481890678406,0.0,0.0,-0.2042914628982544
13241,-0.14490368962287903,0.0,0.0,-0.31273218989372253
13242,0.885453462600708,0.0,0.0,-0.09987026453018188
13243,0.0065415408462285995,0.0,0.0,0.3795510232448578
13244,-0.1714646816253662,0.0,0.0,0.4533066749572754
13245,-0.1704373061656952,0.0,0.0,0.4572889804840088
13246,-0.22416596114635468,0.0,0.0,-0.1139557957649231
13247,0.886110782623291,0.0,0.0,-0.08955918997526169
13248,-0.06445643305778503,0.0,0.0,-0.01911407709121704
13249,-0.4565960466861725,0.0,0.0,-0.003997407387942076
13250,-0.21236452460289001,0.0,0.0,0.3595159947872162
13251,-0.49519652128219604,0.0,0.0,-0.2622700333595276
13252,0.8823414444923401,0.0,0.0,-0.10898591578006744
13253,0.886110782623291,0.0,0.0,-0.08955918997526169
13254,-0.18332618474960327,0.0,0.0,0.4572889804840088
13255,-0.2149798572063446,0.0,0.0,0.4456225037574768
13256,0.886110782623291,0.0,0.0,-0.08955918997526169
13257,0.252681165933609,0.0,0.0,-0.29629597067832947
13258,-0.23835480213165283,0.0,0.0,-0.20353056490421295
13259,0.2709120512008667,0.0,0.0,-0.28967803716659546
13260,-0.4511927664279938,0.0,0.0,-0.002275960985571146
13261,0.886110782623291,0.0,0.0,-0.08955918997526169
13262,0.8819392919540405,0.0,0.0,-0.11060566455125809
13263,-0.1704373061656952,0.0,0.0,0.4572889804840088
13264,-0.22574736177921295,0.0,0.0,-0.12152916193008423
13265,-0.1704373061656952,0.0,0.0,0.4572889804840088
13266,0.3060753047466278,0.0,0.0,0.014304349198937416
13267,0.886110782623291,0.0,0.0,-0.08955918997526169
13268,-0.39843377470970154,0.0,0.0,-0.002772765699774027
13269,-0.1704373061656952,0.0,0.0,0.4572889804840088
13270,-0.18332618474960327,0.0,0.0,0.4572889804840088
13271,0.886110782623291,0.0,0.0,-0.08955918997526169
13272,-0.22637781500816345,0.0,0.0,-0.1253194510936737
13273,-0.23952633142471313,0.0,0.0,-0.2093607634305954
13274,-0.1704373061656952,0.0,0.0,0.4572889804840088
13275,-0.4565960466861725,0.0,0.0,-0.003997407387942076
13276,0.8848941326141357,0.0,0.0,-0.10777144134044647
13277,0.886110782623291,0.0,0.0,-0.08955918997526169
13278,-0.1963733434677124,0.0,0.0,0.36091798543930054
13279,0.886110782623291,0.0,0.0,-0.08955918997526169
13280,-0.6251723766326904,0.0,0.0,0.7825765013694763
13281,-0.6251723766326904,0.0,0.0,-0.2892252206802368
13282,-0.6251723766326904,0.0,0.0,-1.1433221101760864
13283,0.39339032769203186,0.0,0.0,-1.1433221101760864
13284,-1.1434539556503296,0.0,0.0,0.3150796890258789
13285,-1.027674674987793,0.0,0.0,0.3150796890258789
13286,-1.1434539556503296,0.0,0.0,0.3150796890258789
13287,1.845921516418457,0.0,0.0,-0.9934375882148743
13288,1.845921516418457,0.0,0.0,-0.9934375882148743
13289,-1.027674674987793,0.0,0.0,0.3150796890258789
13290,0.1567101925611496,0.0,0.0,-1.1433221101760864
13291,-1.0670729875564575,0.0,0.0,0.302406370639801
13292,-1.0670729875564575,0.0,0.0,0.302406370639801
13293,-1.1434539556503296,0.0,0.0,0.3150796890258789
13294,-0.3124581575393677,0.0,0.0,-1.1433221101760864
13295,-1.0136662721633911,0.0,0.0,-0.053873591125011444
13296,-1.0136662721633911,0.0,0.0,-0.053873591125011444
13297,-0.6251723766326904,0.0,0.0,-0.2892252206802368
13298,-0.08922034502029419,0.0,0.0,-1.1433221101760864
13299,-1.1434539556503296,0.0,0.0,0.3150796890258789
13300,-1.0136662721633911,0.0,0.0,-0.053873591125011444
13301,-0.6251723766326904,0.0,0.0,-0.2892252206802368
13302,1.845921516418457,0.0,0.0,-0.9934375882148743
13303,-1.0136662721633911,0.0,0.0,-0.053873591125011444
13304,-1.0670729875564575,0.0,0.0,0.43747109174728394
13305,-0.3124581575393677,0.0,0.0,-1.0317784547805786
13306,-0.3124581575393677,0.0,0.0,-1.1433221101760864
13307,-1.0670729875564575,0.0,0.0,-0.053873591125011444
13308,1.845921516418457,0.0,0.0,-0.9934375882148743
13309,-1.1434539556503296,0.0,0.0,0.3150796890258789
13310,-0.9611979126930237,0.0,0.0,-0.053873591125011444
13311,-0.9014667272567749,0.0,0.0,0.302406370639801
13312,-0.9014667272567749,0.0,0.0,0.302406370639801
13313,0.2666897475719452,0.0,0.0,-1.1433221101760864
13314,-0.6251723766326904,0.0,0.0,-1.1433221101760864
13315,-1.0670729875564575,0.0,0.0,-0.053873591125011444
13316,-0.9014667272567749,0.0,0.0,0.302406370639801
13317,-1.1828522682189941,0.0,0.0,-0.053873591125011444
13318,-0.9611979126930237,0.0,0.0,-0.053873591125011444
13319,1.845921516418457,0.0,0.0,-0.9934375882148743
13320,-0.6251723766326904,0.0,0.0,-0.2892252206802368
13321,-1.027674674987793,0.0,0.0,0.3150796890258789
13322,-1.1434539556503296,0.0,0.0,0.3150796890258789
13323,-0.3124581575393677,0.0,0.0,-1.0317784547805786
13324,-0.6251723766326904,0.0,0.0,-1.0317784547805786
13325,-1.1828522682189941,0.0,0.0,-0.053873591125011444
13326,-1.1434539556503296,0.0,0.0,0.3150796890258789
13327,-0.6251723766326904,0.0,0.0,-0.2892252206802368
13328,0.2666897475719452,0.0,0.0,-1.1433221101760864
13329,-0.42041629552841187,0.0,0.0,-1.1433221101760864
13330,-0.6251723766326904,0.0,0.0,0.5752973556518555
13331,-1.1828522682189941,0.0,0.0,0.302406370639801
13332,0.1567101925611496,0.0,0.0,-1.1433221101760864
13333,-1.1434539556503296,0.0,0.0,0.3150796890258789
13334,-0.3124581575393677,0.0,0.0,-1.1433221101760864
13335,-1.1434539556503296,0.0,0.0,0.3150796890258789
13336,-1.0136662721633911,0.0,0.0,-0.053873591125011444
13337,-1.1434539556503296,0.0,0.0,0.3150796890258789
13338,-1.1828522682189941,0.0,0.0,-0.053873591125011444
13339,-0.08922034502029419,0.0,0.0,-1.0317784547805786
13340,0.39339032769203186,0.0,0.0,-1.1433221101760864
13341,-1.0670729875564575,0.0,0.0,-0.053873591125011444
13342,-1.1434539556503296,0.0,0.0,0.3150796890258789
13343,-0.6251723766326904,0.0,0.0,0.7825765013694763
13344,-1.027674674987793,0.0,0.0,0.3150796890258789
13345,-1.1828522682189941,0.0,0.0,-0.053873591125011444
13346,-1.1434539556503296,0.0,0.0,0.3150796890258789
13347,-0.6251723766326904,0.0,0.0,-1.1433221101760864
13348,-0.6251723766326904,0.0,0.0,0.7825765013694763
13349,-1.1434539556503296,0.0,0.0,0.3150796890258789
13350,0.39339032769203186,0.0,0.0,-1.1433221101760864
13351,-0.08922034502029419,0.0,0.0,-1.1433221101760864
13352,0.1567101925611496,0.0,0.0,-1.1433221101760864
13353,-0.6251723766326904,0.0,0.0,-1.1433221101760864
13354,-0.1981181800365448,0.0,0.0,-0.2892252206802368
13355,1.1170889139175415,0.0,0.0,-1.1241166591644287
13356,-0.6251723766326904,0.0,0.0,0.050137706100940704
13357,-0.9014667272567749,0.0,0.0,-0.053873591125011444
13358,-0.9014667272567749,0.0,0.0,0.302406370639801
13359,-1.0136662721633911,0.0,0.0,0.302406370639801
13360,-0.08922034502029419,0.0,0.0,-1.1433221101760864
13361,-0.6251723766326904,0.0,0.0,0.7825765013694763
13362,-1.1434539556503296,0.0,0.0,0.3150796890258789
13363,-0.6251723766326904,0.0,0.0,-1.1433221101760864
13364,-1.1434539556503296,0.0,0.0,0.3150796890258789
13365,-1.0670729875564575,0.0,0.0,-0.053873591125011444
13366,-0.08922034502029419,0.0,0.0,-1.1433221101760864
13367,0.39339032769203186,0.0,0.0,-1.1433221101760864
13368,0.39339032769203186,0.0,0.0,-1.1433221101760864
13369,-0.08922034502029419,0.0,0.0,-1.0317784547805786
13370,-0.9014667272567749,0.0,0.0,0.302406370639801
13371,1.845921516418457,0.0,0.0,-0.9934375882148743
13372,-0.6251723766326904,0.0,0.0,-0.2892252206802368
13373,-1.0670729875564575,0.0,0.0,-0.053873591125011444
13374,-1.0136662721633911,0.0,0.0,0.302406370639801
13375,-0.6251723766326904,0.0,0.0,-1.1433221101760864
13376,-0.6251723766326904,0.0,0.0,-1.1433221101760864
13377,-0.6251723766326904,0.0,0.0,-1.1433221101760864
13378,0.5155682563781738,0.0,0.0,-1.1241166591644287
13379,-1.0670729875564575,0.0,0.0,-0.053873591125011444
13380,-1.0136662721633911,0.0,0.0,-0.053873591125011444
13381,-1.1434539556503296,0.0,0.0,0.3150796890258789
13382,-1.027674674987793,0.0,0.0,0.3150796890258789
13383,-0.08922034502029419,0.0,0.0,-1.1433221101760864
13384,-1.0136662721633911,0.0,0.0,-0.053873591125011444
13385,-1.1434539556503296,0.0,0.0,0.3150796890258789
13386,-1.1434539556503296,0.0,0.0,0.3150796890258789
13387,-1.1434539556503296,0.0,0.0,0.3150796890258789
13388,1.845921516418457,0.0,0.0,-0.9934375882148743
13389,-1.027674674987793,0.0,0.0,0.3150796890258789
13390,1.845921516418457,0.0,0.0,-0.4690003991127014
13391,0.2666897475719452,0.0,0.0,-1.0317784547805786
13392,-0.6251723766326904,0.0,0.0,0.7825765013694763
13393,-0.6251723766326904,0.0,0.0,0.7825765013694763
13394,1.845921516418457,0.0,0.0,-1.1049813032150269
13395,-0.1981181800365448,0.0,0.0,-1.1433221101760864
13396,1.845921516418457,0.0,0.0,-0.9934375882148743
13397,0.39339032769203186,0.0,0.0,-1.1433221101760864
13398,1.845921516418457,0.0,0.0,-0.9934375882148743
13399,0.1567101925611496,0.0,0.0,-1.1433221101760864
13400,0.2666897475719452,0.0,0.0,0.16281500458717346
13401,1.845921516418457,0.0,0.0,-0.9934375882148743
13402,-0.6251723766326904,0.0,0.0,0.7825765013694763
13403,-0.3124581575393677,0.0,0.0,-1.1433221101760864
13404,-1.1434539556503296,0.0,0.0,0.3150796890258789
13405,1.845921516418457,0.0,0.0,-0.9934375882148743
13406,-0.9611979126930237,0.0,0.0,0.302406370639801
13407,-0.42041629552841187,0.0,0.0,-1.0317784547805786
13408,1.845921516418457,0.0,0.0,-1.1049813032150269
13409,-0.08922034502029419,0.0,0.0,-0.2892252206802368
13410,-0.6251723766326904,0.0,0.0,0.4745013117790222
13411,-0.6251723766326904,0.0,0.0,0.7825765013694763
13412,-1.0136662721633911,0.0,0.0,-0.053873591125011444
13413,1.845921516418457,0.0,0.0,-0.9934375882148743
13414,-0.08922034502029419,0.0,0.0,-0.2892252206802368
13415,-1.1434539556503296,0.0,0.0,0.3150796890258789
13416,-0.6251723766326904,0.0,0.0,-0.2892252206802368
13417,-1.1828522682189941,0.0,0.0,-0.053873591125011444
13418,1.845921516418457,0.0,0.0,-1.1049813032150269
13419,1.845921516418457,0.0,0.0,-0.9934375882148743
13420,-0.6251723766326904,0.0,0.0,0.6763342022895813
13421,-0.9014667272567749,0.0,0.0,0.7825765013694763
13422,1.845921516418457,0.0,0.0,-0.9934375882148743
13423,0.39339032769203186,0.0,0.0,-1.1433221101760864
13424,-0.9014667272567749,0.0,0.0,0.302406370639801
13425,1.1170889139175415,0.0,0.0,-1.1241166591644287
13426,-1.027674674987793,0.0,0.0,0.3150796890258789
13427,1.845921516418457,0.0,0.0,-0.9934375882148743
13428,1.845921516418457,0.0,0.0,-1.1049813032150269
13429,-0.6251723766326904,0.0,0.0,0.7825765013694763
13430,-0.8407801985740662,0.0,0.0,-0.053873591125011444
13431,-0.6251723766326904,0.0,0.0,0.7825765013694763
13432,0.1567101925611496,0.0,0.0,-0.2892252206802368
13433,1.845921516418457,0.0,0.0,-0.9934375882148743
13434,-1.0442490577697754,0.0,0.0,0.20402108132839203
13435,-0.6251723766326904,0.0,0.0,0.7825765013694763
13436,-0.6251723766326904,0.0,0.0,0.5752973556518555
13437,1.845921516418457,0.0,0.0,-0.9934375882148743
13438,-1.0136662721633911,0.0,0.0,-0.053873591125011444
13439,-0.9014667272567749,0.0,0.0,0.302406370639801
13440,-0.6251723766326904,0.0,0.0,0.7825765013694763
13441,-1.1434539556503296,0.0,0.0,0.3150796890258789
13442,1.845921516418457,0.0,0.0,-1.1049813032150269
13443,1.845921516418457,0.0,0.0,-0.9934375882148743
13444,-0.42041629552841187,0.0,0.0,0.050137706100940704
13445,1.845921516418457,0.0,0.0,-0.9934375882148743
13446,-0.34142062067985535,0.0,0.0,0.4572279453277588
13447,-0.4518163502216339,0.0,0.0,-0.5386199951171875
13448,-0.4518163502216339,0.0,0.0,-1.5368456840515137
13449,1.0928128957748413,0.0,0.0,-1.848807454109192
13450,-1.483210563659668,0.0,0.0,0.6953052878379822
13451,-1.483210563659668,0.0,0.0,0.6953052878379822
13452,-1.483210563659668,0.0,0.0,0.6953052878379822
13453,1.9843696355819702,0.0,0.0,-1.569391131401062
13454,1.9843696355819702,0.0,0.0,-1.569391131401062
13455,-1.483210563659668,0.0,0.0,0.6953052878379822
13456,1.0928128957748413,0.0,0.0,-1.848807454109192
13457,-1.5053550004959106,0.0,0.0,0.2109946608543396
13458,-1.5053550004959106,0.0,0.0,0.2109946608543396
13459,-1.483210563659668,0.0,0.0,0.6953052878379822
13460,0.2779123783111572,0.0,0.0,-1.5368456840515137
13461,-1.1223629713058472,0.0,0.0,0.054235633462667465
13462,-1.1223629713058472,0.0,0.0,-0.09232746064662933
13463,-0.2912045419216156,0.0,0.0,-0.15920716524124146
13464,0.6262748837471008,0.0,0.0,-1.5368456840515137
13465,-1.483210563659668,0.0,0.0,0.6953052878379822
13466,-1.1223629713058472,0.0,0.0,0.054235633462667465
13467,-0.4518163502216339,0.0,0.0,-1.5368456840515137
13468,1.9843696355819702,0.0,0.0,-1.569391131401062
13469,-1.1223629713058472,0.0,0.0,-0.11198893189430237
13470,-1.5053550004959106,0.0,0.0,0.2109946608543396
13471,0.2779123783111572,0.0,0.0,-1.7287606000900269
13472,0.2779123783111572,0.0,0.0,-1.9107259511947632
13473,-1.5053550004959106,0.0,0.0,-0.11198893189430237
13474,1.9843696355819702,0.0,0.0,-1.569391131401062
13475,-1.483210563659668,0.0,0.0,0.6953052878379822
13476,-1.1223629713058472,0.0,0.0,-0.11198893189430237
13477,-0.5966175198554993,0.0,0.0,0.2109946608543396
13478,-0.7838390469551086,0.0,0.0,0.2109946608543396
13479,1.0928128957748413,0.0,0.0,-1.848807454109192
13480,-0.2912045419216156,0.0,0.0,-1.5368456840515137
13481,-1.5053550004959106,0.0,0.0,0.330827921628952
13482,-0.18504300713539124,0.0,0.0,0.2109946608543396
13483,-1.5053550004959106,0.0,0.0,0.330827921628952
13484,-1.5053550004959106,0.0,0.0,-0.09232746064662933
13485,1.9843696355819702,0.0,0.0,-1.569391131401062
13486,-0.4518163502216339,0.0,0.0,-1.5368456840515137
13487,-1.483210563659668,0.0,0.0,0.6953052878379822
13488,-1.483210563659668,0.0,0.0,0.6953052878379822
13489,0.2779123783111572,0.0,0.0,-1.7287606000900269
13490,-0.2912045419216156,0.0,0.0,-1.7287606000900269
13491,-1.5053550004959106,0.0,0.0,0.054235633462667465
13492,-1.483210563659668,0.0,0.0,0.6953052878379822
13493,-0.2912045419216156,0.0,0.0,-1.5368456840515137
13494,1.0928128957748413,0.0,0.0,-1.4749271869659424
13495,0.2779123783111572,0.0,0.0,-1.5368456840515137
13496,-0.40290066599845886,0.0,0.0,0.19816851615905762
13497,-1.5053550004959106,0.0,0.0,0.2109946608543396
13498,1.0928128957748413,0.0,0.0,-1.4749271869659424
13499,-1.483210563659668,0.0,0.0,0.6953052878379822
13500,0.2779123783111572,0.0,0.0,-1.9107259511947632
13501,-1.483210563659668,0.0,0.0,0.6953052878379822
13502,-1.1223629713058472,0.0,0.0,-0.11198893189430237
13503,-1.483210563659668,0.0,0.0,0.6953052878379822
13504,-1.5053550004959106,0.0,0.0,0.330827921628952
13505,0.6262748837471008,0.0,0.0,-1.7287606000900269
13506,1.0928128957748413,0.0,0.0,-1.848807454109192
13507,-1.5053550004959106,0.0,0.0,-0.09232746064662933
13508,-1.483210563659668,0.0,0.0,0.6953052878379822
13509,-0.34142062067985535,0.0,0.0,0.6803343296051025
13510,-1.483210563659668,0.0,0.0,0.6953052878379822
13511,-1.5053550004959106,0.0,0.0,-0.09232746064662933
13512,-1.483210563659668,0.0,0.0,0.6953052878379822
13513,-0.4518163502216339,0.0,0.0,-1.5368456840515137
13514,-0.34142062067985535,0.0,0.0,0.6803343296051025
13515,-1.483210563659668,0.0,0.0,0.6953052878379822
13516,1.0928128957748413,0.0,0.0,-1.4749271869659424
13517,0.6262748837471008,0.0,0.0,-1.5368456840515137
13518,1.0928128957748413,0.0,0.0,-1.4749271869659424
13519,-0.2912045419216156,0.0,0.0,-1.5368456840515137
13520,0.2779123783111572,0.0,0.0,-0.15920716524124146
13521,1.656681776046753,0.0,0.0,-1.6337039470672607
13522,-0.40290066599845886,0.0,0.0,0.0381140410900116
13523,-0.7838390469551086,0.0,0.0,0.054235633462667465
13524,-0.18504300713539124,0.0,0.0,0.2109946608543396
13525,-1.1223629713058472,0.0,0.0,0.2109946608543396
13526,0.6262748837471008,0.0,0.0,-1.5368456840515137
13527,-0.34142062067985535,0.0,0.0,0.6803343296051025
13528,-1.483210563659668,0.0,0.0,0.6953052878379822
13529,-0.2912045419216156,0.0,0.0,-1.7287606000900269
13530,-1.483210563659668,0.0,0.0,0.6953052878379822
13531,-1.5053550004959106,0.0,0.0,-0.09232746064662933
13532,0.6262748837471008,0.0,0.0,-1.9107259511947632
13533,1.0928128957748413,0.0,0.0,-1.848807454109192
13534,1.0928128957748413,0.0,0.0,-1.6668422222137451
13535,0.6262748837471008,0.0,0.0,-1.7287606000900269
13536,-0.5966175198554993,0.0,0.0,0.2109946608543396
13537,1.9843696355819702,0.0,0.0,-1.569391131401062
13538,-0.4518163502216339,0.0,0.0,-1.5368456840515137
13539,-1.5053550004959106,0.0,0.0,0.330827921628952
13540,-1.1223629713058472,0.0,0.0,0.2109946608543396
13541,-0.2912045419216156,0.0,0.0,-1.5368456840515137
13542,-0.2912045419216156,0.0,0.0,-1.5368456840515137
13543,-0.4518163502216339,0.0,0.0,-1.5368456840515137
13544,1.0928128957748413,0.0,0.0,-1.848807454109192
13545,-1.5053550004959106,0.0,0.0,-0.11198893189430237
13546,-1.1223629713058472,0.0,0.0,0.054235633462667465
13547,-1.483210563659668,0.0,0.0,0.6953052878379822
13548,-1.483210563659668,0.0,0.0,0.6953052878379822
13549,0.6262748837471008,0.0,0.0,-1.5368456840515137
13550,-1.1223629713058472,0.0,0.0,-0.11198893189430237
13551,-1.483210563659668,0.0,0.0,0.6953052878379822
13552,-1.483210563659668,0.0,0.0,0.6953052878379822
13553,-1.483210563659668,0.0,0.0,0.6953052878379822
13554,1.9843696355819702,0.0,0.0,-1.569391131401062
13555,-1.483210563659668,0.0,0.0,0.8816909790039062
13556,1.9843696355819702,0.0,0.0,-1.3774762153625488
13557,1.0928128957748413,0.0,0.0,-1.6668422222137451
13558,-0.34142062067985535,0.0,0.0,0.6803343296051025
13559,-0.34142062067985535,0.0,0.0,0.6803343296051025
13560,1.9843696355819702,0.0,0.0,-1.3774762153625488
13561,0.6262748837471008,0.0,0.0,-1.7287606000900269
13562,1.9843696355819702,0.0,0.0,-1.569391131401062
13563,1.0928128957748413,0.0,0.0,-1.4749271869659424
13564,1.9843696355819702,0.0,0.0,-1.569391131401062
13565,1.0928128957748413,0.0,0.0,-1.4749271869659424
13566,1.141728401184082,0.0,0.0,0.26008692383766174
13567,1.9843696355819702,0.0,0.0,-1.569391131401062
13568,-0.18504300713539124,0.0,0.0,0.6803343296051025
13569,0.2779123783111572,0.0,0.0,-1.5368456840515137
13570,-1.483210563659668,0.0,0.0,0.6953052878379822
13571,1.9843696355819702,0.0,0.0,-1.569391131401062
13572,-1.5053550004959106,0.0,0.0,0.2109946608543396
13573,0.2779123783111572,0.0,0.0,-1.7287606000900269
13574,1.9843696355819702,0.0,0.0,-1.569391131401062
13575,0.6262748837471008,0.0,0.0,-0.5386199951171875
13576,-0.40290066599845886,0.0,0.0,0.19816851615905762
13577,-0.18504300713539124,0.0,0.0,0.6803343296051025
13578,-1.1223629713058472,0.0,0.0,0.330827921628952
13579,1.9843696355819702,0.0,0.0,-1.569391131401062
13580,0.6262748837471008,0.0,0.0,-1.5368456840515137
13581,-1.483210563659668,0.0,0.0,0.6953052878379822
13582,-0.2912045419216156,0.0,0.0,-0.15920716524124146
13583,-1.5053550004959106,0.0,0.0,0.22713345289230347
13584,1.9843696355819702,0.0,0.0,-1.3774762153625488
13585,1.9843696355819702,0.0,0.0,-1.569391131401062
13586,-0.34142062067985535,0.0,0.0,0.4572279453277588
13587,-0.18504300713539124,0.0,0.0,0.6803343296051025
13588,1.9843696355819702,0.0,0.0,-1.569391131401062
13589,1.0928128957748413,0.0,0.0,-1.4749271869659424
13590,-0.7838390469551086,0.0,0.0,0.2109946608543396
13591,1.656681776046753,0.0,0.0,-1.6337039470672607
13592,-1.483210563659668,0.0,0.0,0.8816909790039062
13593,1.9843696355819702,0.0,0.0,-1.569391131401062
13594,1.9843696355819702,0.0,0.0,-1.7513564825057983
13595,-0.34142062067985535,0.0,0.0,0.6803343296051025
13596,-1.1223629713058472,0.0,0.0,0.06941904127597809
13597,-0.34142062067985535,0.0,0.0,0.6803343296051025
13598,1.0928128957748413,0.0,0.0,-1.4749271869659424
13599,1.9843696355819702,0.0,0.0,-1.569391131401062
13600,-1.483210563659668,0.0,0.0,0.6756817102432251
13601,-0.18504300713539124,0.0,0.0,0.6803343296051025
13602,-0.24228885769844055,0.0,0.0,0.19816851615905762
13603,1.9843696355819702,0.0,0.0,-1.569391131401062
13604,-1.1223629713058472,0.0,0.0,-0.11198893189430237
13605,-0.5966175198554993,0.0,0.0,0.2109946608543396
13606,-0.18504300713539124,0.0,0.0,0.6803343296051025
13607,-1.483210563659668,0.0,0.0,0.6953052878379822
13608,1.9843696355819702,0.0,0.0,-1.3774762153625488
13609,1.9843696355819702,0.0,0.0,-1.569391131401062
13610,0.3268280327320099,0.0,0.0,0.0381140410900116
13611,1.9843696355819702,0.0,0.0,-1.569391131401062
13612,-0.9563143253326416,0.0,0.0,0.9868115186691284
13613,-1.2101683616638184,0.0,0.0,-1.0503625869750977
13614,-1.0538232326507568,0.0,0.0,-2.0474817752838135
13615,1.5361568927764893,0.0,0.0,-1.6090167760849
13616,-1.8514127731323242,0.0,0.0,0.6202855110168457
13617,-1.8514127731323242,0.0,0.0,0.6202855110168457
13618,-1.8514127731323242,0.0,0.0,0.6202855110168457
13619,2.014756441116333,0.0,0.0,-1.595420479774475
13620,2.014756441116333,0.0,0.0,-1.595420479774475
13621,-1.900927186012268,0.0,0.0,0.6202855110168457
13622,1.1642448902130127,0.0,0.0,-1.6255592107772827
13623,-2.0008416175842285,0.0,0.0,0.6008414030075073
13624,-2.0008416175842285,0.0,0.0,0.6008414030075073
13625,-1.8514127731323242,0.0,0.0,0.6202855110168457
13626,-0.1463049203157425,0.0,0.0,-1.602047324180603
13627,-2.172562599182129,0.0,0.0,0.7081625461578369
13628,-2.2564921379089355,0.0,0.0,0.6202855110168457
13629,-0.7034286260604858,0.0,0.0,-0.3016912043094635
13630,0.018955182284116745,0.0,0.0,-2.0474817752838135
13631,-1.8514127731323242,0.0,0.0,0.6202855110168457
13632,-2.172562599182129,0.0,0.0,0.7081625461578369
13633,-1.2101683616638184,0.0,0.0,-1.0503625869750977
13634,2.014756441116333,0.0,0.0,-1.595420479774475
13635,-2.2564921379089355,0.0,0.0,0.5598658323287964
13636,-2.0008416175842285,0.0,0.0,0.975798487663269
13637,-0.15883184969425201,0.0,0.0,-1.6463667154312134
13638,-0.15883184969425201,0.0,0.0,-1.6463667154312134
13639,-2.0761356353759766,0.0,0.0,0.42156851291656494
13640,2.014756441116333,0.0,0.0,-1.595420479774475
13641,-1.8514127731323242,0.0,0.0,0.6202855110168457
13642,-2.3393125534057617,0.0,0.0,0.5598658323287964
13643,-1.5178828239440918,0.0,0.0,0.6826011538505554
13644,-1.7219197750091553,0.0,0.0,0.7995205521583557
13645,1.5361568927764893,0.0,0.0,-1.6090167760849
13646,-0.7746950387954712,0.0,0.0,-2.0474817752838135
13647,-1.9785710573196411,0.0,0.0,0.6202855110168457
13648,-1.4524602890014648,0.0,0.0,0.6826011538505554
13649,-1.8514127731323242,0.0,0.0,0.6202855110168457
13650,-2.3393125534057617,0.0,0.0,0.5598658323287964
13651,2.014756441116333,0.0,0.0,-1.595420479774475
13652,-1.2101683616638184,0.0,0.0,-1.0503625869750977
13653,-1.8514127731323242,0.0,0.0,0.6202855110168457
13654,-1.8514127731323242,0.0,0.0,0.6202855110168457
13655,-0.15883184969425201,0.0,0.0,-1.6463667154312134
13656,-0.6331673860549927,0.0,0.0,-1.6463667154312134
13657,-1.8514127731323242,0.0,0.0,0.6840552091598511
13658,-1.8514127731323242,0.0,0.0,0.6202855110168457
13659,-0.6707592010498047,0.0,0.0,-1.0503625869750977
13660,1.5361568927764893,0.0,0.0,-1.9041311740875244
13661,-0.05796188488602638,0.0,0.0,-2.0474817752838135
13662,-1.167738676071167,0.0,0.0,0.9868115186691284
13663,-1.8514127731323242,0.0,0.0,0.7314281463623047
13664,1.3009560108184814,0.0,0.0,-2.010131359100342
13665,-1.8514127731323242,0.0,0.0,0.6202855110168457
13666,-0.05796188488602638,0.0,0.0,-1.6463667154312134
13667,-1.8514127731323242,0.0,0.0,0.6202855110168457
13668,-1.929124116897583,0.0,0.0,0.46406158804893494
13669,-1.8514127731323242,0.0,0.0,0.6202855110168457
13670,-1.8514127731323242,0.0,0.0,0.6202855110168457
13671,0.2862270772457123,0.0,0.0,-1.6463667154312134
13672,1.5777530670166016,0.0,0.0,-1.595420479774475
13673,-1.8514127731323242,0.0,0.0,0.5598658323287964
13674,-1.8514127731323242,0.0,0.0,0.6202855110168457
13675,-1.1921064853668213,0.0,0.0,1.3415067195892334
13676,-1.9785710573196411,0.0,0.0,0.6202855110168457
13677,-1.8514127731323242,0.0,0.0,0.6202855110168457
13678,-1.8514127731323242,0.0,0.0,0.6202855110168457
13679,-1.1440937519073486,0.0,0.0,-2.0474817752838135
13680,-1.0290594100952148,0.0,0.0,1.3415067195892334
13681,-1.8514127731323242,0.0,0.0,0.6202855110168457
13682,1.5486836433410645,0.0,0.0,-1.5646971464157104
13683,0.19071678817272186,0.0,0.0,-2.0474817752838135
13684,1.1642448902130127,0.0,0.0,-1.6255592107772827
13685,-0.7621680498123169,0.0,0.0,-1.602047324180603
13686,-0.0875655859708786,0.0,0.0,-0.3016912043094635
13687,2.014756441116333,0.0,0.0,-1.595420479774475
13688,-0.969980001449585,0.0,0.0,0.4562617242336273
13689,-1.7219197750091553,0.0,0.0,0.7658150792121887
13690,-1.4524602890014648,0.0,0.0,0.6826011538505554
13691,-2.3615834712982178,0.0,0.0,0.6008414030075073
13692,-0.15883184969425201,0.0,0.0,-2.0474817752838135
13693,-1.0290594100952148,0.0,0.0,1.3415067195892334
13694,-1.8514127731323242,0.0,0.0,0.6202855110168457
13695,-0.6331673860549927,0.0,0.0,-1.6463667154312134
13696,-1.8514127731323242,0.0,0.0,0.6202855110168457
13697,-1.8514127731323242,0.0,0.0,0.5598658323287964
13698,0.19071678817272186,0.0,0.0,-1.6463667154312134
13699,1.5777530670166016,0.0,0.0,-1.595420479774475
13700,1.7215666770935059,0.0,0.0,-1.595420479774475
13701,0.19071678817272186,0.0,0.0,-1.6463667154312134
13702,-1.5716776847839355,0.0,0.0,0.7995205521583557
13703,2.014756441116333,0.0,0.0,-1.595420479774475
13704,-1.2101683616638184,0.0,0.0,-1.0503625869750977
13705,-2.0761356353759766,0.0,0.0,0.6202855110168457
13706,-2.172562599182129,0.0,0.0,0.7418680191040039
13707,-0.7746950387954712,0.0,0.0,-2.0474817752838135
13708,-0.7746950387954712,0.0,0.0,-2.0474817752838135
13709,-1.2814345359802246,0.0,0.0,-2.0474817752838135
13710,1.7215666770935059,0.0,0.0,-1.595420479774475
13711,-1.8514127731323242,0.0,0.0,0.5598658323287964
13712,-2.2564921379089355,0.0,0.0,0.6840552091598511
13713,-1.8514127731323242,0.0,0.0,0.6202855110168457
13714,-1.8514127731323242,0.0,0.0,0.6202855110168457
13715,0.4550824463367462,0.0,0.0,-2.0266740322113037
13716,-2.172562599182129,0.0,0.0,0.5839729309082031
13717,-1.8514127731323242,0.0,0.0,0.6202855110168457
13718,-1.8514127731323242,0.0,0.0,0.6202855110168457
13719,-1.8514127731323242,0.0,0.0,0.6202855110168457
13720,2.014756441116333,0.0,0.0,-1.595420479774475
13721,-1.8514127731323242,0.0,0.0,0.6202855110168457
13722,2.0860226154327393,0.0,0.0,-1.097375512123108
13723,1.5361568927764893,0.0,0.0,-1.6090167760849
13724,-1.0290594100952148,0.0,0.0,1.3415067195892334
13725,-0.9563143253326416,0.0,0.0,1.318003535270691
13726,2.014756441116333,0.0,0.0,-1.9965354204177856
13727,-0.15883184969425201,0.0,0.0,-1.6463667154312134
13728,2.014756441116333,0.0,0.0,-1.595420479774475
13729,1.5361568927764893,0.0,0.0,-2.010131359100342
13730,2.014756441116333,0.0,0.0,-1.595420479774475
13731,1.1642448902130127,0.0,0.0,-1.6255592107772827
13732,1.6361873149871826,0.0,0.0,0.9451624155044556
13733,2.014756441116333,0.0,0.0,-1.595420479774475
13734,-1.1921064853668213,0.0,0.0,1.3415067195892334
13735,0.301358163356781,0.0,0.0,-1.5935033559799194
13736,-1.8514127731323242,0.0,0.0,0.6202855110168457
13737,2.014756441116333,0.0,0.0,-1.595420479774475
13738,-2.0761356353759766,0.0,0.0,0.76985764503479
13739,-0.05796188488602638,0.0,0.0,-1.6463667154312134
13740,2.014756441116333,0.0,0.0,-1.595420479774475
13741,0.2619829773902893,0.0,0.0,-1.0503625869750977
13742,-0.969980001449585,0.0,0.0,0.9480407238006592
13743,-1.1921064853668213,0.0,0.0,1.3415067195892334
13744,-2.2564921379089355,0.0,0.0,0.6202855110168457
13745,2.014756441116333,0.0,0.0,-1.595420479774475
13746,0.2619829773902893,0.0,0.0,-1.0503625869750977
13747,-1.8514127731323242,0.0,0.0,0.6202855110168457
13748,-0.7034286260604858,0.0,0.0,-0.3016912043094635
13749,-1.8514127731323242,0.0,0.0,0.6840552091598511
13750,2.014756441116333,0.0,0.0,-1.5425571203231812
13751,2.014756441116333,0.0,0.0,-1.595420479774475
13752,-1.167738676071167,0.0,0.0,0.9868115186691284
13753,-1.4524602890014648,0.0,0.0,1.3249647617340088
13754,2.014756441116333,0.0,0.0,-1.595420479774475
13755,1.5486836433410645,0.0,0.0,-1.5646971464157104
13756,-1.7219197750091553,0.0,0.0,0.8436663746833801
13757,2.014756441116333,0.0,0.0,-1.595420479774475
13758,-1.8514127731323242,0.0,0.0,0.6202855110168457
13759,2.014756441116333,0.0,0.0,-1.595420479774475
13760,2.014756441116333,0.0,0.0,-1.595420479774475
13761,-1.0290594100952148,0.0,0.0,1.3415067195892334
13762,-2.3393125534057617,0.0,0.0,0.5598658323287964
13763,-0.9563143253326416,0.0,0.0,1.3415067195892334
13764,1.235511302947998,0.0,0.0,-1.0562084913253784
13765,2.014756441116333,0.0,0.0,-1.595420479774475
13766,-1.900927186012268,0.0,0.0,0.6202855110168457
13767,-1.1921064853668213,0.0,0.0,1.3415067195892334
13768,-0.6609991788864136,0.0,0.0,1.0172903537750244
13769,2.014756441116333,0.0,0.0,-1.595420479774475
13770,-2.0545544624328613,0.0,0.0,0.5839729309082031
13771,-1.5480151176452637,0.0,0.0,0.7995205521583557
13772,-1.2232823371887207,0.0,0.0,1.3415067195892334
13773,-1.8514127731323242,0.0,0.0,0.6202855110168457
13774,2.014756441116333,0.0,0.0,-1.595420479774475
13775,2.014756441116333,0.0,0.0,-1.595420479774475
13776,0.042068351060152054,0.0,0.0,0.4562617242336273
13777,2.014756441116333,0.0,0.0,-1.595420479774475
13778,-0.16163036227226257,0.0,0.0,0.5034677982330322
13779,-0.16163036227226257,0.0,0.0,0.16859890520572662
13780,-0.16163036227226257,0.0,0.0,-0.42128610610961914
13781,0.6894216537475586,0.0,0.0,-0.42128610610961914
13782,-0.572540283203125,0.0,0.0,-0.09474971890449524
13783,-0.572540283203125,0.0,0.0,-0.09474971890449524
13784,-0.572540283203125,0.0,0.0,-0.09474971890449524
13785,0.882458508014679,0.0,0.0,-0.42128610610961914
13786,0.882458508014679,0.0,0.0,-0.42128610610961914
13787,-0.572540283203125,0.0,0.0,-0.09474971890449524
13788,0.09656020253896713,0.0,0.0,-0.42128610610961914
13789,-0.572540283203125,0.0,0.0,-0.09474971890449524
13790,-0.572540283203125,0.0,0.0,-0.09474971890449524
13791,-0.572540283203125,0.0,0.0,-0.09474971890449524
13792,-0.16163036227226257,0.0,0.0,-0.42128610610961914
13793,-0.572540283203125,0.0,0.0,-0.09474971890449524
13794,-0.572540283203125,0.0,0.0,-0.09474971890449524
13795,-0.16163036227226257,0.0,0.0,0.2790101170539856
13796,-0.16163036227226257,0.0,0.0,-0.42128610610961914
13797,-0.572540283203125,0.0,0.0,-0.09474971890449524
13798,-0.572540283203125,0.0,0.0,-0.09474971890449524
13799,-0.16163036227226257,0.0,0.0,-0.07250334322452545
13800,0.882458508014679,0.0,0.0,-0.42128610610961914
13801,-0.572540283203125,0.0,0.0,-0.09474971890449524
13802,-0.572540283203125,0.0,0.0,0.16005586087703705
13803,-0.16163036227226257,0.0,0.0,-0.42128610610961914
13804,-0.16163036227226257,0.0,0.0,-0.42128610610961914
13805,-0.572540283203125,0.0,0.0,-0.09474971890449524
13806,0.882458508014679,0.0,0.0,-0.42128610610961914
13807,-0.572540283203125,0.0,0.0,-0.09474971890449524
13808,-0.572540283203125,0.0,0.0,-0.09474971890449524
13809,-0.16163036227226257,0.0,0.0,-0.09474971890449524
13810,-0.572540283203125,0.0,0.0,-0.09474971890449524
13811,0.4357367753982544,0.0,0.0,-0.42128610610961914
13812,-0.16163036227226257,0.0,0.0,-0.42128610610961914
13813,-0.572540283203125,0.0,0.0,-0.09474971890449524
13814,-0.16163036227226257,0.0,0.0,-0.09474971890449524
13815,-0.572540283203125,0.0,0.0,-0.09474971890449524
13816,-0.572540283203125,0.0,0.0,-0.09474971890449524
13817,0.882458508014679,0.0,0.0,-0.42128610610961914
13818,-0.16163036227226257,0.0,0.0,-0.07250334322452545
13819,-0.572540283203125,0.0,0.0,-0.09474971890449524
13820,-0.572540283203125,0.0,0.0,-0.09474971890449524
13821,-0.16163036227226257,0.0,0.0,-0.42128610610961914
13822,-0.16163036227226257,0.0,0.0,-0.42128610610961914
13823,-0.572540283203125,0.0,0.0,-0.09474971890449524
13824,-0.572540283203125,0.0,0.0,-0.09474971890449524
13825,-0.16163036227226257,0.0,0.0,-0.07250334322452545
13826,0.4357367753982544,0.0,0.0,-0.42128610610961914
13827,-0.16163036227226257,0.0,0.0,-0.42128610610961914
13828,-0.16163036227226257,0.0,0.0,0.5034677982330322
13829,-0.572540283203125,0.0,0.0,-0.09474971890449524
13830,0.4357367753982544,0.0,0.0,-0.42128610610961914
13831,-0.572540283203125,0.0,0.0,-0.09474971890449524
13832,-0.16163036227226257,0.0,0.0,-0.42128610610961914
13833,-0.572540283203125,0.0,0.0,-0.09474971890449524
13834,-0.572540283203125,0.0,0.0,-0.09474971890449524
13835,-0.572540283203125,0.0,0.0,-0.09474971890449524
13836,-0.572540283203125,0.0,0.0,-0.09474971890449524
13837,-0.023911062628030777,0.0,0.0,-0.42128610610961914
13838,0.882458508014679,0.0,0.0,-0.42128610610961914
13839,-0.572540283203125,0.0,0.0,-0.09474971890449524
13840,-0.572540283203125,0.0,0.0,-0.09474971890449524
13841,-0.16163036227226257,0.0,0.0,0.5034677982330322
13842,-0.572540283203125,0.0,0.0,-0.09474971890449524
13843,-0.572540283203125,0.0,0.0,-0.09474971890449524
13844,-0.572540283203125,0.0,0.0,-0.09474971890449524
13845,-0.16163036227226257,0.0,0.0,-0.42128610610961914
13846,-0.16163036227226257,0.0,0.0,0.5034677982330322
13847,-0.572540283203125,0.0,0.0,-0.09474971890449524
13848,0.4357367753982544,0.0,0.0,-0.42128610610961914
13849,-0.16163036227226257,0.0,0.0,-0.42128610610961914
13850,0.26191845536231995,0.0,0.0,-0.42128610610961914
13851,-0.16163036227226257,0.0,0.0,-0.42128610610961914
13852,-0.16163036227226257,0.0,0.0,0.2790101170539856
13853,0.882458508014679,0.0,0.0,-0.42128610610961914
13854,-0.16163036227226257,0.0,0.0,0.2790101170539856
13855,-0.572540283203125,0.0,0.0,-0.09474971890449524
13856,-0.16163036227226257,0.0,0.0,-0.09474971890449524
13857,-0.572540283203125,0.0,0.0,-0.09474971890449524
13858,-0.16163036227226257,0.0,0.0,-0.42128610610961914
13859,-0.16163036227226257,0.0,0.0,0.5034677982330322
13860,-0.572540283203125,0.0,0.0,-0.09474971890449524
13861,-0.16163036227226257,0.0,0.0,-0.42128610610961914
13862,-0.572540283203125,0.0,0.0,-0.09474971890449524
13863,-0.572540283203125,0.0,0.0,-0.09474971890449524
13864,-0.023911062628030777,0.0,0.0,-0.42128610610961914
13865,0.882458508014679,0.0,0.0,-0.42128610610961914
13866,0.882458508014679,0.0,0.0,-0.42128610610961914
13867,-0.16163036227226257,0.0,0.0,-0.42128610610961914
13868,-0.16163036227226257,0.0,0.0,-0.09474971890449524
13869,0.882458508014679,0.0,0.0,-0.42128610610961914
13870,-0.16163036227226257,0.0,0.0,-0.07250334322452545
13871,-0.572540283203125,0.0,0.0,-0.09474971890449524
13872,-0.572540283203125,0.0,0.0,-0.09474971890449524
13873,-0.16163036227226257,0.0,0.0,-0.42128610610961914
13874,-0.16163036227226257,0.0,0.0,-0.42128610610961914
13875,-0.16163036227226257,0.0,0.0,-0.42128610610961914
13876,0.882458508014679,0.0,0.0,-0.42128610610961914
13877,-0.572540283203125,0.0,0.0,-0.09474971890449524
13878,-0.572540283203125,0.0,0.0,-0.09474971890449524
13879,-0.572540283203125,0.0,0.0,-0.09474971890449524
13880,-0.572540283203125,0.0,0.0,-0.09474971890449524
13881,-0.023911062628030777,0.0,0.0,-0.42128610610961914
13882,-0.572540283203125,0.0,0.0,-0.09474971890449524
13883,-0.572540283203125,0.0,0.0,-0.09474971890449524
13884,-0.572540283203125,0.0,0.0,-0.09474971890449524
13885,-0.572540283203125,0.0,0.0,-0.09474971890449524
13886,0.882458508014679,0.0,0.0,-0.42128610610961914
13887,-0.572540283203125,0.0,0.0,-0.09474971890449524
13888,0.882458508014679,0.0,0.0,-0.07250334322452545
13889,0.4357367753982544,0.0,0.0,-0.42128610610961914
13890,-0.16163036227226257,0.0,0.0,0.5034677982330322
13891,-0.16163036227226257,0.0,0.0,0.5034677982330322
13892,0.882458508014679,0.0,0.0,-0.42128610610961914
13893,-0.16163036227226257,0.0,0.0,-0.42128610610961914
13894,0.882458508014679,0.0,0.0,-0.42128610610961914
13895,0.882458508014679,0.0,0.0,-0.42128610610961914
13896,0.882458508014679,0.0,0.0,-0.42128610610961914
13897,0.09656020253896713,0.0,0.0,-0.42128610610961914
13898,0.4357367753982544,0.0,0.0,0.40535345673561096
13899,0.882458508014679,0.0,0.0,-0.42128610610961914
13900,-0.16163036227226257,0.0,0.0,0.5034677982330322
13901,-0.16163036227226257,0.0,0.0,-0.42128610610961914
13902,-0.572540283203125,0.0,0.0,-0.09474971890449524
13903,0.882458508014679,0.0,0.0,-0.42128610610961914
13904,-0.572540283203125,0.0,0.0,-0.09474971890449524
13905,-0.16163036227226257,0.0,0.0,-0.42128610610961914
13906,0.882458508014679,0.0,0.0,-0.42128610610961914
13907,-0.023911062628030777,0.0,0.0,0.16859890520572662
13908,-0.16163036227226257,0.0,0.0,0.40535345673561096
13909,-0.16163036227226257,0.0,0.0,0.5034677982330322
13910,-0.572540283203125,0.0,0.0,-0.09474971890449524
13911,0.882458508014679,0.0,0.0,-0.42128610610961914
13912,-0.16163036227226257,0.0,0.0,-0.07250334322452545
13913,-0.572540283203125,0.0,0.0,-0.09474971890449524
13914,-0.16163036227226257,0.0,0.0,0.2790101170539856
13915,-0.572540283203125,0.0,0.0,-0.09474971890449524
13916,0.882458508014679,0.0,0.0,-0.42128610610961914
13917,0.882458508014679,0.0,0.0,-0.42128610610961914
13918,-0.16163036227226257,0.0,0.0,0.5034677982330322
13919,-0.16163036227226257,0.0,0.0,0.5034677982330322
13920,0.882458508014679,0.0,0.0,-0.42128610610961914
13921,0.6894216537475586,0.0,0.0,-0.42128610610961914
13922,-0.572540283203125,0.0,0.0,-0.09474971890449524
13923,0.882458508014679,0.0,0.0,-0.42128610610961914
13924,-0.572540283203125,0.0,0.0,-0.09474971890449524
13925,0.882458508014679,0.0,0.0,-0.42128610610961914
13926,0.882458508014679,0.0,0.0,-0.42128610610961914
13927,-0.16163036227226257,0.0,0.0,0.5034677982330322
13928,-0.572540283203125,0.0,0.0,-0.09474971890449524
13929,-0.16163036227226257,0.0,0.0,0.5034677982330322
13930,0.09656020253896713,0.0,0.0,-0.07250334322452545
13931,0.882458508014679,0.0,0.0,-0.42128610610961914
13932,-0.572540283203125,0.0,0.0,-0.09474971890449524
13933,-0.16163036227226257,0.0,0.0,0.5034677982330322
13934,-0.16163036227226257,0.0,0.0,0.40535345673561096
13935,0.882458508014679,0.0,0.0,-0.42128610610961914
13936,-0.572540283203125,0.0,0.0,-0.09474971890449524
13937,-0.16163036227226257,0.0,0.0,-0.09474971890449524
13938,-0.16163036227226257,0.0,0.0,0.5034677982330322
13939,-0.572540283203125,0.0,0.0,-0.09474971890449524
13940,0.882458508014679,0.0,0.0,-0.42128610610961914
13941,0.882458508014679,0.0,0.0,-0.42128610610961914
13942,-0.16163036227226257,0.0,0.0,0.2790101170539856
13943,0.882458508014679,0.0,0.0,-0.42128610610961914
13944,-1.2724566459655762,0.0,0.0,0.8146609663963318
13945,-0.7485296726226807,0.0,0.0,-0.9885058403015137
13946,-0.35225436091423035,0.0,0.0,-3.320377826690674
13947,1.762609601020813,0.0,0.0,-2.960167407989502
13948,-2.422078847885132,0.0,0.0,1.3040375709533691
13949,-2.422078847885132,0.0,0.0,1.3040375709533691
13950,-2.0969390869140625,0.0,0.0,1.3040375709533691
13951,2.5009703636169434,0.0,0.0,-1.977264642715454
13952,2.5009703636169434,0.0,0.0,-1.977264642715454
13953,-2.6088032722473145,0.0,0.0,1.3040375709533691
13954,1.233393669128418,0.0,0.0,-3.0068860054016113
13955,-2.7349047660827637,0.0,0.0,0.29922276735305786
13956,-2.7349047660827637,0.0,0.0,0.29922276735305786
13957,-2.0969390869140625,0.0,0.0,1.3040375709533691
13958,1.3808352947235107,0.0,0.0,-1.7383030652999878
13959,-2.653470039367676,0.0,0.0,0.35342854261398315
13960,-2.1439735889434814,0.0,0.0,-0.27599892020225525
13961,0.20429250597953796,0.0,0.0,-0.08685777336359024
13962,0.37430670857429504,0.0,0.0,-2.7851977348327637
13963,-2.0969390869140625,0.0,0.0,1.3040375709533691
13964,-2.653470039367676,0.0,0.0,0.6938872933387756
13965,-0.42857834696769714,0.0,0.0,-1.7793465852737427
13966,2.5009703636169434,0.0,0.0,-1.977264642715454
13967,-1.9049674272537231,0.0,0.0,-0.2582220733165741
13968,-2.7349047660827637,0.0,0.0,0.4247996509075165
13969,1.2053223848342896,0.0,0.0,-2.2308237552642822
13970,0.11746665835380554,0.0,0.0,-3.171248197555542
13971,-2.3581671714782715,0.0,0.0,0.5822206139564514
13972,2.5009703636169434,0.0,0.0,-1.977264642715454
13973,-2.0969390869140625,0.0,0.0,1.3040375709533691
13974,-2.210296154022217,0.0,0.0,-0.27599892020225525
13975,-1.7674263715744019,0.0,0.0,0.4241901934146881
13976,-1.9703593254089355,0.0,0.0,0.650062620639801
13977,1.5215377807617188,0.0,0.0,-3.021738052368164
13978,-0.2059767246246338,0.0,0.0,-2.751807689666748
13979,-2.6505467891693115,0.0,0.0,-0.3078332245349884
13980,-1.217400312423706,0.0,0.0,0.397824227809906
13981,-2.143550157546997,0.0,0.0,0.8108656406402588
13982,-2.3107705116271973,0.0,0.0,-0.27599892020225525
13983,2.5009703636169434,0.0,0.0,-1.977264642715454
13984,-0.42857834696769714,0.0,0.0,-1.7793465852737427
13985,-2.422078847885132,0.0,0.0,1.3040375709533691
13986,-2.0969390869140625,0.0,0.0,1.3040375709533691
13987,0.11746665835380554,0.0,0.0,-2.2308237552642822
13988,0.4519486129283905,0.0,0.0,-2.2656924724578857
13989,-2.5349299907684326,0.0,0.0,0.24590492248535156
13990,-2.0969390869140625,0.0,0.0,1.3040375709533691
13991,0.136642724275589,0.0,0.0,-1.7793465852737427
13992,1.6856880187988281,0.0,0.0,-2.5674283504486084
13993,1.2033430337905884,0.0,0.0,-3.2855091094970703
13994,-0.7581796646118164,0.0,0.0,0.7598270773887634
13995,-2.3538053035736084,0.0,0.0,0.4927058815956116
13996,1.2772934436798096,0.0,0.0,-2.5674283504486084
13997,-2.0969390869140625,0.0,0.0,1.3040375709533691
13998,1.1594432592391968,0.0,0.0,-3.171248197555542
13999,-2.0969390869140625,0.0,0.0,1.3040375709533691
14000,-2.4504594802856445,0.0,0.0,0.388571560382843
14001,-2.0969390869140625,0.0,0.0,1.3040375709533691
14002,-2.143550157546997,0.0,0.0,0.7443761825561523
14003,0.8053385615348816,0.0,0.0,-2.1545932292938232
14004,1.9111305475234985,0.0,0.0,-3.1736974716186523
14005,-2.488285779953003,0.0,0.0,-0.3316024839878082
14006,-2.0969390869140625,0.0,0.0,1.3040375709533691
14007,-1.674268364906311,0.0,0.0,1.3591033220291138
14008,-2.5843396186828613,0.0,0.0,1.3278067111968994
14009,-2.1631462574005127,0.0,0.0,-0.3316024839878082
14010,-2.0969390869140625,0.0,0.0,1.3040375709533691
14011,-0.43572577834129333,0.0,0.0,-3.320377826690674
14012,-1.5926392078399658,0.0,0.0,1.1430000066757202
14013,-2.0969390869140625,0.0,0.0,1.3040375709533691
14014,1.6252654790878296,0.0,0.0,-3.1135826110839844
14015,0.5758000016212463,0.0,0.0,-3.236898183822632
14016,1.2772934436798096,0.0,0.0,-2.1165130138397217
14017,-0.07436348497867584,0.0,0.0,-1.7731716632843018
14018,0.36062899231910706,0.0,0.0,-0.3201889395713806
14019,2.304847002029419,0.0,0.0,-2.217979907989502
14020,-0.8857078552246094,0.0,0.0,-0.08685777336359024
14021,-1.8564025163650513,0.0,0.0,0.34798842668533325
14022,-1.217400312423706,0.0,0.0,0.397824227809906
14023,-2.294654130935669,0.0,0.0,0.2666301727294922
14024,0.1613663136959076,0.0,0.0,-3.2855091094970703
14025,-1.5926392078399658,0.0,0.0,1.3789130449295044
14026,-2.0969390869140625,0.0,0.0,1.3040375709533691
14027,0.11878536641597748,0.0,0.0,-2.2656924724578857
14028,-2.0969390869140625,0.0,0.0,1.3040375709533691
14029,-2.488285779953003,0.0,0.0,-0.3316024839878082
14030,0.8053385615348816,0.0,0.0,-3.095017671585083
14031,1.5290440320968628,0.0,0.0,-3.1736974716186523
14032,2.0644500255584717,0.0,0.0,-2.160327196121216
14033,0.33040711283683777,0.0,0.0,-2.1822128295898438
14034,-1.7674263715744019,0.0,0.0,0.650062620639801
14035,2.5009703636169434,0.0,0.0,-1.977264642715454
14036,-0.42857834696769714,0.0,0.0,-1.7793465852737427
14037,-2.3864641189575195,0.0,0.0,0.7681453227996826
14038,-2.620647430419922,0.0,0.0,0.3185502886772156
14039,0.005029546096920967,0.0,0.0,-3.320377826690674
14040,0.005029546096920967,0.0,0.0,-3.2611284255981445
14041,-0.5601915717124939,0.0,0.0,-3.320377826690674
14042,2.1601991653442383,0.0,0.0,-2.733315944671631
14043,-2.580023765563965,0.0,0.0,-0.07021113485097885
14044,-1.8283817768096924,0.0,0.0,0.35342854261398315
14045,-2.0969390869140625,0.0,0.0,1.3040375709533691
14046,-2.4463131427764893,0.0,0.0,1.3040375709533691
14047,1.0365747213363647,0.0,0.0,-3.2092785835266113
14048,-2.536289691925049,0.0,0.0,0.3012378215789795
14049,-2.0969390869140625,0.0,0.0,1.3040375709533691
14050,-2.0969390869140625,0.0,0.0,1.3040375709533691
14051,-2.0969390869140625,0.0,0.0,1.3040375709533691
14052,2.5009703636169434,0.0,0.0,-1.977264642715454
14053,-2.2284538745880127,0.0,0.0,1.3040375709533691
14054,2.676483154296875,0.0,0.0,-1.3651760816574097
14055,1.6417882442474365,0.0,0.0,-2.081313371658325
14056,-1.5926392078399658,0.0,0.0,1.3789130449295044
14057,-0.8018898963928223,0.0,0.0,1.0008786916732788
14058,2.544869899749756,0.0,0.0,-3.031949996948242
14059,0.11746665835380554,0.0,0.0,-2.3565566539764404
14060,2.5009703636169434,0.0,0.0,-1.977264642715454
14061,1.8065093755722046,0.0,0.0,-2.575249195098877
14062,2.5009703636169434,0.0,0.0,-1.977264642715454
14063,1.5968612432479858,0.0,0.0,-2.1165130138397217
14064,1.4694169759750366,0.0,0.0,0.7163947224617004
14065,2.5009703636169434,0.0,0.0,-1.977264642715454
14066,-1.217400312423706,0.0,0.0,1.3591033220291138
14067,1.2492222785949707,0.0,0.0,-2.2660231590270996
14068,-2.0969390869140625,0.0,0.0,1.3040375709533691
14069,2.5009703636169434,0.0,0.0,-1.977264642715454
14070,-2.1517715454101562,0.0,0.0,0.8425911664962769
14071,1.2171460390090942,0.0,0.0,-2.2308237552642822
14072,2.5009703636169434,0.0,0.0,-2.102997064590454
14073,1.1315935850143433,0.0,0.0,-0.7213048338890076
14074,-0.7581796646118164,0.0,0.0,0.6157940030097961
14075,-1.3593493700027466,0.0,0.0,1.3591033220291138
14076,-1.5650967359542847,0.0,0.0,0.8842459917068481
14077,2.5009703636169434,0.0,0.0,-1.977264642715454
14078,0.505919873714447,0.0,0.0,-1.6958668231964111
14079,-2.0969390869140625,0.0,0.0,1.3040375709533691
14080,-0.006713777780532837,0.0,0.0,-0.3550575375556946
14081,-2.179893732070923,0.0,0.0,0.6619183421134949
14082,2.544869899749756,0.0,0.0,-2.0124642848968506
14083,2.5009703636169434,0.0,0.0,-1.977264642715454
14084,-0.2842889130115509,0.0,0.0,0.8146609663963318
14085,-1.217400312423706,0.0,0.0,1.3591033220291138
14086,2.5009703636169434,0.0,0.0,-1.977264642715454
14087,1.9381227493286133,0.0,0.0,-1.5420743227005005
14088,-1.7948228120803833,0.0,0.0,0.9478725790977478
14089,2.304847002029419,0.0,0.0,-2.217979907989502
14090,-2.422078847885132,0.0,0.0,1.3040375709533691
14091,2.5009703636169434,0.0,0.0,-1.977264642715454
14092,2.5009703636169434,0.0,0.0,-2.917689323425293
14093,-1.2326719760894775,0.0,0.0,1.3789130449295044
14094,-2.210296154022217,0.0,0.0,-0.27599892020225525
14095,-0.7183952331542969,0.0,0.0,1.1430000066757202
14096,1.7284742593765259,0.0,0.0,-1.4692248106002808
14097,2.5009703636169434,0.0,0.0,-1.977264642715454
14098,-2.256049156188965,0.0,0.0,1.2822818756103516
14099,-1.217400312423706,0.0,0.0,1.3591033220291138
14100,0.28093191981315613,0.0,0.0,0.8598832488059998
14101,2.5009703636169434,0.0,0.0,-1.977264642715454
14102,-1.7817376852035522,0.0,0.0,0.7780047059059143
14103,-1.7674263715744019,0.0,0.0,0.9602785110473633
14104,-1.217400312423706,0.0,0.0,1.3591033220291138
14105,-2.0969390869140625,0.0,0.0,1.3040375709533691
14106,2.544869899749756,0.0,0.0,-2.0124642848968506
14107,2.5009703636169434,0.0,0.0,-1.977264642715454
14108,1.46030855178833,0.0,0.0,-0.0519891083240509
14109,2.5009703636169434,0.0,0.0,-1.977264642715454
14110,-0.12188202142715454,0.0,0.0,0.25354787707328796
14111,-0.1363513469696045,0.0,0.0,0.17897869646549225
14112,-0.18875408172607422,0.0,0.0,-0.15663127601146698
14113,0.3747447431087494,0.0,0.0,-0.23032936453819275
14114,-0.7051385641098022,0.0,0.0,-0.03488780930638313
14115,-0.7051385641098022,0.0,0.0,-0.03488780930638313
14116,-0.7051385641098022,0.0,0.0,-0.03488780930638313
14117,0.7395352125167847,0.0,0.0,-0.198466494679451
14118,0.7395352125167847,0.0,0.0,-0.198466494679451
14119,-0.7051385641098022,0.0,0.0,-0.03488780930638313
14120,0.25126925110816956,0.0,0.0,-0.23681999742984772
14121,-0.71019446849823,0.0,0.0,0.08459259569644928
14122,-0.71019446849823,0.0,0.0,0.08459259569644928
14123,-0.7051385641098022,0.0,0.0,-0.03488780930638313
14124,-0.025703731924295425,0.0,0.0,-0.035594962537288666
14125,-0.641141414642334,0.0,0.0,-0.003424922004342079
14126,-0.6612486839294434,0.0,0.0,-0.029979253187775612
14127,-0.12496525049209595,0.0,0.0,0.18971948325634003
14128,0.14095665514469147,0.0,0.0,-0.15111173689365387
14129,-0.7051385641098022,0.0,0.0,-0.03488780930638313
14130,-0.641141414642334,0.0,0.0,0.00462820241227746
14131,-0.15829461812973022,0.0,0.0,0.1318482607603073
14132,0.7395352125167847,0.0,0.0,-0.198466494679451
14133,-0.6554791927337646,0.0,0.0,-0.029979253187775612
14134,-0.71019446849823,0.0,0.0,0.11058779805898666
14135,-0.05108002573251724,0.0,0.0,-0.2438991218805313
14136,-0.03364967554807663,0.0,0.0,-0.2438991218805313
14137,-0.698798656463623,0.0,0.0,-0.010854452848434448
14138,0.7395352125167847,0.0,0.0,-0.198466494679451
14139,-0.7051385641098022,0.0,0.0,-0.03488780930638313
14140,-0.6920018196105957,0.0,0.0,-0.0339510440826416
14141,-0.31386345624923706,0.0,0.0,0.12415783107280731
14142,-0.435818612575531,0.0,0.0,0.10533737391233444
14143,0.2933247983455658,0.0,0.0,-0.23681999742984772
14144,-0.16104283928871155,0.0,0.0,-0.15663127601146698
14145,-0.7051385641098022,0.0,0.0,-0.03488780930638313
14146,-0.2729793190956116,0.0,0.0,0.12827140092849731
14147,-0.7051385641098022,0.0,0.0,-0.03488780930638313
14148,-0.6920018196105957,0.0,0.0,-0.0339510440826416
14149,0.7395352125167847,0.0,0.0,-0.198466494679451
14150,-0.15829461812973022,0.0,0.0,0.1318482607603073
14151,-0.7051385641098022,0.0,0.0,-0.03488780930638313
14152,-0.7051385641098022,0.0,0.0,-0.03488780930638313
14153,-0.05108002573251724,0.0,0.0,-0.2438991218805313
14154,-0.1555236577987671,0.0,0.0,-0.2438991218805313
14155,-0.7051385641098022,0.0,0.0,-0.002801329828798771
14156,-0.7051385641098022,0.0,0.0,-0.03488780930638313
14157,-0.13058339059352875,0.0,0.0,0.1318482607603073
14158,0.3035966157913208,0.0,0.0,-0.14955216646194458
14159,-0.04080828279256821,0.0,0.0,-0.15663127601146698
14160,-0.12244610488414764,0.0,0.0,0.24994094669818878
14161,-0.7051385641098022,0.0,0.0,0.07764890789985657
14162,0.2615410387516022,0.0,0.0,-0.14955216646194458
14163,-0.7051385641098022,0.0,0.0,-0.03488780930638313
14164,-0.05108002573251724,0.0,0.0,-0.2438991218805313
14165,-0.7051385641098022,0.0,0.0,-0.03488780930638313
14166,-0.6127769947052002,0.0,0.0,0.0008453140035271645
14167,-0.7051385641098022,0.0,0.0,-0.03488780930638313
14168,-0.7051385641098022,0.0,0.0,-0.03488780930638313
14169,0.19294346868991852,0.0,0.0,-0.238379567861557
14170,0.39610716700553894,0.0,0.0,-0.22831250727176666
14171,-0.7051385641098022,0.0,0.0,-0.03488780930638313
14172,-0.7051385641098022,0.0,0.0,-0.03488780930638313
14173,-0.11169014871120453,0.0,0.0,0.2697756290435791
14174,-0.7051385641098022,0.0,0.0,-0.03488780930638313
14175,-0.7051385641098022,0.0,0.0,-0.03488780930638313
14176,-0.7051385641098022,0.0,0.0,-0.03488780930638313
14177,-0.18875408172607422,0.0,0.0,-0.15663127601146698
14178,-0.12096282839775085,0.0,0.0,0.2591470777988434
14179,-0.7051385641098022,0.0,0.0,-0.03488780930638313
14180,0.3099111020565033,0.0,0.0,-0.14955216646194458
14181,0.14095665514469147,0.0,0.0,-0.15111173689365387
14182,0.25974932312965393,0.0,0.0,-0.18027739226818085
14183,-0.14593832194805145,0.0,0.0,-0.035594962537288666
14184,0.012699689716100693,0.0,0.0,0.18971948325634003
14185,0.7395352125167847,0.0,0.0,-0.198466494679451
14186,-0.12244610488414764,0.0,0.0,0.24994094669818878
14187,-0.42844417691230774,0.0,0.0,0.02634802833199501
14188,-0.2576380670070648,0.0,0.0,0.10889387875795364
14189,-0.6663047075271606,0.0,0.0,0.07800381630659103
14190,0.14095665514469147,0.0,0.0,-0.15111173689365387
14191,-0.11900338530540466,0.0,0.0,0.2697756290435791
14192,-0.7051385641098022,0.0,0.0,-0.03488780930638313
14193,-0.17131462693214417,0.0,0.0,-0.2438991218805313
14194,-0.7051385641098022,0.0,0.0,-0.03488780930638313
14195,-0.7051385641098022,0.0,0.0,-0.03488780930638313
14196,0.17358960211277008,0.0,0.0,-0.238379567861557
14197,0.39610716700553894,0.0,0.0,-0.22831250727176666
14198,0.39610716700553894,0.0,0.0,-0.22831250727176666
14199,0.13068489730358124,0.0,0.0,-0.238379567861557
14200,-0.3107457160949707,0.0,0.0,0.11919748038053513
14201,0.7395352125167847,0.0,0.0,-0.198466494679451
14202,-0.15829461812973022,0.0,0.0,0.1318482607603073
14203,-0.698798656463623,0.0,0.0,-0.03488780930638313
14204,-0.6258364915847778,0.0,0.0,0.06266368180513382
14205,-0.16104283928871155,0.0,0.0,-0.15663127601146698
14206,-0.16104283928871155,0.0,0.0,-0.15663127601146698
14207,-0.18875408172607422,0.0,0.0,-0.15663127601146698
14208,0.4543880224227905,0.0,0.0,-0.22158336639404297
14209,-0.7051385641098022,0.0,0.0,-0.03488780930638313
14210,-0.6554791927337646,0.0,0.0,-0.0059458971954882145
14211,-0.7051385641098022,0.0,0.0,-0.03488780930638313
14212,-0.7051385641098022,0.0,0.0,-0.03488780930638313
14213,0.20321519672870636,0.0,0.0,-0.15111173689365387
14214,-0.641141414642334,0.0,0.0,-0.027458274737000465
14215,-0.7051385641098022,0.0,0.0,-0.03488780930638313
14216,-0.7051385641098022,0.0,0.0,-0.03488780930638313
14217,-0.7051385641098022,0.0,0.0,-0.03488780930638313
14218,0.7395352125167847,0.0,0.0,-0.198466494679451
14219,-0.7051385641098022,0.0,0.0,-0.03488780930638313
14220,0.7802664041519165,0.0,0.0,0.17728087306022644
14221,0.2933247983455658,0.0,0.0,-0.23681999742984772
14222,-0.115931436419487,0.0,0.0,0.2697756290435791
14223,-0.12096282839775085,0.0,0.0,0.2591470777988434
14224,0.7498070597648621,0.0,0.0,-0.11119866371154785
14225,0.13068489730358124,0.0,0.0,-0.238379567861557
14226,0.7395352125167847,0.0,0.0,-0.198466494679451
14227,0.4063788950443268,0.0,0.0,-0.14104467630386353
14228,0.7395352125167847,0.0,0.0,-0.198466494679451
14229,0.25974932312965393,0.0,0.0,-0.18027739226818085
14230,0.3115239143371582,0.0,0.0,0.2570200562477112
14231,0.7395352125167847,0.0,0.0,-0.198466494679451
14232,-0.11169014871120453,0.0,0.0,0.2697756290435791
14233,-0.04080828279256821,0.0,0.0,-0.15663127601146698
14234,-0.7051385641098022,0.0,0.0,-0.03488780930638313
14235,0.7395352125167847,0.0,0.0,-0.198466494679451
14236,-0.6920018196105957,0.0,0.0,0.0785856768488884
14237,-0.05108002573251724,0.0,0.0,-0.2438991218805313
14238,0.7395352125167847,0.0,0.0,-0.198466494679451
14239,0.21993903815746307,0.0,0.0,0.18449823558330536
14240,-0.12244610488414764,0.0,0.0,0.24994094669818878
14241,-0.11169014871120453,0.0,0.0,0.2697756290435791
14242,-0.6612486839294434,0.0,0.0,-0.029979253187775612
14243,0.7395352125167847,0.0,0.0,-0.198466494679451
14244,0.17141610383987427,0.0,0.0,0.13736781477928162
14245,-0.7051385641098022,0.0,0.0,-0.03488780930638313
14246,-0.12496525049209595,0.0,0.0,0.18971948325634003
14247,-0.7051385641098022,0.0,0.0,-0.010854452848434448
14248,0.7498070597648621,0.0,0.0,-0.11119866371154785
14249,0.7395352125167847,0.0,0.0,-0.198466494679451
14250,-0.12188202142715454,0.0,0.0,0.25354787707328796
14251,-0.2729793190956116,0.0,0.0,0.260743111371994
14252,0.7395352125167847,0.0,0.0,-0.198466494679451
14253,0.40012097358703613,0.0,0.0,-0.02202523499727249
14254,-0.43388041853904724,0.0,0.0,0.11485139280557632
14255,0.7395352125167847,0.0,0.0,-0.198466494679451
14256,-0.7051385641098022,0.0,0.0,-0.03488780930638313
14257,0.7395352125167847,0.0,0.0,-0.198466494679451
14258,0.7395352125167847,0.0,0.0,-0.198466494679451
14259,-0.11900338530540466,0.0,0.0,0.2697756290435791
14260,-0.6665258407592773,0.0,0.0,-0.030928971245884895
14261,-0.12096282839775085,0.0,0.0,0.2591470777988434
14262,0.29200053215026855,0.0,0.0,0.1389273852109909
14263,0.7395352125167847,0.0,0.0,-0.198466494679451
14264,-0.7051385641098022,0.0,0.0,-0.03488780930638313
14265,-0.11169014871120453,0.0,0.0,0.2697756290435791
14266,-0.11106002330780029,0.0,0.0,0.24994094669818878
14267,0.7395352125167847,0.0,0.0,-0.198466494679451
14268,-0.641141414642334,0.0,0.0,-0.003424922004342079
14269,-0.3107457160949707,0.0,0.0,0.11919748038053513
14270,-0.2576380670070648,0.0,0.0,0.260743111371994
14271,-0.7051385641098022,0.0,0.0,-0.03488780930638313
14272,0.7498070597648621,0.0,0.0,-0.12111101299524307
14273,0.7395352125167847,0.0,0.0,-0.198466494679451
14274,0.004804445896297693,0.0,0.0,0.23326954245567322
14275,0.7395352125167847,0.0,0.0,-0.198466494679451
14276,-0.3704599440097809,0.0,0.0,0.2539884150028229
14277,-0.5820764899253845,0.0,0.0,-0.2804402709007263
14278,-0.7101418375968933,0.0,0.0,-1.1844103336334229
14279,0.5703973174095154,0.0,0.0,-1.2843635082244873
14280,-1.3713926076889038,0.0,0.0,1.1337401866912842
14281,-1.3713926076889038,0.0,0.0,0.787651538848877
14282,-1.4352021217346191,0.0,0.0,0.6558377742767334
14283,1.67398202419281,0.0,0.0,-0.9594699740409851
14284,1.9146647453308105,0.0,0.0,-0.9594699740409851
14285,-1.4352021217346191,0.0,0.0,0.6558377742767334
14286,1.0043278932571411,0.0,0.0,-1.2843635082244873
14287,-1.6733366250991821,0.0,0.0,-0.43542465567588806
14288,-1.6733366250991821,0.0,0.0,-0.43542465567588806
14289,-1.3713926076889038,0.0,0.0,1.3795257806777954
14290,0.13566672801971436,0.0,0.0,-0.779837429523468
14291,-0.9744033813476562,0.0,0.0,-0.27521347999572754
14292,-1.2005596160888672,0.0,0.0,-0.34541207551956177
14293,-0.5820764899253845,0.0,0.0,-0.2804402709007263
14294,0.6105302572250366,0.0,0.0,-1.1311535835266113
14295,-1.3713926076889038,0.0,0.0,1.1337401866912842
14296,-0.9744033813476562,0.0,0.0,-0.27521347999572754
14297,-0.5820764899253845,0.0,0.0,-0.2804402709007263
14298,1.9146647453308105,0.0,0.0,-0.9594699740409851
14299,-1.2005596160888672,0.0,0.0,-0.34541207551956177
14300,-1.6733366250991821,0.0,0.0,-0.43542465567588806
14301,0.06073638051748276,0.0,0.0,-1.3963834047317505
14302,0.06073638051748276,0.0,0.0,-1.3963834047317505
14303,-1.4612187147140503,0.0,0.0,-0.4013085961341858
14304,1.67398202419281,0.0,0.0,-0.9594699740409851
14305,-1.3713926076889038,0.0,0.0,1.3795257806777954
14306,-1.2005596160888672,0.0,0.0,-0.34541207551956177
14307,-0.39846768975257874,0.0,0.0,-0.24022750556468964
14308,-0.9744033813476562,0.0,0.0,-0.27521347999572754
14309,0.5703973174095154,0.0,0.0,-1.2843635082244873
14310,-0.7101418375968933,0.0,0.0,-1.1844103336334229
14311,-1.4612187147140503,0.0,0.0,-0.4013085961341858
14312,-0.39846768975257874,0.0,0.0,-0.24022750556468964
14313,-1.6733366250991821,0.0,0.0,-0.43542465567588806
14314,-1.2005596160888672,0.0,0.0,-0.34541207551956177
14315,1.67398202419281,0.0,0.0,-0.9594699740409851
14316,-0.5820764899253845,0.0,0.0,-0.2804402709007263
14317,-1.3713926076889038,0.0,0.0,0.787651538848877
14318,-1.4352021217346191,0.0,0.0,0.6558377742767334
14319,0.06073638051748276,0.0,0.0,-1.3963834047317505
14320,-0.7444027662277222,0.0,0.0,-1.3963834047317505
14321,-1.6733366250991821,0.0,0.0,-0.43542465567588806
14322,-1.3713926076889038,0.0,0.0,1.3795257806777954
14323,-0.5820764899253845,0.0,0.0,-0.2804402709007263
14324,0.6046582460403442,0.0,0.0,-1.0723903179168701
14325,-0.18482553958892822,0.0,0.0,-1.1844103336334229
14326,-0.5035390853881836,0.0,0.0,0.2539884150028229
14327,-1.6733366250991821,0.0,0.0,-0.43542465567588806
14328,1.0385888814926147,0.0,0.0,-1.0723903179168701
14329,-1.4352021217346191,0.0,0.0,0.6558377742767334
14330,-0.21908652782440186,0.0,0.0,-1.3963834047317505
14331,-1.3713926076889038,0.0,0.0,1.3795257806777954
14332,-0.9744033813476562,0.0,0.0,-0.27521347999572754
14333,-1.3713926076889038,0.0,0.0,1.3795257806777954
14334,-1.6733366250991821,0.0,0.0,-0.43542465567588806
14335,0.8141096234321594,0.0,0.0,-1.2843635082244873
14336,0.5703973174095154,0.0,0.0,-1.2843635082244873
14337,-1.6733366250991821,0.0,0.0,-0.43542465567588806
14338,-1.3713926076889038,0.0,0.0,1.3795257806777954
14339,-0.15268376469612122,0.0,0.0,0.8704947233200073
14340,-1.3713926076889038,0.0,0.0,0.787651538848877
14341,-1.6733366250991821,0.0,0.0,-0.43542465567588806
14342,-1.4352021217346191,0.0,0.0,0.6558377742767334
14343,-0.7101418375968933,0.0,0.0,-1.1844103336334229
14344,-0.464896023273468,0.0,0.0,0.8704947233200073
14345,-1.3713926076889038,0.0,0.0,1.3795257806777954
14346,0.645327627658844,0.0,0.0,-0.6678175330162048
14347,0.6105302572250366,0.0,0.0,-1.1311535835266113
14348,1.0385888814926147,0.0,0.0,-1.0723903179168701
14349,-0.6694723963737488,0.0,0.0,-0.779837429523468
14350,0.22306258976459503,0.0,0.0,-0.2804402709007263
14351,1.3217228651046753,0.0,0.0,-1.0432684421539307
14352,-0.3704599440097809,0.0,0.0,0.2539884150028229
14353,-0.9744033813476562,0.0,0.0,-0.27521347999572754
14354,-0.39846768975257874,0.0,0.0,-0.24022750556468964
14355,-1.2005596160888672,0.0,0.0,-0.34541207551956177
14356,0.6105302572250366,0.0,0.0,-1.1311535835266113
14357,-0.464896023273468,0.0,0.0,0.8704947233200073
14358,-1.3713926076889038,0.0,0.0,1.1337401866912842
14359,-0.7444027662277222,0.0,0.0,-1.3963834047317505
14360,-1.3713926076889038,0.0,0.0,1.1337401866912842
14361,-1.6733366250991821,0.0,0.0,-0.43542465567588806
14362,0.8141096234321594,0.0,0.0,-1.2843635082244873
14363,0.5703973174095154,0.0,0.0,-1.2843635082244873
14364,0.5703973174095154,0.0,0.0,-1.2843635082244873
14365,0.576269268989563,0.0,0.0,-1.3431267738342285
14366,-0.39846768975257874,0.0,0.0,-0.24022750556468964
14367,1.67398202419281,0.0,0.0,-0.9594699740409851
14368,-0.5820764899253845,0.0,0.0,-0.2804402709007263
14369,-1.4612187147140503,0.0,0.0,-0.4013085961341858
14370,-0.9744033813476562,0.0,0.0,-0.27521347999572754
14371,-0.7101418375968933,0.0,0.0,-1.1844103336334229
14372,-0.7101418375968933,0.0,0.0,-1.1844103336334229
14373,-0.7101418375968933,0.0,0.0,-1.1844103336334229
14374,0.7854199409484863,0.0,0.0,-1.2843635082244873
14375,-1.6733366250991821,0.0,0.0,-0.43542465567588806
14376,-0.9744033813476562,0.0,0.0,-0.27521347999572754
14377,-1.3713926076889038,0.0,0.0,1.3795257806777954
14378,-1.4352021217346191,0.0,0.0,0.6558377742767334
14379,0.8483704924583435,0.0,0.0,-1.0723903179168701
14380,-0.9744033813476562,0.0,0.0,-0.27521347999572754
14381,-1.3713926076889038,0.0,0.0,1.3795257806777954
14382,-1.3713926076889038,0.0,0.0,1.3795257806777954
14383,-1.3713926076889038,0.0,0.0,1.3795257806777954
14384,1.9146647453308105,0.0,0.0,-0.9594699740409851
14385,-1.4352021217346191,0.0,0.0,0.6558377742767334
14386,2.0513675212860107,0.0,0.0,-0.08814062923192978
14387,1.0043278932571411,0.0,0.0,-1.2843635082244873
14388,-0.15268376469612122,0.0,0.0,0.8704947233200073
14389,-0.321002334356308,0.0,0.0,0.8704947233200073
14390,1.9489258527755737,0.0,0.0,-0.7474969029426575
14391,0.576269268989563,0.0,0.0,-1.3431267738342285
14392,1.9146647453308105,0.0,0.0,-0.9594699740409851
14393,0.6046582460403442,0.0,0.0,-1.0723903179168701
14394,1.67398202419281,0.0,0.0,-0.9594699740409851
14395,1.0385888814926147,0.0,0.0,-1.0723903179168701
14396,1.2451915740966797,0.0,0.0,0.366008460521698
14397,1.9146647453308105,0.0,0.0,-0.9594699740409851
14398,-0.15268376469612122,0.0,0.0,0.8704947233200073
14399,0.094997338950634,0.0,0.0,-1.1844103336334229
14400,-1.3713926076889038,0.0,0.0,1.3795257806777954
14401,1.9146647453308105,0.0,0.0,-0.9594699740409851
14402,-1.2005596160888672,0.0,0.0,-0.34541207551956177
14403,-0.21908652782440186,0.0,0.0,-1.3963834047317505
14404,1.9146647453308105,0.0,0.0,-0.9594699740409851
14405,0.9764358401298523,0.0,0.0,-0.16842037439346313
14406,-0.3704599440097809,0.0,0.0,0.2539884150028229
14407,-0.15268376469612122,0.0,0.0,0.8704947233200073
14408,-1.2005596160888672,0.0,0.0,-0.34541207551956177
14409,1.67398202419281,0.0,0.0,-0.9594699740409851
14410,0.7385955452919006,0.0,0.0,-0.22718364000320435
14411,-1.3713926076889038,0.0,0.0,0.787651538848877
14412,-0.5820764899253845,0.0,0.0,-0.2804402709007263
14413,-1.6733366250991821,0.0,0.0,-0.43542465567588806
14414,1.9489258527755737,0.0,0.0,-0.7474969029426575
14415,1.67398202419281,0.0,0.0,-0.9594699740409851
14416,-0.5035390853881836,0.0,0.0,0.2539884150028229
14417,-0.39846768975257874,0.0,0.0,0.8016900420188904
14418,1.67398202419281,0.0,0.0,-0.9594699740409851
14419,0.645327627658844,0.0,0.0,-0.6678175330162048
14420,-0.9744033813476562,0.0,0.0,-0.27521347999572754
14421,1.3217228651046753,0.0,0.0,-1.0432684421539307
14422,-1.4352021217346191,0.0,0.0,0.6558377742767334
14423,1.9146647453308105,0.0,0.0,-0.9594699740409851
14424,1.9146647453308105,0.0,0.0,-0.9594699740409851
14425,-0.321002334356308,0.0,0.0,0.8704947233200073
14426,-1.2005596160888672,0.0,0.0,-0.34541207551956177
14427,-0.321002334356308,0.0,0.0,0.8704947233200073
14428,1.1666539907455444,0.0,0.0,-0.16842037439346313
14429,1.67398202419281,0.0,0.0,-0.9594699740409851
14430,-1.4352021217346191,0.0,0.0,0.6558377742767334
14431,-0.15268376469612122,0.0,0.0,0.8704947233200073
14432,-0.5035390853881836,0.0,0.0,0.2539884150028229
14433,1.9146647453308105,0.0,0.0,-0.9594699740409851
14434,-0.9744033813476562,0.0,0.0,-0.27521347999572754
14435,-0.39846768975257874,0.0,0.0,-0.24022750556468964
14436,-0.39846768975257874,0.0,0.0,0.8016900420188904
14437,-1.3713926076889038,0.0,0.0,1.1337401866912842
14438,1.9489258527755737,0.0,0.0,-0.7474969029426575
14439,1.67398202419281,0.0,0.0,-0.9594699740409851
14440,0.02177717722952366,0.0,0.0,0.2539884150028229
14441,1.67398202419281,0.0,0.0,-0.9594699740409851
14442,-0.2836451232433319,0.0,0.0,0.6600127816200256
14443,-0.3857831656932831,0.0,0.0,0.10447582602500916
14444,-0.47799816727638245,0.0,0.0,-0.6725196838378906
14445,0.9553278684616089,0.0,0.0,-0.6403118968009949
14446,-1.1346415281295776,0.0,0.0,0.25236251950263977
14447,-1.1346415281295776,0.0,0.0,0.25236251950263977
14448,-1.1346415281295776,0.0,0.0,0.25236251950263977
14449,1.6330819129943848,0.0,0.0,-0.5054921507835388
14450,1.6330819129943848,0.0,0.0,-0.5054921507835388
14451,-1.1346415281295776,0.0,0.0,0.25236251950263977
14452,0.30950790643692017,0.0,0.0,-0.7023927569389343
14453,-1.2449116706848145,0.0,0.0,0.1463260054588318
14454,-1.2434234619140625,0.0,0.0,0.21294207870960236
14455,-1.1346415281295776,0.0,0.0,0.25236251950263977
14456,0.0779951736330986,0.0,0.0,-0.282452255487442
14457,-1.098771572113037,0.0,0.0,0.22483199834823608
14458,-1.0894562005996704,0.0,0.0,0.281647652387619
14459,-0.30471423268318176,0.0,0.0,0.12620329856872559
14460,0.22825004160404205,0.0,0.0,-0.6735522747039795
14461,-1.1346415281295776,0.0,0.0,0.25236251950263977
14462,-1.0848164558410645,0.0,0.0,0.22483199834823608
14463,-0.4466076195240021,0.0,0.0,-0.22623080015182495
14464,1.6330819129943848,0.0,0.0,-0.5054921507835388
14465,-1.0951600074768066,0.0,0.0,0.27339670062065125
14466,-1.2001445293426514,0.0,0.0,0.3562031686306
14467,0.05076299235224724,0.0,0.0,-0.6718842387199402
14468,0.045800190418958664,0.0,0.0,-0.7097111344337463
14469,-1.2357077598571777,0.0,0.0,0.2441115379333496
14470,1.6330819129943848,0.0,0.0,-0.5054921507835388
14471,-1.1346415281295776,0.0,0.0,0.25236251950263977
14472,-1.2187182903289795,0.0,0.0,0.24910584092140198
14473,-0.36698463559150696,0.0,0.0,0.23617325723171234
14474,-0.4469819962978363,0.0,0.0,0.27766451239585876
14475,0.5799546837806702,0.0,0.0,-0.6842907071113586
14476,-0.40311160683631897,0.0,0.0,-0.6848880052566528
14477,-1.230003833770752,0.0,0.0,0.25236251950263977
14478,-0.3441303074359894,0.0,0.0,0.2400999814271927
14479,-1.1346415281295776,0.0,0.0,0.25236251950263977
14480,-1.2208579778671265,0.0,0.0,0.25559064745903015
14481,1.6330819129943848,0.0,0.0,-0.5054921507835388
14482,-0.4466076195240021,0.0,0.0,-0.22623080015182495
14483,-1.1346415281295776,0.0,0.0,0.25236251950263977
14484,-1.1346415281295776,0.0,0.0,0.25236251950263977
14485,0.05076299235224724,0.0,0.0,-0.6718842387199402
14486,-0.33519813418388367,0.0,0.0,-0.677986204624176
14487,-1.1439567804336548,0.0,0.0,0.19554680585861206
14488,-1.1346415281295776,0.0,0.0,0.25236251950263977
14489,-0.3577660620212555,0.0,0.0,-0.22623080015182495
14490,0.5555229783058167,0.0,0.0,-0.6533657312393188
14491,0.049278225749731064,0.0,0.0,-0.6664178371429443
14492,-0.28854840993881226,0.0,0.0,0.6257140636444092
14493,-1.1439567804336548,0.0,0.0,0.19554680585861206
14494,0.3408958613872528,0.0,0.0,-0.6606037616729736
14495,-1.1346415281295776,0.0,0.0,0.25236251950263977
14496,0.045800190418958664,0.0,0.0,-0.7097111344337463
14497,-1.1346415281295776,0.0,0.0,0.25236251950263977
14498,-0.9752542972564697,0.0,0.0,0.2786378562450409
14499,-1.1346415281295776,0.0,0.0,0.25236251950263977
14500,-1.1346415281295776,0.0,0.0,0.25236251950263977
14501,0.27159956097602844,0.0,0.0,-0.6666504740715027
14502,1.1447579860687256,0.0,0.0,-0.6011092066764832
14503,-1.1346415281295776,0.0,0.0,0.25236251950263977
14504,-1.1346415281295776,0.0,0.0,0.25236251950263977
14505,-0.2542479336261749,0.0,0.0,0.7680962085723877
14506,-1.174183964729309,0.0,0.0,0.25236251950263977
14507,-1.1346415281295776,0.0,0.0,0.25236251950263977
14508,-1.1346415281295776,0.0,0.0,0.25236251950263977
14509,-0.47799816727638245,0.0,0.0,-0.6725196838378906
14510,-0.27883318066596985,0.0,0.0,0.7668402194976807
14511,-1.1346415281295776,0.0,0.0,0.25236251950263977
14512,0.5916926264762878,0.0,0.0,-0.638083815574646
14513,0.25615987181663513,0.0,0.0,-0.6611839532852173
14514,0.3113158345222473,0.0,0.0,-0.629012405872345
14515,-0.3717209994792938,0.0,0.0,-0.22623080015182495
14516,0.17330299317836761,0.0,0.0,0.13458755612373352
14517,1.5494251251220703,0.0,0.0,-0.5592182278633118
14518,-0.3192831873893738,0.0,0.0,0.48898977041244507
14519,-0.44337061047554016,0.0,0.0,0.3262293040752411
14520,-0.3441303074359894,0.0,0.0,0.2400999814271927
14521,-1.1043641567230225,0.0,0.0,0.175611212849617
14522,0.22825004160404205,0.0,0.0,-0.6611839532852173
14523,-0.27883318066596985,0.0,0.0,0.7668402194976807
14524,-1.1346415281295776,0.0,0.0,0.25236251950263977
14525,-0.38960298895835876,0.0,0.0,-0.6900100111961365
14526,-1.1346415281295776,0.0,0.0,0.25236251950263977
14527,-1.1346415281295776,0.0,0.0,0.25236251950263977
14528,0.26663675904273987,0.0,0.0,-0.7044773697853088
14529,1.1168763637542725,0.0,0.0,-0.6011092066764832
14530,1.234734296798706,0.0,0.0,-0.553702175617218
14531,0.2576446235179901,0.0,0.0,-0.6666504740715027
14532,-0.3613920509815216,0.0,0.0,0.28539398312568665
14533,1.6330819129943848,0.0,0.0,-0.5054921507835388
14534,-0.4466076195240021,0.0,0.0,-0.22623080015182495
14535,-1.230003833770752,0.0,0.0,0.25236251950263977
14536,-0.9844583868980408,0.0,0.0,0.18085242807865143
14537,-0.40311160683631897,0.0,0.0,-0.6848880052566528
14538,-0.40311160683631897,0.0,0.0,-0.6848880052566528
14539,-0.47799816727638245,0.0,0.0,-0.6725196838378906
14540,1.2317025661468506,0.0,0.0,-0.5903691649436951
14541,-1.1403454542160034,0.0,0.0,0.2441115379333496
14542,-1.098771572113037,0.0,0.0,0.22483199834823608
14543,-1.1346415281295776,0.0,0.0,0.25236251950263977
14544,-1.1346415281295776,0.0,0.0,0.25236251950263977
14545,0.284069687128067,0.0,0.0,-0.6735522747039795
14546,-1.0812050104141235,0.0,0.0,0.27339670062065125
14547,-1.1346415281295776,0.0,0.0,0.25236251950263977
14548,-1.1346415281295776,0.0,0.0,0.25236251950263977
14549,-1.1346415281295776,0.0,0.0,0.25236251950263977
14550,1.6330819129943848,0.0,0.0,-0.5054921507835388
14551,-1.1346415281295776,0.0,0.0,0.25236251950263977
14552,1.6450324058532715,0.0,0.0,-0.0716920793056488
14553,0.5570077300071716,0.0,0.0,-0.6464638113975525
14554,-0.2542479336261749,0.0,0.0,0.7680962085723877
14555,-0.27883318066596985,0.0,0.0,0.7668402194976807
14556,1.6315971612930298,0.0,0.0,-0.5000258684158325
14557,0.22780372202396393,0.0,0.0,-0.6786742806434631
14558,1.6330819129943848,0.0,0.0,-0.5054921507835388
14559,1.120354413986206,0.0,0.0,-0.559320330619812
14560,1.6330819129943848,0.0,0.0,-0.5054921507835388
14561,0.3113158345222473,0.0,0.0,-0.629012405872345
14562,0.7223871946334839,0.0,0.0,0.582137405872345
14563,1.6330819129943848,0.0,0.0,-0.5054921507835388
14564,-0.2542479336261749,0.0,0.0,0.7680962085723877
14565,0.049278225749731064,0.0,0.0,-0.624198853969574
14566,-1.1346415281295776,0.0,0.0,0.25236251950263977
14567,1.6330819129943848,0.0,0.0,-0.5054921507835388
14568,-1.239319086074829,0.0,0.0,0.19554680585861206
14569,0.05076299235224724,0.0,0.0,-0.6718842387199402
14570,1.6281191110610962,0.0,0.0,-0.5541829466819763
14571,0.3623298406600952,0.0,0.0,0.11581145226955414
14572,-0.28854840993881226,0.0,0.0,0.6257140636444092
14573,-0.2542479336261749,0.0,0.0,0.7680962085723877
14574,-1.0894562005996704,0.0,0.0,0.281647652387619
14575,1.6330819129943848,0.0,0.0,-0.5054921507835388
14576,0.2875504195690155,0.0,0.0,-0.21489517390727997
14577,-1.1346415281295776,0.0,0.0,0.25236251950263977
14578,-0.30471423268318176,0.0,0.0,0.12620329856872559
14579,-1.1403454542160034,0.0,0.0,0.2441115379333496
14580,1.6315971612930298,0.0,0.0,-0.45780688524246216
14581,1.6330819129943848,0.0,0.0,-0.5054921507835388
14582,-0.2836451232433319,0.0,0.0,0.6600127816200256
14583,-0.33976754546165466,0.0,0.0,0.7592035531997681
14584,1.6330819129943848,0.0,0.0,-0.5054921507835388
14585,0.9805997610092163,0.0,0.0,-0.2091120034456253
14586,-0.4469819962978363,0.0,0.0,0.27766451239585876
14587,1.5494251251220703,0.0,0.0,-0.5592182278633118
14588,-1.1346415281295776,0.0,0.0,0.25236251950263977
14589,1.6330819129943848,0.0,0.0,-0.5054921507835388
14590,1.6281191110610962,0.0,0.0,-0.543319046497345
14591,-0.27883318066596985,0.0,0.0,0.7668402194976807
14592,-1.0894562005996704,0.0,0.0,0.3095575273036957
14593,-0.27883318066596985,0.0,0.0,0.7668402194976807
14594,0.3443765640258789,0.0,0.0,-0.20194660127162933
14595,1.6330819129943848,0.0,0.0,-0.5054921507835388
14596,-1.1346415281295776,0.0,0.0,0.25236251950263977
14597,-0.2542479336261749,0.0,0.0,0.7680962085723877
14598,-0.21366171538829803,0.0,0.0,0.6257140636444092
14599,1.6330819129943848,0.0,0.0,-0.5054921507835388
14600,-1.0951600074768066,0.0,0.0,0.27339670062065125
14601,-0.3613920509815216,0.0,0.0,0.28539398312568665
14602,-0.2542479336261749,0.0,0.0,0.7680962085723877
14603,-1.1346415281295776,0.0,0.0,0.25236251950263977
14604,1.6315971612930298,0.0,0.0,-0.45780688524246216
14605,1.6330819129943848,0.0,0.0,-0.5054921507835388
14606,0.20799316465854645,0.0,0.0,0.49509161710739136
14607,1.6330819129943848,0.0,0.0,-0.5054921507835388
14608,-0.5174753069877625,0.0,0.0,0.47020071744918823
14609,-0.4843387007713318,0.0,0.0,-0.6986148953437805
14610,-0.5755208730697632,0.0,0.0,-2.2201943397521973
14611,1.3740086555480957,0.0,0.0,-1.915306806564331
14612,-2.2669920921325684,0.0,0.0,1.1764730215072632
14613,-2.259202241897583,0.0,0.0,1.1764730215072632
14614,-1.814995527267456,0.0,0.0,1.1096712350845337
14615,2.4376893043518066,0.0,0.0,-1.626436710357666
14616,2.4376893043518066,0.0,0.0,-1.626436710357666
14617,-2.548454523086548,0.0,0.0,1.0009289979934692
14618,1.1818952560424805,0.0,0.0,-1.915306806564331
14619,-2.664785623550415,0.0,0.0,0.3707183599472046
14620,-2.664785623550415,0.0,0.0,0.3707183599472046
14621,-1.7946162223815918,0.0,0.0,1.1764730215072632
14622,0.18491598963737488,0.0,0.0,-2.20198392868042
14623,-2.0813300609588623,0.0,0.0,0.7473499178886414
14624,-1.9848474264144897,0.0,0.0,0.8009980320930481
14625,-0.1952551007270813,0.0,0.0,-0.365268349647522
14626,1.0011929273605347,0.0,0.0,-2.049110174179077
14627,-1.7946162223815918,0.0,0.0,1.1764730215072632
14628,-2.0813300609588623,0.0,0.0,0.7473499178886414
14629,-0.5521166324615479,0.0,0.0,-1.0469474792480469
14630,2.3119137287139893,0.0,0.0,-1.651240587234497
14631,-1.9848474264144897,0.0,0.0,0.8746225237846375
14632,-2.664785623550415,0.0,0.0,0.3707183599472046
14633,0.18491598963737488,0.0,0.0,-1.8372677564620972
14634,0.18491598963737488,0.0,0.0,-2.0156803131103516
14635,-2.2589550018310547,0.0,0.0,0.7832417488098145
14636,2.4376893043518066,0.0,0.0,-1.626436710357666
14637,-1.7946162223815918,0.0,0.0,1.1764730215072632
14638,-1.9941831827163696,0.0,0.0,0.8650062680244446
14639,-1.6987314224243164,0.0,0.0,0.4751720428466797
14640,-1.7359387874603271,0.0,0.0,0.6794107556343079
14641,1.1818952560424805,0.0,0.0,-1.915306806564331
14642,-0.47942066192626953,0.0,0.0,-2.2283928394317627
14643,-2.548454523086548,0.0,0.0,0.9233851432800293
14644,-1.568211555480957,0.0,0.0,0.4751720428466797
14645,-1.8303837776184082,0.0,0.0,0.8713088631629944
14646,-1.9941831827163696,0.0,0.0,0.8232724070549011
14647,2.4376893043518066,0.0,0.0,-1.626436710357666
14648,-0.5521166324615479,0.0,0.0,-1.0469474792480469
14649,-2.332798957824707,0.0,0.0,1.1764730215072632
14650,-1.814995527267456,0.0,0.0,1.0756008625030518
14651,0.18491598963737488,0.0,0.0,-1.8372677564620972
14652,-0.3639332056045532,0.0,0.0,-1.8554778099060059
14653,-2.3358395099639893,0.0,0.0,0.6827545762062073
14654,-1.7946162223815918,0.0,0.0,1.1764730215072632
14655,-0.20479637384414673,0.0,0.0,-0.6986148953437805
14656,1.1818952560424805,0.0,0.0,-2.109809398651123
14657,0.15104851126670837,0.0,0.0,-2.20198392868042
14658,-0.4695811867713928,0.0,0.0,0.47020071744918823
14659,-2.3358395099639893,0.0,0.0,0.6966164112091064
14660,1.1818952560424805,0.0,0.0,-2.109809398651123
14661,-1.814995527267456,0.0,0.0,1.0756008625030518
14662,0.15104851126670837,0.0,0.0,-2.0156803131103516
14663,-1.7946162223815918,0.0,0.0,1.1764730215072632
14664,-1.7720856666564941,0.0,0.0,0.7605807781219482
14665,-1.7946162223815918,0.0,0.0,1.1764730215072632
14666,-1.8303837776184082,0.0,0.0,0.8713088631629944
14667,0.8731987476348877,0.0,0.0,-1.7729417085647583
14668,1.5249379873275757,0.0,0.0,-1.9010345935821533
14669,-2.3357086181640625,0.0,0.0,0.8100273013114929
14670,-1.7946162223815918,0.0,0.0,1.1764730215072632
14671,-0.7636041641235352,0.0,0.0,0.5006444454193115
14672,-2.5330662727355957,0.0,0.0,1.1096712350845337
14673,-1.8711225986480713,0.0,0.0,0.7364028096199036
14674,-1.814995527267456,0.0,0.0,1.1096712350845337
14675,-0.6668792963027954,0.0,0.0,-2.2201943397521973
14676,-0.7373135089874268,0.0,0.0,0.5006444454193115
14677,-1.7946162223815918,0.0,0.0,1.1764730215072632
14678,1.3740086555480957,0.0,0.0,-2.1016104221343994
14679,0.9224857091903687,0.0,0.0,-2.155329465866089
14680,1.1818952560424805,0.0,0.0,-1.915306806564331
14681,-0.429740309715271,0.0,0.0,-2.2201943397521973
14682,0.3535943329334259,0.0,0.0,-0.34705811738967896
14683,1.945367455482483,0.0,0.0,-1.7781264781951904
14684,-0.47479742765426636,0.0,0.0,-0.365268349647522
14685,-1.7213945388793945,0.0,0.0,0.7872084379196167
14686,-1.2088176012039185,0.0,0.0,0.49332159757614136
14687,-2.060438632965088,0.0,0.0,0.4353135824203491
14688,1.0011929273605347,0.0,0.0,-2.150197744369507
14689,-0.7373135089874268,0.0,0.0,0.5006444454193115
14690,-1.7946162223815918,0.0,0.0,1.1764730215072632
14691,-0.3639332056045532,0.0,0.0,-1.8554778099060059
14692,-1.7946162223815918,0.0,0.0,1.1764730215072632
14693,-2.3434982299804688,0.0,0.0,0.8100273013114929
14694,0.800700306892395,0.0,0.0,-1.969025731086731
14695,1.5249379873275757,0.0,0.0,-1.9010345935821533
14696,1.5249379873275757,0.0,0.0,-1.7226221561431885
14697,0.9224857091903687,0.0,0.0,-1.7906132936477661
14698,-1.6694457530975342,0.0,0.0,0.6794107556343079
14699,2.4376893043518066,0.0,0.0,-1.626436710357666
14700,-0.5521166324615479,0.0,0.0,-1.0469474792480469
14701,-2.495272636413574,0.0,0.0,0.8713088631629944
14702,-2.06707501411438,0.0,0.0,0.44818687438964844
14703,-0.429740309715271,0.0,0.0,-2.186866283416748
14704,-0.429740309715271,0.0,0.0,-2.186866283416748
14705,-0.6668792963027954,0.0,0.0,-2.2201943397521973
14706,1.6169230937957764,0.0,0.0,-1.8215818405151367
14707,-2.606588125228882,0.0,0.0,0.6160158514976501
14708,-2.0813300609588623,0.0,0.0,0.7473499178886414
14709,-1.7946162223815918,0.0,0.0,1.1764730215072632
14710,-2.5330662727355957,0.0,0.0,1.1096712350845337
14711,0.8731987476348877,0.0,0.0,-2.1043295860290527
14712,-2.066962480545044,0.0,0.0,0.6806110739707947
14713,-1.7946162223815918,0.0,0.0,1.1764730215072632
14714,-1.7946162223815918,0.0,0.0,1.1764730215072632
14715,-1.7946162223815918,0.0,0.0,1.1764730215072632
14716,2.4376893043518066,0.0,0.0,-1.626436710357666
14717,-2.548454523086548,0.0,0.0,1.0009289979934692
14718,2.3754403591156006,0.0,0.0,-1.084051489830017
14719,1.1818952560424805,0.0,0.0,-1.7368943691253662
14720,-0.7373135089874268,0.0,0.0,0.5006444454193115
14721,-0.4695811867713928,0.0,0.0,0.5006444454193115
14722,2.4376893043518066,0.0,0.0,-1.957824468612671
14723,1.0011929273605347,0.0,0.0,-1.7854814529418945
14724,2.4376893043518066,0.0,0.0,-1.626436710357666
14725,1.5249379873275757,0.0,0.0,-1.9862505197525024
14726,2.4376893043518066,0.0,0.0,-1.626436710357666
14727,1.1818952560424805,0.0,0.0,-1.915306806564331
14728,1.3557900190353394,0.0,0.0,0.3751065731048584
14729,2.4376893043518066,0.0,0.0,-1.626436710357666
14730,-0.7636041641235352,0.0,0.0,0.5006444454193115
14731,0.15104851126670837,0.0,0.0,-2.2101826667785645
14732,-1.7946162223815918,0.0,0.0,1.1764730215072632
14733,2.4376893043518066,0.0,0.0,-1.626436710357666
14734,-2.0259451866149902,0.0,0.0,0.7515953779220581
14735,0.15104851126670837,0.0,0.0,-1.8372677564620972
14736,2.4376893043518066,0.0,0.0,-1.626436710357666
14737,1.0816227197647095,0.0,0.0,-0.6337503790855408
14738,-0.4695811867713928,0.0,0.0,0.5087106823921204
14739,-0.7636041641235352,0.0,0.0,0.5006444454193115
14740,-1.9441083669662476,0.0,0.0,0.9879803657531738
14741,2.4376893043518066,0.0,0.0,-1.626436710357666
14742,1.0798004865646362,0.0,0.0,-0.9769511222839355
14743,-1.7946162223815918,0.0,0.0,1.1764730215072632
14744,-0.31074243783950806,0.0,0.0,-0.365268349647522
14745,-1.880944013595581,0.0,0.0,0.8166194558143616
14746,1.945367455482483,0.0,0.0,-2.086359739303589
14747,2.4376893043518066,0.0,0.0,-1.626436710357666
14748,-0.4695811867713928,0.0,0.0,0.47020071744918823
14749,-1.6987314224243164,0.0,0.0,0.4751720428466797
14750,2.4376893043518066,0.0,0.0,-1.626436710357666
14751,1.3740086555480957,0.0,0.0,-2.1016104221343994
14752,-1.7213945388793945,0.0,0.0,0.8752850294113159
14753,1.945367455482483,0.0,0.0,-1.7781264781951904
14754,-2.2949697971343994,0.0,0.0,1.0009289979934692
14755,2.3119137287139893,0.0,0.0,-1.651240587234497
14756,2.3119137287139893,0.0,0.0,-1.829653024673462
14757,-0.5174753069877625,0.0,0.0,0.5006444454193115
14758,-1.9454931020736694,0.0,0.0,0.8746225237846375
14759,-0.4695811867713928,0.0,0.0,0.5006444454193115
14760,1.2698090076446533,0.0,0.0,-1.0322331190109253
14761,2.4376893043518066,0.0,0.0,-1.626436710357666
14762,-2.548454523086548,0.0,0.0,1.0009289979934692
14763,-0.7636041641235352,0.0,0.0,0.5006444454193115
14764,-0.25584593415260315,0.0,0.0,0.5087106823921204
14765,2.4376893043518066,0.0,0.0,-1.626436710357666
14766,-2.066962480545044,0.0,0.0,0.6806110739707947
14767,-1.6694457530975342,0.0,0.0,0.7209029793739319
14768,-1.2088176012039185,0.0,0.0,0.49332159757614136
14769,-1.7946162223815918,0.0,0.0,1.1764730215072632
14770,2.4376893043518066,0.0,0.0,-1.8048491477966309
14771,2.4376893043518066,0.0,0.0,-1.626436710357666
14772,-0.1952551007270813,0.0,0.0,-0.365268349647522
14773,2.4376893043518066,0.0,0.0,-1.626436710357666
14774,-0.3059816360473633,0.0,0.0,0.6474670171737671
14775,-0.5328722596168518,0.0,0.0,-1.6226003170013428
14776,-0.5504130125045776,0.0,0.0,-2.528345823287964
14777,1.5204850435256958,0.0,0.0,-3.0362489223480225
14778,-3.553372383117676,0.0,0.0,2.0123603343963623
14779,-3.553372383117676,0.0,0.0,2.0123603343963623
14780,-2.79353666305542,0.0,0.0,1.883927583694458
14781,2.8256282806396484,0.0,0.0,-2.3105125427246094
14782,2.8256282806396484,0.0,0.0,-2.3105125427246094
14783,-3.1676816940307617,0.0,0.0,2.0584213733673096
14784,1.4278241395950317,0.0,0.0,-3.055248498916626
14785,-3.6501522064208984,0.0,0.0,0.6854310035705566
14786,-3.6501522064208984,0.0,0.0,0.6854310035705566
14787,-2.7602458000183105,0.0,0.0,2.0123603343963623
14788,1.4703986644744873,0.0,0.0,-2.4559128284454346
14789,-2.215088367462158,0.0,0.0,0.9829691052436829
14790,-2.848458766937256,0.0,0.0,1.323777437210083
14791,0.05249697342514992,0.0,0.0,-0.35076045989990234
14792,1.4101842641830444,0.0,0.0,-2.5855565071105957
14793,-2.7602458000183105,0.0,0.0,2.0123603343963623
14794,-2.215088367462158,0.0,0.0,0.9829691052436829
14795,-0.5328722596168518,0.0,0.0,-1.6226003170013428
14796,2.8256282806396484,0.0,0.0,-2.3105125427246094
14797,-2.4025893211364746,0.0,0.0,1.4178555011749268
14798,-3.6501522064208984,0.0,0.0,0.6854310035705566
14799,1.3192166090011597,0.0,0.0,-2.521134614944458
14800,1.3192166090011597,0.0,0.0,-3.072018623352051
14801,-3.6501522064208984,0.0,0.0,1.406936526298523
14802,2.8256282806396484,0.0,0.0,-2.3105125427246094
14803,-2.7602458000183105,0.0,0.0,2.0123603343963623
14804,-3.390578269958496,0.0,0.0,1.4047921895980835
14805,-1.0774521827697754,0.0,0.0,0.7949575781822205
14806,-1.7831380367279053,0.0,0.0,0.8091940879821777
14807,1.5204850435256958,0.0,0.0,-3.0362489223480225
14808,-0.12230192124843597,0.0,0.0,-2.674759864807129
14809,-3.6299004554748535,0.0,0.0,1.29906165599823
14810,-0.3016408085823059,0.0,0.0,0.8848022818565369
14811,-2.79353666305542,0.0,0.0,1.6389662027359009
14812,-3.6299004554748535,0.0,0.0,1.29906165599823
14813,2.8256282806396484,0.0,0.0,-2.3105125427246094
14814,-0.5328722596168518,0.0,0.0,-1.6226003170013428
14815,-3.553372383117676,0.0,0.0,2.0123603343963623
14816,-2.79353666305542,0.0,0.0,1.883927583694458
14817,1.3192166090011597,0.0,0.0,-2.521134614944458
14818,0.24102608859539032,0.0,0.0,-2.7212488651275635
14819,-3.4993996620178223,0.0,0.0,0.9036447405815125
14820,-2.7602458000183105,0.0,0.0,2.0123603343963623
14821,-0.10476122796535492,0.0,0.0,-1.6226003170013428
14822,1.6087746620178223,0.0,0.0,-2.4860687255859375
14823,1.3396110534667969,0.0,0.0,-2.4751203060150146
14824,-0.3397449254989624,0.0,0.0,0.2814188301563263
14825,-3.4993996620178223,0.0,0.0,0.7298698425292969
14826,1.516113519668579,0.0,0.0,-2.505068302154541
14827,-2.79353666305542,0.0,0.0,1.883927583694458
14828,1.2655385732650757,0.0,0.0,-3.09122633934021
14829,-2.7602458000183105,0.0,0.0,2.0123603343963623
14830,-2.1948366165161133,0.0,0.0,1.513328194618225
14831,-2.7602458000183105,0.0,0.0,2.0123603343963623
14832,-2.79353666305542,0.0,0.0,1.6389662027359009
14833,1.2044812440872192,0.0,0.0,-2.504364490509033
14834,1.9588228464126587,0.0,0.0,-2.9823708534240723
14835,-3.622089385986328,0.0,0.0,1.3411301374435425
14836,-2.7602458000183105,0.0,0.0,2.0123603343963623
14837,-0.3059816360473633,0.0,0.0,0.8848022818565369
14838,-3.5944743156433105,0.0,0.0,1.9385361671447754
14839,-2.828962802886963,0.0,0.0,1.244452953338623
14840,-2.79353666305542,0.0,0.0,1.883927583694458
14841,-0.5504130125045776,0.0,0.0,-2.528345823287964
14842,-0.3059816360473633,0.0,0.0,0.6474670171737671
14843,-2.7602458000183105,0.0,0.0,2.0123603343963623
14844,1.594557523727417,0.0,0.0,-2.4201431274414062
14845,1.2785534858703613,0.0,0.0,-2.4391427040100098
14846,1.5027002096176147,0.0,0.0,-2.589803695678711
14847,-0.12230192124843597,0.0,0.0,-2.528345823287964
14848,1.5680876970291138,0.0,0.0,-0.27832716703414917
14849,2.8256282806396484,0.0,0.0,-2.4381935596466064
14850,-0.3756139874458313,0.0,0.0,-0.1384056806564331
14851,-1.7831380367279053,0.0,0.0,0.9829691052436829
14852,-0.3016408085823059,0.0,0.0,0.8848022818565369
14853,-2.868710517883301,0.0,0.0,0.7101468443870544
14854,1.4101842641830444,0.0,0.0,-2.4391427040100098
14855,-0.3059816360473633,0.0,0.0,0.8848022818565369
14856,-2.7602458000183105,0.0,0.0,2.0123603343963623
14857,0.24102608859539032,0.0,0.0,-2.7212488651275635
14858,-2.7602458000183105,0.0,0.0,2.0123603343963623
14859,-3.622089385986328,0.0,0.0,1.244452953338623
14860,1.2044812440872192,0.0,0.0,-3.055248498916626
14861,1.9588228464126587,0.0,0.0,-2.9823708534240723
14862,1.9588228464126587,0.0,0.0,-2.5591681003570557
14863,1.2044812440872192,0.0,0.0,-2.504364490509033
14864,-1.2077560424804688,0.0,0.0,0.8940048217773438
14865,2.8256282806396484,0.0,0.0,-2.3105125427246094
14866,-0.5328722596168518,0.0,0.0,-1.6226003170013428
14867,-3.5944743156433105,0.0,0.0,1.6935747861862183
14868,-2.215088367462158,0.0,0.0,0.7101468443870544
14869,-0.12230192124843597,0.0,0.0,-2.528345823287964
14870,-0.12230192124843597,0.0,0.0,-2.528345823287964
14871,-0.5504130125045776,0.0,0.0,-2.528345823287964
14872,2.4393796920776367,0.0,0.0,-2.9471869468688965
14873,-3.498591899871826,0.0,0.0,1.3385310173034668
14874,-2.4228410720825195,0.0,0.0,0.9829691052436829
14875,-2.7602458000183105,0.0,0.0,2.0123603343963623
14876,-3.463165760040283,0.0,0.0,1.883927583694458
14877,1.2785534858703613,0.0,0.0,-2.4391427040100098
14878,-2.1948366165161133,0.0,0.0,1.4178555011749268
14879,-2.7602458000183105,0.0,0.0,2.0123603343963623
14880,-2.7602458000183105,0.0,0.0,2.0123603343963623
14881,-2.7602458000183105,0.0,0.0,2.0123603343963623
14882,2.8256282806396484,0.0,0.0,-2.3105125427246094
14883,-3.1676816940307617,0.0,0.0,2.0584213733673096
14884,2.9172415733337402,0.0,0.0,-1.4430888891220093
14885,1.5204850435256958,0.0,0.0,-2.4853649139404297
14886,-0.3059816360473633,0.0,0.0,0.8848022818565369
14887,-0.3059816360473633,0.0,0.0,0.6474670171737671
14888,2.899700880050659,0.0,0.0,-2.245290517807007
14889,1.66023850440979,0.0,0.0,-2.6320455074310303
14890,2.8256282806396484,0.0,0.0,-2.4381935596466064
14891,2.032895088195801,0.0,0.0,-2.366265058517456
14892,2.8256282806396484,0.0,0.0,-2.3105125427246094
14893,1.6129063367843628,0.0,0.0,-2.589803695678711
14894,1.712564468383789,0.0,0.0,0.1896049678325653
14895,2.8256282806396484,0.0,0.0,-2.3105125427246094
14896,-0.18556123971939087,0.0,0.0,0.8848022818565369
14897,1.484615683555603,0.0,0.0,-2.4082119464874268
14898,-2.7602458000183105,0.0,0.0,2.0123603343963623
14899,2.8256282806396484,0.0,0.0,-2.3105125427246094
14900,-3.6501522064208984,0.0,0.0,0.7844782471656799
14901,1.2655385732650757,0.0,0.0,-2.540342330932617
14902,2.8256282806396484,0.0,0.0,-2.4381935596466064
14903,1.296094298362732,0.0,0.0,-1.5333969593048096
14904,-0.3397449254989624,0.0,0.0,0.10040154308080673
14905,-0.18556123971939087,0.0,0.0,0.8848022818565369
14906,-2.3671631813049316,0.0,0.0,1.7182905673980713
14907,2.8256282806396484,0.0,0.0,-2.3105125427246094
14908,1.4277251958847046,0.0,0.0,-1.5333969593048096
14909,-2.7602458000183105,0.0,0.0,2.0123603343963623
14910,0.05249697342514992,0.0,0.0,-0.35076045989990234
14911,-2.8492140769958496,0.0,0.0,1.3523280620574951
14912,2.9005045890808105,0.0,0.0,-2.3177499771118164
14913,2.8256282806396484,0.0,0.0,-2.3105125427246094
14914,-0.3059816360473633,0.0,0.0,0.6474670171737671
14915,-0.3016408085823059,0.0,0.0,0.8848022818565369
14916,2.8256282806396484,0.0,0.0,-2.3105125427246094
14917,1.594557523727417,0.0,0.0,-2.4201431274414062
14918,-1.7831380367279053,0.0,0.0,0.9829691052436829
14919,2.8256282806396484,0.0,0.0,-2.4381935596466064
14920,-3.586663246154785,0.0,0.0,1.9830894470214844
14921,2.8256282806396484,0.0,0.0,-2.4381935596466064
14922,2.8256282806396484,0.0,0.0,-2.861396551132202
14923,-0.3059816360473633,0.0,0.0,0.8848022818565369
14924,-2.848458766937256,0.0,0.0,1.509635329246521
14925,-0.3059816360473633,0.0,0.0,0.6474670171737671
14926,1.629643440246582,0.0,0.0,-1.5333969593048096
14927,2.8256282806396484,0.0,0.0,-2.3105125427246094
14928,-3.1676816940307617,0.0,0.0,2.0584213733673096
14929,-0.18556123971939087,0.0,0.0,0.8848022818565369
14930,0.08836603909730911,0.0,0.0,0.2814188301563263
14931,2.8256282806396484,0.0,0.0,-2.3105125427246094
14932,-2.1948366165161133,0.0,0.0,1.513328194618225
14933,-1.2077560424804688,0.0,0.0,0.8940048217773438
14934,-0.18556123971939087,0.0,0.0,0.8848022818565369
14935,-2.7602458000183105,0.0,0.0,2.0123603343963623
14936,2.9005045890808105,0.0,0.0,-2.3177499771118164
14937,2.8256282806396484,0.0,0.0,-2.3105125427246094
14938,1.5144097805023193,0.0,0.0,-0.08518017083406448
14939,2.8256282806396484,0.0,0.0,-2.3105125427246094
14940,-0.04292319342494011,0.0,0.0,0.004157826770097017
14941,-0.04292319342494011,0.0,0.0,0.004157826770097017
14942,-0.04292319342494011,0.0,0.0,0.004157826770097017
14943,0.12254935503005981,0.0,0.0,0.0076900869607925415
14944,-0.09722716361284256,0.0,0.0,-0.01145103294402361
14945,-0.09722716361284256,0.0,0.0,-0.01145103294402361
14946,-0.09722716361284256,0.0,0.0,-0.01145103294402361
14947,0.15151846408843994,0.0,0.0,0.0076900869607925415
14948,0.15151846408843994,0.0,0.0,0.0076900869607925415
14949,-0.09722716361284256,0.0,0.0,-0.01145103294402361
14950,0.05408037081360817,0.0,0.0,0.0076900869607925415
14951,-0.09722716361284256,0.0,0.0,-0.005966387689113617
14952,-0.09722716361284256,0.0,0.0,-0.005966387689113617
14953,-0.09722716361284256,0.0,0.0,-0.01145103294402361
14954,-0.038965243846178055,0.0,0.0,0.004157826770097017
14955,-0.08957112580537796,0.0,0.0,-0.008858667686581612
14956,-0.09374683350324631,0.0,0.0,-0.01145103294402361
14957,-0.04292319342494011,0.0,0.0,0.004157826770097017
14958,-0.0064770872704684734,0.0,0.0,0.0076900869607925415
14959,-0.09722716361284256,0.0,0.0,-0.01145103294402361
14960,-0.08957112580537796,0.0,0.0,-0.008858667686581612
14961,-0.04292319342494011,0.0,0.0,0.004157826770097017
14962,0.15151846408843994,0.0,0.0,0.0076900869607925415
14963,-0.08957112580537796,0.0,0.0,-0.01145103294402361
14964,-0.09722716361284256,0.0,0.0,-0.003254886018112302
14965,-0.038965243846178055,0.0,0.0,0.0076900869607925415
14966,-0.03235258162021637,0.0,0.0,0.0076900869607925415
14967,-0.09722716361284256,0.0,0.0,-0.01145103294402361
14968,0.15151846408843994,0.0,0.0,0.0076900869607925415
14969,-0.09722716361284256,0.0,0.0,-0.01145103294402361
14970,-0.09722716361284256,0.0,0.0,-0.01145103294402361
14971,-0.07274798303842545,0.0,0.0,-0.005966387689113617
14972,-0.08372899144887924,0.0,0.0,-0.005966387689113617
14973,0.08422621339559555,0.0,0.0,0.0076900869607925415
14974,-0.04292319342494011,0.0,0.0,0.0076900869607925415
14975,-0.09722716361284256,0.0,0.0,-0.01145103294402361
14976,-0.050339195877313614,0.0,0.0,-0.005966387689113617
14977,-0.09722716361284256,0.0,0.0,-0.01145103294402361
14978,-0.09722716361284256,0.0,0.0,-0.01145103294402361
14979,0.15151846408843994,0.0,0.0,0.0076900869607925415
14980,-0.04292319342494011,0.0,0.0,0.004157826770097017
14981,-0.09722716361284256,0.0,0.0,-0.01145103294402361
14982,-0.09722716361284256,0.0,0.0,-0.01145103294402361
14983,-0.03495411574840546,0.0,0.0,0.0076900869607925415
14984,-0.04292319342494011,0.0,0.0,0.0076900869607925415
14985,-0.09722716361284256,0.0,0.0,-0.008858667686581612
14986,-0.09722716361284256,0.0,0.0,-0.01145103294402361
14987,-0.04292319342494011,0.0,0.0,0.004157826770097017
14988,0.08422621339559555,0.0,0.0,0.0076900869607925415
14989,-0.038965243846178055,0.0,0.0,0.004157826770097017
14990,-0.04292319342494011,0.0,0.0,0.004157826770097017
14991,-0.09722716361284256,0.0,0.0,-0.005966387689113617
14992,0.057848043739795685,0.0,0.0,0.0076900869607925415
14993,-0.09722716361284256,0.0,0.0,-0.01145103294402361
14994,-0.038965243846178055,0.0,0.0,0.0076900869607925415
14995,-0.09722716361284256,0.0,0.0,-0.01145103294402361
14996,-0.08372899144887924,0.0,0.0,-0.01145103294402361
14997,-0.09722716361284256,0.0,0.0,-0.01145103294402361
14998,-0.09722716361284256,0.0,0.0,-0.01145103294402361
14999,0.006123216822743416,0.0,0.0,0.0076900869607925415
15000,0.13239550590515137,0.0,0.0,0.0076900869607925415
15001,-0.09722716361284256,0.0,0.0,-0.01145103294402361
15002,-0.09722716361284256,0.0,0.0,-0.01145103294402361
15003,-0.04292319342494011,0.0,0.0,0.004157826770097017
15004,-0.09722716361284256,0.0,0.0,-0.01145103294402361
15005,-0.09722716361284256,0.0,0.0,-0.01145103294402361
15006,-0.09722716361284256,0.0,0.0,-0.01145103294402361
15007,-0.04292319342494011,0.0,0.0,0.004157826770097017
15008,-0.04292319342494011,0.0,0.0,0.004157826770097017
15009,-0.09722716361284256,0.0,0.0,-0.01145103294402361
15010,0.08422621339559555,0.0,0.0,0.004157826770097017
15011,-0.000618517748080194,0.0,0.0,0.004157826770097017
15012,0.057848043739795685,0.0,0.0,0.0076900869607925415
15013,-0.04292319342494011,0.0,0.0,0.004157826770097017
15014,-0.03235258162021637,0.0,0.0,0.004157826770097017
15015,0.15151846408843994,0.0,0.0,0.0076900869607925415
15016,-0.04292319342494011,0.0,0.0,0.004157826770097017
15017,-0.08372899144887924,0.0,0.0,-0.01145103294402361
15018,-0.050339195877313614,0.0,0.0,-0.005966387689113617
15019,-0.09722716361284256,0.0,0.0,-0.005966387689113617
15020,-0.0064770872704684734,0.0,0.0,0.004157826770097017
15021,-0.04292319342494011,0.0,0.0,0.004157826770097017
15022,-0.09722716361284256,0.0,0.0,-0.01145103294402361
15023,-0.04292319342494011,0.0,0.0,0.0076900869607925415
15024,-0.09722716361284256,0.0,0.0,-0.01145103294402361
15025,-0.09722716361284256,0.0,0.0,-0.01145103294402361
15026,0.006123216822743416,0.0,0.0,0.0076900869607925415
15027,0.1296464204788208,0.0,0.0,0.0076900869607925415
15028,0.13239550590515137,0.0,0.0,0.0076900869607925415
15029,-0.0064770872704684734,0.0,0.0,0.0076900869607925415
15030,-0.07274798303842545,0.0,0.0,-0.005966387689113617
15031,0.15151846408843994,0.0,0.0,0.0076900869607925415
15032,-0.04292319342494011,0.0,0.0,0.004157826770097017
15033,-0.09722716361284256,0.0,0.0,-0.01145103294402361
15034,-0.08644866198301315,0.0,0.0,-0.005966387689113617
15035,-0.04292319342494011,0.0,0.0,0.004157826770097017
15036,-0.04292319342494011,0.0,0.0,0.004157826770097017
15037,-0.04292319342494011,0.0,0.0,0.004157826770097017
15038,0.13239550590515137,0.0,0.0,0.0076900869607925415
15039,-0.09722716361284256,0.0,0.0,-0.01145103294402361
15040,-0.08957112580537796,0.0,0.0,-0.01145103294402361
15041,-0.09722716361284256,0.0,0.0,-0.01145103294402361
15042,-0.09722716361284256,0.0,0.0,-0.01145103294402361
15043,0.022762645035982132,0.0,0.0,0.004157826770097017
15044,-0.08644866198301315,0.0,0.0,-0.01145103294402361
15045,-0.09722716361284256,0.0,0.0,-0.01145103294402361
15046,-0.09722716361284256,0.0,0.0,-0.01145103294402361
15047,-0.09722716361284256,0.0,0.0,-0.01145103294402361
15048,0.15151846408843994,0.0,0.0,0.0076900869607925415
15049,-0.09722716361284256,0.0,0.0,-0.01145103294402361
15050,0.15151846408843994,0.0,0.0,0.004157826770097017
15051,0.08422621339559555,0.0,0.0,0.0076900869607925415
15052,-0.04292319342494011,0.0,0.0,0.004157826770097017
15053,-0.04292319342494011,0.0,0.0,0.004157826770097017
15054,0.15151846408843994,0.0,0.0,0.004157826770097017
15055,-0.0064770872704684734,0.0,0.0,0.0076900869607925415
15056,0.15151846408843994,0.0,0.0,0.0076900869607925415
15057,0.1296464204788208,0.0,0.0,0.0076900869607925415
15058,0.15151846408843994,0.0,0.0,0.0076900869607925415
15059,0.05408037081360817,0.0,0.0,0.0076900869607925415
15060,0.08422621339559555,0.0,0.0,0.004157826770097017
15061,0.15151846408843994,0.0,0.0,0.0076900869607925415
15062,-0.04292319342494011,0.0,0.0,0.004157826770097017
15063,-0.038965243846178055,0.0,0.0,0.0076900869607925415
15064,-0.09722716361284256,0.0,0.0,-0.01145103294402361
15065,0.15151846408843994,0.0,0.0,0.0076900869607925415
15066,-0.09722716361284256,0.0,0.0,-0.005966387689113617
15067,-0.038965243846178055,0.0,0.0,0.0076900869607925415
15068,0.15151846408843994,0.0,0.0,0.0076900869607925415
15069,0.006123216822743416,0.0,0.0,0.004157826770097017
15070,-0.04292319342494011,0.0,0.0,0.004157826770097017
15071,-0.04292319342494011,0.0,0.0,0.004157826770097017
15072,-0.08957112580537796,0.0,0.0,-0.01145103294402361
15073,0.15151846408843994,0.0,0.0,0.0076900869607925415
15074,-0.0064770872704684734,0.0,0.0,0.004157826770097017
15075,-0.09722716361284256,0.0,0.0,-0.01145103294402361
15076,-0.04292319342494011,0.0,0.0,0.004157826770097017
15077,-0.09722716361284256,0.0,0.0,-0.01145103294402361
15078,0.15151846408843994,0.0,0.0,0.0076900869607925415
15079,0.15151846408843994,0.0,0.0,0.0076900869607925415
15080,-0.04292319342494011,0.0,0.0,0.004157826770097017
15081,-0.050339195877313614,0.0,0.0,0.004157826770097017
15082,0.15151846408843994,0.0,0.0,0.0076900869607925415
15083,0.12254935503005981,0.0,0.0,0.004157826770097017
15084,-0.08372899144887924,0.0,0.0,-0.005966387689113617
15085,0.15151846408843994,0.0,0.0,0.0076900869607925415
15086,-0.09722716361284256,0.0,0.0,-0.01145103294402361
15087,0.15151846408843994,0.0,0.0,0.0076900869607925415
15088,0.15151846408843994,0.0,0.0,0.0076900869607925415
15089,-0.04292319342494011,0.0,0.0,0.004157826770097017
15090,-0.09722716361284256,0.0,0.0,-0.01145103294402361
15091,-0.04292319342494011,0.0,0.0,0.004157826770097017
15092,0.05408037081360817,0.0,0.0,0.004157826770097017
15093,0.15151846408843994,0.0,0.0,0.0076900869607925415
15094,-0.09722716361284256,0.0,0.0,-0.01145103294402361
15095,-0.04292319342494011,0.0,0.0,0.004157826770097017
15096,-0.04292319342494011,0.0,0.0,0.004157826770097017
15097,0.15151846408843994,0.0,0.0,0.0076900869607925415
15098,-0.08957112580537796,0.0,0.0,-0.01145103294402361
15099,-0.07274798303842545,0.0,0.0,-0.005966387689113617
15100,-0.04292319342494011,0.0,0.0,0.004157826770097017
15101,-0.09722716361284256,0.0,0.0,-0.01145103294402361
15102,0.15151846408843994,0.0,0.0,0.0076900869607925415
15103,0.15151846408843994,0.0,0.0,0.0076900869607925415
15104,-0.04292319342494011,0.0,0.0,0.004157826770097017
15105,0.15151846408843994,0.0,0.0,0.0076900869607925415
15106,-0.1050684005022049,0.0,0.0,0.13886527717113495
15107,-0.1050684005022049,0.0,0.0,0.13886527717113495
15108,-0.11437426507472992,0.0,0.0,-0.341675341129303
15109,0.1109783798456192,0.0,0.0,-0.341675341129303
15110,-0.7066009044647217,0.0,0.0,0.05874917656183243
15111,-0.7066009044647217,0.0,0.0,0.05874917656183243
15112,-0.7066009044647217,0.0,0.0,0.05874917656183243
15113,1.1290078163146973,0.0,0.0,-0.2298920899629593
15114,1.1290078163146973,0.0,0.0,-0.2298920899629593
15115,-0.7066009044647217,0.0,0.0,0.05874917656183243
15116,-0.046011630445718765,0.0,0.0,-0.341675341129303
15117,-0.7218022346496582,0.0,0.0,0.13886527717113495
15118,-0.7218022346496582,0.0,0.0,0.13886527717113495
15119,-0.7066009044647217,0.0,0.0,0.05874917656183243
15120,-0.11437426507472992,0.0,0.0,-0.06289079785346985
15121,-0.7218022346496582,0.0,0.0,0.13886527717113495
15122,-0.7218022346496582,0.0,0.0,0.061365820467472076
15123,-0.1050684005022049,0.0,0.0,0.13886527717113495
15124,-0.046011630445718765,0.0,0.0,-0.341675341129303
15125,-0.7066009044647217,0.0,0.0,0.05874917656183243
15126,-0.7218022346496582,0.0,0.0,0.13886527717113495
15127,-0.11437426507472992,0.0,0.0,-0.06289079785346985
15128,1.0431252717971802,0.0,0.0,-0.2298920899629593
15129,-0.7218022346496582,0.0,0.0,0.13886527717113495
15130,-0.7218022346496582,0.0,0.0,0.13886527717113495
15131,-0.11437426507472992,0.0,0.0,-0.27601194381713867
15132,-0.11437426507472992,0.0,0.0,-0.341675341129303
15133,-0.7218022346496582,0.0,0.0,0.13886527717113495
15134,1.1290078163146973,0.0,0.0,-0.2298920899629593
15135,-0.7066009044647217,0.0,0.0,0.05874917656183243
15136,-0.7218022346496582,0.0,0.0,0.13886527717113495
15137,-0.6359744668006897,0.0,0.0,0.13886527717113495
15138,-0.6359744668006897,0.0,0.0,0.13886527717113495
15139,0.1109783798456192,0.0,0.0,-0.341675341129303
15140,-0.11437426507472992,0.0,0.0,-0.341675341129303
15141,-0.7218022346496582,0.0,0.0,0.061365820467472076
15142,-0.6359744668006897,0.0,0.0,0.13886527717113495
15143,-0.7218022346496582,0.0,0.0,0.061365820467472076
15144,-0.7218022346496582,0.0,0.0,0.061365820467472076
15145,1.1290078163146973,0.0,0.0,-0.2298920899629593
15146,-0.11437426507472992,0.0,0.0,-0.06289079785346985
15147,-0.7066009044647217,0.0,0.0,0.05874917656183243
15148,-0.7066009044647217,0.0,0.0,0.05874917656183243
15149,-0.11437426507472992,0.0,0.0,-0.27601194381713867
15150,-0.11437426507472992,0.0,0.0,-0.27601194381713867
15151,-0.7218022346496582,0.0,0.0,0.13886527717113495
15152,-0.7066009044647217,0.0,0.0,0.05874917656183243
15153,-0.11437426507472992,0.0,0.0,-0.06289079785346985
15154,0.1109783798456192,0.0,0.0,-0.341675341129303
15155,-0.11437426507472992,0.0,0.0,-0.341675341129303
15156,-0.1050684005022049,0.0,0.0,0.13886527717113495
15157,-0.7218022346496582,0.0,0.0,0.13886527717113495
15158,-0.046011630445718765,0.0,0.0,-0.341675341129303
15159,-0.7066009044647217,0.0,0.0,0.05874917656183243
15160,-0.11437426507472992,0.0,0.0,-0.341675341129303
15161,-0.7066009044647217,0.0,0.0,0.05874917656183243
15162,-0.7218022346496582,0.0,0.0,0.13886527717113495
15163,-0.7066009044647217,0.0,0.0,0.05874917656183243
15164,-0.7218022346496582,0.0,0.0,0.061365820467472076
15165,-0.046011630445718765,0.0,0.0,-0.27601194381713867
15166,0.1109783798456192,0.0,0.0,-0.341675341129303
15167,-0.7218022346496582,0.0,0.0,0.061365820467472076
15168,-0.7066009044647217,0.0,0.0,0.05874917656183243
15169,-0.1050684005022049,0.0,0.0,0.13886527717113495
15170,-0.7066009044647217,0.0,0.0,0.05874917656183243
15171,-0.7218022346496582,0.0,0.0,0.061365820467472076
15172,-0.7066009044647217,0.0,0.0,0.05874917656183243
15173,-0.11437426507472992,0.0,0.0,-0.341675341129303
15174,-0.1050684005022049,0.0,0.0,0.13886527717113495
15175,-0.7066009044647217,0.0,0.0,0.05874917656183243
15176,0.1109783798456192,0.0,0.0,-0.341675341129303
15177,-0.046011630445718765,0.0,0.0,-0.341675341129303
15178,-0.046011630445718765,0.0,0.0,-0.341675341129303
15179,-0.11437426507472992,0.0,0.0,-0.06289079785346985
15180,-0.1050684005022049,0.0,0.0,0.13886527717113495
15181,0.6312112808227539,0.0,0.0,-0.2298920899629593
15182,-0.1050684005022049,0.0,0.0,0.13886527717113495
15183,-0.6359744668006897,0.0,0.0,0.13886527717113495
15184,-0.6359744668006897,0.0,0.0,0.13886527717113495
15185,-0.7218022346496582,0.0,0.0,0.13886527717113495
15186,-0.046011630445718765,0.0,0.0,-0.341675341129303
15187,-0.1050684005022049,0.0,0.0,0.13886527717113495
15188,-0.7066009044647217,0.0,0.0,0.05874917656183243
15189,-0.11437426507472992,0.0,0.0,-0.27601194381713867
15190,-0.7066009044647217,0.0,0.0,0.05874917656183243
15191,-0.7218022346496582,0.0,0.0,0.061365820467472076
15192,-0.046011630445718765,0.0,0.0,-0.341675341129303
15193,0.1109783798456192,0.0,0.0,-0.341675341129303
15194,0.1109783798456192,0.0,0.0,-0.27601194381713867
15195,-0.046011630445718765,0.0,0.0,-0.27601194381713867
15196,-0.6359744668006897,0.0,0.0,0.13886527717113495
15197,1.1290078163146973,0.0,0.0,-0.2298920899629593
15198,-0.11437426507472992,0.0,0.0,-0.06289079785346985
15199,-0.7218022346496582,0.0,0.0,0.061365820467472076
15200,-0.7218022346496582,0.0,0.0,0.13886527717113495
15201,-0.11437426507472992,0.0,0.0,-0.341675341129303
15202,-0.11437426507472992,0.0,0.0,-0.341675341129303
15203,-0.11437426507472992,0.0,0.0,-0.341675341129303
15204,0.1861037164926529,0.0,0.0,-0.341675341129303
15205,-0.7218022346496582,0.0,0.0,0.13886527717113495
15206,-0.7218022346496582,0.0,0.0,0.13886527717113495
15207,-0.7066009044647217,0.0,0.0,0.05874917656183243
15208,-0.7066009044647217,0.0,0.0,0.05874917656183243
15209,-0.046011630445718765,0.0,0.0,-0.341675341129303
15210,-0.7218022346496582,0.0,0.0,0.13886527717113495
15211,-0.7066009044647217,0.0,0.0,0.05874917656183243
15212,-0.7066009044647217,0.0,0.0,0.05874917656183243
15213,-0.7066009044647217,0.0,0.0,0.05874917656183243
15214,1.1290078163146973,0.0,0.0,-0.2298920899629593
15215,-0.7066009044647217,0.0,0.0,0.18772973120212555
15216,1.0431252717971802,0.0,0.0,-0.01677091233432293
15217,0.1109783798456192,0.0,0.0,-0.27601194381713867
15218,-0.1050684005022049,0.0,0.0,0.13886527717113495
15219,-0.1050684005022049,0.0,0.0,0.13886527717113495
15220,1.1290078163146973,0.0,0.0,-0.2955555021762848
15221,-0.046011630445718765,0.0,0.0,-0.27601194381713867
15222,1.1290078163146973,0.0,0.0,-0.2298920899629593
15223,0.1109783798456192,0.0,0.0,-0.341675341129303
15224,1.1290078163146973,0.0,0.0,-0.2298920899629593
15225,-0.046011630445718765,0.0,0.0,-0.341675341129303
15226,0.12028422951698303,0.0,0.0,0.13886527717113495
15227,1.1290078163146973,0.0,0.0,-0.2298920899629593
15228,-0.1050684005022049,0.0,0.0,0.13886527717113495
15229,-0.11437426507472992,0.0,0.0,-0.341675341129303
15230,-0.7066009044647217,0.0,0.0,0.05874917656183243
15231,1.1290078163146973,0.0,0.0,-0.2298920899629593
15232,-0.7218022346496582,0.0,0.0,0.13886527717113495
15233,-0.11437426507472992,0.0,0.0,-0.27601194381713867
15234,1.1290078163146973,0.0,0.0,-0.2298920899629593
15235,-0.046011630445718765,0.0,0.0,0.0767679363489151
15236,-0.1050684005022049,0.0,0.0,0.13886527717113495
15237,-0.1050684005022049,0.0,0.0,0.13886527717113495
15238,-0.7218022346496582,0.0,0.0,0.061365820467472076
15239,1.1290078163146973,0.0,0.0,-0.2298920899629593
15240,-0.046011630445718765,0.0,0.0,-0.06289079785346985
15241,-0.7066009044647217,0.0,0.0,0.05874917656183243
15242,-0.1050684005022049,0.0,0.0,0.13886527717113495
15243,-0.7218022346496582,0.0,0.0,0.13886527717113495
15244,1.0431252717971802,0.0,0.0,-0.2955555021762848
15245,1.1290078163146973,0.0,0.0,-0.2298920899629593
15246,-0.1050684005022049,0.0,0.0,0.13886527717113495
15247,-0.6359744668006897,0.0,0.0,0.13886527717113495
15248,1.1290078163146973,0.0,0.0,-0.2298920899629593
15249,0.1109783798456192,0.0,0.0,-0.06289079785346985
15250,-0.7218022346496582,0.0,0.0,0.13886527717113495
15251,0.6312112808227539,0.0,0.0,-0.2298920899629593
15252,-0.7066009044647217,0.0,0.0,0.18772973120212555
15253,1.1290078163146973,0.0,0.0,-0.2298920899629593
15254,1.0431252717971802,0.0,0.0,-0.2955555021762848
15255,-0.1050684005022049,0.0,0.0,0.13886527717113495
15256,-0.7218022346496582,0.0,0.0,0.13886527717113495
15257,-0.1050684005022049,0.0,0.0,0.13886527717113495
15258,-0.046011630445718765,0.0,0.0,-0.06289079785346985
15259,1.1290078163146973,0.0,0.0,-0.2298920899629593
15260,-0.7066009044647217,0.0,0.0,0.18772973120212555
15261,-0.1050684005022049,0.0,0.0,0.13886527717113495
15262,-0.1050684005022049,0.0,0.0,0.13886527717113495
15263,1.1290078163146973,0.0,0.0,-0.2298920899629593
15264,-0.7218022346496582,0.0,0.0,0.13886527717113495
15265,-0.6359744668006897,0.0,0.0,0.13886527717113495
15266,-0.1050684005022049,0.0,0.0,0.13886527717113495
15267,-0.7066009044647217,0.0,0.0,0.05874917656183243
15268,1.1290078163146973,0.0,0.0,-0.2955555021762848
15269,1.1290078163146973,0.0,0.0,-0.2298920899629593
15270,-0.1050684005022049,0.0,0.0,0.13886527717113495
15271,1.1290078163146973,0.0,0.0,-0.2298920899629593
15272,-0.5942884087562561,0.0,0.0,0.2625807821750641
15273,-0.2242826521396637,0.0,0.0,-0.3263157904148102
15274,-0.3337973654270172,0.0,0.0,-2.744029998779297
15275,1.231187343597412,0.0,0.0,-1.9617925882339478
15276,-2.6887316703796387,0.0,0.0,1.1273596286773682
15277,-2.718057870864868,0.0,0.0,1.1273596286773682
15278,-2.6887316703796387,0.0,0.0,1.1273596286773682
15279,1.8017284870147705,0.0,0.0,-1.513541340827942
15280,1.8017284870147705,0.0,0.0,-1.513541340827942
15281,-2.8495686054229736,0.0,0.0,1.1273596286773682
15282,0.7362919449806213,0.0,0.0,-2.0077686309814453
15283,-3.022392988204956,0.0,0.0,-0.6522325873374939
15284,-3.012545585632324,0.0,0.0,-0.5517140626907349
15285,-2.6887316703796387,0.0,0.0,1.1273596286773682
15286,-0.16759732365608215,0.0,0.0,-1.9858033657073975
15287,-1.6225497722625732,0.0,0.0,-0.556899905204773
15288,-1.677446722984314,0.0,0.0,0.2514412999153137
15289,-0.039042409509420395,0.0,0.0,-0.1853649914264679
15290,-0.17839118838310242,0.0,0.0,-2.5527639389038086
15291,-2.6887316703796387,0.0,0.0,1.1273596286773682
15292,-1.7685960531234741,0.0,0.0,-0.3468610644340515
15293,-0.22593918442726135,0.0,0.0,-1.220484733581543
15294,1.8017284870147705,0.0,0.0,-1.513541340827942
15295,-1.798274278640747,0.0,0.0,0.07403109222650528
15296,-3.012545585632324,0.0,0.0,-0.27199482917785645
15297,-0.18116576969623566,0.0,0.0,-1.6896162033081055
15298,-0.1949031800031662,0.0,0.0,-2.16093373298645
15299,-2.5680184364318848,0.0,0.0,-0.6555835008621216
15300,1.8017284870147705,0.0,0.0,-1.513541340827942
15301,-2.6887316703796387,0.0,0.0,1.1273596286773682
15302,-1.9578899145126343,0.0,0.0,-0.004111858084797859
15303,-0.9902933239936829,0.0,0.0,-0.6063885688781738
15304,-1.2358721494674683,0.0,0.0,-0.07698467373847961
15305,1.0587501525878906,0.0,0.0,-2.0183520317077637
15306,-0.19992035627365112,0.0,0.0,-2.566311836242676
15307,-2.8982582092285156,0.0,0.0,0.7383939623832703
15308,-0.7993118166923523,0.0,0.0,-0.6063885688781738
15309,-2.7117691040039062,0.0,0.0,0.731447160243988
15310,-2.2055015563964844,0.0,0.0,0.2119317650794983
15311,1.8017284870147705,0.0,0.0,-1.513541340827942
15312,-0.22593918442726135,0.0,0.0,-1.220484733581543
15313,-2.718057870864868,0.0,0.0,1.1273596286773682
15314,-2.6887316703796387,0.0,0.0,1.1273596286773682
15315,-0.18116576969623566,0.0,0.0,-1.6896162033081055
15316,0.08304749429225922,0.0,0.0,-1.6817697286605835
15317,-2.841737747192383,0.0,0.0,-0.6749005317687988
15318,-2.6887316703796387,0.0,0.0,1.1273596286773682
15319,-0.012973920442163944,0.0,0.0,-1.220484733581543
15320,1.0451993942260742,0.0,0.0,-2.1827855110168457
15321,0.43452081084251404,0.0,0.0,-2.8735971450805664
15322,-0.21473337709903717,0.0,0.0,0.21349787712097168
15323,-2.811424970626831,0.0,0.0,-0.04682408645749092
15324,0.8473849892616272,0.0,0.0,-2.548333168029785
15325,-2.6887316703796387,0.0,0.0,1.1273596286773682
15326,0.42450883984565735,0.0,0.0,-2.1622655391693115
15327,-2.6887316703796387,0.0,0.0,1.1273596286773682
15328,-1.5328184366226196,0.0,0.0,-0.5476592779159546
15329,-2.6887316703796387,0.0,0.0,1.1273596286773682
15330,-2.7026126384735107,0.0,0.0,0.7641571164131165
15331,0.007204126566648483,0.0,0.0,-1.6747288703918457
15332,1.2222635746002197,0.0,0.0,-2.0084097385406494
15333,-2.8053648471832275,0.0,0.0,0.22173592448234558
15334,-2.6887316703796387,0.0,0.0,1.1273596286773682
15335,-0.8086804747581482,0.0,0.0,0.2625807821750641
15336,-2.910902261734009,0.0,0.0,1.1273596286773682
15337,-2.7117691040039062,0.0,0.0,0.731447160243988
15338,-2.6887316703796387,0.0,0.0,1.1273596286773682
15339,-0.3337973654270172,0.0,0.0,-2.881049394607544
15340,-0.5942884087562561,0.0,0.0,0.2625807821750641
15341,-2.6887316703796387,0.0,0.0,1.1273596286773682
15342,1.2322754859924316,0.0,0.0,-2.719741106033325
15343,-0.15019607543945312,0.0,0.0,-2.8321588039398193
15344,0.7301992774009705,0.0,0.0,-1.6153994798660278
15345,-0.14740398526191711,0.0,0.0,-1.986926794052124
15346,0.007057146169245243,0.0,0.0,-0.3175317347049713
15347,1.7765271663665771,0.0,0.0,-1.7320599555969238
15348,-0.3052695691585541,0.0,0.0,-0.19949403405189514
15349,-1.1337980031967163,0.0,0.0,-0.5233021974563599
15350,-0.7106562256813049,0.0,0.0,-0.586655855178833
15351,-1.8474233150482178,0.0,0.0,-0.6740409135818481
15352,-0.17839118838310242,0.0,0.0,-2.8321588039398193
15353,-0.6502224802970886,0.0,0.0,0.2625807821750641
15354,-2.6887316703796387,0.0,0.0,1.1273596286773682
15355,-0.08188410848379135,0.0,0.0,-1.6907399892807007
15356,-2.6887316703796387,0.0,0.0,1.1273596286773682
15357,-2.8053648471832275,0.0,0.0,0.22173592448234558
15358,-0.22001123428344727,0.0,0.0,-2.163379430770874
15359,1.2222635746002197,0.0,0.0,-2.0084097385406494
15360,1.5635356903076172,0.0,0.0,-1.5294314622879028
15361,-0.1394432783126831,0.0,0.0,-1.6771917343139648
15362,-0.984609067440033,0.0,0.0,-0.0691298395395279
15363,1.8017284870147705,0.0,0.0,-1.513541340827942
15364,-0.22593918442726135,0.0,0.0,-1.220484733581543
15365,-2.780911684036255,0.0,0.0,0.7507643103599548
15366,-1.7627618312835693,0.0,0.0,-0.6568764448165894
15367,-0.19992035627365112,0.0,0.0,-2.691290855407715
15368,-0.19992035627365112,0.0,0.0,-2.659064769744873
15369,-0.3337973654270172,0.0,0.0,-2.744029998779297
15370,1.5776705741882324,0.0,0.0,-1.8613934516906738
15371,-2.8222599029541016,0.0,0.0,-0.027648936957120895
15372,-1.8470780849456787,0.0,0.0,-0.5732204914093018
15373,-2.6887316703796387,0.0,0.0,1.1273596286773682
15374,-2.8503615856170654,0.0,0.0,1.1273596286773682
15375,0.053825654089450836,0.0,0.0,-2.6669158935546875
15376,-1.7197922468185425,0.0,0.0,0.23935174942016602
15377,-2.6887316703796387,0.0,0.0,1.1273596286773682
15378,-2.6887316703796387,0.0,0.0,1.1273596286773682
15379,-2.6887316703796387,0.0,0.0,1.1273596286773682
15380,1.8017284870147705,0.0,0.0,-1.513541340827942
15381,-2.764197587966919,0.0,0.0,1.0671207904815674
15382,1.8338258266448975,0.0,0.0,-1.2671077251434326
15383,1.0634682178497314,0.0,0.0,-1.5530000925064087
15384,-0.5970882177352905,0.0,0.0,0.2625807821750641
15385,-0.2808472514152527,0.0,0.0,0.29073888063430786
15386,1.7627804279327393,0.0,0.0,-2.4693965911865234
15387,0.10989970713853836,0.0,0.0,-1.6681053638458252
15388,1.8017284870147705,0.0,0.0,-1.513541340827942
15389,1.2322754859924316,0.0,0.0,-2.405003547668457
15390,1.8017284870147705,0.0,0.0,-1.513541340827942
15391,0.9686876535415649,0.0,0.0,-1.7944291830062866
15392,1.1853976249694824,0.0,0.0,0.07251380383968353
15393,1.8017284870147705,0.0,0.0,-1.513541340827942
15394,-0.5994439721107483,0.0,0.0,0.29273462295532227
15395,0.4646618664264679,0.0,0.0,-1.4420567750930786
15396,-2.6887316703796387,0.0,0.0,1.1273596286773682
15397,1.8017284870147705,0.0,0.0,-1.513541340827942
15398,-1.9846292734146118,0.0,0.0,0.2251516878604889
15399,0.5690877437591553,0.0,0.0,-1.671603798866272
15400,1.8017284870147705,0.0,0.0,-1.513541340827942
15401,0.20039156079292297,0.0,0.0,-0.4082404673099518
15402,-0.07968450337648392,0.0,0.0,0.21349787712097168
15403,-0.670038640499115,0.0,0.0,0.27941790223121643
15404,-1.384009599685669,0.0,0.0,0.8331272006034851
15405,1.8017284870147705,0.0,0.0,-1.513541340827942
15406,-0.07053300738334656,0.0,0.0,-1.2069368362426758
15407,-2.6887316703796387,0.0,0.0,1.1273596286773682
15408,-0.039042409509420395,0.0,0.0,-0.3263157904148102
15409,-2.841737747192383,0.0,0.0,-0.6749005317687988
15410,1.7839219570159912,0.0,0.0,-1.3990578651428223
15411,1.8017284870147705,0.0,0.0,-1.513541340827942
15412,-0.1484970599412918,0.0,0.0,0.3048679232597351
15413,-0.7504439949989319,0.0,0.0,0.27300190925598145
15414,1.8017284870147705,0.0,0.0,-1.513541340827942
15415,1.2847914695739746,0.0,0.0,-1.8256185054779053
15416,-1.2170777320861816,0.0,0.0,0.24630063772201538
15417,1.7765271663665771,0.0,0.0,-1.7320599555969238
15418,-2.718057870864868,0.0,0.0,1.1273596286773682
15419,1.8017284870147705,0.0,0.0,-1.513541340827942
15420,1.7527685165405273,0.0,0.0,-1.9925196170806885
15421,-0.5942884087562561,0.0,0.0,0.2625807821750641
15422,-1.536047339439392,0.0,0.0,0.39986783266067505
15423,-0.1998603194952011,0.0,0.0,0.3048679232597351
15424,1.0266609191894531,0.0,0.0,-1.148172378540039
15425,1.8017284870147705,0.0,0.0,-1.513541340827942
15426,-2.8495686054229736,0.0,0.0,1.0671207904815674
15427,-0.5994439721107483,0.0,0.0,0.29273462295532227
15428,-0.02949313446879387,0.0,0.0,0.21349787712097168
15429,1.8017284870147705,0.0,0.0,-1.513541340827942
15430,-1.5737459659576416,0.0,0.0,0.24838703870773315
15431,-0.9520626664161682,0.0,0.0,-0.0691298395395279
15432,-0.7008089423179626,0.0,0.0,0.29273462295532227
15433,-2.6887316703796387,0.0,0.0,1.1273596286773682
15434,1.7704343795776367,0.0,0.0,-1.5105135440826416
15435,1.8017284870147705,0.0,0.0,-1.513541340827942
15436,0.6910176873207092,0.0,0.0,-0.16622895002365112
15437,1.8017284870147705,0.0,0.0,-1.513541340827942
15438,-0.4134180545806885,0.0,0.0,0.6164066195487976
15439,-0.534462571144104,0.0,0.0,-0.7830669283866882
15440,-0.534462571144104,0.0,0.0,-0.7830669283866882
15441,0.6987435817718506,0.0,0.0,-0.6296312212944031
15442,-0.665553092956543,0.0,0.0,0.0037549585103988647
15443,-0.7547664642333984,0.0,0.0,0.0037549585103988647
15444,-0.631454348564148,0.0,0.0,0.0037549585103988647
15445,1.3382797241210938,0.0,0.0,-0.44932928681373596
15446,1.3382797241210938,0.0,0.0,-0.44932928681373596
15447,-0.7124783992767334,0.0,0.0,0.01288130134344101
15448,0.04585340991616249,0.0,0.0,-0.7171042561531067
15449,-0.7321712970733643,0.0,0.0,0.5954275727272034
15450,-0.7321712970733643,0.0,0.0,0.5954275727272034
15451,-0.631454348564148,0.0,0.0,0.0037549585103988647
15452,-0.2382204830646515,0.0,0.0,-0.7699610590934753
15453,-0.8220477104187012,0.0,0.0,0.09423147141933441
15454,-0.6925539970397949,0.0,0.0,-0.15981784462928772
15455,-0.534462571144104,0.0,0.0,-0.7830669283866882
15456,-0.32065674662590027,0.0,0.0,-0.7533526420593262
15457,-0.631454348564148,0.0,0.0,0.0037549585103988647
15458,-0.8220477104187012,0.0,0.0,0.15858642756938934
15459,-0.534462571144104,0.0,0.0,-0.7830669283866882
15460,1.3382797241210938,0.0,0.0,-0.44932928681373596
15461,-0.7787039279937744,0.0,0.0,-0.16519176959991455
15462,-0.7321712970733643,0.0,0.0,0.5954275727272034
15463,-0.2273692786693573,0.0,0.0,-0.6584450006484985
15464,-0.2382204830646515,0.0,0.0,-0.7164841890335083
15465,-0.736695408821106,0.0,0.0,0.008142948150634766
15466,1.3382797241210938,0.0,0.0,-0.44932928681373596
15467,-0.631454348564148,0.0,0.0,0.0037549585103988647
15468,-0.7122427225112915,0.0,0.0,-0.16523629426956177
15469,-0.6353338956832886,0.0,0.0,0.6282601952552795
15470,-0.8220477104187012,0.0,0.0,0.3500964939594269
15471,0.31070956587791443,0.0,0.0,-0.6853187680244446
15472,-0.534462571144104,0.0,0.0,-0.7575590014457703
15473,-0.7478647232055664,0.0,0.0,-0.16523629426956177
15474,-0.6353338956832886,0.0,0.0,0.46689507365226746
15475,-0.631454348564148,0.0,0.0,0.0037549585103988647
15476,-0.7464603781700134,0.0,0.0,-0.16523629426956177
15477,1.3382797241210938,0.0,0.0,-0.44932928681373596
15478,-0.534462571144104,0.0,0.0,-0.7830669283866882
15479,-0.665553092956543,0.0,0.0,0.0037549585103988647
15480,-0.631454348564148,0.0,0.0,0.0037549585103988647
15481,-0.2273692786693573,0.0,0.0,-0.6584450006484985
15482,-0.49614378809928894,0.0,0.0,-0.6715508103370667
15483,-0.6852459907531738,0.0,0.0,0.07592226564884186
15484,-0.631454348564148,0.0,0.0,0.0037549585103988647
15485,-0.534462571144104,0.0,0.0,-0.7830669283866882
15486,0.31070956587791443,0.0,0.0,-0.7132876515388489
15487,-0.2779920995235443,0.0,0.0,-0.7699610590934753
15488,-0.45307159423828125,0.0,0.0,0.4509558081626892
15489,-0.6852459907531738,0.0,0.0,0.14027725160121918
15490,0.11894822120666504,0.0,0.0,-0.7318812608718872
15491,-0.631454348564148,0.0,0.0,0.0037549585103988647
15492,-0.2779920995235443,0.0,0.0,-0.7164841890335083
15493,-0.631454348564148,0.0,0.0,0.0037549585103988647
15494,-0.8377412557601929,0.0,0.0,-0.028740137815475464
15495,-0.631454348564148,0.0,0.0,0.0037549585103988647
15496,-0.631454348564148,0.0,0.0,0.0037549585103988647
15497,-0.3098055422306061,0.0,0.0,-0.6673445105552673
15498,0.7641386985778809,0.0,0.0,-0.6296312212944031
15499,-0.7901527881622314,0.0,0.0,-0.1743626445531845
15500,-0.631454348564148,0.0,0.0,0.0037549585103988647
15501,-0.42144376039505005,0.0,0.0,0.7961975336074829
15502,-0.7124783992767334,0.0,0.0,0.01288130134344101
15503,-0.666840672492981,0.0,0.0,-0.1743626445531845
15504,-0.631454348564148,0.0,0.0,0.0037549585103988647
15505,-0.534462571144104,0.0,0.0,-0.7830669283866882
15506,-0.39300984144210815,0.0,0.0,0.7961975336074829
15507,-0.631454348564148,0.0,0.0,0.0037549585103988647
15508,0.31070956587791443,0.0,0.0,-0.7387955784797668
15509,-0.32065674662590027,0.0,0.0,-0.7788605690002441
15510,0.04585340991616249,0.0,0.0,-0.7171042561531067
15511,-0.534462571144104,0.0,0.0,-0.7830669283866882
15512,-0.2382204830646515,0.0,0.0,-0.7699610590934753
15513,1.3382797241210938,0.0,0.0,-0.44932928681373596
15514,-0.4961494207382202,0.0,0.0,-0.07474178075790405
15515,-0.7465121746063232,0.0,0.0,0.09423147141933441
15516,-0.5635318160057068,0.0,0.0,0.37374624609947205
15517,-0.6768604516983032,0.0,0.0,0.4394809305667877
15518,-0.32065674662590027,0.0,0.0,-0.7788605690002441
15519,-0.39300984144210815,0.0,0.0,0.7961975336074829
15520,-0.631454348564148,0.0,0.0,0.0037549585103988647
15521,-0.5236113667488098,0.0,0.0,-0.6715508103370667
15522,-0.631454348564148,0.0,0.0,0.0037549585103988647
15523,-0.700939416885376,0.0,0.0,-0.1743626445531845
15524,-0.32065674662590027,0.0,0.0,-0.7253836989402771
15525,0.7641386985778809,0.0,0.0,-0.6296312212944031
15526,0.774989902973175,0.0,0.0,-0.5715919733047485
15527,-0.3098055422306061,0.0,0.0,-0.6673445105552673
15528,-0.6353338956832886,0.0,0.0,0.37374624609947205
15529,1.3382797241210938,0.0,0.0,-0.44932928681373596
15530,-0.534462571144104,0.0,0.0,-0.7830669283866882
15531,-0.7124783992767334,0.0,0.0,0.01288130134344101
15532,-0.8220477104187012,0.0,0.0,0.3500964939594269
15533,-0.534462571144104,0.0,0.0,-0.7830669283866882
15534,-0.534462571144104,0.0,0.0,-0.7575590014457703
15535,-0.534462571144104,0.0,0.0,-0.7830669283866882
15536,0.8883362412452698,0.0,0.0,-0.5978295803070068
15537,-0.7901527881622314,0.0,0.0,-0.14326731860637665
15538,-0.7139807939529419,0.0,0.0,0.09423147141933441
15539,-0.631454348564148,0.0,0.0,0.0037549585103988647
15540,-0.7547664642333984,0.0,0.0,0.0037549585103988647
15541,-0.26231640577316284,0.0,0.0,-0.7788605690002441
15542,-0.8377412557601929,0.0,0.0,-0.12495814263820648
15543,-0.631454348564148,0.0,0.0,0.0037549585103988647
15544,-0.631454348564148,0.0,0.0,0.0037549585103988647
15545,-0.631454348564148,0.0,0.0,0.0037549585103988647
15546,1.3382797241210938,0.0,0.0,-0.44932928681373596
15547,-0.7124783992767334,0.0,0.0,0.01288130134344101
15548,1.3274283409118652,0.0,0.0,-0.5608453750610352
15549,0.3215607702732086,0.0,0.0,-0.6272795796394348
15550,-0.42144376039505005,0.0,0.0,0.7961975336074829
15551,-0.39847588539123535,0.0,0.0,0.7612779140472412
15552,1.3274283409118652,0.0,0.0,-0.5608453750610352
15553,-0.2273692786693573,0.0,0.0,-0.6584450006484985
15554,1.3382797241210938,0.0,0.0,-0.44932928681373596
15555,0.7641386985778809,0.0,0.0,-0.6576000452041626
15556,1.3382797241210938,0.0,0.0,-0.44932928681373596
15557,0.04585340991616249,0.0,0.0,-0.7171042561531067
15558,0.3490227460861206,0.0,0.0,0.24949081242084503
15559,1.3382797241210938,0.0,0.0,-0.44932928681373596
15560,-0.42144376039505005,0.0,0.0,0.7961975336074829
15561,-0.2382204830646515,0.0,0.0,-0.7164841890335083
15562,-0.631454348564148,0.0,0.0,0.0037549585103988647
15563,1.3382797241210938,0.0,0.0,-0.44932928681373596
15564,-0.6838741898536682,0.0,0.0,0.3409136235713959
15565,-0.2671408951282501,0.0,0.0,-0.6584450006484985
15566,1.3382797241210938,0.0,0.0,-0.44932928681373596
15567,-0.32065674662590027,0.0,0.0,-0.7788605690002441
15568,-0.47617095708847046,0.0,0.0,0.3950861394405365
15569,-0.42144376039505005,0.0,0.0,0.7961975336074829
15570,-0.6571676731109619,0.0,0.0,0.018299758434295654
15571,1.3382797241210938,0.0,0.0,-0.44932928681373596
15572,-0.32065674662590027,0.0,0.0,-0.7788605690002441
15573,-0.631454348564148,0.0,0.0,0.0037549585103988647
15574,-0.534462571144104,0.0,0.0,-0.7830669283866882
15575,-0.6511471271514893,0.0,0.0,0.07592226564884186
15576,1.3274283409118652,0.0,0.0,-0.5073685050010681
15577,1.3382797241210938,0.0,0.0,-0.44932928681373596
15578,-0.4134180545806885,0.0,0.0,0.6164066195487976
15579,-0.6353338956832886,0.0,0.0,0.788543701171875
15580,1.3382797241210938,0.0,0.0,-0.44932928681373596
15581,0.6987435817718506,0.0,0.0,-0.6831079721450806
15582,-0.8220477104187012,0.0,0.0,0.15858642756938934
15583,1.3382797241210938,0.0,0.0,-0.44932928681373596
15584,-0.665553092956543,0.0,0.0,0.0037549585103988647
15585,1.3382797241210938,0.0,0.0,-0.44932928681373596
15586,1.3274283409118652,0.0,0.0,-0.5073685050010681
15587,-0.39300984144210815,0.0,0.0,0.7961975336074829
15588,-0.6925539970397949,0.0,0.0,-0.15981784462928772
15589,-0.39300984144210815,0.0,0.0,0.7961975336074829
15590,0.04585340991616249,0.0,0.0,-0.7705811262130737
15591,1.3382797241210938,0.0,0.0,-0.44932928681373596
15592,-0.7124783992767334,0.0,0.0,0.01288130134344101
15593,-0.42144376039505005,0.0,0.0,0.7961975336074829
15594,-0.45307159423828125,0.0,0.0,0.4509558081626892
15595,1.3382797241210938,0.0,0.0,-0.44932928681373596
15596,-0.729674220085144,0.0,0.0,-0.028740137815475464
15597,-0.6353338956832886,0.0,0.0,0.37374624609947205
15598,-0.42144376039505005,0.0,0.0,0.7961975336074829
15599,-0.631454348564148,0.0,0.0,0.0037549585103988647
15600,1.3274283409118652,0.0,0.0,-0.5073685050010681
15601,1.3382797241210938,0.0,0.0,-0.44932928681373596
15602,-0.23967894911766052,0.0,0.0,-0.06163591518998146
15603,1.3382797241210938,0.0,0.0,-0.44932928681373596
15604,-0.4862960875034332,0.0,0.0,0.4022974371910095
15605,-0.4862960875034332,0.0,0.0,-0.27373039722442627
15606,-0.5439097881317139,0.0,0.0,-1.707425832748413
15607,1.506589412689209,0.0,0.0,-1.6635446548461914
15608,-1.8183330297470093,0.0,0.0,1.1314659118652344
15609,-1.8183330297470093,0.0,0.0,1.1314659118652344
15610,-1.8183330297470093,0.0,0.0,1.1314659118652344
15611,1.7589752674102783,0.0,0.0,-1.2836289405822754
15612,1.7589752674102783,0.0,0.0,-1.2836289405822754
15613,-2.0454611778259277,0.0,0.0,1.1314659118652344
15614,0.9962462186813354,0.0,0.0,-1.445627212524414
15615,-2.1243536472320557,0.0,0.0,0.5272128582000732
15616,-2.1243536472320557,0.0,0.0,0.5272128582000732
15617,-1.8183330297470093,0.0,0.0,1.1314659118652344
15618,-0.3227558135986328,0.0,0.0,-1.316030502319336
15619,-1.8086696863174438,0.0,0.0,0.5534719228744507
15620,-1.8636001348495483,0.0,0.0,0.604985773563385
15621,-0.3526163697242737,0.0,0.0,-0.03619816526770592
15622,0.09636705368757248,0.0,0.0,-1.707425832748413
15623,-1.8183330297470093,0.0,0.0,1.1314659118652344
15624,-1.8086696863174438,0.0,0.0,0.5534719228744507
15625,-0.503876805305481,0.0,0.0,-0.5804933309555054
15626,1.7589752674102783,0.0,0.0,-1.2836289405822754
15627,-1.8086696863174438,0.0,0.0,0.604985773563385
15628,-2.1243536472320557,0.0,0.0,0.5272128582000732
15629,-0.3227558135986328,0.0,0.0,-1.3515856266021729
15630,-0.3227558135986328,0.0,0.0,-1.707425832748413
15631,-2.1243536472320557,0.0,0.0,0.5272128582000732
15632,1.7589752674102783,0.0,0.0,-1.2836289405822754
15633,-1.8183330297470093,0.0,0.0,1.1314659118652344
15634,-2.062838554382324,0.0,0.0,0.5787267088890076
15635,-0.903638482093811,0.0,0.0,0.5977124571800232
15636,-1.4458125829696655,0.0,0.0,0.5879250168800354
15637,1.2980360984802246,0.0,0.0,-1.6635446548461914
15638,-0.41022989153862,0.0,0.0,-1.707425832748413
15639,-2.1243536472320557,0.0,0.0,0.5787267088890076
15640,-0.903638482093811,0.0,0.0,0.5977124571800232
15641,-1.8363338708877563,0.0,0.0,1.0071685314178467
15642,-2.062838554382324,0.0,0.0,0.5787267088890076
15643,1.7589752674102783,0.0,0.0,-1.2836289405822754
15644,-0.503876805305481,0.0,0.0,-0.5804933309555054
15645,-1.8183330297470093,0.0,0.0,1.1314659118652344
15646,-1.8183330297470093,0.0,0.0,1.1314659118652344
15647,-0.3227558135986328,0.0,0.0,-1.3515856266021729
15648,-0.34139591455459595,0.0,0.0,-1.3515856266021729
15649,-1.8972257375717163,0.0,0.0,0.5272128582000732
15650,-1.8183330297470093,0.0,0.0,1.1314659118652344
15651,-0.37019702792167664,0.0,0.0,-0.5804933309555054
15652,1.2980360984802246,0.0,0.0,-1.6635446548461914
15653,-0.19860431551933289,0.0,0.0,-1.707425832748413
15654,-0.4862960875034332,0.0,0.0,0.19413912296295166
15655,-1.8972257375717163,0.0,0.0,0.5272128582000732
15656,0.9962462186813354,0.0,0.0,-1.6787991523742676
15657,-1.8183330297470093,0.0,0.0,1.1314659118652344
15658,-0.19860431551933289,0.0,0.0,-1.707425832748413
15659,-1.8183330297470093,0.0,0.0,1.1314659118652344
15660,-1.8086696863174438,0.0,0.0,0.5534719228744507
15661,-1.8183330297470093,0.0,0.0,1.1314659118652344
15662,-1.8183330297470093,0.0,0.0,1.1314659118652344
15663,0.2517629563808441,0.0,0.0,-1.3515856266021729
15664,1.506589412689209,0.0,0.0,-1.6635446548461914
15665,-1.8972257375717163,0.0,0.0,0.5787267088890076
15666,-1.8183330297470093,0.0,0.0,1.1314659118652344
15667,-0.4862960875034332,0.0,0.0,0.5977124571800232
15668,-2.0454611778259277,0.0,0.0,1.1314659118652344
15669,-1.8972257375717163,0.0,0.0,0.5787267088890076
15670,-1.8183330297470093,0.0,0.0,1.1314659118652344
15671,-0.5439097881317139,0.0,0.0,-1.707425832748413
15672,-0.4862960875034332,0.0,0.0,0.5977124571800232
15673,-1.8183330297470093,0.0,0.0,1.1314659118652344
15674,1.2980360984802246,0.0,0.0,-1.6635446548461914
15675,0.34081366658210754,0.0,0.0,-1.707425832748413
15676,0.9962462186813354,0.0,0.0,-1.6787991523742676
15677,-0.41022989153862,0.0,0.0,-1.316030502319336
15678,-0.26514220237731934,0.0,0.0,-0.03619816526770592
15679,1.7589752674102783,0.0,0.0,-1.2836289405822754
15680,-0.4862960875034332,0.0,0.0,0.19413912296295166
15681,-1.262858271598816,0.0,0.0,0.5879250168800354
15682,-0.8117432594299316,0.0,0.0,0.5977124571800232
15683,-1.8636001348495483,0.0,0.0,0.5534719228744507
15684,0.09636705368757248,0.0,0.0,-1.707425832748413
15685,-0.4862960875034332,0.0,0.0,0.5977124571800232
15686,-1.8183330297470093,0.0,0.0,1.1314659118652344
15687,-0.41022989153862,0.0,0.0,-1.3515856266021729
15688,-1.8183330297470093,0.0,0.0,1.1314659118652344
15689,-1.8972257375717163,0.0,0.0,0.5787267088890076
15690,0.2517629563808441,0.0,0.0,-1.707425832748413
15691,1.506589412689209,0.0,0.0,-1.6635446548461914
15692,1.506589412689209,0.0,0.0,-1.307704210281372
15693,0.34081366658210754,0.0,0.0,-1.3515856266021729
15694,-0.903638482093811,0.0,0.0,0.5977124571800232
15695,1.7589752674102783,0.0,0.0,-1.2836289405822754
15696,-0.503876805305481,0.0,0.0,-0.5804933309555054
15697,-2.0634617805480957,0.0,0.0,1.0071685314178467
15698,-1.8086696863174438,0.0,0.0,0.5534719228744507
15699,-0.41022989153862,0.0,0.0,-1.707425832748413
15700,-0.41022989153862,0.0,0.0,-1.707425832748413
15701,-0.5439097881317139,0.0,0.0,-1.707425832748413
15702,1.624812126159668,0.0,0.0,-1.406297206878662
15703,-2.1243536472320557,0.0,0.0,0.5787267088890076
15704,-1.8086696863174438,0.0,0.0,0.5534719228744507
15705,-1.8183330297470093,0.0,0.0,1.1314659118652344
15706,-2.0454611778259277,0.0,0.0,1.1314659118652344
15707,0.4955652356147766,0.0,0.0,-1.707425832748413
15708,-1.8086696863174438,0.0,0.0,0.604985773563385
15709,-1.8183330297470093,0.0,0.0,1.1314659118652344
15710,-1.8183330297470093,0.0,0.0,1.1314659118652344
15711,-1.8183330297470093,0.0,0.0,1.1314659118652344
15712,1.7589752674102783,0.0,0.0,-1.2836289405822754
15713,-2.0454611778259277,0.0,0.0,1.1314659118652344
15714,1.7990081310272217,0.0,0.0,-0.5975788831710815
15715,1.2980360984802246,0.0,0.0,-1.307704210281372
15716,-0.4862960875034332,0.0,0.0,0.5977124571800232
15717,-0.4862960875034332,0.0,0.0,0.5468569397926331
15718,1.7589752674102783,0.0,0.0,-1.6394691467285156
15719,0.18724822998046875,0.0,0.0,-1.3515856266021729
15720,1.7589752674102783,0.0,0.0,-1.2836289405822754
15721,1.506589412689209,0.0,0.0,-1.6635446548461914
15722,1.7589752674102783,0.0,0.0,-1.2836289405822754
15723,1.0832136869430542,0.0,0.0,-1.6787991523742676
15724,1.3556495904922485,0.0,0.0,0.23802034556865692
15725,1.7589752674102783,0.0,0.0,-1.2836289405822754
15726,-0.4862960875034332,0.0,0.0,0.5977124571800232
15727,-0.19860431551933289,0.0,0.0,-1.707425832748413
15728,-1.8183330297470093,0.0,0.0,1.1314659118652344
15729,1.7589752674102783,0.0,0.0,-1.2836289405822754
15730,-2.1243536472320557,0.0,0.0,0.5272128582000732
15731,-0.19860431551933289,0.0,0.0,-1.3515856266021729
15732,1.7589752674102783,0.0,0.0,-1.2836289405822754
15733,0.398427277803421,0.0,0.0,-0.27373039722442627
15734,-0.4862960875034332,0.0,0.0,0.19413912296295166
15735,-0.4862960875034332,0.0,0.0,0.5977124571800232
15736,-1.7477778196334839,0.0,0.0,1.0334277153015137
15737,1.7589752674102783,0.0,0.0,-1.2836289405822754
15738,0.3808465898036957,0.0,0.0,-0.5804933309555054
15739,-1.8183330297470093,0.0,0.0,1.1314659118652344
15740,-0.3526163697242737,0.0,0.0,-0.03619816526770592
15741,-1.8972257375717163,0.0,0.0,0.5272128582000732
15742,1.7589752674102783,0.0,0.0,-1.6394691467285156
15743,1.7589752674102783,0.0,0.0,-1.2836289405822754
15744,-0.4862960875034332,0.0,0.0,0.4022974371910095
15745,-0.903638482093811,0.0,0.0,0.5977124571800232
15746,1.7589752674102783,0.0,0.0,-1.2836289405822754
15747,1.506589412689209,0.0,0.0,-1.2721490859985352
15748,-1.8086696863174438,0.0,0.0,0.5534719228744507
15749,1.7589752674102783,0.0,0.0,-1.2836289405822754
15750,-1.8183330297470093,0.0,0.0,1.1314659118652344
15751,1.7589752674102783,0.0,0.0,-1.2836289405822754
15752,1.7589752674102783,0.0,0.0,-1.6394691467285156
15753,-0.4862960875034332,0.0,0.0,0.5977124571800232
15754,-1.8636001348495483,0.0,0.0,0.604985773563385
15755,-0.4862960875034332,0.0,0.0,0.5977124571800232
15756,1.1232465505599976,0.0,0.0,-0.5518666505813599
15757,1.7589752674102783,0.0,0.0,-1.2836289405822754
15758,-2.0454611778259277,0.0,0.0,1.1314659118652344
15759,-0.4862960875034332,0.0,0.0,0.5977124571800232
15760,-0.3526163697242737,0.0,0.0,0.19413912296295166
15761,1.7589752674102783,0.0,0.0,-1.2836289405822754
15762,-1.8086696863174438,0.0,0.0,0.604985773563385
15763,-0.903638482093811,0.0,0.0,0.5977124571800232
15764,-0.4862960875034332,0.0,0.0,0.5977124571800232
15765,-1.8183330297470093,0.0,0.0,1.1314659118652344
15766,1.7589752674102783,0.0,0.0,-1.6394691467285156
15767,1.7589752674102783,0.0,0.0,-1.2836289405822754
15768,-0.14099077880382538,0.0,0.0,0.19413912296295166
15769,1.7589752674102783,0.0,0.0,-1.2836289405822754
15770,0.04922526329755783,0.0,0.0,0.027658505365252495
15771,-0.013330049812793732,0.0,0.0,-0.08646712452173233
15772,-0.048439230769872665,0.0,0.0,-0.19742073118686676
15773,0.4137628972530365,0.0,0.0,-0.15041649341583252
15774,-0.5196128487586975,0.0,0.0,0.1543775200843811
15775,-0.5344702005386353,0.0,0.0,0.1543775200843811
15776,-0.41261738538742065,0.0,0.0,0.1459643393754959
15777,0.592373251914978,0.0,0.0,-0.09517679363489151
15778,0.592373251914978,0.0,0.0,-0.09517679363489151
15779,-0.5266210436820984,0.0,0.0,0.1457904428243637
15780,0.19319382309913635,0.0,0.0,-0.17626076936721802
15781,-0.5575914978981018,0.0,0.0,-0.014400122687220573
15782,-0.5575914978981018,0.0,0.0,-0.014400122687220573
15783,-0.41261738538742065,0.0,0.0,0.15761159360408783
15784,0.01515154354274273,0.0,0.0,-0.18109256029129028
15785,-0.4956565201282501,0.0,0.0,-0.0037400880828499794
15786,-0.5065308809280396,0.0,0.0,0.030248243361711502
15787,-0.009669162333011627,0.0,0.0,-0.05162502080202103
15788,0.05284365639090538,0.0,0.0,-0.1903553158044815
15789,-0.41261738538742065,0.0,0.0,0.15761159360408783
15790,-0.4956565201282501,0.0,0.0,-0.0037400880828499794
15791,-0.03469222038984299,0.0,0.0,-0.14944741129875183
15792,0.592373251914978,0.0,0.0,-0.09517679363489151
15793,-0.5043662786483765,0.0,0.0,0.004484504461288452
15794,-0.5575914978981018,0.0,0.0,-0.014400122687220573
15795,0.012223970144987106,0.0,0.0,-0.1698177456855774
15796,0.012223970144987106,0.0,0.0,-0.18192757666110992
15797,-0.5477778315544128,0.0,0.0,0.0016208100132644176
15798,0.592373251914978,0.0,0.0,-0.09517679363489151
15799,-0.41261738538742065,0.0,0.0,0.15761159360408783
15800,-0.5168576836585999,0.0,0.0,0.0016208100132644176
15801,-0.2701088488101959,0.0,0.0,0.013696744106709957
15802,-0.33866068720817566,0.0,0.0,0.0014622064772993326
15803,0.28959864377975464,0.0,0.0,-0.16122986376285553
15804,-0.059822868555784225,0.0,0.0,-0.19742073118686676
15805,-0.5513110756874084,0.0,0.0,0.026853810995817184
15806,-0.2701088488101959,0.0,0.0,0.013696744106709957
15807,-0.42965203523635864,0.0,0.0,0.08589956164360046
15808,-0.5438913702964783,0.0,0.0,0.028469828888773918
15809,0.592373251914978,0.0,0.0,-0.09517679363489151
15810,-0.03469222038984299,0.0,0.0,-0.14944741129875183
15811,-0.5196128487586975,0.0,0.0,0.1543775200843811
15812,-0.41261738538742065,0.0,0.0,0.1459643393754959
15813,0.012223970144987106,0.0,0.0,-0.1698177456855774
15814,-0.03257128596305847,0.0,0.0,-0.1733720898628235
15815,-0.5495402812957764,0.0,0.0,-0.011279944330453873
15816,-0.41261738538742065,0.0,0.0,0.15761159360408783
15817,-0.02772706001996994,0.0,0.0,-0.14779624342918396
15818,0.28959864377975464,0.0,0.0,-0.1715175360441208
15819,0.003322980599477887,0.0,0.0,-0.19422973692417145
15820,0.01777264103293419,0.0,0.0,0.0019506867974996567
15821,-0.5429274439811707,0.0,0.0,-0.01746026612818241
15822,0.21873997151851654,0.0,0.0,-0.18090565502643585
15823,-0.41261738538742065,0.0,0.0,0.1459643393754959
15824,0.003322980599477887,0.0,0.0,-0.1839420646429062
15825,-0.41261738538742065,0.0,0.0,0.15761159360408783
15826,-0.4568341374397278,0.0,0.0,0.011154526844620705
15827,-0.41261738538742065,0.0,0.0,0.15761159360408783
15828,-0.4172375798225403,0.0,0.0,0.13150669634342194
15829,0.10989245027303696,0.0,0.0,-0.16660478711128235
15830,0.47597265243530273,0.0,0.0,-0.139634907245636
15831,-0.5443029403686523,0.0,0.0,0.023793663829565048
15832,-0.41261738538742065,0.0,0.0,0.15761159360408783
15833,0.05201495811343193,0.0,0.0,0.043024059385061264
15834,-0.5266210436820984,0.0,0.0,0.1457904428243637
15835,-0.4373074173927307,0.0,0.0,0.027027718722820282
15836,-0.41261738538742065,0.0,0.0,0.1459643393754959
15837,-0.048439230769872665,0.0,0.0,-0.19742073118686676
15838,0.04922526329755783,0.0,0.0,0.03422461450099945
15839,-0.41261738538742065,0.0,0.0,0.15761159360408783
15840,0.2925262153148651,0.0,0.0,-0.1603948175907135
15841,0.0803549587726593,0.0,0.0,-0.1903553158044815
15842,0.19319382309913635,0.0,0.0,-0.17626076936721802
15843,-0.05689529329538345,0.0,0.0,-0.18629801273345947
15844,0.05554647371172905,0.0,0.0,-0.04807071387767792
15845,0.5378425717353821,0.0,0.0,-0.12080571800470352
15846,0.028591834008693695,0.0,0.0,-0.03112136758863926
15847,-0.3362666070461273,0.0,0.0,0.015867117792367935
15848,-0.18218198418617249,0.0,0.0,0.02307279407978058
15849,-0.5128113627433777,0.0,0.0,-0.011005690321326256
15850,0.05284365639090538,0.0,0.0,-0.1903553158044815
15851,0.05201495811343193,0.0,0.0,0.043024059385061264
15852,-0.41261738538742065,0.0,0.0,0.15761159360408783
15853,-0.03257128596305847,0.0,0.0,-0.1733720898628235
15854,-0.41261738538742065,0.0,0.0,0.15761159360408783
15855,-0.5443029403686523,0.0,0.0,0.023793663829565048
15856,0.10989245027303696,0.0,0.0,-0.17871461808681488
15857,0.47597265243530273,0.0,0.0,-0.139634907245636
15858,0.47597265243530273,0.0,0.0,-0.12752506136894226
15859,0.0803549587726593,0.0,0.0,-0.16795781254768372
15860,-0.2891075313091278,0.0,0.0,0.012236050330102444
15861,0.592373251914978,0.0,0.0,-0.09517679363489151
15862,-0.03469222038984299,0.0,0.0,-0.14944741129875183
15863,-0.5436556935310364,0.0,0.0,0.08572564274072647
15864,-0.4785110354423523,0.0,0.0,-0.004809188656508923
15865,-0.059822868555784225,0.0,0.0,-0.19742073118686676
15866,-0.059822868555784225,0.0,0.0,-0.19742073118686676
15867,-0.048439230769872665,0.0,0.0,-0.19742073118686676
15868,0.47597265243530273,0.0,0.0,-0.139634907245636
15869,-0.5630465745925903,0.0,0.0,-0.0030553541146218777
15870,-0.5057171583175659,0.0,0.0,-0.0037400880828499794
15871,-0.41261738538742065,0.0,0.0,0.15761159360408783
15872,-0.5266210436820984,0.0,0.0,0.1457904428243637
15873,0.12281261384487152,0.0,0.0,-0.18900229036808014
15874,-0.49430564045906067,0.0,0.0,0.004484504461288452
15875,-0.41261738538742065,0.0,0.0,0.15761159360408783
15876,-0.41261738538742065,0.0,0.0,0.15761159360408783
15877,-0.41261738538742065,0.0,0.0,0.15761159360408783
15878,0.592373251914978,0.0,0.0,-0.09517679363489151
15879,-0.528415322303772,0.0,0.0,0.14558805525302887
15880,0.5997591614723206,0.0,0.0,-0.08163367956876755
15881,0.28959864377975464,0.0,0.0,-0.1491200476884842
15882,0.05201495811343193,0.0,0.0,0.043024059385061264
15883,0.04922526329755783,0.0,0.0,0.027658505365252495
15884,0.592373251914978,0.0,0.0,-0.1175742819905281
15885,0.05284365639090538,0.0,0.0,-0.16795781254768372
15886,0.592373251914978,0.0,0.0,-0.09517679363489151
15887,0.47597265243530273,0.0,0.0,-0.14992256462574005
15888,0.592373251914978,0.0,0.0,-0.09517679363489151
15889,0.19319382309913635,0.0,0.0,-0.17626076936721802
15890,0.2767643928527832,0.0,0.0,0.010278316214680672
15891,0.592373251914978,0.0,0.0,-0.09517679363489151
15892,0.05201495811343193,0.0,0.0,0.043024059385061264
15893,0.012223970144987106,0.0,0.0,-0.18192757666110992
15894,-0.41261738538742065,0.0,0.0,0.15761159360408783
15895,0.592373251914978,0.0,0.0,-0.09517679363489151
15896,-0.5501718521118164,0.0,0.0,-0.01278410479426384
15897,0.003322980599477887,0.0,0.0,-0.17183223366737366
15898,0.592373251914978,0.0,0.0,-0.10728661715984344
15899,0.14500166475772858,0.0,0.0,-0.0780486911535263
15900,0.04163043946027756,0.0,0.0,0.0019506867974996567
15901,0.05201495811343193,0.0,0.0,0.043024059385061264
15902,-0.493551641702652,0.0,0.0,0.08523502200841904
15903,0.592373251914978,0.0,0.0,-0.09517679363489151
15904,0.09410195797681808,0.0,0.0,-0.14238199591636658
15905,-0.41261738538742065,0.0,0.0,0.15761159360408783
15906,-0.0051167188212275505,0.0,0.0,-0.0532761812210083
15907,-0.44119390845298767,0.0,0.0,0.00017869914881885052
15908,0.592373251914978,0.0,0.0,-0.10728661715984344
15909,0.592373251914978,0.0,0.0,-0.09517679363489151
15910,0.025367464870214462,0.0,0.0,0.027658505365252495
15911,-0.2701088488101959,0.0,0.0,0.013696744106709957
15912,0.592373251914978,0.0,0.0,-0.09517679363489151
15913,0.416690468788147,0.0,0.0,-0.14958146214485168
15914,-0.33761754631996155,0.0,0.0,0.007642525248229504
15915,0.5378425717353821,0.0,0.0,-0.12080571800470352
15916,-0.5196128487586975,0.0,0.0,0.14976610243320465
15917,0.592373251914978,0.0,0.0,-0.09517679363489151
15918,0.592373251914978,0.0,0.0,-0.10728661715984344
15919,0.05201495811343193,0.0,0.0,0.043024059385061264
15920,-0.5065308809280396,0.0,0.0,0.030248243361711502
15921,0.04922526329755783,0.0,0.0,0.03422461450099945
15922,0.20694084465503693,0.0,0.0,-0.13857512176036835
15923,0.592373251914978,0.0,0.0,-0.09517679363489151
15924,-0.531241238117218,0.0,0.0,0.13133279979228973
15925,0.05201495811343193,0.0,0.0,0.043024059385061264
15926,0.0063890013843774796,0.0,0.0,0.0019506867974996567
15927,0.592373251914978,0.0,0.0,-0.09517679363489151
15928,-0.5043662786483765,0.0,0.0,0.004484504461288452
15929,-0.2891075313091278,0.0,0.0,0.012236050330102444
15930,0.05201495811343193,0.0,0.0,0.043024059385061264
15931,-0.41261738538742065,0.0,0.0,0.15761159360408783
15932,0.592373251914978,0.0,0.0,-0.10728661715984344
15933,0.592373251914978,0.0,0.0,-0.09517679363489151
15934,0.0564962662756443,0.0,0.0,-0.02793036215007305
15935,0.592373251914978,0.0,0.0,-0.09517679363489151
15936,-0.16103766858577728,0.0,0.0,0.17563480138778687
15937,-0.17863057553768158,0.0,0.0,0.061222419142723083
15938,-0.21200652420520782,0.0,0.0,-0.13507209718227386
15939,0.40543797612190247,0.0,0.0,-0.09436921030282974
15940,-0.5381281971931458,0.0,0.0,-0.11198832094669342
15941,-0.5381281971931458,0.0,0.0,-0.11198832094669342
15942,-0.5395647883415222,0.0,0.0,-0.13217534124851227
15943,0.682176947593689,0.0,0.0,-0.026431487873196602
15944,0.681760847568512,0.0,0.0,-0.029395965859293938
15945,-0.5351466536521912,0.0,0.0,-0.1311361938714981
15946,0.3212137818336487,0.0,0.0,-0.10104980319738388
15947,-0.5407660603523254,0.0,0.0,-0.16120846569538116
15948,-0.5407660603523254,0.0,0.0,-0.15675540268421173
15949,-0.5319455862045288,0.0,0.0,-0.09340633451938629
15950,-0.15048722922801971,0.0,0.0,-0.06767193228006363
15951,-0.46526119112968445,0.0,0.0,-0.17085577547550201
15952,-0.5309083461761475,0.0,0.0,-0.17606930434703827
15953,-0.15760692954063416,0.0,0.0,0.07641622424125671
15954,-0.0762404203414917,0.0,0.0,-0.13435402512550354
15955,-0.5332103371620178,0.0,0.0,-0.10228890925645828
15956,-0.46526119112968445,0.0,0.0,-0.16697736084461212
15957,-0.19287748634815216,0.0,0.0,-0.015865422785282135
15958,0.6741536855697632,0.0,0.0,-0.029896825551986694
15959,-0.5250906348228455,0.0,0.0,-0.17588083446025848
15960,-0.540233850479126,0.0,0.0,-0.07968568801879883
15961,-0.16008271276950836,0.0,0.0,-0.1085461750626564
15962,-0.16008271276950836,0.0,0.0,-0.13469144701957703
15963,-0.5382479429244995,0.0,0.0,-0.1745661348104477
15964,0.682176947593689,0.0,0.0,-0.026431487873196602
15965,-0.5319455862045288,0.0,0.0,-0.09340633451938629
15966,-0.5309083461761475,0.0,0.0,-0.17606930434703827
15967,-0.23951590061187744,0.0,0.0,-0.15519753098487854
15968,-0.2558183968067169,0.0,0.0,-0.1527157425880432
15969,0.334742933511734,0.0,0.0,-0.11165406554937363
15970,-0.19748587906360626,0.0,0.0,-0.13507209718227386
15971,-0.5411288738250732,0.0,0.0,-0.1779717057943344
15972,-0.23244479298591614,0.0,0.0,-0.15519753098487854
15973,-0.5478777289390564,0.0,0.0,-0.17901085317134857
15974,-0.5309083461761475,0.0,0.0,-0.17606930434703827
15975,0.682176947593689,0.0,0.0,-0.026431487873196602
15976,-0.19287748634815216,0.0,0.0,-0.015865422785282135
15977,-0.5381281971931458,0.0,0.0,-0.11198832094669342
15978,-0.5395647883415222,0.0,0.0,-0.13217534124851227
15979,-0.16008271276950836,0.0,0.0,-0.1085461750626564
15980,-0.18368695676326752,0.0,0.0,-0.11174684017896652
15981,-0.5499973893165588,0.0,0.0,-0.1764635294675827
15982,-0.5319455862045288,0.0,0.0,-0.09340633451938629
15983,-0.1754361391067505,0.0,0.0,-0.015865422785282135
15984,0.334742933511734,0.0,0.0,-0.11165406554937363
15985,-0.16703306138515472,0.0,0.0,-0.13469144701957703
15986,-0.15878309309482574,0.0,0.0,0.17097043991088867
15987,-0.5499973893165588,0.0,0.0,-0.1670045107603073
15988,0.3212137818336487,0.0,0.0,-0.11199233680963516
15989,-0.5395647883415222,0.0,0.0,-0.13217534124851227
15990,-0.16703306138515472,0.0,0.0,-0.13469144701957703
15991,-0.5319455862045288,0.0,0.0,-0.09340633451938629
15992,-0.38735032081604004,0.0,0.0,-0.16852647066116333
15993,-0.5319455862045288,0.0,0.0,-0.09340633451938629
15994,-0.5478777289390564,0.0,0.0,-0.17901085317134857
15995,0.011421240866184235,0.0,0.0,-0.1095515713095665
15996,0.4363146424293518,0.0,0.0,-0.09097831696271896
15997,-0.5503602623939514,0.0,0.0,-0.17901085317134857
15998,-0.5319455862045288,0.0,0.0,-0.09340633451938629
15999,-0.15360382199287415,0.0,0.0,0.17907094955444336
16000,-0.5328159928321838,0.0,0.0,-0.1311361938714981
16001,-0.5478777289390564,0.0,0.0,-0.17901085317134857
16002,-0.5395647883415222,0.0,0.0,-0.13217534124851227
16003,-0.21200652420520782,0.0,0.0,-0.13507209718227386
16004,-0.16060175001621246,0.0,0.0,0.17907094955444336
16005,-0.5319455862045288,0.0,0.0,-0.09340633451938629
16006,0.344397634267807,0.0,0.0,-0.11097947508096695
16007,-0.026154624298214912,0.0,0.0,-0.13435402512550354
16008,0.3212137818336487,0.0,0.0,-0.11199233680963516
16009,-0.1815531849861145,0.0,0.0,-0.03677291050553322
16010,-0.11874227970838547,0.0,0.0,0.07679687440395355
16011,0.5902749300003052,0.0,0.0,-0.051090240478515625
16012,-0.16617020964622498,0.0,0.0,0.12949472665786743
16013,-0.2558183968067169,0.0,0.0,-0.1621747612953186
16014,-0.2159641981124878,0.0,0.0,-0.15383195877075195
16015,-0.5305455923080444,0.0,0.0,-0.16654478013515472
16016,-0.08584755659103394,0.0,0.0,-0.13435402512550354
16017,-0.16060175001621246,0.0,0.0,0.17907094955444336
16018,-0.5332103371620178,0.0,0.0,-0.10228890925645828
16019,-0.18368695676326752,0.0,0.0,-0.11174684017896652
16020,-0.5332103371620178,0.0,0.0,-0.10228890925645828
16021,-0.5503602623939514,0.0,0.0,-0.17901085317134857
16022,-0.004821309354156256,0.0,0.0,-0.1328233927488327
16023,0.4363146424293518,0.0,0.0,-0.09097831696271896
16024,0.45461505651474,0.0,0.0,-0.07282053679227829
16025,-0.03639320656657219,0.0,0.0,-0.10524427145719528
16026,-0.23951590061187744,0.0,0.0,-0.1527157425880432
16027,0.682176947593689,0.0,0.0,-0.026431487873196602
16028,-0.19287748634815216,0.0,0.0,-0.015865422785282135
16029,-0.5386107563972473,0.0,0.0,-0.17711345851421356
16030,-0.45172032713890076,0.0,0.0,-0.1635194569826126
16031,-0.19748587906360626,0.0,0.0,-0.13507209718227386
16032,-0.19748587906360626,0.0,0.0,-0.13507209718227386
16033,-0.21200652420520782,0.0,0.0,-0.13507209718227386
16034,0.45461505651474,0.0,0.0,-0.08482258766889572
16035,-0.5503602623939514,0.0,0.0,-0.17901085317134857
16036,-0.5206922888755798,0.0,0.0,-0.173333540558815
16037,-0.5319455862045288,0.0,0.0,-0.09340633451938629
16038,-0.5420473217964172,0.0,0.0,-0.13217534124851227
16039,0.07394715398550034,0.0,0.0,-0.12932027876377106
16040,-0.46562400460243225,0.0,0.0,-0.1734030693769455
16041,-0.5319455862045288,0.0,0.0,-0.09340633451938629
16042,-0.5319455862045288,0.0,0.0,-0.09340633451938629
16043,-0.5319455862045288,0.0,0.0,-0.09340633451938629
16044,0.682176947593689,0.0,0.0,-0.026431487873196602
16045,-0.5347514152526855,0.0,0.0,-0.12898407876491547
16046,0.6717840433120728,0.0,0.0,0.021406270563602448
16047,0.3351590633392334,0.0,0.0,-0.08254431933164597
16048,-0.15360382199287415,0.0,0.0,0.17907094955444336
16049,-0.16060175001621246,0.0,0.0,0.17907094955444336
16050,0.681760847568512,0.0,0.0,-0.0555412620306015
16051,-0.08584755659103394,0.0,0.0,-0.11140941828489304
16052,0.681760847568512,0.0,0.0,-0.0325966440141201
16053,0.4363146424293518,0.0,0.0,-0.0991198942065239
16054,0.682176947593689,0.0,0.0,-0.026431487873196602
16055,0.3212137818336487,0.0,0.0,-0.11199233680963516
16056,0.3635149598121643,0.0,0.0,0.1534777581691742
16057,0.682176947593689,0.0,0.0,-0.026431487873196602
16058,-0.15061159431934357,0.0,0.0,0.17907094955444336
16059,-0.16008271276950836,0.0,0.0,-0.13469144701957703
16060,-0.5319455862045288,0.0,0.0,-0.09340633451938629
16061,0.682176947593689,0.0,0.0,-0.026431487873196602
16062,-0.5305455923080444,0.0,0.0,-0.1640629917383194
16063,-0.16436487436294556,0.0,0.0,-0.1085461750626564
16064,0.681760847568512,0.0,0.0,-0.0325966440141201
16065,0.028554702177643776,0.0,0.0,0.06347115337848663
16066,-0.15966445207595825,0.0,0.0,0.1652049720287323
16067,-0.15360382199287415,0.0,0.0,0.17907094955444336
16068,-0.5309083461761475,0.0,0.0,-0.17606930434703827
16069,0.682176947593689,0.0,0.0,-0.026431487873196602
16070,-0.017680257558822632,0.0,0.0,-0.01514735072851181
16071,-0.5356456637382507,0.0,0.0,-0.11198832094669342
16072,-0.16052764654159546,0.0,0.0,0.07641622424125671
16073,-0.5475149154663086,0.0,0.0,-0.1764635294675827
16074,0.6737375259399414,0.0,0.0,-0.059006594121456146
16075,0.682176947593689,0.0,0.0,-0.026431487873196602
16076,-0.1582859754562378,0.0,0.0,0.17563480138778687
16077,-0.22931861877441406,0.0,0.0,0.17282062768936157
16078,0.682176947593689,0.0,0.0,-0.026431487873196602
16079,0.41503340005874634,0.0,0.0,-0.03829224407672882
16080,-0.2558183968067169,0.0,0.0,-0.1527157425880432
16081,0.5902749300003052,0.0,0.0,-0.051090240478515625
16082,-0.5420473217964172,0.0,0.0,-0.13217534124851227
16083,0.681760847568512,0.0,0.0,-0.0325966440141201
16084,0.6737375259399414,0.0,0.0,-0.050865016877651215
16085,-0.16060175001621246,0.0,0.0,0.17907094955444336
16086,-0.5309083461761475,0.0,0.0,-0.17606930434703827
16087,-0.15785005688667297,0.0,0.0,0.17907094955444336
16088,0.33871081471443176,0.0,0.0,0.0005772560834884644
16089,0.682176947593689,0.0,0.0,-0.026431487873196602
16090,-0.5324207544326782,0.0,0.0,-0.13239742815494537
16091,-0.15061159431934357,0.0,0.0,0.17907094955444336
16092,-0.144262433052063,0.0,0.0,0.17097043991088867
16093,0.682176947593689,0.0,0.0,-0.026431487873196602
16094,-0.46526119112968445,0.0,0.0,-0.17085577547550201
16095,-0.23951590061187744,0.0,0.0,-0.1527157425880432
16096,-0.15061159431934357,0.0,0.0,0.17907094955444336
16097,-0.5332103371620178,0.0,0.0,-0.10228890925645828
16098,0.681760847568512,0.0,0.0,-0.0555412620306015
16099,0.682176947593689,0.0,0.0,-0.026431487873196602
16100,-0.11852844804525375,0.0,0.0,0.12987540662288666
16101,0.682176947593689,0.0,0.0,-0.026431487873196602
16102,0.277140349149704,0.0,0.0,0.5083196759223938
16103,0.06685443222522736,0.0,0.0,-0.15177536010742188
16104,-0.37034517526626587,0.0,0.0,-1.0714448690414429
16105,0.5040636658668518,0.0,0.0,-1.0722712278366089
16106,-1.247201919555664,0.0,0.0,0.5137379765510559
16107,-1.247201919555664,0.0,0.0,0.5137379765510559
16108,-1.247201919555664,0.0,0.0,0.5137379765510559
16109,1.656506061553955,0.0,0.0,-0.4095795154571533
16110,1.656506061553955,0.0,0.0,-0.4095795154571533
16111,-1.247201919555664,0.0,0.0,0.5137379765510559
16112,0.12311449646949768,0.0,0.0,-1.2147095203399658
16113,-1.364813208580017,0.0,0.0,0.08661357313394547
16114,-1.364813208580017,0.0,0.0,0.08661357313394547
16115,-1.247201919555664,0.0,0.0,0.5137379765510559
16116,0.25752386450767517,0.0,0.0,-0.8795144557952881
16117,-0.7391180992126465,0.0,0.0,0.2798474431037903
16118,-0.7391180992126465,0.0,0.0,0.2798474431037903
16119,0.277140349149704,0.0,0.0,0.5083196759223938
16120,0.25752386450767517,0.0,0.0,-0.8795144557952881
16121,-1.247201919555664,0.0,0.0,0.5137379765510559
16122,-0.7391180992126465,0.0,0.0,0.2798474431037903
16123,-0.37034517526626587,0.0,0.0,-1.0714448690414429
16124,1.656506061553955,0.0,0.0,-0.4095795154571533
16125,-0.7391180992126465,0.0,0.0,0.2798474431037903
16126,-1.364813208580017,0.0,0.0,0.08661357313394547
16127,0.15071767568588257,0.0,0.0,-1.0452711582183838
16128,0.12311449646949768,0.0,0.0,-1.2147095203399658
16129,-1.364813208580017,0.0,0.0,0.08661357313394547
16130,1.656506061553955,0.0,0.0,-0.4095795154571533
16131,-1.247201919555664,0.0,0.0,0.5137379765510559
16132,-0.7391180992126465,0.0,0.0,0.2798474431037903
16133,-0.7391180992126465,0.0,0.0,0.2798474431037903
16134,-0.7391180992126465,0.0,0.0,0.2798474431037903
16135,0.12311449646949768,0.0,0.0,-1.2147095203399658
16136,-0.37034517526626587,0.0,0.0,-1.0714448690414429
16137,-1.364813208580017,0.0,0.0,0.08661357313394547
16138,0.308467835187912,0.0,0.0,0.5083196759223938
16139,-1.2986372709274292,0.0,0.0,0.30507978796958923
16140,-0.7391180992126465,0.0,0.0,0.2798474431037903
16141,1.656506061553955,0.0,0.0,-0.4095795154571533
16142,-0.37034517526626587,0.0,0.0,-1.0714448690414429
16143,-1.247201919555664,0.0,0.0,0.5137379765510559
16144,-1.247201919555664,0.0,0.0,0.5137379765510559
16145,0.15071767568588257,0.0,0.0,-1.0452711582183838
16146,-0.26085734367370605,0.0,0.0,-1.0209074020385742
16147,-1.364813208580017,0.0,0.0,0.08661357313394547
16148,-1.247201919555664,0.0,0.0,0.5137379765510559
16149,-0.37034517526626587,0.0,0.0,-1.0714448690414429
16150,0.25752386450767517,0.0,0.0,-0.8795144557952881
16151,0.25752386450767517,0.0,0.0,-0.8795144557952881
16152,0.277140349149704,0.0,0.0,0.5083196759223938
16153,-1.364813208580017,0.0,0.0,0.08661357313394547
16154,0.25752386450767517,0.0,0.0,-0.8795144557952881
16155,-1.247201919555664,0.0,0.0,0.5137379765510559
16156,0.12311449646949768,0.0,0.0,-1.2147095203399658
16157,-1.247201919555664,0.0,0.0,0.5137379765510559
16158,-0.7391180992126465,0.0,0.0,0.2798474431037903
16159,-1.247201919555664,0.0,0.0,0.5137379765510559
16160,-1.2986372709274292,0.0,0.0,0.30507978796958923
16161,0.15071767568588257,0.0,0.0,-1.0452711582183838
16162,0.5040636658668518,0.0,0.0,-1.0722712278366089
16163,-1.364813208580017,0.0,0.0,0.08661357313394547
16164,-1.247201919555664,0.0,0.0,0.5137379765510559
16165,0.277140349149704,0.0,0.0,0.5083196759223938
16166,-1.247201919555664,0.0,0.0,0.5137379765510559
16167,-1.364813208580017,0.0,0.0,0.08661357313394547
16168,-1.247201919555664,0.0,0.0,0.5137379765510559
16169,-0.37034517526626587,0.0,0.0,-1.0714448690414429
16170,0.277140349149704,0.0,0.0,0.5083196759223938
16171,-1.247201919555664,0.0,0.0,0.5137379765510559
16172,0.25752386450767517,0.0,0.0,-0.8795144557952881
16173,0.25752386450767517,0.0,0.0,-0.8795144557952881
16174,0.25752386450767517,0.0,0.0,-0.8795144557952881
16175,-0.37034517526626587,0.0,0.0,-1.0714448690414429
16176,0.7913968563079834,0.0,0.0,0.3555740416049957
16177,1.25461745262146,0.0,0.0,-0.7132988572120667
16178,0.277140349149704,0.0,0.0,0.5083196759223938
16179,-0.7391180992126465,0.0,0.0,0.2798474431037903
16180,0.308467835187912,0.0,0.0,0.5083196759223938
16181,-0.7391180992126465,0.0,0.0,0.2798474431037903
16182,0.25752386450767517,0.0,0.0,-0.8795144557952881
16183,0.277140349149704,0.0,0.0,0.5083196759223938
16184,-1.247201919555664,0.0,0.0,0.5137379765510559
16185,-0.26085734367370605,0.0,0.0,-1.0209074020385742
16186,-1.247201919555664,0.0,0.0,0.5137379765510559
16187,-1.364813208580017,0.0,0.0,0.08661357313394547
16188,0.12311449646949768,0.0,0.0,-1.2147095203399658
16189,0.5040636658668518,0.0,0.0,-1.0722712278366089
16190,0.5316669940948486,0.0,0.0,-0.9028328657150269
16191,0.15071767568588257,0.0,0.0,-1.0452711582183838
16192,-0.7391180992126465,0.0,0.0,0.2798474431037903
16193,1.656506061553955,0.0,0.0,-0.4095795154571533
16194,-0.37034517526626587,0.0,0.0,-1.0714448690414429
16195,-1.2986372709274292,0.0,0.0,0.30507978796958923
16196,-0.7391180992126465,0.0,0.0,0.2798474431037903
16197,-0.37034517526626587,0.0,0.0,-1.0714448690414429
16198,-0.37034517526626587,0.0,0.0,-1.0714448690414429
16199,-0.37034517526626587,0.0,0.0,-1.0714448690414429
16200,0.5040636658668518,0.0,0.0,-1.0722712278366089
16201,-1.364813208580017,0.0,0.0,0.08661357313394547
16202,-0.7391180992126465,0.0,0.0,0.2798474431037903
16203,-1.247201919555664,0.0,0.0,0.5137379765510559
16204,-1.247201919555664,0.0,0.0,0.5137379765510559
16205,0.25752386450767517,0.0,0.0,-0.8795144557952881
16206,-0.7391180992126465,0.0,0.0,0.2798474431037903
16207,-1.247201919555664,0.0,0.0,0.5137379765510559
16208,-1.247201919555664,0.0,0.0,0.5137379765510559
16209,-1.247201919555664,0.0,0.0,0.5137379765510559
16210,1.656506061553955,0.0,0.0,-0.4095795154571533
16211,-1.247201919555664,0.0,0.0,0.5137379765510559
16212,1.7633123397827148,0.0,0.0,-0.24382281303405762
16213,0.15071767568588257,0.0,0.0,-1.0452711582183838
16214,0.277140349149704,0.0,0.0,0.5083196759223938
16215,0.277140349149704,0.0,0.0,0.5083196759223938
16216,1.7633123397827148,0.0,0.0,-0.24382281303405762
16217,0.15071767568588257,0.0,0.0,-1.0452711582183838
16218,1.656506061553955,0.0,0.0,-0.4095795154571533
16219,0.6384730935096741,0.0,0.0,-0.7370761036872864
16220,1.656506061553955,0.0,0.0,-0.4095795154571533
16221,0.25752386450767517,0.0,0.0,-0.8795144557952881
16222,0.9050094485282898,0.0,0.0,0.700249969959259
16223,1.656506061553955,0.0,0.0,-0.4095795154571533
16224,0.308467835187912,0.0,0.0,0.5083196759223938
16225,0.25752386450767517,0.0,0.0,-0.8795144557952881
16226,-1.247201919555664,0.0,0.0,0.5137379765510559
16227,1.656506061553955,0.0,0.0,-0.4095795154571533
16228,-0.7391180992126465,0.0,0.0,0.2798474431037903
16229,0.15071767568588257,0.0,0.0,-1.0452711582183838
16230,1.656506061553955,0.0,0.0,-0.4095795154571533
16231,0.69472336769104,0.0,0.0,0.04015485569834709
16232,0.277140349149704,0.0,0.0,0.5083196759223938
16233,0.277140349149704,0.0,0.0,0.5083196759223938
16234,-0.6729422807693481,0.0,0.0,0.4983137249946594
16235,1.656506061553955,0.0,0.0,-0.4095795154571533
16236,0.25752386450767517,0.0,0.0,-0.8795144557952881
16237,-1.247201919555664,0.0,0.0,0.5137379765510559
16238,0.16352784633636475,0.0,0.0,0.16364379227161407
16239,-1.364813208580017,0.0,0.0,0.08661357313394547
16240,1.7633123397827148,0.0,0.0,-0.24382281303405762
16241,1.656506061553955,0.0,0.0,-0.4095795154571533
16242,0.277140349149704,0.0,0.0,0.5083196759223938
16243,0.308467835187912,0.0,0.0,0.5083196759223938
16244,1.656506061553955,0.0,0.0,-0.4095795154571533
16245,0.6384730935096741,0.0,0.0,-0.7370761036872864
16246,-0.7391180992126465,0.0,0.0,0.2798474431037903
16247,1.25461745262146,0.0,0.0,-0.7132988572120667
16248,-1.247201919555664,0.0,0.0,0.5137379765510559
16249,1.656506061553955,0.0,0.0,-0.4095795154571533
16250,1.6289029121398926,0.0,0.0,-0.5790180563926697
16251,0.277140349149704,0.0,0.0,0.5083196759223938
16252,-0.7391180992126465,0.0,0.0,0.2798474431037903
16253,0.277140349149704,0.0,0.0,0.5083196759223938
16254,0.25752386450767517,0.0,0.0,-0.8795144557952881
16255,1.656506061553955,0.0,0.0,-0.4095795154571533
16256,-1.247201919555664,0.0,0.0,0.5137379765510559
16257,0.308467835187912,0.0,0.0,0.5083196759223938
16258,0.277140349149704,0.0,0.0,0.5083196759223938
16259,1.656506061553955,0.0,0.0,-0.4095795154571533
16260,-0.7391180992126465,0.0,0.0,0.2798474431037903
16261,-0.7391180992126465,0.0,0.0,0.2798474431037903
16262,0.308467835187912,0.0,0.0,0.5083196759223938
16263,-1.247201919555664,0.0,0.0,0.5137379765510559
16264,1.7633123397827148,0.0,0.0,-0.24382281303405762
16265,1.656506061553955,0.0,0.0,-0.4095795154571533
16266,0.9050094485282898,0.0,0.0,0.700249969959259
16267,1.656506061553955,0.0,0.0,-0.4095795154571533
16268,-0.8893921971321106,0.0,0.0,0.5083866119384766
16269,-0.9698629975318909,0.0,0.0,-1.428609013557434
16270,-1.000929355621338,0.0,0.0,-3.132288694381714
16271,2.6437182426452637,0.0,0.0,-2.645230531692505
16272,-3.071974992752075,0.0,0.0,1.4474432468414307
16273,-3.071974992752075,0.0,0.0,1.4474432468414307
16274,-3.071974992752075,0.0,0.0,1.4474432468414307
16275,2.780249834060669,0.0,0.0,-2.2606163024902344
16276,2.780249834060669,0.0,0.0,-2.2606163024902344
16277,-3.0456674098968506,0.0,0.0,1.4474432468414307
16278,2.0412425994873047,0.0,0.0,-2.557671308517456
16279,-3.004709005355835,0.0,0.0,-0.27591004967689514
16280,-3.1283276081085205,0.0,0.0,-0.20238080620765686
16281,-3.071974992752075,0.0,0.0,1.4474432468414307
16282,0.013136371970176697,0.0,0.0,-2.5762226581573486
16283,-1.4205613136291504,0.0,0.0,-0.15162700414657593
16284,-1.7921605110168457,0.0,0.0,0.45969337224960327
16285,-0.4092783033847809,0.0,0.0,-0.8582585453987122
16286,0.822051465511322,0.0,0.0,-2.9407856464385986
16287,-3.071974992752075,0.0,0.0,1.4474432468414307
16288,-1.512404441833496,0.0,0.0,-0.10461962223052979
16289,-0.9978675842285156,0.0,0.0,-1.8385893106460571
16290,2.780249834060669,0.0,0.0,-2.2606163024902344
16291,-1.7252438068389893,0.0,0.0,-0.11730682104825974
16292,-3.1909587383270264,0.0,0.0,-0.012247007340192795
16293,-0.0012218207120895386,0.0,0.0,-2.4341378211975098
16294,-0.015184581279754639,0.0,0.0,-2.7910497188568115
16295,-2.8997914791107178,0.0,0.0,-0.4129253923892975
16296,2.780249834060669,0.0,0.0,-2.2606163024902344
16297,-3.071974992752075,0.0,0.0,1.4474432468414307
16298,-2.1613845825195312,0.0,0.0,-0.16356003284454346
16299,-0.9821698665618896,0.0,0.0,-0.1752246916294098
16300,-1.0040812492370605,0.0,0.0,0.6674883365631104
16301,2.4879305362701416,0.0,0.0,-2.666851043701172
16302,-0.6213250756263733,0.0,0.0,-3.0541038513183594
16303,-2.8563950061798096,0.0,0.0,0.42321935296058655
16304,-0.8393449783325195,0.0,0.0,-0.15970680117607117
16305,-3.140073537826538,0.0,0.0,0.8009151816368103
16306,-2.327993154525757,0.0,0.0,0.43219324946403503
16307,2.780249834060669,0.0,0.0,-2.2606163024902344
16308,-0.9978675842285156,0.0,0.0,-1.9056810140609741
16309,-3.071974992752075,0.0,0.0,1.4474432468414307
16310,-3.071974992752075,0.0,0.0,1.4474432468414307
16311,-0.0012218207120895386,0.0,0.0,-2.4341378211975098
16312,-0.325571745634079,0.0,0.0,-2.4741885662078857
16313,-3.2999684810638428,0.0,0.0,-0.36371758580207825
16314,-3.071974992752075,0.0,0.0,1.4474432468414307
16315,-0.4406508505344391,0.0,0.0,-1.3855756521224976
16316,2.4879305362701416,0.0,0.0,-2.8283474445343018
16317,-0.010041207075119019,0.0,0.0,-3.3238117694854736
16318,-0.8944674134254456,0.0,0.0,0.42322924733161926
16319,-3.2999684810638428,0.0,0.0,0.0630064308643341
16320,2.1233277320861816,0.0,0.0,-2.8283474445343018
16321,-3.071974992752075,0.0,0.0,1.4474432468414307
16322,-0.015184581279754639,0.0,0.0,-2.7910497188568115
16323,-3.071974992752075,0.0,0.0,1.4474432468414307
16324,-1.30006742477417,0.0,0.0,0.19815543293952942
16325,-3.071974992752075,0.0,0.0,1.4474432468414307
16326,-3.1340744495391846,0.0,0.0,0.8201263546943665
16327,1.7564103603363037,0.0,0.0,-2.339404821395874
16328,2.766287088394165,0.0,0.0,-2.617528200149536
16329,-3.209526300430298,0.0,0.0,0.3410123586654663
16330,-3.071974992752075,0.0,0.0,1.4474432468414307
16331,-0.9044657945632935,0.0,0.0,0.6390827298164368
16332,-2.9451582431793213,0.0,0.0,1.475764513015747
16333,-3.1937057971954346,0.0,0.0,0.36373889446258545
16334,-3.071974992752075,0.0,0.0,1.4474432468414307
16335,-1.000929355621338,0.0,0.0,-3.398526906967163
16336,-1.0940752029418945,0.0,0.0,0.5022343993186951
16337,-3.071974992752075,0.0,0.0,1.4474432468414307
16338,2.4930739402770996,0.0,0.0,-3.199613332748413
16339,1.2493555545806885,0.0,0.0,-3.2409017086029053
16340,2.1233277320861816,0.0,0.0,-2.666851043701172
16341,-0.5093944072723389,0.0,0.0,-2.6162736415863037
16342,0.31847813725471497,0.0,0.0,-0.8182078003883362
16343,2.766287088394165,0.0,0.0,-2.329139471054077
16344,-0.9097337126731873,0.0,0.0,0.20790931582450867
16345,-1.1162937879562378,0.0,0.0,-0.17881694436073303
16346,-0.7396970987319946,0.0,0.0,-0.15970680117607117
16347,-2.0159406661987305,0.0,0.0,-0.2767270505428314
16348,0.6765385270118713,0.0,0.0,-3.2702646255493164
16349,-1.0940752029418945,0.0,0.0,0.6390827298164368
16350,-3.071974992752075,0.0,0.0,1.4474432468414307
16351,-0.41259947419166565,0.0,0.0,-2.4741885662078857
16352,-3.071974992752075,0.0,0.0,1.4474432468414307
16353,-3.209526300430298,0.0,0.0,0.3410123586654663
16354,1.7424476146697998,0.0,0.0,-2.696316719055176
16355,2.6437182426452637,0.0,0.0,-2.645230531692505
16356,2.780249834060669,0.0,0.0,-2.2606163024902344
16357,1.2070131301879883,0.0,0.0,-2.3603873252868652
16358,-0.9288997650146484,0.0,0.0,0.479758083820343
16359,2.780249834060669,0.0,0.0,-2.2606163024902344
16360,-0.9978675842285156,0.0,0.0,-1.8385893106460571
16361,-2.7967631816864014,0.0,0.0,0.8796069622039795
16362,-1.3498378992080688,0.0,0.0,-0.1976243257522583
16363,-0.5432026982307434,0.0,0.0,-3.0976247787475586
16364,-0.5432026982307434,0.0,0.0,-3.0976247787475586
16365,-1.0724151134490967,0.0,0.0,-3.4068961143493652
16366,2.766287088394165,0.0,0.0,-2.4987175464630127
16367,-3.268005609512329,0.0,0.0,-0.2871693968772888
16368,-1.697636604309082,0.0,0.0,-0.17797526717185974
16369,-3.071974992752075,0.0,0.0,1.4474432468414307
16370,-3.071974992752075,0.0,0.0,1.4474432468414307
16371,1.7475910186767578,0.0,0.0,-2.962841272354126
16372,-1.4804410934448242,0.0,0.0,-0.0029044561088085175
16373,-3.071974992752075,0.0,0.0,1.4474432468414307
16374,-3.071974992752075,0.0,0.0,1.4474432468414307
16375,-3.071974992752075,0.0,0.0,1.4474432468414307
16376,2.780249834060669,0.0,0.0,-2.2606163024902344
16377,-3.0456674098968506,0.0,0.0,1.4474432468414307
16378,2.8249456882476807,0.0,0.0,-1.8015419244766235
16379,2.5018935203552246,0.0,0.0,-2.309939384460449
16380,-0.9044657945632935,0.0,0.0,0.6390827298164368
16381,-0.8893921971321106,0.0,0.0,0.5083866119384766
16382,2.771430492401123,0.0,0.0,-2.8840525150299072
16383,0.7438858151435852,0.0,0.0,-2.3805906772613525
16384,2.780249834060669,0.0,0.0,-2.2606163024902344
16385,2.6488616466522217,0.0,0.0,-2.844571113586426
16386,2.780249834060669,0.0,0.0,-2.2606163024902344
16387,2.079756736755371,0.0,0.0,-2.6709682941436768
16388,2.7075016498565674,0.0,0.0,0.4151916205883026
16389,2.780249834060669,0.0,0.0,-2.2606163024902344
16390,-0.47913315892219543,0.0,0.0,0.6390827298164368
16391,-0.015184581279754639,0.0,0.0,-2.9525458812713623
16392,-3.071974992752075,0.0,0.0,1.4474432468414307
16393,2.780249834060669,0.0,0.0,-2.2606163024902344
16394,-2.2795186042785645,0.0,0.0,0.5438175201416016
16395,0.19415128231048584,0.0,0.0,-2.4149186611175537
16396,2.766287088394165,0.0,0.0,-2.329139471054077
16397,1.8501431941986084,0.0,0.0,-1.250792384147644
16398,-0.786688506603241,0.0,0.0,0.42322924733161926
16399,-0.5498394966125488,0.0,0.0,0.6390827298164368
16400,-1.4326304197311401,0.0,0.0,0.9399999380111694
16401,2.780249834060669,0.0,0.0,-2.2606163024902344
16402,1.3559982776641846,0.0,0.0,-1.6817547082901
16403,-3.071974992752075,0.0,0.0,1.4474432468414307
16404,-0.4822571575641632,0.0,0.0,-0.6874968409538269
16405,-3.2999684810638428,0.0,0.0,-0.48769238591194153
16406,2.766287088394165,0.0,0.0,-2.617528200149536
16407,2.780249834060669,0.0,0.0,-2.2606163024902344
16408,-0.837645947933197,0.0,0.0,0.5083866119384766
16409,-0.7466863393783569,0.0,0.0,0.6274524927139282
16410,2.780249834060669,0.0,0.0,-2.2606163024902344
16411,2.672039031982422,0.0,0.0,-2.430403709411621
16412,-1.039543867111206,0.0,0.0,0.3169896900653839
16413,2.766287088394165,0.0,0.0,-2.329139471054077
16414,-3.071974992752075,0.0,0.0,1.4474432468414307
16415,2.780249834060669,0.0,0.0,-2.2606163024902344
16416,2.766287088394165,0.0,0.0,-2.617528200149536
16417,-0.835610568523407,0.0,0.0,0.6452348828315735
16418,-1.7729600667953491,0.0,0.0,0.5221425890922546
16419,-0.8314138054847717,0.0,0.0,0.5083866119384766
16420,2.109377145767212,0.0,0.0,-1.677653431892395
16421,2.780249834060669,0.0,0.0,-2.2606163024902344
16422,-2.9451582431793213,0.0,0.0,1.475764513015747
16423,-0.47913315892219543,0.0,0.0,0.6390827298164368
16424,-0.2442571222782135,0.0,0.0,0.466262549161911
16425,2.780249834060669,0.0,0.0,-2.2606163024902344
16426,-1.3885979652404785,0.0,0.0,0.19815543293952942
16427,-0.9637534618377686,0.0,0.0,0.46854156255722046
16428,-0.47913315892219543,0.0,0.0,0.6390827298164368
16429,-3.071974992752075,0.0,0.0,1.4474432468414307
16430,2.766287088394165,0.0,0.0,-2.617528200149536
16431,2.780249834060669,0.0,0.0,-2.2606163024902344
16432,0.3997590243816376,0.0,0.0,0.2095496654510498
16433,2.780249834060669,0.0,0.0,-2.2606163024902344
16434,-0.23480844497680664,0.0,0.0,0.33664780855178833
16435,-0.2397342324256897,0.0,0.0,0.1372254192829132
16436,-0.24962450563907623,0.0,0.0,-0.24546311795711517
16437,0.611635148525238,0.0,0.0,-0.24546311795711517
16438,-0.46348029375076294,0.0,0.0,-0.041757311671972275
16439,-0.46348029375076294,0.0,0.0,-0.041757311671972275
16440,-0.46348029375076294,0.0,0.0,-0.041757311671972275
16441,0.611635148525238,0.0,0.0,-0.24546311795711517
16442,0.611635148525238,0.0,0.0,-0.24546311795711517
16443,-0.46348029375076294,0.0,0.0,-0.041757311671972275
16444,0.5040218830108643,0.0,0.0,-0.24546311795711517
16445,-0.46348029375076294,0.0,0.0,0.03564062714576721
16446,-0.46348029375076294,0.0,0.0,0.03564062714576721
16447,-0.46348029375076294,0.0,0.0,-0.041757311671972275
16448,-0.04154083505272865,0.0,0.0,-0.10160239040851593
16449,-0.4112679362297058,0.0,0.0,-0.029808131977915764
16450,-0.41704079508781433,0.0,0.0,-0.03454580903053284
16451,-0.2377619445323944,0.0,0.0,0.16016164422035217
16452,0.15332414209842682,0.0,0.0,-0.24546311795711517
16453,-0.46348029375076294,0.0,0.0,-0.041757311671972275
16454,-0.4112679362297058,0.0,0.0,-0.029808131977915764
16455,-0.2397342324256897,0.0,0.0,-0.024191539734601974
16456,0.611635148525238,0.0,0.0,-0.24546311795711517
16457,-0.3930765390396118,0.0,0.0,-0.029808131977915764
16458,-0.46348029375076294,0.0,0.0,0.15010254085063934
16459,-0.04583241790533066,0.0,0.0,-0.24546311795711517
16460,-0.04583241790533066,0.0,0.0,-0.24546311795711517
16461,-0.46348029375076294,0.0,0.0,-0.041757311671972275
16462,0.611635148525238,0.0,0.0,-0.24546311795711517
16463,-0.46348029375076294,0.0,0.0,-0.041757311671972275
16464,-0.4438176453113556,0.0,0.0,-0.041757311671972275
16465,-0.24770961701869965,0.0,0.0,0.017367178574204445
16466,-0.2904154062271118,0.0,0.0,0.03310314938426018
16467,0.6010652184486389,0.0,0.0,-0.24546311795711517
16468,-0.24962450563907623,0.0,0.0,-0.24546311795711517
16469,-0.46348029375076294,0.0,0.0,-0.041757311671972275
16470,-0.23480844497680664,0.0,0.0,0.017367178574204445
16471,-0.46348029375076294,0.0,0.0,-0.041757311671972275
16472,-0.4438176453113556,0.0,0.0,-0.041757311671972275
16473,0.611635148525238,0.0,0.0,-0.24546311795711517
16474,-0.2397342324256897,0.0,0.0,-0.024191539734601974
16475,-0.46348029375076294,0.0,0.0,-0.041757311671972275
16476,-0.46348029375076294,0.0,0.0,-0.041757311671972275
16477,-0.04583241790533066,0.0,0.0,-0.24546311795711517
16478,-0.24962450563907623,0.0,0.0,-0.24546311795711517
16479,-0.46348029375076294,0.0,0.0,-0.041757311671972275
16480,-0.46348029375076294,0.0,0.0,-0.041757311671972275
16481,-0.2397342324256897,0.0,0.0,-0.024191539734601974
16482,0.6010652184486389,0.0,0.0,-0.24546311795711517
16483,-0.04583241790533066,0.0,0.0,-0.24546311795711517
16484,-0.23480844497680664,0.0,0.0,0.32501599192619324
16485,-0.46348029375076294,0.0,0.0,0.015616392716765404
16486,0.547633171081543,0.0,0.0,-0.24546311795711517
16487,-0.46348029375076294,0.0,0.0,-0.041757311671972275
16488,-0.04583241790533066,0.0,0.0,-0.24546311795711517
16489,-0.46348029375076294,0.0,0.0,-0.041757311671972275
16490,-0.4112679362297058,0.0,0.0,-0.029808131977915764
16491,-0.46348029375076294,0.0,0.0,-0.041757311671972275
16492,-0.46348029375076294,0.0,0.0,-0.041757311671972275
16493,0.36169180274009705,0.0,0.0,-0.24546311795711517
16494,0.611635148525238,0.0,0.0,-0.24546311795711517
16495,-0.46348029375076294,0.0,0.0,-0.041757311671972275
16496,-0.46348029375076294,0.0,0.0,-0.041757311671972275
16497,-0.23480844497680664,0.0,0.0,0.33664780855178833
16498,-0.46348029375076294,0.0,0.0,-0.041757311671972275
16499,-0.46348029375076294,0.0,0.0,-0.041757311671972275
16500,-0.46348029375076294,0.0,0.0,-0.041757311671972275
16501,-0.24962450563907623,0.0,0.0,-0.24546311795711517
16502,-0.23480844497680664,0.0,0.0,0.33664780855178833
16503,-0.46348029375076294,0.0,0.0,-0.041757311671972275
16504,0.6010652184486389,0.0,0.0,-0.24546311795711517
16505,0.29789066314697266,0.0,0.0,-0.24546311795711517
16506,0.5040218830108643,0.0,0.0,-0.24546311795711517
16507,-0.24533292651176453,0.0,0.0,-0.10160239040851593
16508,0.015848075971007347,0.0,0.0,0.16016164422035217
16509,0.611635148525238,0.0,0.0,-0.24546311795711517
16510,-0.23480844497680664,0.0,0.0,0.29955485463142395
16511,-0.2904154062271118,0.0,0.0,-0.024270571768283844
16512,-0.23480844497680664,0.0,0.0,0.017367178574204445
16513,-0.41704079508781433,0.0,0.0,0.0033944975584745407
16514,0.15332414209842682,0.0,0.0,-0.24546311795711517
16515,-0.23480844497680664,0.0,0.0,0.33664780855178833
16516,-0.46348029375076294,0.0,0.0,-0.041757311671972275
16517,-0.24962450563907623,0.0,0.0,-0.24546311795711517
16518,-0.46348029375076294,0.0,0.0,-0.041757311671972275
16519,-0.46348029375076294,0.0,0.0,-0.041757311671972275
16520,0.36169180274009705,0.0,0.0,-0.24546311795711517
16521,0.611635148525238,0.0,0.0,-0.24546311795711517
16522,0.611635148525238,0.0,0.0,-0.24546311795711517
16523,0.29789066314697266,0.0,0.0,-0.24546311795711517
16524,-0.24770961701869965,0.0,0.0,0.03680058941245079
16525,0.611635148525238,0.0,0.0,-0.24546311795711517
16526,-0.2397342324256897,0.0,0.0,-0.024191539734601974
16527,-0.46348029375076294,0.0,0.0,-0.041757311671972275
16528,-0.4112679362297058,0.0,0.0,0.008132187649607658
16529,-0.24962450563907623,0.0,0.0,-0.24546311795711517
16530,-0.24962450563907623,0.0,0.0,-0.24546311795711517
16531,-0.24962450563907623,0.0,0.0,-0.24546311795711517
16532,0.611635148525238,0.0,0.0,-0.24546311795711517
16533,-0.46348029375076294,0.0,0.0,-0.041757311671972275
16534,-0.3930765390396118,0.0,0.0,-0.029808131977915764
16535,-0.46348029375076294,0.0,0.0,-0.041757311671972275
16536,-0.46348029375076294,0.0,0.0,-0.041757311671972275
16537,0.44850412011146545,0.0,0.0,-0.24546311795711517
16538,-0.4112679362297058,0.0,0.0,-0.029808131977915764
16539,-0.46348029375076294,0.0,0.0,-0.041757311671972275
16540,-0.46348029375076294,0.0,0.0,-0.041757311671972275
16541,-0.46348029375076294,0.0,0.0,-0.041757311671972275
16542,0.611635148525238,0.0,0.0,-0.24546311795711517
16543,-0.46348029375076294,0.0,0.0,-0.041757311671972275
16544,0.6215254664421082,0.0,0.0,-0.024191539734601974
16545,0.6010652184486389,0.0,0.0,-0.24546311795711517
16546,-0.23480844497680664,0.0,0.0,0.33664780855178833
16547,-0.23480844497680664,0.0,0.0,0.33664780855178833
16548,0.611635148525238,0.0,0.0,-0.24546311795711517
16549,0.15332414209842682,0.0,0.0,-0.24546311795711517
16550,0.611635148525238,0.0,0.0,-0.24546311795711517
16551,0.611635148525238,0.0,0.0,-0.24546311795711517
16552,0.611635148525238,0.0,0.0,-0.24546311795711517
16553,0.5040218830108643,0.0,0.0,-0.24546311795711517
16554,0.6158812642097473,0.0,0.0,0.3145563304424286
16555,0.611635148525238,0.0,0.0,-0.24546311795711517
16556,-0.23480844497680664,0.0,0.0,0.33664780855178833
16557,-0.04583241790533066,0.0,0.0,-0.24546311795711517
16558,-0.46348029375076294,0.0,0.0,-0.041757311671972275
16559,0.611635148525238,0.0,0.0,-0.24546311795711517
16560,-0.4438176453113556,0.0,0.0,0.015616392716765404
16561,-0.04583241790533066,0.0,0.0,-0.24546311795711517
16562,0.611635148525238,0.0,0.0,-0.24546311795711517
16563,0.3715820908546448,0.0,0.0,0.1372254192829132
16564,-0.23480844497680664,0.0,0.0,0.32501599192619324
16565,-0.23480844497680664,0.0,0.0,0.33664780855178833
16566,-0.3930765390396118,0.0,0.0,-0.029808131977915764
16567,0.611635148525238,0.0,0.0,-0.24546311795711517
16568,0.3077809512615204,0.0,0.0,-0.024191539734601974
16569,-0.46348029375076294,0.0,0.0,-0.041757311671972275
16570,-0.2377619445323944,0.0,0.0,0.16016164422035217
16571,-0.46348029375076294,0.0,0.0,-0.041757311671972275
16572,0.611635148525238,0.0,0.0,-0.24546311795711517
16573,0.611635148525238,0.0,0.0,-0.24546311795711517
16574,-0.23480844497680664,0.0,0.0,0.33664780855178833
16575,-0.23480844497680664,0.0,0.0,0.33664780855178833
16576,0.611635148525238,0.0,0.0,-0.24546311795711517
16577,0.6159267425537109,0.0,0.0,-0.10160239040851593
16578,-0.2904154062271118,0.0,0.0,0.03310314938426018
16579,0.611635148525238,0.0,0.0,-0.24546311795711517
16580,-0.46348029375076294,0.0,0.0,-0.041757311671972275
16581,0.611635148525238,0.0,0.0,-0.24546311795711517
16582,0.611635148525238,0.0,0.0,-0.24546311795711517
16583,-0.23480844497680664,0.0,0.0,0.33664780855178833
16584,-0.41704079508781433,0.0,0.0,-0.03454580903053284
16585,-0.23480844497680664,0.0,0.0,0.33664780855178833
16586,0.5139121413230896,0.0,0.0,-0.024191539734601974
16587,0.611635148525238,0.0,0.0,-0.24546311795711517
16588,-0.46348029375076294,0.0,0.0,-0.041757311671972275
16589,-0.23480844497680664,0.0,0.0,0.33664780855178833
16590,-0.23480844497680664,0.0,0.0,0.32501599192619324
16591,0.611635148525238,0.0,0.0,-0.24546311795711517
16592,-0.3930765390396118,0.0,0.0,-0.029808131977915764
16593,-0.24770961701869965,0.0,0.0,0.03680058941245079
16594,-0.23480844497680664,0.0,0.0,0.33664780855178833
16595,-0.46348029375076294,0.0,0.0,-0.041757311671972275
16596,0.611635148525238,0.0,0.0,-0.24546311795711517
16597,0.611635148525238,0.0,0.0,-0.24546311795711517
16598,-0.031016360968351364,0.0,0.0,0.29955485463142395
16599,0.611635148525238,0.0,0.0,-0.24546311795711517
