,2,4,6,9,11,17,18,32,33,35,41,42,43,46,47,60,73,81,89,94,95,99,106,107,109,115,116,117,119,120,124,125,126,133,137,139,142,145,148,149,150,153,157,160,162,163,172,173,177,178,189,198,203,209,217,218,223,224,226,228,229,232,234,237,243,246,249,251,253,254,264,265,266,270,272,280,284,286,288,291,292,293,294,295,300,302,307,308,311,313,314,315,316,317,318,319,320,321,322,324,334,335,347,348,349,350,351,352,353,354,355,356,364,375,376,377,379,383,384,386,388,389,394,396,397,403,404,405,406,411,413,414,415,416,417,419,420,425,428,437,447,451,452,459,466,468,473,477,480,484,490,491,495,497,499,501,503,506,509,515,516,517,518,521,523,526
2,0.9999999999999998,-0.17905282603163591,0.2882084479462127,-0.08087016154026525,-0.06371814656002135,0.10340792258663832,-0.09532694982041738,-0.3143523574901223,0.15657402990857722,0.21221847177641048,0.2636987382556086,0.21641817734176247,0.21491093778785875,0.153432992088331,-0.24738116135214688,0.3373837997852123,-0.01462330382214214,-0.0824655361241442,0.12075715529139179,0.2768239885657876,-0.0039773319975523755,-0.07228879697405376,0.2442659697535864,0.31524199882449366,-0.2736162532761806,-0.24337832280407712,-0.15383737548433513,0.28091219604069373,-0.11932708592733944,-0.23752348437293752,0.22952812108840467,-0.49079220527555917,0.05384353963589578,0.2092146318041578,0.11662248908742626,0.3883704310064198,-0.19337164344951346,0.054957334010480155,0.1914026073857853,-0.057690025570289113,0.15527949967982319,0.21112869080798596,-0.03965123255927317,0.1834887669771041,0.19039054848627407,-0.32680871913228304,-0.09905772579444314,-0.019221859606563228,-0.3943709476983491,-0.10640995836537226,-0.19580991708349557,-0.32722360237512094,-0.056331188666372184,-0.35816398448408143,-0.12199501907243572,0.3014513119687771,0.14666519849854937,0.07734520339800809,0.08209106535017743,-0.10726512475689519,-0.2550731621001246,0.04447016993526543,-0.024547615573881354,0.24791933120595464,-0.3583113886687599,-0.1286740009965326,-0.21890229815898052,0.16219294180954727,-0.35548659648369824,0.05242646691616282,-0.3709897877296402,0.02438741824216888,-0.07193926898982593,-0.2099107868738226,-0.04106691210499093,-0.12242136432849135,-0.094903034815283,-0.2317684398235312,-0.2612994592365207,-0.1493784385938054,-0.22029183140502312,0.012841155050854387,-0.0320867725545425,-0.21282776824251626,-0.20930278931292612,0.03424409039143262,0.3659526802059242,0.2870968777743903,0.079718243630796,-0.2746747454599307,-0.10102993482598346,-0.07637023105539396,0.08589240383609047,-0.10626586712238752,-0.027192721461645142,0.10058538682342175,0.2204506128941568,0.2655510164400541,0.38559089145784375,-0.2006597315573628,-0.03824318399805209,-0.11037441300306282,-0.08918517070904672,0.10676656155944882,-0.3295116301660147,0.1722105839900062,-0.12252788457763189,0.026427051949253277,0.07231809343996551,-0.04886543831187719,0.05492565463889197,-0.1489545267547788,-0.051001387743279405,-0.02022072910480005,-0.4027735501351065,-0.13495465344137075,-0.26137956965465103,0.2962484708435915,0.3639320367726769,0.07542656241067454,-0.03343272845263067,-0.2200421593723725,-0.38857251711949553,-0.0880301945325292,0.07585786925659861,0.0013144342445501023,-0.027188855851934663,0.06839735794007504,-0.20100568565991994,0.27381720228858275,-0.1503899091881959,-0.10627752839455942,-0.22784309470042166,0.251043559684176,0.037653094854039525,0.11015702614046029,-0.0640123626298957,-0.18996652017971868,-0.08778601949018366,-0.3275124897083666,0.25859963418841114,0.09693916247086877,-0.23082640074951885,0.19332947273987167,-0.042024738807562044,-0.25395110440246876,0.4146693247629757,-0.13214220794036025,0.20216965106045912,-0.390061566638158,0.14837169793047408,0.1551482470636684,0.507711306581279,-0.020308380612519886,-0.3416706527236085,-0.11574743361243124,-0.2059154627734643,-0.42113492493993415,-0.2912693968757383,0.20968593874006639,0.07980194870420848,-0.21354977692426347,-0.027116162552401762,-0.07261604811112458,-0.04801725822088794,-0.08368071254903499
4,-0.17905282603163591,1.0,-0.0491128440214819,-0.09086076105746686,0.17416479869290563,0.11588705064470366,0.20485817224169517,-0.10355331841778581,-0.129674528603241,0.025050689343651105,-0.05894183968190736,-0.030227169459133934,0.08247961251891955,-0.2174430787355442,-0.012999139130030077,-0.036936663461563345,-0.23305698637625633,0.0028101686654493823,-0.20333876108933777,-0.03057828312607477,-0.0106003120381534,-0.07059745429027997,-0.04279228135379027,-0.10024282466991433,0.012446972638595642,-0.18536821039704293,0.10312901040283577,-0.19632252925128105,0.2089894855782951,0.3067286004684942,-0.08186955868268665,0.25053695717678515,0.009029484779893935,0.007346804603149954,0.007801315207782622,0.14337462517430355,0.101722622911471,0.21668082881275505,-0.08762841779746908,-0.09124208521104757,-0.12246987556718293,0.030177650349675168,-0.10186313261851064,-0.2793401408137694,-0.11893763716045021,0.10441635573652076,-0.005037780281282433,0.25376230296903235,0.08609175272983445,-0.070795255990476,-0.20870850833238827,0.05312396271853079,0.047195237571331324,0.10351949290287135,-0.1394763624497782,0.06593560096175001,-0.07025679420127018,-0.011296829791207975,-0.11369886163354762,-0.016304088777764274,-0.1194837373064819,-0.3058520244706589,-0.03404108694749037,-0.04064599553595163,0.07684645404008199,-0.006814628461337612,0.10871787265405397,-0.22181677562148566,-0.03404597056395675,-0.2543034256927446,0.256779389644335,-0.2259621347720674,0.11714755421748294,0.027581856531251964,0.12990767716292406,-0.12486638103072344,0.25644236166325995,0.026389680877686218,0.21004984163935256,-0.05650339227146736,0.010358408828700101,0.24520683514459696,-0.15095267687093836,0.39014589444686537,0.318704939048283,0.11005169441608831,-0.0579031077841739,-0.10484994434460586,-0.03458443350397898,0.2008500508121814,0.08039972725531878,0.12051170139020596,0.15476272616088,0.07167622202237205,-0.004460361497120008,0.07416104405430593,-0.1485317413917923,0.05717910648672702,0.04886076035263871,0.11919190507220542,-0.0866855058476667,-0.14757995084760317,0.26868319972428256,-0.053955783991526535,-0.005743852561799562,0.03098389035509254,-0.10008685703064074,-0.15039125118022262,-0.1486280699857427,-0.19738850010346218,-0.22784923245840266,0.10014186827441506,0.10597378917513899,0.2698199033185711,-0.0002600253496461868,0.15382559914032998,0.23554923066229475,-0.1178449479297383,-0.05728923129417933,0.09803594074026042,-0.11115681845521902,0.0927193658995904,0.028454374735876396,0.06294191334123017,-0.019839535443534197,0.16315366763042624,-0.0704074108971117,-0.08943421127803312,0.07821669346656086,0.25079299300766356,0.05465712884484226,-0.18254390225970074,-0.07947039207942348,-0.15220404946574703,0.1313127686854027,-0.05097846093008794,-0.1498617350532626,-0.06269079857074712,0.01087484645880517,0.19194842605714235,0.07205806497168966,0.06370160396897663,-0.034246305840839084,0.13171683579192808,-0.13506893648066978,-0.24269657689448162,-0.3338094139550927,0.2476950001027982,-0.038954028947962224,0.21892193284478567,-0.12485565086439539,-0.06117671442961199,-0.18796854395076473,-0.087481615595683,-0.08556514771684855,0.2511341244980879,-0.11733865032303975,0.26293406914062306,-0.08553226714703259,-0.09545647306918723,-0.12314306864383588,-0.22525939740713713,0.174356810859215,-0.14132220042284124,-0.3384621938212105,0.039862901320679496
6,0.2882084479462127,-0.0491128440214819,0.9999999999999999,-0.22095763694106313,-0.0695369457866623,0.12159471864594784,0.06619363725986376,-0.08879839597760958,-0.1074857098447482,0.037364997264486825,0.28246224958058297,0.12594514405836796,0.10405302364257257,-0.08121701090518968,0.10704991007834702,0.21678555912515654,0.10949064311387738,-0.24728324614601102,-0.035245377535113115,0.3391109806861129,0.15379089512478644,-0.05879464740417168,0.2870013486817095,0.11759197892324783,-0.18624349145018557,-0.16509788226219801,0.05090888010486281,0.36980442497976335,-0.061576478774038046,-0.06702444055030694,0.5401813284364995,-0.1580385039202751,-0.0995244614841422,0.13070910353201357,0.1518837958924553,0.10543540578001999,-0.21613502002679516,0.3737455080693117,0.09289422081694655,-0.1996672456208745,-0.1259387727814535,-0.07242199720557685,0.19444294504144302,0.11020955984807597,0.22082672765721423,-0.029156764897435027,0.12931516237675164,0.24895722014642455,-0.287720948586979,0.17310303136495964,-0.030310270392156773,-0.04248213106450423,0.31061605250877794,-0.22728176647222423,0.1382172526774079,0.4401219865978923,-0.26415955968593746,-0.15965447881171344,-0.05880941066378041,-0.1789983740312516,-0.20600120551389825,0.1124553965272253,0.24290300127599118,-0.0028053492321467423,0.004594389816422765,-0.2690358977905429,-0.0842201041944874,-0.09315999515819898,-0.23331563247956966,0.12154995890107856,-0.3605601741440858,-0.11773122995087257,-0.09773580213505251,-0.3472303619859764,-0.2870960378002207,0.05504925616704794,0.019003846256170992,-0.1689825598648084,-0.4298655798494892,-0.12094933744612156,-0.40308054523129205,-0.05070374011327738,-0.01420041858252542,-0.16829000466535443,-0.004506412858837815,0.052076135674765794,0.2693694393265198,-0.07661343834075147,0.188416424304728,-0.23723046864285363,0.14049434473308792,0.13878732716614628,-0.03263760970965685,0.004545845451537681,0.005846647638694501,0.08754898870458273,0.151478580366498,0.11955184383453055,0.2651946376316783,-0.02004148050146795,0.22330198717205837,-0.13390262358610125,0.28859601186301104,0.05958106171546169,-0.16912150180520336,0.13164939196291767,0.2006671964369461,-0.19416096630482046,-0.04026094459346596,0.2699584245068693,-0.12812586555401234,-0.1687596853726665,-0.13783180578788984,0.07845618360247937,-0.1391378334677901,-0.2889477284174734,-0.025668747891853447,0.059889904900711916,0.014661724645449726,0.184722049179458,-0.016150409138445673,-0.29888031497977524,-0.24504961667726133,-0.09557674263715434,-0.0365677822641268,-0.01057083977791508,-0.040497067255676804,-0.025453457264601496,-0.06385656672060082,0.10274473985523784,-0.3165105519653725,-0.26771179455428784,-0.054352665890549066,-0.031934957993386553,0.09115512596612647,0.24565341260890747,0.0052372765720729636,-0.1686022839106785,-0.2878426923937647,-0.374835588204467,0.3718862883067641,0.07317097193369831,0.059038792536754287,-0.05050864280158354,-0.3172100922296356,-0.0026074373353795846,0.40372640201944343,-0.11441395529860207,-0.038677909610865646,-0.3208635565382857,0.17094934995278793,0.0849883301829203,0.04495813240061957,0.038531347363228184,-0.03146562915445602,-0.14550914679803972,-0.055410209924759216,-0.2735766157276778,-0.32792023101403833,-0.16664721607055386,-0.011963468795492616,-0.05238119640546373,-0.13536071932316757,-0.27741026534164576,-0.2665900528902262,0.025755370933646198
9,-0.08087016154026525,-0.09086076105746688,-0.22095763694106313,1.0,0.14475523666326054,-0.10171759585993062,-0.23128319769566055,0.10959845430174552,0.11159881165992466,-0.1293913508226501,-0.13046070782604338,0.11534247375486004,-0.08163279202529983,-0.03851789528296641,-0.0544265361554107,0.10634722747041381,0.14327752580799813,0.1961081089460976,-0.12370282058296067,0.024914242500988355,0.13013093882301136,0.009617264478223829,-0.07106394346812564,0.0915302196991172,0.045978795633900976,0.19587999042819207,-0.028181603951819657,0.02251460040945065,-0.010541717556071308,0.015921103431856307,-0.14551519349313244,0.18094476066302168,0.13075479256052794,-0.20701693388849735,-0.302780588665528,-0.1408732590243209,0.2547753294573948,-0.17678267504971526,-0.1337403954366558,0.18704997989272934,0.1278592875090529,0.13794899937960667,0.22618601603029537,-0.11497642197142631,0.18918885030516483,-0.0033872854124463742,0.08156455000463483,-0.20515340494266676,0.2751897608269633,-0.10283787614815143,-0.005479743885627561,-0.10093230256588044,-0.2562439910560877,0.022278108310352526,0.06036757414415445,-0.2975403379848163,-0.006875504954659286,0.184817254217318,-0.03276912289801876,0.06015974517151003,0.10040967954675144,0.007792685573304166,-0.10145778993406898,-0.07802184627138861,0.047337440627983854,-0.0170799421463916,0.27373245209081715,0.16228757135344024,0.3516649498433397,0.24964564854006333,0.05336463459986411,0.1285533534142258,-0.0008123060498730524,0.08972701242376933,0.10579863494399647,0.05944461099670617,0.1311437855135274,0.33316912713263747,0.034392778773494614,-0.04645601965338914,0.2034932269645349,-0.20026312851280753,0.09505256532621627,-0.10894049643183903,-0.19512100230154106,-0.2814966513651676,-0.26711624643041476,-0.2204217505746448,-0.3112539153312206,-0.023454833696703835,-0.1338849579538296,0.10623717505121216,-0.03998062251872023,-0.31206305942456114,-0.07687687823507014,-0.28170955155873845,-0.01574532079322099,-0.18099869339835767,-0.3809977489791467,0.05764860576350889,-0.05921145003930206,0.3121431266719168,-0.2153998121650739,-0.09123000790243671,0.057482281722456015,0.003928199602559182,-0.08217166796007183,0.07723859906598234,0.13511703361015046,0.05884251281847147,-0.020732238170182746,0.03646996421505214,0.0023077468971214677,-0.004175375104893116,-0.018662920907933114,0.01462767665341483,0.10873449752292927,-0.35846273034785964,-0.13938481248680423,-0.21086435957069835,0.22038685146669548,0.09292789314695883,0.09101488803569813,0.237236278179676,0.15657751347015708,0.1704157378570734,0.052662791609351195,-0.07380801275333532,-0.014227962357591106,-0.09475417165164157,0.21800244437601765,0.3067597082660749,0.18049371326686006,0.14461433918372013,0.1013268784136037,-0.05928683093413889,-0.309882085694411,0.2215805553590875,0.01986932460699801,0.18439762427880618,-0.15002285732339768,-0.3426621690898776,-0.1082578444143275,-0.05618061988882013,0.3572180790439107,0.05401152773452648,-0.26832344026892757,-0.23307397335911634,-0.10055931020075287,0.04137938449741654,0.0009647571738939511,0.15148143032256042,-0.19351902200344345,0.07431675956730392,0.03939444040667835,-0.002476348433351855,-0.06154133053452367,0.01672973580650398,-0.031217517552582993,0.04784617194885152,0.14222636184611667,0.04852076131780136,-0.11337109252908868,0.19452801033617464,0.06283749603510982,-0.007649042861276557
11,-0.06371814656002135,0.17416479869290563,-0.0695369457866623,0.14475523666326054,1.0,0.018948525568554815,0.138152461002161,0.27008317676807,0.06750627029079578,-0.12443026203377218,-0.21166653819794573,0.03678383976450742,-0.05296218416136511,0.05165175441012385,0.002206087494046963,-0.012668238424091986,0.3473839737662779,-0.07551036524434833,-0.06421185837575037,-0.24024504464167812,0.23694653629690476,-0.05030030434098948,-0.04043232532779538,0.16616371952626813,0.21315900795097437,0.11174752599580232,-0.1304603043766498,-0.21609033851323597,0.009415975074386755,0.1344228179027495,-0.2833933746571742,0.17539103283211638,0.0856130498251595,-0.21707517631464548,-0.07235278620379493,0.07887544004178183,0.2677437792987573,0.1058942799470643,-0.14174738614211402,0.1380042625472375,0.11012343522094716,0.17677654314039914,0.10455506866527355,-0.1256714506349329,0.10565008579775015,0.06092282867118136,-0.13445710328094637,-0.15853997194085775,0.1273885757253934,-0.09628327088134932,-0.11433394455382263,0.01880228021859554,-0.24943684181008696,-0.04676834962146457,-0.033935408806276025,-0.28596419682134766,0.007185433830535334,0.12388827255204184,-0.1079963473419912,-0.026111759724640037,0.04846392505487567,0.18457010108374872,-0.28624400553483514,-0.21934344676930734,-0.11223117567282258,0.17316998649860957,0.3259449038881155,-0.10564886460576316,0.14069305027436635,0.14088942168900928,0.2667469965284908,0.23852810297585159,-0.027864608045119997,0.03429248424927501,0.2436034422620414,-0.09786578652758529,0.2704853002044886,0.1516920584331501,-0.07288237852569653,-0.36758027529201304,0.1250251541483211,-0.33629578298188245,-0.25531814555584703,0.0232948400120948,0.15542721186519243,-0.21129224235325628,-0.12001489886149139,-0.0195857019941438,-0.3551687005659823,-0.20703751842998902,-0.02310559701355889,0.148071731447356,0.15889816900618295,-0.07741763392748445,-0.0012280177846985562,-0.24082035725395548,-0.025832273971416006,-0.05145464681967783,-0.21504077925099518,0.18010677053078508,-0.2758192301563989,-0.0016853922204338304,-0.04763375131846253,-0.20556780486378123,-0.06437780919535659,0.04686995540505066,-0.22722011858887023,0.3232142238081613,-0.16919598301042255,0.017024687611685466,0.08564050534278282,0.24193332639513407,-0.19884320235833225,-0.013690601256649941,-0.06826212119393853,0.036683707042056334,0.17424593778231962,-0.09169569438426031,-0.20759950882761546,-0.16713465088961763,0.24403957893730752,-0.12767698061830338,0.0678340932865224,0.13139158338641085,0.06364456522701044,0.012986959339202313,0.05951128088545637,0.24879058755282016,0.08095289467658032,-0.10722211179756302,0.19533805980477434,0.26687072217734636,0.049655096045320084,0.10411028832651732,0.02669901951111571,0.17773280690312082,-0.08359823322275621,0.008814173001300777,0.06069556492143572,0.029235090911045588,-0.14733847164349276,-0.23534387977225202,0.006392353278945526,-0.07583292341499197,0.06461655317034094,0.3061866068799272,-0.10781184302089523,-0.06893795139591849,-0.12421762496676497,-0.25362014968682767,-0.2173768696103097,0.11220613586494076,-0.06338686842648293,-0.20964605578172973,0.07062675713380591,0.13765543487478343,-0.03082767748224525,0.2469857905455347,0.1067980441075126,-0.06940478841177763,0.05853328034471367,0.18298247247918792,0.03594142608599546,0.15684679184375314,-0.21344882044563102,-0.06216340670589436
17,0.1034079225866383,0.11588705064470364,0.12159471864594786,-0.10171759585993063,0.018948525568554815,1.0,0.3469268686801818,-0.09429282067453805,-0.07190295867451135,-0.023894296870458562,0.1478523677604671,0.004572896582531838,-0.09446361515643077,0.06663701741991428,0.0751718067316698,0.09285564289189226,0.1219033184352345,0.018903644487531252,0.0658265896180137,0.07693782767059809,-0.008342133235072937,-0.0803992571311277,-0.08021786622303866,0.16965990263371752,-0.0467609419830474,-0.03441925462829463,0.31086828733422756,0.0629211849640151,0.1563578341629231,0.43498302985683585,0.08897714682176774,-0.10157347679121566,-0.022990231368677415,0.38112432449916467,0.36009700653032023,0.09117173882039595,-0.02384323752237574,0.15195175309946174,0.2113778485287262,-0.018026627850040652,-0.06594056055103346,0.03981443882664898,-0.006694860869442005,0.38501962140496826,-0.07339013077506133,-0.25922706069129653,-0.044357797913849556,0.12116212469591386,-0.039798958300118724,-0.154494260422721,0.20322199366384494,0.02018991609719613,0.17759592458597337,-0.074778134245316,-0.15912650109015872,-0.1267247451014489,-0.09599119358837778,0.008797518844635385,-0.25007735306305984,-0.0741422390688355,-0.2628157999011461,-0.016735543333384634,-0.11356172656139941,-0.17981021155052618,-0.02752376177186184,0.17861176681783925,-0.1443265996780322,0.06702551556074035,-0.048801654362260125,0.029958302351531515,-0.16178269347030672,0.0016873993881917888,-0.025274771943619562,-0.11523203044923225,-0.09683613910494122,-0.15412888993859347,0.1611108632589246,-0.3286189096663925,0.11093139984396663,-0.03794133141555295,-0.08911015596937903,0.08592024182430304,-0.46869168674636136,-0.027088112825813786,0.039732507437615056,0.10625495360832773,0.12754737419556986,0.02077533265997753,-0.027584658134778547,0.10568083628717712,-0.1271307910770841,-0.07263516835883287,-0.2519735174439972,0.0743493395555324,-0.035401531190235244,0.2512280097437225,0.030436921931362628,0.02791676878455406,0.19514067414691538,0.005201297728335075,0.11942728980840679,-0.4228609866992283,-0.058184377140787544,-0.05436484481710631,-0.22910378673002627,-0.1884855962805347,0.09596973347473566,-0.19885823563240038,-0.15903494829849468,-0.3304198689647334,-0.30208160411241736,-0.13237929715978447,0.013891915355970227,0.06782658217369887,0.06457261425005975,0.1076309909478258,-0.027461778605587205,0.23296509128280662,0.1653824413898085,0.23141555910592762,-0.03297447558221703,-0.18218955946006243,-0.10589819274231688,-0.1617314053279495,-0.014394359805581855,0.03603390719627927,-0.09104201442804437,0.1346252727896473,-0.04628258832781231,0.012416404395799363,-0.11770337299526988,-0.16940172411664253,-0.17000923297542578,-0.05635747652029821,0.08949646455099927,-0.14077887214780255,-0.06379237293696098,-0.24714374712108086,0.04864332378742335,-0.05885244286410591,-0.0781013327280059,0.0211726686585035,0.1536000104552177,0.15040402179664694,-0.20395435739502268,-0.15001731220374248,0.09284373279682726,-0.11366352031514201,-0.061271931079813526,0.020563128324586382,0.017357970109099806,0.03496653095127089,-0.06236355533947568,-0.31258605762179925,0.03829505231401298,0.07891731502175807,-0.1718248980824713,-0.046608202718039705,-0.20252363274370344,-0.04610976665999304,0.26043792188885034,-0.09274874940710254,0.13903828018782813,-0.12259720112843737,-0.11947539953972908,0.27555754574118785
18,-0.0953269498204174,0.2048581722416952,0.06619363725986376,-0.23128319769566053,0.13815246100216097,0.3469268686801818,1.0,0.05032032703511144,0.05649722241621795,-0.10063366769109636,-0.1041564968683758,-0.22002559884034364,0.13262153053373857,0.05597554556398317,0.13102461417493855,0.009635600537216975,0.10862502396349367,-0.005249648904681807,0.24774759428867285,0.15627732873420844,0.1289760059903183,-0.25510539873973387,-0.00031550894801379305,0.06200671579786742,0.053942512560339585,0.050301649719628194,0.4366984340445282,-0.1704252987454491,-0.013426938415180192,0.18482666313944324,-0.005768827920340983,0.2274483203237851,0.03270087122959873,0.29052383975028717,0.20911282224785185,0.05384223677752149,0.09721404782283477,0.34301864599793563,0.16542320987460893,0.1357742459460438,-0.12900483024352968,0.03410442343135125,0.2418557013572447,0.04637164947647726,-0.1475963580775787,-0.06814745457157328,0.03532620318358788,-0.07799816330931633,-0.2352157368029635,0.08428394174116711,0.22481807270192705,0.21729481802320635,0.32836096757240496,0.1563542157506925,0.0814402684005278,-0.27787904059538443,0.0014699963508541692,-0.252141397876593,-0.3105890350695317,0.11023063867625264,-0.1437006549503718,0.01516632461921714,-0.30629607635751593,-0.33715533437220047,0.15445511314451044,0.31074186120949954,-0.09677012367333468,-0.06835990217576524,-0.046617458303486105,-0.10445774060439794,-0.08092479893259469,-0.17062257095458513,-0.05905941541946361,-0.09636783913832171,0.020029712569037086,-0.10495490313756843,0.051386662021718696,-0.26323283761421734,0.18586375803752553,-0.12414643459390903,-0.03426303308205872,0.07268900581062512,-0.3413888644447614,-0.03806142693118469,0.2587134278814258,-0.03868946296252753,0.06388203276295694,-0.08123455430075781,0.08061796109996312,0.16217604838149235,0.011152964469595949,-0.03409286559077997,-0.13101672784724178,0.14640320669375345,0.020016242924439234,0.025405535224779587,0.11558018980695249,-0.024297893744109348,0.13772672898521804,0.06523381145522408,0.12519271859730133,-0.3627428679591324,-0.07225853101307515,-0.03123254694659349,-0.22184628889504815,-0.09630160579190514,-0.02365462581548162,-0.03646855221120399,-0.1471709332914318,-0.2780862312039794,-0.2489623744692734,0.053831722078528536,-0.07565327878978025,-0.22563440080044805,0.11825367026661229,-0.010513500998397637,0.017656205245804774,0.26158464860670666,-0.08610735316001394,0.07359014168733026,0.06430260821095383,-0.24385881511316118,-0.03769479887303194,-0.08104866146588321,-0.08765499083859324,-0.09907089733803731,0.06835582303438885,0.16142165559311483,0.017834397469520084,-0.20264388653362916,0.0013228430107242017,-0.0060173265143543915,-0.02319176901368856,-0.1504250036660248,-0.07873542524059564,-0.19767788343068457,-0.22252110674654652,-0.11671679726829788,-0.16839505742929534,0.0050505447337819784,-0.10216909448278842,0.18539281592625692,0.1528620361704792,-0.07443104939019962,-0.2017988770567443,0.18060082305006778,0.011078307018912627,-0.07047397680948742,-0.04375101486074361,0.08174870182542608,0.10392806798580256,0.042749217913113584,0.0037683581467043005,-0.18964390046605056,0.021457936008909145,0.042697725456719626,0.06559523789081181,-0.04924516989612184,0.10045586774255807,-0.3596026058071164,-0.06005867536536816,0.18740218784036167,0.17605618783361218,-0.14171367031471882,-0.2009526615635679,0.0002688848967572564
32,-0.3143523574901223,-0.10355331841778581,-0.08879839597760958,0.1095984543017455,0.27008317676807003,-0.09429282067453805,0.050320327035111426,1.0,0.2294108966669326,0.022392212963750657,-0.2080817893305433,0.0634798422828583,0.037253380060539826,-0.07377686029486547,-0.04587934299894881,0.10640271097400295,0.3946871354801271,0.19271119666899328,0.18514410195444808,-0.032552091711760565,0.19313906942868955,0.21228403450974595,0.08419035330660878,0.14769385402549998,0.44862288353760166,0.21260085007391016,0.06388878217481496,-0.09264443299010673,0.3165789941724623,0.04429750522238696,-0.15853280839026482,0.22858162437652452,-0.0030051914334149146,-0.32356385561670276,-0.03880532616138665,-0.08149214194090172,0.14635594276522282,-0.11785957008212583,-0.01056906534280932,0.4060604869417865,0.33602549090415995,-0.11045281337135397,0.023107390522081064,0.08018344716576571,0.2770727780862105,-0.009020568572082312,-0.10116117516416202,-0.16530179277236207,0.17731906238630132,0.027511248568670005,-0.04147999312062832,0.3554722812956354,-0.13889922473684735,-0.08973516685313426,0.11975264427572903,-0.3021519497688516,-0.26726775956886883,-0.09778606159722493,-0.33512170597440094,-0.07835031304221536,0.3108469089340997,0.10064708900188751,-0.02834273981504556,-0.24737251653474496,-0.046410052180644853,0.06349698947173225,0.32163926243166224,-0.13163031078992596,-0.041244060938778845,0.015278112059918506,0.056616469157505386,0.3611005293697613,0.20127918774808018,0.13326692340957866,-0.0015178752909208266,0.10402872350724429,-0.19737708683228225,-0.0989411358519038,-0.12098603393964633,-0.12629306496095574,0.07491730308764465,-0.36273249362810206,-0.09252258425670773,-0.13281579487496628,0.2203019909359484,-0.22197617439104958,-0.2901385844064768,-0.10724559207083559,-0.08066053384483764,-0.06492268970911101,0.16196941032222384,-0.047039616972551546,-0.014607103611017913,0.03335710824840248,0.08698718450375481,-0.4489572647777679,-0.3616333878447726,-0.19029662683487863,-0.3671670581584679,0.19303503641111833,-0.027696658693916257,0.0728032930445231,0.04885291635145903,-0.06417255386099859,-0.0413604035998863,-0.1705227270025175,-0.27393917752955493,0.009106728454705386,-0.11860544733597832,-0.0700321213356163,-0.03013906161893634,0.11008092877275252,-0.29338440008357786,-0.10048244763715149,-0.06968848173125067,-0.2652029388366941,-0.08344208786047347,-0.2742981971530781,-0.35302409817785924,-0.24138109447388076,0.26392317326365183,-0.01088243518936952,-0.1465017236935079,0.13024819092648834,0.1597168016548196,-0.23363713170614958,-0.06814435354569706,0.13042524286736465,-0.1852419271286628,-0.4097580029735206,0.48345396145636943,0.3479282858720422,0.5693457860129753,0.12335252958057437,0.011530220673338027,-0.2425827346182557,-0.16167762691596668,-0.08924148365825046,0.11584884769452604,0.25632891216886783,-0.09886789198558592,-0.3333375974545183,-0.11584702470949071,0.09860233438913266,0.3176450404928798,0.3888676806711692,-0.0030520143417620007,-0.09377647444984792,-0.2933676462121018,-0.11025571015684804,0.24427288022089072,0.3547310474158824,-0.2748596505661712,-0.13248502270808862,0.1505634454733415,0.22746741085345454,0.0014369818087723483,-0.01429793627661204,0.37675457873707785,-0.2748825615835929,-0.18053879362022637,0.08170416855235159,0.08723423605107859,0.2795772118082603,-0.2188442253878183,-0.05121889006386916
33,0.15657402990857722,-0.129674528603241,-0.10748570984474821,0.11159881165992466,0.06750627029079578,-0.07190295867451135,0.056497222416217956,0.22941089666693257,1.0,0.22172387199093221,-0.06017105983915971,0.18631365888303647,0.29178639621608715,0.30945112073755465,-0.27349669071469795,0.36541912736539495,0.19085008410722643,0.3615819252157044,0.46579551610595654,0.3034253656469097,0.07290360023341742,0.0250197372863359,0.12807660331391651,0.27270297503184177,0.2167492513439833,0.19622569547140678,-0.11405980997497217,0.07304079660203414,0.10535833999048841,0.012852557234774464,-0.3787713125628862,-0.14056834972953064,0.21859162057761594,-0.20786469730544763,-0.14314280861391293,0.12035727290611795,0.12650970363724812,-0.050123570348685774,0.09339208414757623,0.39649406865974063,0.31665432166139545,0.06749821321368993,-0.08841883966123702,0.17483479461741508,0.43696097148431723,-0.3908289451622955,-0.15203935851264114,-0.27805111717800324,-0.11068315954153117,-0.061541592825229065,-0.033263563992222314,-0.007863127855539616,-0.30528139956501266,0.027404484336159864,0.16733782810011155,-0.28826609115244123,0.1691121683761155,-0.13246788029127604,-0.1603059757951365,-0.05475090483192959,0.19387235538515654,0.09326527285862406,-0.18678354133022215,0.11677207443932683,-0.38264189403333687,0.07156790160604141,-0.0321703132079017,0.2749655680813027,-0.10112585117653242,0.1464343376829822,0.01681796361582628,0.30826649953161556,0.07178631200208448,0.12298305904464343,0.20195824702739876,0.05188718404047784,-0.15910482813357577,-0.04644854251491226,0.05059153922320639,-0.04507728432698572,0.09933514105712225,-0.15532702947761517,-0.11430275384738454,-0.2731807576973931,-0.06847958009864626,-0.26465100100527733,-0.2669338859512037,-0.0612222281618532,-0.07686269062922775,-0.11394837571849849,-0.10550526376007877,0.07417615599359606,-0.055845467065882226,-0.13436591759009814,-0.09715222670385988,-0.18143647562616946,-0.16658755670661274,-0.14180297727581154,-0.14029685642815037,0.006869676785707603,-0.36584903340700087,-0.0322187186386147,-0.19892576595872669,-0.08314905929389013,-0.2765010910394543,-0.1673991692388285,-0.4991673642786822,0.0757470323782711,-0.17235328798387536,-0.08918256662313485,0.08867153143817282,-0.20793381670360134,-0.15632489993521106,-0.05035935311432568,-0.16568679577226902,-0.102848184663829,-0.3337308564338077,-0.050743735009442105,0.058062720474909256,-0.3877147708270064,0.19044767162934712,-0.16547564187453825,-0.13826439695429157,0.056143583095450464,0.1982735306549142,-0.27789647200089457,-0.037358410035956705,0.23179810519863192,-0.1417447655283572,-0.1580649715634906,0.4747955154919812,0.32018792708306393,0.15649414127457315,0.4151699130224602,0.1393608340163898,-0.17129559618090837,-0.26000978432024674,-0.10564216057502536,0.08289646464370759,0.26857494004121535,-0.19152884669709838,-0.3580516003072866,-0.4752690943852643,0.16168303749588492,0.43944957817286695,-0.03203977295591903,0.04102832186282844,0.09699150256404249,-0.13517263469390609,-0.06262114883177759,0.09812981110886644,0.32006720222276464,0.04728129266788419,-0.17273199758078597,-0.0728506647926941,0.05385563950607797,-0.212608059379159,-0.18819562005883908,0.24977034528254186,-0.048202793787343774,-0.14929137374334925,-0.05393583316539958,-0.05986037167461857,0.41956455511767415,-0.15088893875685203,-0.18834789490116982
35,0.21221847177641048,0.02505068934365111,0.037364997264486825,-0.1293913508226501,-0.12443026203377218,-0.023894296870458565,-0.10063366769109634,0.022392212963750657,0.22172387199093221,1.0,0.2544832266897563,0.2720636258657465,0.24735820101336753,0.1443322802911551,-0.10836576215566278,0.26368664353781207,0.043028107926561386,0.10941061027083983,0.12571521153244253,0.15760277880980397,-0.02386763156078634,0.22870160008253876,0.07596742291092372,-0.04509078105186263,0.22855782702738497,0.016751674555677547,-0.12259333696676364,-0.11861975447260477,0.021712630349077496,0.07246645973377969,-0.0801038260333528,-0.12445833275537185,-0.13311216296039516,-0.14094638217258434,-0.06610626623476949,0.36090419242085503,0.0886411911395175,-0.23586402827520753,0.09522648552617902,0.13174736850258753,0.1489491899282904,0.05139676227113343,-0.10781570119398318,0.012097976341717552,0.13307591481653816,-0.19638928124338928,-0.22297239320619058,-0.16342820267721134,-0.14514548950621672,-0.12095327620623438,-0.1272768157160316,-0.002856246104460449,-0.26290310794517097,-0.1850071208222216,0.12373519959925397,0.1111653774608523,0.24612809359794888,0.05248988878918909,-0.01437249882296525,0.02414104552398848,0.07629233486450465,-0.2530506638373238,0.07422576266700828,0.1479120690828987,-0.002277948915107612,-0.09109477377781945,-0.11576112490290943,0.30301242718703086,-0.010532253521476208,-0.1609863826074345,-0.016634654985783183,-0.0646072162001058,-0.04224474364491148,-0.026373617474347823,0.16802614114766623,0.06993057495152404,0.007665715465044246,-0.2810432464677348,0.08564998272717896,0.04073059674674245,0.09559607399412529,-0.047774538996583876,-0.010146206290016934,-0.14994453148237002,-0.21926766679726462,-0.16352877010780753,-0.07166055444911765,0.14530704250934026,-0.125728057160375,-0.11595726075171013,-0.1797951063464937,0.020447313831602015,-0.011592895330128937,-0.2821054570419077,-0.08162877862793697,-0.011723700758760768,-0.049777955666508916,-0.15441608930665132,0.25944067341377963,-0.02598937761516999,-0.3536594836035603,0.035677978608222964,0.018809069508673955,-0.011126773183146341,-0.4020807461439912,-0.1442732651943119,-0.21110190762500705,-0.013002721968030102,-0.03223349080696844,-0.1115558508141994,0.1413065434473602,-0.14580977469594525,-0.005109600854928754,-0.05771431509595133,-0.03760610593784972,0.076037868737499,-0.08121307444489403,0.08966024410115035,-0.025406183455415735,-0.19108916801116207,0.049954525003106126,-0.09647924885461256,-0.2401239011701592,0.06726720368958707,0.11782427299090795,-0.2571326802690673,0.13530935045273507,0.22348307066149908,-0.2701132586863211,-0.028431903065948363,0.18488326674492953,0.09334075366184949,-0.01722147904829784,0.33861654208504743,0.04636516787256269,-0.10617154730058823,-0.02687652466269246,0.01669774808615556,0.012815838834826569,0.26027389298131376,-0.020204413171548443,-0.14377948293664747,-0.24634912631367048,0.17745963932990497,0.17053628824661582,-0.16929303417036176,0.04458256883467006,0.07613752889573643,-0.07071742859171687,0.061011119904340966,0.1254266299237206,0.1473560242503598,0.04819773489478951,-0.023859954532019355,-0.22175772349498593,0.09051791666832047,-0.25670804590093177,-0.08961316766043673,-0.06773095822107592,-0.2454650852287558,-0.25160175257142714,-0.026409547654230134,-0.03326935167368408,0.15144888616891605,0.02311985089810039,-0.27037110780535784
41,0.2636987382556085,-0.05894183968190736,0.28246224958058297,-0.13046070782604338,-0.21166653819794573,0.1478523677604671,-0.10415649686837582,-0.2080817893305433,-0.060171059839159706,0.2544832266897563,1.0,0.2663686258769472,-0.0316996581609058,0.04333865836422624,0.17416024961332555,0.23708823745564298,0.03495766371006884,-0.11222614136364702,0.1127030023568222,0.2278216672961481,0.04577293381682494,0.17883989698497899,0.11987012976213203,0.13917978521854815,-0.037163138132259146,0.010008509857528644,0.06019013154513641,0.2933895454063772,0.06203538457550123,-0.18532497116609556,0.46349471856695107,-0.16669512924621036,-0.0685469194048054,0.22251269964225429,0.14081515506700595,0.11003835087056107,-0.3116756709570071,0.17956375445335032,0.25674931460107486,-0.08055095697825808,-0.021416208009344878,-0.14103698526066397,-0.20692772772929766,0.2252972267311882,0.19361476491775284,-0.27596421415544364,-0.02698603057382553,0.05972455450264402,-0.3003794415803387,-0.01578011048998656,-0.09793614830112445,-0.27084024635388954,0.01686300769588304,-0.15136306272749664,-0.13522803396802296,0.29797326742153596,-0.14976391309411394,0.04513746256501402,0.05076019074804815,-0.19249850307834432,-0.15520635321760046,0.03683830256023168,0.17385094083475663,0.2734661123678361,0.12304944284672555,-0.39276533593622465,-0.19389495212410526,0.10141219565011914,-0.1530982108752427,-0.037684552229294586,-0.2676109696364089,-0.17114435779334605,-0.15665183840113006,-0.21604609717900683,-0.13573183196490016,-0.13018596547056305,-0.08635982385830504,-0.1662534888032596,-0.24643543481842428,0.05192175670756948,-0.31810341225770594,-0.02267449051530817,0.06082651839242309,-0.2988818913305057,-0.1805432689189598,0.09923164869133391,0.31097467389090233,0.14374269322202718,0.11130680866215413,-0.2482510317526682,0.07659986318915735,-0.04326577667927652,-0.08185024478294851,-0.007838498685760517,-0.008915434644636708,0.052359702549702694,0.04292050043511626,0.009073002770279195,0.2692966494944307,-0.17577413062721284,0.10749606936457008,-0.1375965457410391,0.08734172207191451,0.1391098269237759,-0.10015569819806272,0.12227099263542957,0.27363677948773385,-0.2655715775406158,-0.0067606000974731115,0.12568322768713514,-0.022356355581173836,-0.19666246131881526,-0.129507983151531,0.19044695244682375,-0.027174892219207686,-0.21570180924287655,-0.1131749868481671,0.15945356411195866,0.13167711603386129,0.021936237194706876,-0.125051651947555,-0.14972345476801396,-0.1531419458403755,-0.06355324872825732,-0.010978612747146293,-0.003318118170142696,-0.16393454280169584,-0.12665249658878686,-0.18979308164402217,0.12781429895368904,-0.2594193652253767,-0.21256709897874207,-0.09367871901982817,0.01560064830279257,0.037392763330428486,0.01358233425420162,-0.036533877725961984,-0.22544004267885404,-0.13953484180858705,-0.20253004302309735,0.2145283046896069,0.1489387503598495,0.13494851199464136,0.22333143321910612,-0.2110816235022024,-0.2817033791962299,0.2564421051383501,-0.19639459984746552,0.036786745855937567,0.07224960830629291,0.25315523902538517,0.11774420754386418,0.16341978001939905,0.09510807880228417,-0.31500388123936224,-0.15976356867804273,-0.2037890184320378,-0.29883020566043617,-0.3378867881221886,0.0562987987608374,0.0049276804458734955,-0.23675204556051968,-0.34654052632555005,-0.018640162668414305,-0.03317040737133074,-0.01458944002649183
42,0.21641817734176244,-0.03022716945913393,0.12594514405836796,0.11534247375486004,0.03678383976450743,0.004572896582531838,-0.22002559884034364,0.0634798422828583,0.18631365888303647,0.27206362586574656,0.2663686258769472,1.0,0.06931824180772118,-0.04745954362799202,-0.09483982209724581,0.4015359789842428,0.16268826453302726,0.09054791097118503,0.10080833447884699,0.20825146582971815,0.19215241408179534,0.2631619337781604,0.012740281560414584,0.3923825076909151,-0.05452681450059382,0.14818221723599728,-0.10198379190549615,0.3430493942158246,0.30734019855112443,-0.048981237140105036,0.044426285015383836,-0.008019294668980565,0.1687642192829863,-0.09339708519414025,-0.05570706229160808,0.22411966763138294,0.034801144429704944,0.06973409490920118,0.23010542350920196,0.07578695995089778,0.5660974744110647,-0.021147315023856656,-0.034446325827437355,0.08810051592896964,0.324198786786782,-0.3622831863418685,-0.13576823630950327,0.14991677324729916,-0.1604320530652761,-0.06468032155701375,-0.2935961053779339,-0.12214173126005042,-0.21627962974603726,-0.19635360662276116,-0.048273542908837674,0.18443908850210505,-0.06614324764043975,-0.1486755257351045,-0.21738607921620523,-0.3685300732532682,-0.12294936510266442,-0.15685448270608943,-0.009174394684294145,0.5347412605053234,-0.15524482425624747,-0.03705198872482767,-0.04729544656427951,-0.11808637698581943,-0.21693754042801602,-0.03149420694615733,-0.2683712830994768,0.04767061591007719,-0.09555714646619945,-0.09015990936318966,-0.06033290302362544,-0.045572214920211906,-0.03283976383809992,-0.14641164857321684,-0.2764170678200435,-0.14641046013759637,-0.23718520651475533,-0.06490923283630251,-0.09393342284357897,-0.25432778399961764,-0.23579297731813034,-0.09835801332840398,0.02759872229150288,0.10036785482438806,-0.11942908711950412,-0.16959866561873788,-0.06625387984327186,-0.021341411003831995,-0.09448778781135073,-0.017288478908754224,-0.22626532837570323,-0.09199311740017525,-0.1933840836537569,0.052395205355458524,0.08126919033369105,0.12242238420123025,-0.20505215547810612,-0.18519385917031345,0.3804903672958476,-0.027208859593173398,-0.17103629495359932,0.05193619073694869,-0.2087487483427632,-0.124971128290679,-0.24559558000163909,-0.13855772780178877,-0.0343040879753408,-0.2236427135395472,-0.3082622345457846,0.2645055193021123,-0.28742188396180046,-0.21024769034519383,0.03906318610649146,-0.024250409476111186,0.2545369920749458,-0.062351462568664556,-0.026532734694882095,-0.2194752657119754,-0.4216713405274517,0.1795994776585709,0.17594117855055924,-0.2848479679434191,-0.0909120749594232,-0.09338093648889406,-0.1367978832217859,0.1613297165277634,0.0034888593038607816,-0.04804904015360191,0.01846723413755653,0.17825364858491016,0.5036434870039733,0.16695100876016056,-0.24741058283557155,-0.20327097235906824,0.286337049459579,0.05872330822259839,0.22169912623061672,-0.3007610768534786,-0.3074322994813695,0.2758948926299489,-0.03841584040797113,-0.15223429460421992,0.23673124307799573,0.0002648122970814855,-0.08053214641033983,-0.20865127469057212,0.19635771295867452,0.26881262065434974,0.005214440574878619,-0.17055558192572187,-0.257645288783531,0.00022058464495159434,-0.30266743933858914,-0.18838268222401092,-0.16872289168902257,0.18860838254773346,0.09983112579132977,-0.062115596431593006,-0.38095995159631696,0.040307636221243476,-0.0982228592715504,-0.1768333614728529
43,0.2149109377878588,0.08247961251891955,0.10405302364257256,-0.08163279202529984,-0.05296218416136511,-0.09446361515643077,0.13262153053373854,0.037253380060539826,0.29178639621608715,0.24735820101336753,-0.03169965816090581,0.06931824180772118,0.9999999999999998,0.16931142384647185,-0.13109238477222077,0.3645729046622788,-0.033447056073885845,0.24244338660503753,0.1949138363131707,0.2484806362760846,0.0481219402263267,-0.23835569654979086,0.33614332468858904,0.13235704847578214,-0.1473597754957309,-0.1825778033446427,-0.11052611837611026,0.08529517167695187,0.008281585580613524,-0.14203673253873833,-0.17220650110534422,-0.1924959069239959,-0.026584430957621964,0.04468790577773271,-0.05422305152580735,0.271186689692122,0.09875827938641386,0.14388836481873468,0.30460104562055246,0.20195127830316323,0.2506478276229225,0.24848403882859857,0.08163890679275074,0.08647473372397205,0.19971592653070958,-0.3234750410455548,-0.19911852085309828,-0.17615604082936107,-0.3661389036707469,-0.00916703220802231,-0.1552545472670178,-0.06678141268770937,-0.1528470577857601,-0.09416247350638601,0.09683930760768512,0.006806218425195595,0.19989958961419874,-0.22102011109125608,-0.03292544433297101,-0.1685012941248452,0.08279812463183613,-0.2324982167298521,-0.03104754577076352,-0.04255004933227989,-0.2147539677737919,-0.024619985223489117,-0.0655370458835256,0.07318212594334807,-0.19502516866121927,-0.11205416802332424,-0.07367696713607748,-0.16175139346571554,-0.12587968265935537,-0.2792025555832107,-0.060118086949532634,0.1010370139906617,-0.11269181164069354,-0.051024390442148196,-0.06803507796386574,-0.08871768764242136,-0.09521465482356578,0.01685854055167402,0.02177689024355378,0.02928310064712669,-0.04143865022251374,-0.2098281695558883,0.019542419276039537,-0.04367006075393211,0.20610761391024068,-0.017306152366128053,0.015029915746073251,0.10408690976353935,0.2798854695840082,-0.048433815286843145,-0.049389408812503414,-0.20360776647178314,-0.0649832728867491,0.053211802378872464,0.30275458480884776,0.10704779677060018,-0.18293481606323286,-0.03519366137094639,0.014125743326863229,0.1721225769680755,-0.3842286408944877,-0.07096601651606,-0.3746178884142338,-0.19243127903223262,-0.06685192197732036,-0.2495435001840531,-0.06678599658034139,-0.2660658800585254,-0.07060086464207371,-0.0033093192253045656,-0.03677483855328258,-0.23819839068862153,-0.18022797669576077,0.07340379724916883,0.04980594713862722,-0.08443376012998968,-0.13954192829000764,-0.20866457961725116,-0.2669981554089409,0.15575227449812476,0.09417769210692556,-0.20853092228862816,0.07562442326055517,0.1336854059492193,-0.16193894445736493,-0.04784865133263715,0.3471888398526641,0.08476727031084787,0.268153028158025,0.338527328588981,0.0512219810999048,-0.13677973907007313,-0.10396171716490636,-0.12764438364686578,0.12249388309209495,0.16725430581076522,0.15278272385287356,-0.13683760374612744,-0.46249740504237147,0.10027852442304072,0.3223618699826311,-0.14985831520412368,0.1269049422185358,0.03596566124502357,-0.03721356639909016,-0.12028667734169995,0.15817297691595633,0.19480740543939626,0.16386393421012144,-0.1838284059824828,-0.07391092901826293,0.14842113188896983,-0.17698210401367034,-0.3617730909645198,0.2496281064455379,0.09886883776035832,-0.10211854600092479,-0.11844439148340011,0.0726969450764347,-0.006613530414401434,-0.04234726014689418,-0.23630615543023428
46,0.153432992088331,-0.2174430787355442,-0.0812170109051897,-0.03851789528296641,0.05165175441012385,0.06663701741991429,0.05597554556398317,-0.07377686029486547,0.30945112073755465,0.1443322802911551,0.043338658364226235,-0.04745954362799202,0.16931142384647185,0.9999999999999998,-0.03622851492510869,0.0408778719511144,0.01729980289353475,0.00750412001838155,0.02224569212541515,0.010486864370684792,-0.23066329127764812,0.0126393371970604,0.1239867429590221,-0.05602569281787215,-0.07795982644246821,0.1481887633103785,-0.07167899655036408,0.005587063577363083,-0.12044322835987552,-0.06301342072513731,-0.12849740190089184,-0.21623282674232897,-0.09337847976435935,0.0923657658096651,-0.060210709634291086,-0.06526595300723992,-0.11780711627519551,-0.08520696339782813,0.021588557441018223,0.12249096074161199,-0.09876852091322535,0.2081940545000336,0.05105124068085949,0.202245149699607,0.22310116337391747,-0.07064182001174152,-0.07328235558930833,-0.39782432288484354,0.09171644976466946,-0.052596496822177645,0.2264373636998905,-0.08020997910040743,-0.18103818299791383,-0.017488332166761,0.20711399844472886,-0.005305829556095226,0.4132265166320028,0.005072866252995205,0.1713777427297243,0.25642665622213556,0.18489868219919423,0.17517891993648865,0.0651570487196901,-0.04390463224306776,-0.14052952219110687,0.06327281358323393,-0.1019336242734551,0.4275782169489436,-0.1819521935304546,-0.12089316325216415,-0.07491919470098363,0.09205303616421821,0.056669128570675686,0.06944627709200821,0.057363838466872416,0.2076279350013681,0.044495298182052986,-0.012790354978976489,0.020375229755782206,0.008626682328236143,0.2999232311152235,-0.06307007472809263,-0.014106094752317326,-0.11906952197272228,-0.2354564685733309,-0.10915720649571843,-0.14676301996753605,-0.15066236534718527,-0.15594743801792513,-0.11148509089591913,-0.16469348598573033,-0.16200267129728804,-0.005017760401873777,-0.2680645212422913,-0.03265703888456252,0.10650138419207439,0.2080529310042429,0.09183532718652263,0.052009848389142,-0.03363613930201562,-0.1887269415178166,0.10655399691507941,-0.2196582510414291,0.2580023468658786,-0.05852859805848633,-0.051349174613120094,-0.30684039475401026,0.3731278516560764,0.0011466451003154226,0.0009564226973430451,0.31001344291337607,-0.045955173216091154,-0.08304644875351351,-0.11048289884125403,0.196078156030151,0.11964854070399074,-0.2766714809164657,-0.021156971230944507,-0.03336678545765282,-0.053601204881321814,0.04891037961308255,-0.10806965686672163,-0.08556535516383858,0.016913173628586662,-0.03913100505997259,-0.1590517324545819,0.23823142051239626,0.3691187909715322,-0.056561499277971286,-0.1858408921824324,0.01938363016483526,-0.08419609641348397,-0.20698930569749077,0.11703244779905378,0.09612187147347005,0.08744089704352624,-0.04207695621897657,0.08998474498984817,-0.22175727123970548,-0.03122540731467094,-0.20028314179716034,-0.16338693544700278,-0.14407834913839265,-0.0006915024220371266,0.14658629871772405,-0.10352900925025495,0.008136124984268472,-0.18007137993512912,-0.0015409462360491016,-0.011693351759433868,-0.22191233553054818,-0.1496938464670867,-0.02485160329590001,0.0578353677654664,0.05096324433648271,-0.07041198267609047,-0.2802482743415658,0.08284436079633305,0.014374055573716299,0.08628156809857214,-0.13620851309366908,0.009301265357780211,0.10762526865033221,0.356082613177749,0.02808991098736054,0.027491518919383676
47,-0.2473811613521469,-0.012999139130030077,0.10704991007834702,-0.05442653615541071,0.002206087494046963,0.0751718067316698,0.13102461417493858,-0.04587934299894881,-0.27349669071469795,-0.10836576215566276,0.17416024961332555,-0.09483982209724581,-0.1310923847722208,-0.03622851492510869,1.0,-0.435310167241665,0.22332577748457,0.04843734554124253,-0.13796070035631752,-0.10176907576730458,0.30015598575134644,0.08232833105239858,-0.15153762657697492,-0.032032417312374176,0.13225506843346657,0.04855100748882768,0.3509374149878329,-0.007125024096004399,-0.13700062848626005,0.0007256892064879101,0.21013243633066422,0.2999177953317917,-0.06250041968081367,0.28812605510846695,0.24278856169418145,-0.006337635378127743,-0.05605761163582381,-0.04017209155414189,0.03933777682098501,-0.24475824112143804,-0.3999307358868119,0.004264910741711736,0.3833349733040565,-0.12511959653035215,-0.1781794395226286,0.2541723613582829,0.022408542417782135,0.034571813232392626,0.2385532402807144,-0.013718685410769493,0.3888749401801391,0.22303828542044596,0.12389705404949003,-0.07125411910930154,-0.07223598174573105,-0.04593334573122048,-0.16867670353140618,0.043131867046164556,0.051862631445049906,0.11426429464056026,-0.10021288296374183,0.1894875265506516,0.060447964361812365,-0.2826841364760438,0.37752071141376814,0.06768631549882212,-0.042050615135554206,-0.1393232413796295,0.3069384892889827,0.12739494413839858,-0.09200231717166477,-0.00160024143146821,-0.10948865874225515,-0.35593805923891647,-0.0036254769313795,0.16882108205780758,0.017076050222499712,-0.10762653212659916,-0.08848910754679382,-0.09144410820866858,-0.13380150795313922,0.05411398702820575,-0.28964022497826963,0.09852026024136246,-0.08246126367351367,-0.004113715083818607,0.16269054076207815,-0.1515326002009433,0.03973272376818473,-0.030946389226618087,0.2802654559463757,0.2035311751731382,-0.11968445881428327,0.0413067521602968,0.11540071996343068,0.060238833690569205,0.2197463545818581,-0.12315152883779555,0.029013458183080015,-0.0797978045573755,0.40286955015510756,0.03316491777144182,0.12508653037722411,-0.08994388872250444,-0.02299508928870644,-0.0872435110054438,0.3177155697845117,-0.17159920224628847,0.06662441638127035,0.2779977164956958,-0.168583305724806,0.1290424302414562,0.14487805911581642,-0.03399865822287944,0.2655048775708459,0.0660654946318353,0.0641847259658286,0.3135893568818016,-0.2806533816689275,0.02897360568717347,-0.1040211844862964,-0.20825622824081147,0.29176008091658434,-0.16868280331411642,-0.33919253250507836,0.09261032610030785,0.14731290955951093,-0.26122928109774124,0.08241627556734173,-0.2623755446444379,-0.2247573155501151,-0.17356151381761575,-0.022944569490993938,-0.3116864084029719,-0.34460095113911604,-0.11932242690009671,0.11601039627339728,0.09443136457097026,-0.08579116770098699,-0.19339994146082037,-0.23181284919960765,0.09015031322402664,0.46099748382768435,-0.3817105275100747,-0.19644720835173607,0.028771425766601227,-0.17772396729664208,-0.1859887974565842,-0.11041633299101355,0.02248312128808341,-0.26727129518654474,-0.23642046180717038,0.1198711172253918,-0.10497021293079623,0.1768191726465016,-0.1654548388902027,0.19956380621633787,0.08362161636333575,-0.036784074610533415,-0.05083399609328063,0.09692069469800442,0.1490574943150399,-0.050878409928499076,-0.18626715267662378,0.13330696098520625,0.08830627845017325
60,0.33738379978521227,-0.03693666346156334,0.21678555912515654,0.10634722747041382,-0.012668238424091986,0.09285564289189227,0.009635600537216977,0.10640271097400296,0.36541912736539495,0.26368664353781207,0.23708823745564295,0.4015359789842428,0.3645729046622788,0.0408778719511144,-0.435310167241665,0.9999999999999999,0.14288882262153454,0.06547391123090253,0.3542570649018998,0.5148035431653484,0.1282762026269263,-0.1545273560405012,0.26283551684757783,0.31945166380120327,0.024687956765601822,0.05880080109819813,-0.06940680389242593,0.22074094337741418,0.2849291886202324,0.016649432747252314,-0.013833861906315406,-0.31790184485893946,0.07825785744333691,-0.10958842296405545,-0.02928679449309974,0.29516384346291835,0.08559511928207754,0.1855508245970749,0.3620756037580163,0.3099867882185119,0.44858527917693947,0.08447294605252192,-0.13029656948425408,0.20511512450943278,0.4106024031211495,-0.503405455472165,-0.08284322852837045,-0.08866794275585019,-0.3949582610079422,0.0671595647472379,-0.28407243010168126,-0.08341099290121634,-0.05656527145020408,-0.1389308575412764,0.11024590505715312,0.021217324115243467,0.028507670891503915,-0.1042150119424316,-0.22386065367345864,-0.43551543461145575,-0.045442262617238036,-0.17865232787676358,0.007626370605951981,0.1588004218890354,-0.3074769764882282,-0.20594278344431838,-0.04845635080745255,0.054227676106379234,-0.38156678468479494,-0.062176516133191535,-0.18995256993069454,-0.0943873699812067,-0.04396831371248783,-0.0327036772426471,-0.12469213276322694,-0.06052237164083268,-0.20691577574122602,-0.08217715970576307,-0.07514179158763609,-0.10197989162671839,-0.05221445188296722,-0.26332016041941086,-0.052093778576194766,-0.29781119498638475,-0.006263359856964745,-0.17863909142900675,0.10859636079623694,0.2245179938129425,0.11521334795296544,-0.1082067981585044,-0.2371951209525125,0.06752979869634856,-0.06438118040230385,-0.11157500292556435,-0.2581455226867438,-0.22650253770307685,-0.23864403794480468,0.02080681582683348,0.12730592131192744,0.12602483680499535,-0.3328856226255241,-0.20025299015500625,0.03032517838639967,0.025642917735227234,-0.35173470367781395,-0.0003408806765107586,-0.25223335991718476,-0.0647905787523299,-0.23887077160330478,-0.31882643714456127,-0.12244441989250412,-0.29553545606887777,-0.23949693106416642,-0.09186651647183618,-0.21440830062820124,-0.33710496203514,-0.09947660043673699,-0.17610644388224497,0.1881397684835078,-0.009509454137313184,-0.019373053105810206,-0.21591563290711727,-0.3081541008200721,0.040087899198342825,0.33568149203483666,-0.2793767173148036,-0.22759083011897557,0.12826966973087855,-0.31936367506470753,-0.03792130884267257,0.2335787103054201,0.25741044494948945,0.1479441061992716,0.3563913163561943,0.3322911695740297,-0.10799057487831808,-0.24629676525676028,-0.23366922197730777,0.027736842195323293,0.16044944647746628,0.2544372014297687,-0.20795620806763368,-0.3538561281916824,0.43366156756216573,0.1619749741511287,-0.06036082861957954,0.3245932943467454,-0.13450084422392045,-0.18505200604841446,-0.018829946661544156,0.46983238627342927,0.5356971733674589,0.08614727290868902,-0.12765627398612067,-0.09154107951563956,0.10332988059819624,-0.36254796312023946,-0.3859189038684005,-0.009380912126329261,-0.10760472182483727,-0.12332702904315244,-0.17280253483805313,-0.2588188445232389,0.16807437772329736,-0.40949113399254916,-0.2922683775961989
73,-0.01462330382214214,-0.23305698637625633,0.10949064311387739,0.14327752580799813,0.3473839737662779,0.1219033184352345,0.10862502396349369,0.3946871354801271,0.19085008410722643,0.043028107926561386,0.03495766371006884,0.16268826453302723,-0.03344705607388584,0.01729980289353475,0.22332577748457,0.14288882262153454,1.0,0.08290898244081238,0.1886683528971706,0.1597662119152705,0.42150586993870043,0.036450435384509865,-0.06998200640497952,0.3310014108118078,0.3412331303626254,0.310119801113228,0.20351527471559883,0.005275602417049922,0.1360192633844675,-0.05175228959622779,0.05861067290188836,0.22740884875065379,0.10260122344885345,-0.1194664056257511,0.17102247530332845,0.03448527664526807,0.23564025575466674,0.0970920307917088,0.18873621507931854,0.3448914902948377,0.3121874929934059,-0.04208281431100796,0.2288691492211083,0.021988872656600517,0.2603839761833531,-0.03548142669263477,-0.0684711532758396,-0.23085197459542894,0.028755500994389203,-0.14551130421999875,0.27026953148946575,0.16690800387875335,-0.23347623624642322,-0.17470562180136293,0.18586003020897998,-0.2756533319272723,-0.17371389876834592,-0.0190790568612709,-0.35376041183298335,-0.23158717795428216,0.09841454313828883,0.1284419839271834,-0.04476341075173716,-0.195383422489024,-0.1225025253315504,0.03716916838712007,0.1590024173505383,0.02234699022142233,0.14974319749915377,0.2992442851687849,-0.08838256326269497,0.2805165755698125,0.0006460455580473962,-0.0845159113184173,-0.022623770084277538,0.21089358009478207,-0.09794169456570827,-0.22675801983134355,-0.24803296347168588,-0.14248955374288255,-0.16413550029805474,-0.3962490047750047,-0.23664933930265344,-0.2979369942925067,-0.005368113186295245,-0.4332954934994345,0.16377327676655423,-0.03569720588928681,-0.1889002199315578,-0.2245246344103994,0.07401046336952562,0.2275365597305779,-0.1810103383906309,-0.10286985172852912,-0.2276061284522224,-0.2701351231832872,-0.17187930117734357,-0.30495832963735947,-0.08249639462643825,-0.043195300237538585,0.03422423016165457,-0.04233497837150864,-0.13714300123881706,-0.06896530776515614,-0.3095972364030161,-0.2814439809642964,-0.12787665950169458,-0.11119836693629594,-0.2447490357827227,0.06853412644599033,-0.16044299106375512,-0.1510305842667985,-0.2890429954065713,-0.1825176749169974,-0.21501895875627258,-0.21237084405191275,-0.06733033613698071,0.010944746329927778,-0.3667978691766409,-0.2774631412928496,0.1272206664534979,-0.29974534872831443,-0.09291528044212513,-0.12139064255872002,0.021101918235932795,-0.2511582063396431,-0.151063890336029,0.017287196722489764,-0.11195772063925888,-0.32114529128200875,0.275906889674045,0.43648352884195407,0.3743619922246282,0.25440379552394415,-0.03560140378422373,-0.21311645987326516,-0.19688327786210913,-0.09660791997303773,0.09703962658516385,0.12991923588466991,-0.22883432782387847,-0.36437547015201144,-0.09282277968720554,0.024183392750075618,0.22286781847772208,0.38098689401215075,0.10191459418843953,-0.2960889053183344,-0.295937369842792,-0.2157013554318214,0.29614153613840777,0.43753723450977244,0.10549829555912246,-0.2602242015422169,0.14187590499104347,0.1423438709349218,0.020675922082497876,-0.17686636122004853,0.20792649638235214,-0.21375072466029618,0.00862980917096181,0.23459547301239791,-0.12304769821522915,0.11293715890647286,-0.10551281443043761,-0.13312080282110475
81,-0.0824655361241442,0.0028101686654493823,-0.247283246146011,0.19610810894609756,-0.07551036524434832,0.018903644487531252,-0.005249648904681807,0.19271119666899328,0.3615819252157044,0.10941061027083983,-0.11222614136364703,0.09054791097118503,0.2424433866050375,0.007504120018381549,0.04843734554124253,0.06547391123090252,0.08290898244081238,1.0,0.164369544902662,-0.04269358279618579,0.17060484620675667,0.10337634313258513,-0.004139593632767334,0.1337609166300495,0.04891899991822194,0.10343743104276111,0.09241728196616486,0.016097513960434455,0.09282188018849329,0.07493732863274681,-0.21800837818883068,0.014016984063443727,0.24375136213145168,-0.04377800632392879,-0.04997188902502167,0.17514656614415272,0.08278633113947499,-0.06981786108326508,0.17943235613152753,0.26631461502461157,0.1871150319533877,0.12254871456683832,0.0325648779815325,0.05657158343992271,0.11395068094918025,-0.12799705641322018,-0.26417574634113145,-0.14471155998051272,0.09590479001186092,-0.24258909444161306,-0.060489144772042036,-0.03113429399831353,-0.3814305519227209,-0.06332577324112387,0.030710097720917977,-0.3450749394048042,0.12705764024778554,-0.04824149306638162,-0.10832543250088836,-0.1685211504593444,0.03792679628399662,-0.05660592347565681,-0.11302130555391525,0.06306739056010999,0.01773308341531887,0.036038813916480984,0.05518788062060054,0.17109952333351602,0.14906379863626332,0.09054817374288963,0.07615129010267455,0.05205974644128972,-0.031843882046172556,-0.11688621231460755,0.18783708718362543,0.08784116132099609,-0.12650188850095198,0.1202334586794102,0.028942802709953686,-0.02015398960399785,-0.09211329634692055,-0.06549965257444919,-0.056281180699658116,-0.15153780659284155,-0.148151230093758,-0.10999697981045249,-0.18570329428631804,-0.22684660196938272,-0.059633285747947115,0.10764933245441291,-0.09823628781645626,0.023825768389558057,0.027560048540806785,-0.09409741487496526,-0.12239373871100755,-0.1842852035757277,-0.1818746711844481,-0.15456557361711046,0.024340195494652196,0.10591665731461344,-0.08242602564988108,0.002467671091176936,-0.2243165481322405,0.0571831259980108,-0.18842822523281233,-0.4330883831566218,-0.17609224552836467,-0.3179281793117411,-0.01208273941081072,-0.19191265515731412,-0.26122261915798534,-0.20585876182108914,-0.027958516725535218,0.06955921700583391,-0.014488479188661037,0.09915735402772394,-0.20586281736270712,0.007195114978794852,-0.07706724533864547,-0.17651569101853823,0.010091082103826542,-0.10522103287022662,-0.08680020570924987,0.1260060644166151,0.21647576583233435,-0.16285820471913195,0.0435759927145595,-0.030399292155534795,0.03077376088911144,-0.1190972410497539,0.4045413617530015,0.17995138953658302,0.30261958913358855,0.11550750323548067,0.09742129433586813,-0.13739740655413168,-0.17580633621387273,-0.012945781027891711,0.18092102563417264,0.3860437007045789,-0.20627221915057004,-0.4077221124593105,-0.21490710053825077,-0.0028100283853563987,0.4642287895456701,-0.05113583322013139,-0.07073374777480787,0.15375616127233588,-0.09884201341640332,0.06693142305533384,0.036683973944672696,0.088152027498202,-0.13631850993846917,-0.07558503819559935,0.09158183601835586,0.3545317834295506,-0.15055137314539063,-0.09849569171977506,0.2109296551410689,0.13450684453821946,0.08412543715934367,-0.06680494870183991,0.06135153134590839,0.10754374441260686,0.13078897160995934,-0.021996291441452296
89,0.12075715529139179,-0.20333876108933777,-0.035245377535113115,-0.12370282058296067,-0.06421185837575037,0.0658265896180137,0.24774759428867285,0.18514410195444805,0.4657955161059566,0.12571521153244253,0.1127030023568222,0.100808334478847,0.1949138363131707,0.02224569212541515,-0.13796070035631752,0.3542570649018998,0.1886683528971706,0.16436954490266198,1.0,0.2732137900191208,0.23540994635288776,-0.07422274436545803,0.08379528172634339,0.23001948335350247,0.255229543392474,0.301334913545526,0.11567963625639531,0.09889193216005021,0.3148862709795032,0.03215602712379235,-0.09347823862400227,0.008595856277029626,0.225243679628866,0.074791510249286,0.16455955404099817,0.2689726931112477,0.09403456471932242,0.11632905747246233,0.3706569830699112,0.39767522651777587,0.3390731852583462,-0.17003294607812913,-0.04906136601354827,0.23217307481710378,0.15694987225630042,-0.44717791927221173,-0.17801078157152025,-0.041864266184641855,-0.2937576445653627,-0.040097556501981504,-0.1574200083645313,0.021829080033210952,0.09576171822813141,0.10711012217302254,0.023176325417516082,-0.3013922603735519,-0.1556223204609738,-0.36902040592846913,-0.39602716549884637,-0.28228234698283944,-0.15255991785300566,-0.06621090078606094,-0.21520276350408957,-0.04516670852371981,-0.15640604888493245,0.08320790925803562,-0.11397138742334385,0.13723339866485224,-0.1766746152150416,-0.0059380698078145035,-0.15867302455310972,0.05197925781087356,-0.05740516528855021,-0.062496018486155935,-0.1246857532491215,-0.026572471392281406,-0.2549376347270144,-0.2693260126058392,-0.0270128589148277,-0.218083821757396,-0.10377585681146816,-0.14283085658851863,-0.130516111010101,-0.21380548599777857,-0.01986574477413609,-0.06922934994864935,0.06020922472943525,0.22819482604398594,0.18031022616408293,0.14124084388939007,0.014919931869371437,0.05043232494605298,-0.24814711007290483,0.2118815385843546,-0.21124278636598934,-0.21290504135675017,-0.37018720876095335,-0.16016007778958521,0.04926574321355288,0.12655476076341457,-0.10628607019689838,-0.3013935999041205,-0.13384835528904118,0.013886397520769898,-0.20778057299637398,-0.24241309886288853,-0.19308400978989304,-0.08960505658622182,-0.38392805071973246,-0.2254190272558518,-0.2009425027695823,-0.3346509900264042,-0.2497922367940905,-0.2574675164124497,-0.2109721687495339,-0.25075757267113863,-0.16752274973260117,0.03239647426001431,0.1828638996080568,-0.13394357574463045,-0.08068752336070496,-0.16440479289009374,-0.14630537835554888,-0.0860555349252218,0.3053383981552468,-0.42716102464682676,-0.25884330180372644,0.04905181649935295,-0.1845032999829574,-0.2729578285363269,0.235014774468119,0.25402915957896505,0.14938705636845603,-0.00801253971514584,0.07507900796063068,-0.11695879673334274,-0.2879986062487822,-0.16291694791951328,0.1448571990266853,0.19479949697811408,-0.019543570384863984,-0.08880769692259995,-0.22503676389272267,0.277781519838062,0.14687826990907626,0.13865462420146887,0.11047396260427017,0.1502807150378819,-0.04115506531424921,0.0970147548066968,0.4139229110150889,0.36206498235485957,0.1710110704480907,-0.13277895223216712,-0.04265443228061272,0.07807263414557768,0.05147609802373574,-0.3028876949296179,0.36364283413506554,-0.07795526369002036,-0.06366626996558596,-0.14969728065693713,-0.1785802870673863,0.18803222242292347,-0.06319485220371085,-0.28104385269329757
94,0.2768239885657876,-0.03057828312607477,0.3391109806861129,0.024914242500988355,-0.2402450446416781,0.07693782767059808,0.15627732873420844,-0.032552091711760565,0.3034253656469097,0.15760277880980397,0.2278216672961481,0.20825146582971815,0.2484806362760846,0.010486864370684792,-0.10176907576730457,0.5148035431653484,0.1597662119152705,-0.04269358279618579,0.2732137900191208,0.9999999999999999,0.12400699006609783,-0.03856386886061413,0.20420908725174441,0.16918006922670345,-0.02239658740172501,0.0250223220041255,0.2510946875858682,0.41301219636631914,0.11653182952363307,-0.05124042439079328,0.11313402428447542,-0.078548509709135,0.0001235085015851021,0.13324324933345488,0.12943774244064024,0.14676812502672149,-0.010163375853246632,0.16818804797905942,0.15838625755161856,0.2928183857939215,0.2906888986777675,-0.033020912916056536,0.11658964407495168,0.33822349402374313,0.3598115107966238,-0.44879530404229684,0.15881906295020065,0.016333020382418986,-0.3912707111875715,-0.04402446589776189,-0.09205364291297254,0.08753269268505127,0.0637955530437595,-0.2407728621376468,0.10868318131968592,0.07475855614107076,-0.009928220736253884,-0.12079755032393819,-0.34772780990179725,-0.367176320215385,-0.1360581372482436,-0.08775664564380332,-0.05716128782525058,0.113750248549338,-0.20203534331405676,-0.18569233041984826,-0.20463013196014138,0.12993354154329562,-0.27094410979441813,0.14267748237899447,-0.444238724447459,0.06640818617635381,0.12290609496539474,-0.10010088664920025,-0.22547513949355347,0.045811156462149026,-0.2938348682744805,-0.18565258539716936,-0.10728265620570769,-0.21360077121195478,-0.25291545954548783,-0.026392024845072748,-0.1692352507515848,-0.30962884048216527,-0.00570045690312336,-0.24818403801714226,0.15062693717929737,0.12180630591485624,0.10137226161485724,0.0883927114453271,0.04991768148560825,0.25590896499121263,-0.17146880787385763,-0.17125111010272454,-0.2544986738535076,-0.009653460258103246,-0.007179424148498656,-0.010998462141042041,0.08549352594546603,-0.020535445854204026,-0.0011986084475175244,-0.2857229898411967,0.04907708663520536,0.02868840591562986,-0.3951883670958925,-0.0036608081651811225,-0.15801251092182425,-0.30443864414988564,-0.2428318534583149,-0.11171205862282811,-0.2319912271372486,-0.2827275024389559,-0.1153472750797384,-0.1199987827879162,-0.308226218312451,-0.31410464345597033,-0.1782041787391406,0.061470017680618404,0.12454541544411324,0.08209523435535673,-0.0422808185109891,-0.1632627078015043,-0.23803957110369914,-0.008581148160572642,0.25508674847926494,-0.24802188034812306,-0.11615688580432729,-0.08682751827036056,-0.3681021437218714,-0.15640592536230236,0.04905541074844572,0.1276300618503556,0.060601722805420005,0.3010262324867196,0.2933349062699779,-0.10793643202917327,-0.34241150520535424,-0.34697959128056804,-0.12232306141735433,0.07681293890130882,0.2250774311926716,-0.0430610758996942,-0.2567223534828952,0.14394847352737686,-0.03264204102355517,-0.1270001391915155,0.31775034855497425,0.003261067950108032,-0.034404706185903515,-0.005772037118711917,0.5046393048666713,0.42558392921818533,0.11765727281166276,0.0312600087546257,-0.2831828708063413,-0.058699767636122814,-0.17548057968449865,-0.35684904165901726,-0.06334527021761541,-0.17624187854894208,-0.22696891215785475,-0.3160766697978019,-0.17246560276856546,0.050529632589390625,-0.26565372758018796,-0.005821889632985197
95,-0.0039773319975523755,-0.010600312038153398,0.15379089512478644,0.13013093882301136,0.23694653629690476,-0.008342133235072938,0.1289760059903183,0.19313906942868952,0.07290360023341742,-0.02386763156078634,0.04577293381682494,0.19215241408179537,0.0481219402263267,-0.2306632912776481,0.30015598575134644,0.12827620262692632,0.42150586993870043,0.1706048462067567,0.23540994635288773,0.12400699006609783,1.0,0.024917162542024307,-0.18798827157272557,0.32492299850792494,0.26774948515553443,0.1208190314565451,0.3964306144696395,0.026014045278806908,0.056345137936378596,0.10646809535961899,0.1315705172611025,0.08166247851363007,0.24311843338479197,0.0803605089145095,0.0963736189146205,0.1843224958135718,0.17881337164228658,0.02665619868642931,0.1408549074971547,0.24016603412520798,0.16946148806331954,0.021069395267665585,0.2919907099102646,-0.239994155051282,0.14002029075453015,-0.01481820067306791,-0.04368112026699083,-0.060219519086886886,-0.09339384162765343,0.07737210644267904,-0.015518562615211128,0.1464789726251115,-0.09254803951503429,-0.32091708050116796,0.014473430305605212,-0.3287367942016032,-0.22030264388864,-0.14492010756167847,-0.36234328410733907,-0.18267116847300388,-0.05067081257981671,-0.15581545185703466,-0.16436690355580946,-0.09838909289714177,-0.04740632850735789,0.21374955275506863,0.1780796161047332,-0.14164117541524557,0.2039302239162393,0.31573818353216404,-0.06998927395181855,-0.05077675804689487,-0.10304512744837181,-0.22655026248189192,-0.060643301530571736,0.11581697091076287,0.054927194364668946,-0.10002492971602986,-0.0785339435863137,-0.19797415767994347,-0.1941265554423014,-0.11851728040226617,-0.3056961024590253,-0.07910178026158009,0.12105596835007362,-0.30051773768733964,0.15908520077131713,0.0306685891589951,0.009474725045171687,-0.042904078029538086,0.15034815092725998,0.3181961971551991,-0.18330623816824446,-0.05855963730934023,-0.084364560427639,-0.24584929020124277,-0.1092477072543172,-0.33234621027056443,-0.20414295189702922,-0.01730262446728763,0.03425026191935202,-0.04844519957639953,-1.5025435995393712e-06,-0.2611380366128524,-0.3997818901217974,-0.22887192259129954,-0.11441020398858451,-0.2936921743684515,-0.30799908121701824,0.012897379668779853,-0.3469775320697872,-0.08858114616767676,-0.22229111264223864,-0.13149388864749298,-0.10300708591307906,-0.16195785168170246,-0.10184147608490939,0.13235782044770103,-0.19472698415143483,-0.24000494912522988,0.037608748527165746,-0.3338693715946202,0.06704604615325252,-0.030293095833355304,0.19869265083042054,-0.20235584179801938,-0.15853198644813796,-0.1322684165440418,-0.08585061232273573,-0.318360499421959,0.19052699010089755,0.26083367087321563,0.2551164524400749,-0.01128225996018601,0.004686760985937214,-0.009834272631256597,-0.2138128945207253,-0.0670392850517793,0.14941252100207317,0.16409823565129292,-0.1853267111124449,-0.2983268997275396,-0.09028685953244206,0.04648922963840871,0.1330580521372649,0.12418940257727325,-0.0688947025389546,-0.20403420884688445,-0.18553399876538887,-0.07338434287345003,0.23776250041786826,0.26090024770019116,0.07435428430410419,-0.140963773086927,0.18061581503446436,0.28360041543882114,0.05988043609496421,-0.161979909039258,0.28033198131227444,-0.1094809307535034,-0.0647995782206391,0.09328705718416122,-0.07174366513554745,0.16650490545211558,-0.10041363901619768,-0.10180928123381407
99,-0.07228879697405376,-0.07059745429027997,-0.05879464740417169,0.009617264478223829,-0.050300304340989484,-0.0803992571311277,-0.2551053987397338,0.21228403450974595,0.025019737286335903,0.22870160008253876,0.17883989698497899,0.2631619337781604,-0.23835569654979083,0.0126393371970604,0.08232833105239858,-0.1545273560405012,0.03645043538450987,0.10337634313258512,-0.07422274436545803,-0.03856386886061413,0.024917162542024314,1.0,-0.16587510650139542,-0.1065274675269718,0.14449614353740392,0.2903948147093165,-0.07190480436687006,0.10409253024202889,0.13526051055171034,-0.14031373858308985,0.06538101988924049,0.119846433023968,0.051746987077925403,-0.016253682737604143,-0.14185555405286118,-0.16916426984299568,-0.0668855940999183,-0.22438843071879438,-0.10620464093862128,0.10965284560782727,0.11246613020060091,-0.06190595091125412,0.06504493993927675,0.04253145220869188,0.14949454455202987,0.11992328668260024,-0.1234920820967709,0.12366881811338029,0.1350149402558261,-0.23628494605259892,-0.02509022786153485,0.08044444242824987,-0.2801279794995068,-0.0743712268710587,-0.09164493100157749,0.008598655629019113,-0.02993993839911855,0.03851399090185737,-0.04121241927792272,-0.06675874930263595,0.08710743648347702,0.09273339204856826,0.08607154326395187,0.17477705889399886,-0.05368865400235607,-0.03494613731185362,0.030574796110477497,0.1038669323267845,-0.04879586869354569,0.0753499491145953,-0.06420415705074022,0.13937839549576994,0.015851614935891864,0.23632242866005693,-0.07692137660763183,0.00614221173243745,0.09104713137527787,-0.13330168602337034,-0.2236552737545862,0.04236991302405322,-0.06530027436908241,-0.12279754018140465,-0.005412945992877836,-0.13515492141734511,-0.06467930359340957,0.07892469036259721,-0.18487891279918697,-0.08295541458147279,-0.22496056979540766,-0.19310187206623677,0.036753735477224006,-0.00992528287227343,0.029679693795164296,0.032488357498343945,0.07417475821671811,0.06614781865171782,-0.10585290229046129,-0.1531105446544261,-0.07069823032967595,-0.06753748500885906,-0.05435166289524624,0.018465797526140144,0.13838453757251726,-0.1311887794891417,0.09376186686339279,-0.031414160528685175,0.1729562411414486,0.004739145999050602,-0.03660432459451062,0.1924995618800893,0.08396652437665433,0.1114514994533148,-0.1753857299225139,0.1767808074311807,-0.07125379189547626,0.03401657329190199,-0.05983520444587748,-0.015853082944778774,-0.14194817326662906,-0.1222129311950755,0.29174857750071265,0.06094500525390959,-0.1291988958133408,0.00014666419983410712,-0.0652851989375139,0.07887966826561366,0.0026071845955325684,0.012889304567127276,0.07409581407394694,-0.12779497419828595,-0.06484075302403196,-0.03055068776628882,0.0049401141917282025,-0.10900384673074702,0.1435841236279983,-0.0048345944529228965,0.15389083578810553,-0.1829244146213028,-0.03894986754959164,-0.02967007824461735,0.10017535414201192,-0.14862418399594834,0.0403506195265187,0.003418937735708392,0.019804854270825425,-0.10879808271040126,-0.15648913550080018,0.1116840419148076,0.008986380919953015,-0.011998752733270562,-0.04696378026734707,0.038934089404262816,-0.19964101286161232,0.2114508651636393,-0.22892405795709886,-0.03488417277128191,0.01774844387362505,0.02458438777869263,-0.08815428200610988,0.15478033761203122,0.13608775510428447,-0.060151159237799845,-0.08384910615708645,0.06335729996970957,0.12345266012683793,0.18001591913420215
106,0.24426596975358633,-0.04279228135379027,0.2870013486817095,-0.07106394346812564,-0.04043232532779538,-0.08021786622303866,-0.00031550894801379305,0.08419035330660878,0.12807660331391651,0.07596742291092372,0.11987012976213203,0.012740281560414584,0.33614332468858904,0.1239867429590221,-0.15153762657697492,0.26283551684757783,-0.06998200640497952,-0.004139593632767333,0.08379528172634337,0.20420908725174441,-0.18798827157272557,-0.16587510650139542,1.0,0.02639040618670351,-0.08756978194793134,-0.15591390160666646,-0.0766168960078256,0.3024163237842931,-0.08726697332541833,-0.20060708095633373,0.13613303864614137,-0.1333901506236683,-0.06719687910609635,-0.11390136023373519,0.07104968087022277,0.2204676804377434,-0.1484751035286395,0.3043026936867042,0.12833510111181312,0.018847722088129463,0.04724993589513287,0.10120660737979069,-0.029120902302281634,0.20834080395901955,0.47867850220492075,-0.20431449835320892,-0.14904536109882288,0.06345671107680945,-0.20437244520801257,-0.11907037251311405,-0.1493427048797007,-0.1785968373092097,-0.013611083671463173,-0.047875243214961914,0.017701168110317893,0.19307263829164903,0.09528736603929082,0.04501814865864125,0.06357559142793838,-0.10189857363378552,-0.12897698562949836,0.14921203189234677,-0.03370772005561516,-0.05862813945455535,-0.19783450589891666,-0.31922001688130747,-0.008611250305415754,-0.08418299834032286,-0.1967292809346883,0.06381089851059069,-0.010630118063690746,0.25375068395900774,-0.04005872086630206,-0.12203912577357541,-0.09309516163182385,-0.31177231153483376,-0.17681004256062394,0.032017299323967394,-0.21470728760516514,-0.1408461197370741,-0.19468231956381252,-0.1975211819865974,0.06560813708437646,-0.15705482047058528,-0.01856765019633374,-0.08244867125782401,-0.07269418629649503,-0.06054573755765691,0.07160880139032011,-0.2986375293762648,0.26634993880221886,0.04499696565652313,0.3183770438767623,-0.07449929886517458,-0.14596565742330617,-0.04059335905224042,0.043437716433059666,0.09096206781178577,0.1443257832530408,0.02247093031243093,-0.11796397410302115,-0.0001280426893922238,0.03300350937195688,0.3023553442106758,0.1370178562075215,0.14732920180999357,-0.12894590819680263,-0.11108254724055579,0.04091210727999792,0.020375667299807994,-0.03347920608909896,-0.271259438890073,-0.044676288791588276,0.1105286847692831,-0.03876074787325258,-0.2982494195621193,-0.0028864859926590793,-0.03868968203173695,0.13423330022035163,-0.1158461270619141,-0.22295230429523286,-0.1624461885329425,-0.20568873592366205,0.161512018195939,-0.0432612347904416,-0.12254802643430382,0.09625139093272107,0.039499090302235945,-0.20236509409203343,0.03849589858735754,-0.043905962936826776,0.00890282972716032,0.07588079846560254,0.32713337339371923,0.030649852763419215,-0.03474032312134145,-0.08730675415786501,-0.18757622498829837,-0.21519540181319313,-0.04097038713413928,0.30013461466710056,0.061753873708611455,-0.12488292523450614,0.09158687698239686,0.03785817044761427,-0.0758265908338559,0.3048247747516282,0.14263245529685062,0.14060117573608602,-0.036020808138519766,0.10914460279894615,0.26953010240119385,0.08580687551483045,-0.007287278681476779,-0.15453067868660147,-0.11010815658756272,-0.09955439434124168,-0.3572575317503834,-0.05529859559228278,-0.04257156458745415,-0.12516045169116774,-0.20088969471000484,0.06775232488051007,0.08363913533285075,-0.27649193511692116,-0.13297086983168277
107,0.31524199882449366,-0.10024282466991431,0.11759197892324784,0.0915302196991172,0.16616371952626813,0.16965990263371752,0.062006715797867415,0.14769385402549998,0.2727029750318417,-0.04509078105186263,0.13917978521854815,0.3923825076909151,0.13235704847578214,-0.056025692817872154,-0.032032417312374176,0.31945166380120327,0.3310014108118078,0.13376091663004946,0.2300194833535025,0.16918006922670342,0.32492299850792494,-0.10652746752697181,0.02639040618670351,1.0,-0.017846889040791424,0.16002762701670808,0.04948689651953948,0.2472112766860243,0.2327854178766145,0.05487705461640768,0.041261656221224005,-0.15436614409044674,0.3232581364157403,0.09933509894264345,0.09327905723994158,0.26922428939450815,-0.02233982078591185,0.11848692428934077,0.33017115371336936,0.08117111238823682,0.48019900958733197,-0.021057421449963032,0.01125384564333856,-0.030461573805412034,0.24850052583788979,-0.4603830881932663,-0.08414977538977741,-0.05121724772354584,-0.20970855724673257,-0.1185056896298012,-0.20796419336701868,-0.21303333367867777,-0.17883364785059547,-0.18459296819490684,-0.15665415945195735,-0.0034596454727162367,-0.25241366310224156,-0.102495306858669,-0.2257208005756328,-0.24688649316284605,-0.10935159910238079,0.13511087849788822,-0.07060801783111341,0.14796420028547574,-0.10374190461722713,0.117119122105686,0.009299012397768555,-0.003766528312558115,-0.2464772615723182,-0.009102132977678345,-0.3401931464906153,0.009346855353383516,-0.08667468659659423,-0.08801436852680883,-0.010883381794003626,-0.08659960328747042,-0.18286802196762014,-0.09532635331675995,-0.21281024899039416,-0.04211789680894538,-0.267111496821013,-0.10275219405859669,-0.1403450150033436,-0.29891972949662293,-0.05131189115381565,0.027111864567308876,0.16643334784801794,0.1914386174472114,0.0352659232883331,-0.18275609157399353,-0.26716762675964484,-0.02762263010640458,-0.10599335539043186,-0.03131001773542759,-0.2135327308409736,-0.058803956100547984,-0.050029264654704135,0.06560720644834013,0.09640708603610183,-0.008222307454679112,-0.03448597158683804,-0.30604063437969536,-0.014757220939090364,-0.008251573180345077,-0.3069155649152022,-0.07959203006819321,-0.2431703848368814,-0.1125614340322231,-0.1942796891414015,-0.15605048347875,-0.23906472479999671,-0.1414282739683718,-0.24486888722961261,0.05265851206248876,-0.20840248757029053,-0.27121721771361534,-0.23777458957866354,0.14486465682423186,0.33285095489159466,-0.2636785534882032,-0.0013668656939431858,-0.2328164268435893,-0.25065734541013207,-0.08877646044719904,0.21373677907686997,-0.13918895576239337,-0.19462290291168657,-0.04609617939133722,0.13893945958227216,0.010269838246750968,0.07443743649591854,0.19353681896550295,0.10615344679076119,0.320709073653129,0.2440741551389594,0.09801907063125898,-0.08486061468651003,-0.2761159439261399,0.1580188923569765,-0.03312858668271043,0.19341544823903178,-0.32759749526282494,-0.2586468376799501,0.3753165531328521,0.09580233527544424,0.06267448882129954,0.28182322351004185,-0.2103315055922019,-0.087224701090758,-0.3269803633902502,0.17272816437305216,0.3473006444122463,0.34637902313303087,-0.40357332679423635,-0.12157861983796814,-0.05767262274779605,-0.3456017409981164,-0.46184668792961764,-0.09478075859665164,0.12422918669580711,0.22069731069350493,-0.05960066747346085,-0.32205731155160017,-0.022789075584822183,-0.1710709841112057,-0.16837333383499056
109,-0.2736162532761806,0.012446972638595646,-0.18624349145018554,0.045978795633900976,0.2131590079509744,-0.0467609419830474,0.0539425125603396,0.44862288353760166,0.21674925134398326,0.22855782702738497,-0.037163138132259146,-0.054526814500593816,-0.1473597754957309,-0.0779598264424682,0.13225506843346657,0.02468795676560182,0.3412331303626254,0.04891899991822194,0.255229543392474,-0.022396587401725006,0.26774948515553443,0.14449614353740392,-0.08756978194793136,-0.017846889040791424,0.9999999999999999,0.1989527842154901,0.10607240217538284,-0.20860098156198806,0.1314204085999902,0.3662806090608306,-0.32273169687600556,0.2875415171277059,0.018515802937496842,-0.3236732528791389,-0.089836614869726,0.015995390423059003,0.2201313809601728,-0.2261221760436434,-0.09211162240346231,0.40643787463492614,0.09530516619046932,-0.12323763143124494,0.05881919514814775,-0.06944350974776743,0.10332650745229152,0.025863831159758134,-0.07330676096562609,-0.23353168348551165,0.21466548922052947,-0.09022114812185748,0.1947658995195725,0.3736825123591767,-0.2062243005736666,0.0033198298110480437,0.09784879383984353,-0.4594207354992967,-0.05127478854359242,0.13554975917770545,-0.19230136291638333,0.09935531007390197,0.19185006938672158,0.010065461577430507,-0.15985016677184374,-0.2513211476467306,0.04719187763206445,0.1338374507569781,0.1756137479695473,0.10665601032398435,0.2738165608827138,0.05498696045641555,0.3144624020062067,0.25352522845872927,0.16761981419073652,0.1863704503955405,0.19454375323426118,0.20140640898499237,-0.028306633765819465,-0.12155809096527907,0.28500871115914944,-0.0704357300765412,0.33774353013110214,-0.2895372273541269,-0.1386600762507443,-0.1044697374736543,0.027868527672909513,-0.30718546938519403,-0.17025793612991555,0.14257219769591056,-0.18656509782742287,-0.02328192855234566,0.04917512270695833,0.24716578534954456,-0.2413461433233116,-0.23687265924488876,0.07197675212875929,-0.34663357977883547,-0.25370829507199294,-0.5606675036311105,-0.33957444410195964,-0.03622396696958885,-0.2986992017825449,0.154092649262736,-0.2971904090740114,-0.3859099529995504,-0.08442358043103487,-0.2561068995526392,-0.18914688939147944,0.08839564114889174,-0.13410140462718212,0.05473621011010617,0.09292077742483323,0.05482594423974611,-0.06587791366028023,-0.2246699467114465,-0.002488489898317227,0.04559109955460531,0.04241548124837509,-0.17068333978731623,-0.4526994779459033,-0.42982413099548733,0.05013276098274033,0.048787230036134756,0.17816280825488978,-0.07588260683580196,0.0015505368364494615,-0.19801338259931692,0.07397990093591966,0.12817299646641875,-0.1659494175469498,-0.457917673495301,0.35251923898108845,0.44001827546871175,0.20741320516666634,0.11225520511675455,-0.1562258499895992,-0.3485874382294636,-0.006195774804785656,0.11648700091230411,0.12985190133930768,0.37747653213699495,-0.4416114805894353,-0.23164816619827278,-0.09425494263730931,0.06192666631596075,0.2736300324633118,0.21018057446139937,-0.29262985040216305,0.044340420772148115,-0.43178761245503394,0.21429548035524995,-0.012864842723701815,0.1792483962246471,-0.06740083864926821,-0.22513436395762376,0.12684159282981675,0.17686066783654097,0.07479966882947876,0.23153522180726638,0.31763440097037166,-0.27601176982306674,-0.1631615573293667,0.09218372919597705,0.054032560927553756,0.3254499722806728,-0.04097512604132287,-0.12292535859749155
115,-0.24337832280407715,-0.18536821039704293,-0.16509788226219801,0.19587999042819207,0.1117475259958023,-0.03441925462829463,0.050301649719628194,0.2126008500739102,0.19622569547140678,0.016751674555677547,0.010008509857528644,0.14818221723599728,-0.1825778033446427,0.1481887633103785,0.04855100748882768,0.05880080109819813,0.310119801113228,0.10343743104276111,0.30133491354552605,0.025022322004125505,0.1208190314565451,0.29039481470931644,-0.15591390160666646,0.16002762701670808,0.19895278421549006,1.0,0.03911519280495518,0.05086629466286446,0.21408410465174615,0.007299861976923889,-0.11612937749476195,0.22438181980441155,0.3531696109331029,-0.11730713914703059,0.047096205727113566,-0.10203872969656157,0.1893570334843381,-0.01834317310693173,0.020198742078073654,0.2435267209827581,0.14921464925270547,0.001608780492045717,0.12466766811995666,-0.021489489632303526,0.26804217594715424,-0.09825696050028937,0.010936010140342619,-0.1476230697206962,0.10414380514709091,-0.003266793240525272,-0.00011531232010943565,0.16248273824574475,-0.03739858165913136,0.14006817199176702,0.08822658406862614,-0.25115432562914825,-0.10420146445637943,-0.07484711700685773,-0.17113059088473961,-0.024815474107950302,0.14954077124834228,0.17353670145335434,-0.14896067174681446,-0.14963311671251495,0.20828377174624843,0.25915375085803916,0.16690215581928206,0.16364372072783065,0.10282567508942014,-0.015948927620456854,-0.009001220249976878,0.12830420520451605,0.030931025685531147,0.20612795657875868,0.03672713630628279,0.03032749650116889,-0.10518814189537261,0.07891428790085818,-0.057802977609960435,0.07234041748208739,-0.02482018288465971,-0.2664116241805335,-0.08659143943012207,-0.3808539768229752,-0.05340298720878023,0.04030627650413151,-0.20769532885900802,-0.03489563948836547,-0.14691077863799024,-0.008772783459954182,-0.24355605994939572,-0.03844178730505584,-0.1937198559221877,-0.036658534321658484,-0.24429050856754564,-0.058523855836253,-0.2777354347290753,-0.16183347967840606,-0.260720936682197,-0.04593690341488189,-0.033588445109499356,0.0453574698969291,-0.14839790714963347,0.0017308052814995131,0.016371988336581152,-0.1381334944998498,0.004678871668407206,0.15668269013383193,-0.314067909355175,0.06978615322440646,0.010038672028334885,0.033654864884903234,-0.16260827037561337,-0.28959626744549805,0.038534410747739424,-0.12327935296577607,0.07965211653782789,-0.32683532614549465,-0.14677459940433768,-0.07715175726727373,0.14723390925537294,0.09692663980048641,0.20533431579792466,-0.04574258496259641,0.17265879906617757,-0.17591641440933573,-0.10194974466461108,-0.029378370409596427,-0.02488175187378733,-0.39281264034511265,0.053445756806602886,0.2388122946800487,0.07073223571790802,-0.1054790168013309,0.11510986620076365,-0.053228725322244215,-0.05594710093245089,-0.043388903068645346,-0.1641279906899884,0.10582705181361686,-0.11076979589001189,-0.3304040608619229,-0.03481336857699951,0.026048331153115528,0.1316848309250947,0.2304415359499371,-0.17759242677999104,-0.0648824802467377,-0.1703729126686459,0.12153441988640337,0.04787217169226595,0.1088710145967145,-0.11323374431591009,0.0569760854764926,-0.014195270781440122,-0.19001830493673133,0.02745723527201084,0.010991573314925394,0.07598250202589694,0.009389723673732765,0.10042418310235546,0.14038539094009272,-0.25671149215755273,0.29761799067279116,0.08565749662488903,-0.1829867749476032
116,-0.15383737548433513,0.10312901040283579,0.050908880104862816,-0.028181603951819657,-0.1304603043766498,0.31086828733422756,0.4366984340445281,0.06388878217481496,-0.11405980997497217,-0.12259333696676365,0.06019013154513641,-0.10198379190549615,-0.11052611837611027,-0.07167899655036408,0.35093741498783293,-0.06940680389242593,0.20351527471559883,0.09241728196616485,0.11567963625639531,0.2510946875858682,0.39643061446963945,-0.07190480436687006,-0.0766168960078256,0.04948689651953948,0.10607240217538286,0.03911519280495518,0.9999999999999998,0.05076955545531535,-0.00569262171863063,0.25845100206317334,0.23775422580264002,0.12553552009794405,0.16061641230584925,0.29728459976692023,0.270513080910642,0.028462287946177264,0.019577354984080177,0.1599261646461052,0.34053675332456534,0.006691946024815317,-0.029896364149078133,-0.009109369308892144,0.12209410497226796,0.05293570179956475,-0.025435890908891,0.021663274368161463,-0.08242331894155679,0.1206809210263147,-0.05190823353087232,-0.06767637308388565,0.3269767994208786,0.18747819221344414,0.26749509158427803,-0.2004893383767746,-0.046193293716522595,-0.2663076984377829,-0.11044484832294489,-0.14461096702258877,-0.29318783108568686,-0.004525830233032119,-0.322765876260972,-0.18581470297327451,-0.20398118741425958,-0.2977332597370784,0.1835808773717403,0.15152325648041862,-0.15501213991591545,-0.10343931058657105,0.1655166411469353,0.13213929777758285,-0.24033417652522548,-0.23348211753266565,0.026249959719252116,-0.32882482935525614,-0.13857672952197625,0.030534231341281737,-0.09702447467080479,-0.14710848646813363,0.09403286131380983,-0.04120254233610365,-0.25788168982512155,0.14839813546636743,-0.3798382874578303,-0.018545294121587896,0.20029560936362148,-0.15447813100997587,0.24115553861393357,-0.05949991151998503,0.12747605687230273,0.14948950481413778,0.11519336023330136,0.24950465659872825,-0.345178995746642,0.07223215337601256,-0.23411643919790925,0.04779709653853201,0.01610641667767925,-0.10548636054219684,0.021893862888787835,0.04648674168712764,0.3517294010760577,-0.29808763833872026,0.0004837615265840342,-0.044066629588812974,-0.19130169082825377,-0.1836785328156919,0.14885964408495972,-0.4066183402660153,-0.2086571247357803,-0.27914152775407636,-0.5254983466722836,-0.17591432399589563,0.012819674887288964,-0.08968464909296243,0.06872341255005222,0.03970565810326534,-0.1737249685176811,0.18756896556129873,-0.16167362348413758,0.08725107143491706,-0.06947689846168578,-0.17582543150230373,0.12015126081931471,-0.15502816710343179,0.04548824572469849,-0.21040886434294587,-0.14216590616045263,-0.33912364589678917,-0.07306237780856605,-0.2774182595047357,-0.055118288775798156,0.05920028382509827,0.12019167337817693,-0.24738477430603253,-0.20330823113439953,-0.38306610358187576,-0.16298504252344345,-0.0795408835610316,-0.0021886799777699408,0.06673624257176014,-0.2927645011849495,-0.06100221506140474,0.1577679793521023,0.01727832329057903,-0.011641631944335222,-0.06655535239824141,0.0054359043408006655,-0.03648322632679967,0.17587354411583242,0.09210084499424562,0.2731521463717088,0.19805782585456475,0.06256099924924899,-0.056669156879002876,0.2029002729174886,0.14434453225124722,0.12559954040352891,-0.07236764882211547,0.19001271482051207,-0.21803744013922194,-0.042295776216675,-0.015007510030050165,0.2416750184050785,0.11816315885176941,-0.0537490880456953,0.11176828396826119
117,0.28091219604069373,-0.19632252925128107,0.36980442497976335,0.02251460040945065,-0.21609033851323597,0.0629211849640151,-0.1704252987454491,-0.09264443299010673,0.07304079660203415,-0.11861975447260477,0.2933895454063772,0.3430493942158246,0.08529517167695187,0.005587063577363083,-0.007125024096004398,0.22074094337741418,0.005275602417049922,0.01609751396043446,0.09889193216005021,0.41301219636631914,0.026014045278806904,0.10409253024202889,0.3024163237842931,0.2472112766860243,-0.20860098156198806,0.05086629466286446,0.050769555455315356,1.0,0.16033535073397184,-0.19780753373323268,0.3891347977487938,-0.09682139865413775,0.07580610434813469,0.16771383302894718,0.18397375778874808,0.04235293207397323,-0.09283176240072082,0.30467204383977525,0.14291060393525884,-0.009888837863077739,0.27803893765118876,-0.05336440954469182,0.03557036664953747,0.3757178336721017,0.508789785708328,-0.4418306427022675,0.04802270865184798,0.21179583622348697,-0.2932165223436845,-0.17181666131683584,-0.17559021690677865,-0.2758715227258076,0.05387955825249084,-0.15717443203082243,-0.09407702318943843,0.23589337536053598,-0.19126962599559066,-0.01914666976890894,-0.07587610665175341,-0.3272361178667164,-0.17577435168263378,0.25152440989720104,0.005152451230850492,0.21724168290934823,-0.09799771469931587,-0.3262196519482492,-0.011842312944682784,-0.20304648860337196,-0.1823594361215555,0.18420815824158748,-0.34606476608694847,0.24618090230457534,-0.09452779834225565,-0.15538291879434984,-0.3927606184944319,-0.15678401954641327,-0.1738471994125314,-0.02794868819779478,-0.32309188860223215,-0.18788141181467127,-0.47344836444018745,-0.18540209533137644,-0.15874433495655801,-0.41073402569364703,-0.1860872346469717,0.038627420316468465,0.25110463769607694,0.05094268472627981,0.05584099611973946,0.03633598728454478,0.19214164886204857,0.06251589113968523,0.07391166480615387,-0.12490945664311451,-0.2519603382582461,0.07533852771915352,0.016315570738970147,0.17508576555952982,-0.010909017549396667,0.03060724085577338,0.18707799291975447,-0.15155684639552988,0.17246528054288654,0.09562816228526252,0.02207740274216881,0.15867326272746174,0.038508726782025764,-0.28797154081471554,-0.23207092938930388,0.027165523429119442,-0.19764831593198126,-0.41627617574338927,-0.2352952467525254,0.22334262755898981,-0.2942832796824217,-0.4134001071004681,0.048606517833927394,0.14123334218191275,0.16556305787739442,0.1662865570268104,-0.07864942630442384,-0.126534544594304,-0.27414266131446813,0.1354368151898876,0.16790399660639327,-0.12663353289403984,-0.19520034975304665,-0.304531029548991,-0.3094529816059002,0.03843651867735113,-0.1462673900665544,-0.14334879282469537,-0.04919018725378774,0.09054997083285672,0.3375989855852304,-0.0603103877198852,-0.10900883256817097,-0.46985354760896103,-0.11027262049139873,-0.1712911760323087,0.3450973926031573,-0.14845152420543262,-0.07467762939567897,0.1092617468946372,-0.0736175409773634,-0.16330057871282358,0.3632977723642969,0.014896483175365302,0.02035074621286234,-0.1966830630735772,0.24429359865537664,0.27993713599948744,0.02143512871183722,0.02124772296391454,-0.11275259074345546,-0.10038590135278436,-0.12093097886864128,-0.3498191055165277,-0.1366952078801208,0.1739859264410355,0.17311312713490995,-0.324947963610904,-0.316583911030244,-0.00026428763984596743,-0.08843479385001479,0.2436021682735663
119,-0.11932708592733944,0.20898948557829514,-0.06157647877403804,-0.01054171755607131,0.009415975074386755,0.1563578341629231,-0.01342693841518019,0.3165789941724623,0.1053583399904884,0.021712630349077496,0.06203538457550123,0.30734019855112443,0.008281585580613524,-0.12044322835987552,-0.13700062848626005,0.2849291886202324,0.1360192633844675,0.0928218801884933,0.31488627097950317,0.11653182952363306,0.0563451379363786,0.13526051055171034,-0.08726697332541834,0.2327854178766145,0.1314204085999902,0.21408410465174615,-0.005692621718630631,0.16033535073397184,1.0,0.248977699527821,0.047356037776299355,0.10352001214339039,0.006644096222176682,-0.16192139622194324,0.00685248624739889,0.1401826539712174,0.28032880201782406,0.07682066440144035,0.1585112353776643,0.2192244334504732,0.4412747641356599,-0.20695253657648044,-0.10037573059830124,0.12831053734414227,0.08179903481077008,-0.22870602666413564,-0.2030647088332013,0.05924909025067134,-0.07375249848991866,-0.025733185496933316,-0.25485740691035674,0.06602119286456255,0.03092563557162507,0.20021579214985588,-0.003941940523570787,-0.008363637194498981,-0.2700668992183671,-0.2013771842773359,-0.37533513101108196,-0.3040997427019588,-0.041656301281712854,-0.3063679994520031,0.06447388950769928,0.179815505638777,-0.04914297944615916,-0.06878814245470943,0.1434784971686153,-0.23775463296440535,-0.214965659233927,-0.14171405448807337,-0.0481701737091655,-0.07952433081171215,0.07463401589330866,0.09282250550877431,-0.2639357541221339,0.04678292519955621,-0.1784993252663822,-0.26085998345771966,-0.004941972301127307,-0.21373847879120525,0.013930369735023936,-0.11799495111754159,-0.1197403139756828,-0.04337479329649617,0.17633881670491003,0.021608151088214594,0.01048934219536348,0.22898394651753676,0.01628931091491914,0.23105485779942586,-0.10739566160486197,-0.03096089285787454,-0.17711570352696815,0.10376592897991711,-0.2473292227975565,-0.26402459035335996,-0.5202904417946704,-0.04754014444503679,-0.19353364251594607,0.1577126857624173,-0.07621613961683069,-0.1649196889057159,0.3130838524852029,-0.11139786138163292,-0.02778466646489747,-0.02879139246092129,-0.20925979237608386,-0.21955654935768926,-0.3737272976383881,-0.3507260960601078,-0.19562569402799432,-0.19926183297347455,-0.3539831192976953,0.16661079120725372,-0.1902537979147421,-0.22070531717690664,0.09060311175575125,-0.3243385012462395,0.020985057188879865,-0.0425083637339089,-0.08868451739477862,0.07049944622635584,-0.15817384851999275,0.0767850380876387,0.2659062436468748,-0.24133857330110886,-0.268556757628666,-0.013385615146400479,-0.14310942661974516,0.024946672470377962,0.2807980592231901,0.07934481541713724,0.19905144867003327,-0.0004696913931155418,0.3261615270269227,-0.07125456076620432,-0.19743027215220896,-0.27829331250622275,0.21100629148206368,0.19275238602958678,0.19550307380345885,-0.21299303904645098,-0.1610988093675916,0.5293110836592257,0.09591705896264087,-0.010235054369214245,-0.008676592104885562,0.12307344272333139,-0.2936065312334968,0.14054902332947675,0.32430921802056245,0.3465059080818805,-0.1473797089824068,-0.3042571687761737,0.07600712633450518,0.2016364830598179,-0.2579047958754395,-0.0030012723350166313,0.1083228111433416,-0.07936518302008043,-0.11729508415102088,-0.18563981498464127,-0.15822764196698916,0.04470914071502027,-0.3481895939844758,-0.008953777024749778
120,-0.23752348437293752,0.30672860046849426,-0.06702444055030694,0.015921103431856307,0.13442281790274951,0.4349830298568359,0.18482666313944324,0.044297505222386964,0.012852557234774464,0.07246645973377969,-0.18532497116609556,-0.04898123714010503,-0.14203673253873836,-0.06301342072513731,0.0007256892064879102,0.016649432747252318,-0.05175228959622778,0.07493732863274682,0.03215602712379235,-0.051240424390793286,0.106468095359619,-0.14031373858308985,-0.20060708095633376,0.05487705461640768,0.3662806090608306,0.007299861976923889,0.25845100206317334,-0.19780753373323268,0.24897769952782098,1.0,-0.21966114193013464,0.15654163939945775,0.14890750657998483,-0.00018130543651895394,0.04925949651333406,0.19415601978349803,0.33129523296821717,-0.07806247598377457,-0.028557735486402662,0.06910932541016843,-0.0009593156264564744,0.08700446154392188,-0.09276204892364105,-0.09902606103816772,-0.14402375637674555,-0.06389078598344464,-0.09787689724055737,-0.01265005132155266,0.17102557952987923,-0.036936169482675654,0.013131497642416069,0.1901454897407703,0.10666292599486903,0.03344671215650296,-0.046170911892214096,-0.25983035714556446,-0.03370070812066685,0.07062930913075066,-0.17539026074530045,0.13789983651007554,-0.04450161665012323,-0.22288839783842823,-0.2020963595986481,-0.22571915528650502,0.15359407852598317,0.34188907037262134,0.13692178406252195,-0.012940603405618032,0.22034978619239518,-0.15355809372112297,0.11662912851776583,-0.07122113342446118,0.10506533457532363,0.1331985917731905,0.11529236144918636,0.011778280477003626,0.15553744586932505,-0.04358845824434081,0.3887089262466986,-0.02451547676236084,0.28402052474962175,0.042092125695585264,-0.30906321199373427,0.16776410990972018,0.11540198921202295,-0.0030989499892742187,-0.15634793902001531,-0.00402347798531572,-0.11276787274151552,0.27602084545792493,-0.20669102856699842,0.14442880027417285,-0.32269990627186695,-0.12042473839070438,-0.09059824271512397,0.01565929181437457,-0.1746044814328255,-0.22707546992802416,-0.1815918583174911,0.126528858998827,-0.14220909961243172,-0.05445688449447732,-0.07719566095288011,-0.2133697847097981,-0.1291845141226962,-0.17237365220690457,-0.14720228879976535,-0.06765981600942354,-0.2373897004540613,-0.3691972321898122,-0.06313983795886806,0.041451441606967454,-0.01923901085350048,0.004015569099788487,0.05340967994683959,0.22289990738471044,0.09722077756713353,-0.09998685643265597,-0.14582535674928226,-0.04757337079498312,0.013757112361691023,0.14980137202064658,0.14884206545313367,-0.11137790217204126,0.1789329135257127,-0.15158899984778876,-0.03957423019356958,0.09569301106545285,-0.027101101485925583,-0.09457223439941395,0.14528089411234774,0.05337962912367698,-0.05168699866468488,-0.04336023960118116,0.14491682466294056,-0.10615783896193651,-0.06324911884564623,-0.0810841400776656,0.13669565220145452,0.299624374204495,-0.3207629367771159,-0.14893528015468305,0.008962633535340955,0.050347912353615,0.11579414737170587,0.04705240954248193,-0.2659459423117145,0.1700709173885021,-0.2728735610715558,0.18065524321778856,-0.0984929680014864,0.010270648907075469,-0.2355558795412006,-0.4149818833997155,0.15855428819491735,0.2474756909514662,-0.20682327954429972,0.3045168384093411,0.06133899724798347,-0.2502579006820689,-0.033678552583015074,-0.03303631549119791,0.16235898186785944,0.08608542624039496,-0.14120866797008866,0.08108640114393105
124,0.22952812108840467,-0.08186955868268665,0.5401813284364995,-0.14551519349313244,-0.2833933746571741,0.08897714682176774,-0.005768827920340984,-0.15853280839026485,-0.37877131256288626,-0.0801038260333528,0.46349471856695107,0.044426285015383836,-0.17220650110534422,-0.12849740190089184,0.21013243633066422,-0.013833861906315406,0.05861067290188835,-0.21800837818883068,-0.09347823862400227,0.1131340242844754,0.1315705172611025,0.06538101988924049,0.13613303864614137,0.041261656221224,-0.3227316968760056,-0.11612937749476192,0.23775422580264002,0.3891347977487938,0.047356037776299355,-0.21966114193013467,0.9999999999999999,-0.12564374374091306,-0.20857784005414412,0.37311208778977495,0.3783058903796011,0.032665474867502306,-0.27313441029347,0.354354274989151,0.2522191689113138,-0.280683824985774,-0.12814273192845718,-0.171856058417013,0.01877905308624339,0.1166114390298667,0.03217341237056794,0.042563838111600596,0.15902508218626854,0.23174055127641677,-0.3129351390662964,0.12334030195745639,-0.016164568772492262,-0.16957183080760943,0.3544854303586075,-0.14786726629380156,-0.07074963244423228,0.4770639542054941,-0.33601199246226343,-0.2506429987560625,-0.08386068757892348,-0.16162099190173673,-0.27132728486090507,0.02547121531037404,0.23196357874080994,0.08803669815733459,0.07208876913046544,-0.3122349678199592,-0.20673727821131516,-0.24925191499355825,-0.16866786058110714,0.023519773104010735,-0.4355499543109287,-0.22632101172353078,-0.18555438172943814,-0.29588601025401096,-0.3678971967803183,-0.11191438700689955,-0.04372418995794057,-0.2000082705220264,-0.32967253068200425,0.0031700625286794058,-0.5147367559996422,0.12093109481240717,0.018737019492752877,-0.024531862943130305,0.017516012164494058,0.16405200685849125,0.45537637152076965,-0.042607703408204675,0.2888857554236494,-0.0949584907879292,0.2187583758603587,-0.20274437980722881,0.025043930621628126,0.1136157156985097,-0.0006602775608628186,0.15279410704947158,0.16434864851586423,0.15103368036328715,0.22981013319913007,-0.05739305163178898,0.5108195962426838,-0.11414956556813974,0.296733618179511,0.24511933656559454,-0.02056685754266477,0.14164324518939211,0.41748672445491053,-0.32954178971850945,0.05219228215160641,0.1222589176816131,-0.3362807813655996,-0.14036895993975648,-0.07528119145290582,0.09744939009586107,-0.05934384143068824,-0.2812948593265519,-0.0037653512785523935,0.11942581694070309,0.004409744881530817,0.10583881160385147,-0.09762431638282294,-0.15823258976299892,-0.27165263582487775,-0.06950759041394701,-0.07961136500831562,0.038323615767169215,-0.22030333511700195,-0.26624258587435845,-0.15476560553366,0.24520565393302438,-0.45997196546801034,-0.4200843389364771,-0.05182048655190556,-0.22985386554528917,-0.043764826494874655,0.07770351396506592,0.04304177905457884,-0.14187936714819732,-0.2718145222494106,-0.45525360252812,0.3527530993996038,0.3068511385918256,0.30785990352462733,0.0075709742974609,-0.278457919448176,-0.09748913665574914,0.3120613950105019,-0.16852173212071012,0.24917251411906916,-0.11018158046259259,0.3252293714401237,0.08904669356637092,0.13414144588341378,0.1587236319374719,0.029454967974389873,-0.10207834304131212,0.009233743417517993,-0.29773894792442757,-0.24475746833446327,-0.12121296778273524,0.055564973588921845,-0.13575387242645265,-0.1452484020425524,-0.2959849441426398,-0.11223590640265922,0.15353762699400475
125,-0.4907922052755591,0.25053695717678515,-0.1580385039202751,0.18094476066302168,0.17539103283211635,-0.10157347679121566,0.22744832032378506,0.2285816243765245,-0.14056834972953064,-0.12445833275537185,-0.16669512924621036,-0.008019294668980565,-0.19249590692399593,-0.21623282674232897,0.2999177953317917,-0.31790184485893946,0.22740884875065379,0.014016984063443727,0.008595856277029626,-0.07854850970913502,0.08166247851363007,0.119846433023968,-0.1333901506236683,-0.15436614409044674,0.2875415171277059,0.22438181980441155,0.12553552009794405,-0.09682139865413776,0.10352001214339039,0.15654163939945775,-0.12564374374091306,0.9999999999999998,0.1673368627653497,-0.19166986480945425,-0.12694818262755864,-0.10598369930377712,0.25975362282793596,0.08822912285093602,-0.20563977945046893,0.08564190018158882,-0.09172581773662716,0.0057364747305962156,0.2904833145748329,-0.24642629538174252,-0.07775607201920834,0.2865309455242349,0.06064435296123878,-0.012362710698173894,0.3451620968643536,0.05287888937258135,0.03579504395490735,0.23247908471954098,-0.07170348196896865,0.22322904237406282,0.0022444780744973903,-0.25639493394098534,-0.27712932006246543,-0.05281238119295778,-0.10899753681975088,0.1327509017203912,-0.027354987844287214,-0.025694683340690763,-0.12269480675259903,-0.20194999120133353,0.3145771735242005,0.07635810451648295,0.35602386728348523,-0.25473990321076306,0.2698634109655089,0.07292558773697592,0.22490771339683796,0.2279937206308045,-0.05252067349620189,0.07308401595000456,0.02045550508048613,-0.06232411037170548,0.1481488063491687,-0.00959303284229369,-0.007408396430850712,-0.18518158008645313,0.05701055874449511,-0.08099859672222057,-0.07769304380887805,0.09597599966734334,0.13444842564625523,-0.1441764453084453,-0.1786477038676191,-0.2280209329479452,-0.10446928317496175,0.14849335211997308,0.3951771086592521,0.22885833722354976,-0.15046273760018983,0.02003925870816012,0.05046520012511428,-0.11672476560125727,-0.12087663812790556,-0.24163992014441482,-0.39790001810700043,0.10344623496054581,0.19611360151917445,0.06768411353950317,0.10039916519569113,-0.05630213701996816,0.193966038929071,-0.11512488880673027,-0.025307506945762004,0.002380563631507281,-0.045218209404981655,0.08782508425018101,-0.04089619285375193,0.20059069418341552,-0.12205121288499234,0.03000523841694386,0.04488934299994969,0.015941558759135773,0.40159326881888446,-0.16292243813809137,-0.33882524681986237,-0.07224331578515766,0.08166051547820555,0.15959644011657173,0.12325392842388044,0.12601925533907377,-0.15476192406294892,-0.01714973000017078,0.0856318644452916,-0.13430728653066865,0.057583034305921044,-0.15417224671261426,-0.026509345175860174,0.15849434272401738,0.21076543505353992,-0.21496888780144005,0.011111294255687864,-0.16126170241042484,-0.19875962513849227,0.04035805638914705,-0.03678499591388691,0.19448752519010434,-0.16489932460526716,-0.04921455780609904,0.176350064256309,-0.22252837716814614,-0.07868325772220103,0.3143273276744826,-0.461553501645085,0.160026793217902,-0.2460373631883555,0.12069465245310887,-0.17234629909235952,-0.16137414877611175,-0.2772662285560771,-0.06636298268492564,0.06493563388781436,0.06275570990882487,0.2577062454202072,0.266803703297876,0.1970971711117462,-0.16493099817841875,-0.13282120432979516,0.24849426285644843,0.002999646819990615,-0.01130195772611606,-0.014339556213439129,0.1318377523777632
126,0.053843539635895776,0.009029484779893935,-0.09952446148414218,0.13075479256052794,0.0856130498251595,-0.022990231368677415,0.03270087122959873,-0.003005191433414914,0.2185916205776159,-0.13311216296039513,-0.0685469194048054,0.16876421928298632,-0.026584430957621964,-0.09337847976435937,-0.06250041968081367,0.07825785744333691,0.10260122344885343,0.24375136213145165,0.225243679628866,0.00012350850158510213,0.24311843338479197,0.05174698707792541,-0.06719687910609637,0.32325813641574025,0.018515802937496842,0.3531696109331029,0.16061641230584925,0.07580610434813469,0.006644096222176682,0.14890750657998483,-0.20857784005414412,0.1673368627653497,1.0,-0.11768772421582815,0.005361483604682486,-0.055842219059817844,0.1412800247911608,0.05815028791572989,0.18111109855184265,0.16616457715853677,0.11810090378669787,0.058508406462187704,0.16326410033562924,-0.09982092730674808,0.22282331762390406,-0.06987969270123373,-0.1513234809405932,-0.06416406935938793,0.07785312129857178,-0.15053210927498903,-0.18237909525488644,-0.025383458267131394,-0.11396946598938651,-0.04281598927610931,0.11742404754886349,-0.23350336598461588,-0.0904512452023889,-0.0042785794861397,-0.012345509570672252,-0.02538978472879201,-0.08622321851664304,0.1169036254942372,-0.1583310254494449,0.024926210203045487,0.11827499289338383,0.24062363612217305,0.21129550468900593,0.04144782883016327,-0.06445968217726837,0.09154635234021301,-0.038559587327812485,0.10164539517445108,0.002244798189915726,0.012275919885666139,0.03330986131450841,0.11896093080739154,0.14933166748143914,0.07416743413975975,-0.05550133503907521,0.07768051093762046,-0.08581855738180237,-0.13774154336548056,-0.13896550850438244,-0.21878459169932232,0.057618219103193424,-0.08292874787947488,-0.09622271119699277,-0.1862336251696751,0.09144301291925219,-0.06558567794041788,-0.1231669992199789,0.062079458338093446,-0.3136542456358641,-0.05903629051127903,-0.24990888377403078,0.10978329647172091,-0.14776442216376484,-0.2141848075420984,-0.22227518184128295,-0.04320837784548612,-0.09420587120667602,0.06846064424675809,-0.15724807850255865,-0.07725632155741684,0.02899458961236706,-0.15788149529723533,-0.08227460212537667,-0.041280066341471,-0.15525145921676656,0.040764060909174005,0.024759922682798877,0.07909876684692531,-0.0962457257971752,0.01589211255063486,-0.06338242164875546,-0.03463690376974588,-0.006416985865464116,-0.14197671019607325,0.06604203878026964,0.033072815946831625,0.11734206798245427,0.1679394992488154,0.09245046245054458,-0.011933712152430493,0.07034538293626492,0.02207425706294897,-0.21076189473982934,0.004321006450297135,0.10812731182085461,-0.13811712058770317,0.08253282808130066,0.22742268215237638,-0.008770372801215537,0.022884032846577102,0.04289838855695613,-0.07860602940538759,-0.1732527467583598,-0.019437674128140448,-0.07197113087603414,0.1440784610691247,-0.19611581768602748,-0.2617071605314983,-0.2219940240028537,0.021545862581636977,0.08424060555585951,0.17973591627035462,-0.11183764397513996,0.10848647726256641,-0.12761959263216263,0.08987594388487889,-0.014218699359812927,-0.012551716753518146,-0.09485104344963016,-0.04128563538895682,-0.047521703775917246,-0.06465443806234017,-0.026463405893039468,-0.13974103687015846,0.05630066904453546,0.1364529269328124,0.15595728107877513,0.164918541450038,0.025944455656226467,0.23308413747884604,-0.10174963432839577,-0.34077901159197654
133,0.20921463180415784,0.007346804603149954,0.13070910353201357,-0.20701693388849732,-0.2170751763146455,0.3811243244991647,0.29052383975028717,-0.32356385561670276,-0.20786469730544763,-0.14094638217258434,0.22251269964225429,-0.09339708519414026,0.044687905777732705,0.0923657658096651,0.288126055108467,-0.10958842296405545,-0.1194664056257511,-0.04377800632392879,0.07479151024928601,0.13324324933345488,0.0803605089145095,-0.016253682737604143,-0.11390136023373519,0.09933509894264346,-0.32367325287913895,-0.11730713914703059,0.2972845997669203,0.16771383302894718,-0.16192139622194324,-0.00018130543651895394,0.37311208778977495,-0.19166986480945425,-0.11768772421582815,1.0,0.24684895126765863,0.22126012872332723,-0.2757111385592713,0.1254333290908455,0.2589054351819586,-0.24939144634363822,-0.14227384525004205,0.0697004092012107,0.045302143238048743,0.2339696575417558,-0.20598602991728318,-0.18228338418903245,0.18988301019616563,0.07933479722786424,-0.34851336319816556,-0.060257009850348514,0.14378580613243713,-0.24332008151609102,0.3668446992978628,-0.11159645769264818,-0.17441703783328677,0.05262085141280486,-0.0433964552315332,-0.20027852522314352,-0.18399539204221393,-0.13499099492401603,-0.28018862603632816,0.019850553852786723,-0.21755453951642847,-0.11234645539288533,0.060513390933230576,0.10567146331569528,-0.40872601467865904,-0.006103805972591057,-0.1390681862455337,-0.025287313584741584,-0.4477064297931936,-0.3193424061107139,-0.1573540262553201,-0.2375288128492322,-0.12566843901801733,-0.19847825305451205,-0.08163883207840486,-0.08507174501178466,-0.021443978854995622,-0.0662305866684781,-0.32964053330227144,0.2911097284636413,-0.2848659541117703,0.012635252127801186,-0.03294112378018257,0.24734873333019874,0.41567976301094,0.0594839353143595,0.17031282159518626,0.14402956167283926,-0.026117065477764115,-0.13843365743281544,0.03175169060672093,0.1207746431881996,-0.022222722688833123,0.3401807892950899,0.3793038720638639,0.3337765664748001,0.45168165674099,-0.15821966594866496,0.47067701907325815,-0.3083130769042014,-0.013426780020420394,0.2976860390445425,-0.3059590223405242,-0.08934353375447578,0.28480876491594,-0.27738517805510937,-0.03632596450410802,-0.14694755426368683,-0.3367892171120178,-0.060265940752254436,0.009757881459262171,-0.16145163135805474,0.06922378477204869,0.11338277978495681,-0.2090270100202677,0.43858244889151776,0.2179963593620022,0.16184520234049973,-0.05681824008563739,-0.20473730300849377,-0.2407132420688041,-0.2535877010005719,-0.05742208467974756,0.0560495643308824,0.08248374872701685,-0.18617852205296134,0.07385831143969354,0.016682224275639982,-0.3366076247915739,-0.41691924182321694,-0.22377024554438232,-0.2467961785967895,0.006760095816325215,0.03909886695616843,-0.03995711759011419,-0.16529987043679079,0.042721491082931884,-0.3329737454121799,0.05034605739803839,0.21735727589043308,0.33275682553647956,-0.09541984369039477,-0.23765557979797244,-0.20236142429728166,0.15257327977352464,-0.24346904322456903,0.37874034455255645,-0.05323365780864179,0.09146734695637483,-0.056226467541635024,0.32776221107701903,0.030838206606600152,-0.07401567459491204,-0.09006476301406192,-0.05278078139429408,-0.28257207145770474,-0.1666902862831314,0.19466431060626024,0.3617499065207952,-0.28387284315643135,0.03815804290653962,-0.23904722043736465,0.25388408753863484,0.3092465496877526
137,0.11662248908742626,0.007801315207782622,0.1518837958924553,-0.3027805886655279,-0.07235278620379493,0.36009700653032023,0.20911282224785185,-0.03880532616138665,-0.14314280861391293,-0.0661062662347695,0.14081515506700595,-0.05570706229160809,-0.05422305152580734,-0.060210709634291086,0.24278856169418145,-0.02928679449309974,0.17102247530332848,-0.049971889025021664,0.16455955404099817,0.12943774244064024,0.0963736189146205,-0.14185555405286118,0.07104968087022276,0.09327905723994158,-0.089836614869726,0.04709620572711357,0.270513080910642,0.18397375778874808,0.00685248624739889,0.04925949651333406,0.3783058903796011,-0.12694818262755864,0.005361483604682485,0.24684895126765863,0.9999999999999999,0.009086187133059708,-0.022993455721229742,0.1974989564402417,0.2933162889535346,-0.025240968664029508,-0.011954655613211821,-0.15685752635162173,-0.11286863611132146,0.327049987221786,-0.01304002217751976,-0.12806827871597012,-7.583787554758522e-05,0.2551324981767834,-0.10512389375921186,-0.08180206786035873,0.16333632893036656,0.22582159403538565,0.29267166157983526,-0.17775310069135652,-0.10932581624644788,0.06144172125162987,-0.13685937282052354,-0.14156899031437786,-0.28073521644118765,-0.23764419626075492,-0.2504854673220534,0.17898516564895456,-0.03480085676352394,0.025819188020705243,0.013455000754835342,0.08952603426050594,-0.17739848122846177,-0.11963247071231392,-0.030900938884535642,-0.08976175766815951,-0.1830110341100037,0.1488062858032708,0.030981162329879918,-0.23309820192080472,-0.1362737490751665,0.008820185059093686,-0.11373711363169137,-0.24849188792142138,-0.16342208834884808,-0.10186983706684574,-0.3758334417621636,-0.06130439480002986,-0.4115329273591363,-0.05670165608820673,0.06106913315316712,-0.0252369139420147,0.2639795753606507,-0.05192241139444321,0.10332239842915406,0.05913188486531676,0.16764262789556306,-0.17249614661888793,-0.03531296944642888,0.13658586832748185,-0.22842676326207648,0.10742957051044773,-0.09046198842438083,-0.11256220487710944,0.25131063239018275,0.05509840664842129,0.15864292287068954,-0.29628134226857167,0.15656305649302604,-0.009398644854090659,-0.13430185375625248,-0.16105952915246455,0.1676748110743098,-0.3299596526118124,-0.3729303013562801,-0.1359183164055425,-0.4268418481882569,-0.19274486395687057,0.007034271424511687,-0.050504092282948616,-0.0341362990846705,-0.2487045356566163,-0.012033900263383484,0.2864982687060343,-0.07833987413400592,0.1690797399918007,-0.26795960671301744,-0.2034621225125107,-0.0012819311514484738,-0.07629732628456087,0.08214031975612793,-0.31872005611553617,-0.3345720903137384,-0.074886579334812,-0.13149490444089074,0.02437051162341117,-0.1694824596653436,-0.06937338061401371,0.05424267081873446,0.007963329500806929,-0.11627298550714074,-0.13448492814939664,0.07662713321319589,-0.12142628556256996,-0.11759884450147094,-0.033183914431353226,-0.058615526845150506,0.12446450990214974,0.1600996596891998,0.05201918917647708,-0.24695589919387373,0.13492881290526026,0.2742092031505555,0.06346530996327628,0.08488797945677941,0.11482244938458647,0.2753667579403195,0.09640167863224972,0.0880999674837239,-0.06900317253121638,0.04384911933755766,0.095477551433251,0.17080298828192952,-0.04444656942629095,0.008560519118998347,-0.2051656212167924,0.1723983976270809,-0.08576959393596514,0.1064296113094262,-0.14840766377396206,-0.21512444291270458,0.027474017238444153
139,0.3883704310064198,0.14337462517430355,0.10543540578002,-0.1408732590243209,0.07887544004178183,0.09117173882039595,0.0538422367775215,-0.08149214194090171,0.12035727290611796,0.36090419242085503,0.11003835087056107,0.22411966763138297,0.271186689692122,-0.0652659530072399,-0.006337635378127744,0.29516384346291835,0.03448527664526806,0.1751465661441527,0.2689726931112477,0.14676812502672149,0.1843224958135718,-0.1691642698429957,0.2204676804377434,0.2692242893945082,0.015995390423059003,-0.10203872969656157,0.02846228794617726,0.04235293207397323,0.1401826539712174,0.19415601978349803,0.032665474867502306,-0.10598369930377713,-0.055842219059817844,0.22126012872332723,0.009086187133059708,1.0,0.13151187076895257,0.05645992519594421,0.2534678547459516,0.04549240453800364,0.2582508449064047,0.16308464466928854,-0.13915000991514892,-0.024037574361245845,0.05560281208355623,-0.42127425059844,-0.15268820581881956,-0.0024280842286693955,-0.3525508209886392,-0.10166513430942306,-0.27398271991657425,-0.3088606177953473,-0.07283745375010163,-0.25459926199979704,-0.237803891733735,0.08722536201586185,0.0029425976176470046,0.002066898151721462,-0.10055100432530664,-0.2534140163295937,-0.2062921907430063,-0.19735006697644308,-0.26484160150473435,0.0002223896611076822,-0.16279817126329013,-0.015026526922321076,-0.04772920536879315,-0.11174137856408072,-0.018074517719567307,-0.04329796838115097,-0.09067358877497861,-0.08922441998350639,-0.2894574845160075,-0.30295729166524216,0.047682726560995724,-0.27962336349523464,-0.2011073128037566,-0.14693519993422846,-0.0322696598865564,-0.25293690450769746,-0.23083512635700548,-0.060431728991132486,-0.14451580003667946,-0.06319009082567834,-0.1697733663924359,0.07318673519102796,0.2787489466674959,0.24564736526017864,0.11050855034644586,-0.011920234008542583,-0.006995009937724228,0.22660908479474393,0.1843261249121156,-0.022121589627104397,-0.15090428846523915,-0.003244923987639815,0.027892659645958003,0.16525238345737572,0.3364439907253912,0.025963053200161658,-0.06356494152176084,-0.3229073373208789,0.0851088359425799,0.25786489060372614,-0.35835817125833386,-0.06933233567784322,-0.2797133452285774,-0.14597979035603686,-0.19757944871414312,-0.29626745828016515,-0.22846163137409514,-0.2647709737700838,-0.06960859358433213,-0.035260590732473736,-0.24443898199300002,-0.11786494659187913,-0.000982564891564669,0.22221251703617861,0.31693228378265115,-0.10934515362579933,-0.21325482984077046,-0.20664440881884738,-0.24303756413912392,0.04481769251127834,0.015630111873830742,-0.33804756488816945,0.036918444858942655,-0.2070331362170222,-0.25000154370098626,0.11201982841067595,0.1118249250288829,-0.03551352593422924,-0.12295796035489827,0.290406960784346,0.18281690026272368,0.023091770481295095,-0.16840782563373827,-0.2835249583339531,0.28828972474262105,0.10508098063880635,0.08228518403942502,-0.10064570312779213,-0.04908745109417053,0.19279216477834749,0.07374891023004147,-0.27599307654345107,0.20578558034917127,0.047711986934660514,0.1460241088845388,-0.19945183517923112,0.0972508151592451,0.326467193239676,0.3852213218439491,-0.26684724899486456,-0.09847182690011168,0.1760248116905401,-0.2752796027848667,-0.2455819163636541,-0.08929230233172422,0.11702900105215085,-0.01445066360479259,-0.3098448527848954,-0.15519480006078573,-0.03565660481899082,0.003910228227681719,-0.15667494053471429
142,-0.19337164344951344,0.10172262291147098,-0.21613502002679516,0.25477532945739473,0.2677437792987573,-0.02384323752237574,0.09721404782283477,0.14635594276522282,0.12650970363724812,0.0886411911395175,-0.3116756709570071,0.034801144429704944,0.09875827938641386,-0.11780711627519551,-0.05605761163582381,0.08559511928207754,0.2356402557546668,0.082786331139475,0.09403456471932242,-0.010163375853246632,0.17881337164228658,-0.06688559409991829,-0.1484751035286395,-0.022339820785911846,0.22013138096017282,0.1893570334843381,0.019577354984080177,-0.09283176240072082,0.280328802017824,0.33129523296821717,-0.27313441029347,0.25975362282793596,0.1412800247911608,-0.2757111385592713,-0.022993455721229742,0.13151187076895257,1.0,-0.1789480039829082,-0.13397003129466215,0.2855930734677466,0.19330672964620457,0.1929681646124319,0.12395064627082895,-0.018328289093472228,0.030194165072804643,-0.01659845324863532,-0.13108736191638834,-0.17078793870326356,0.03585560821906104,-0.1739920664858588,-0.024415036703215855,0.1972166981635113,-0.20825086040103696,0.1206852497101028,0.09283953161683205,-0.38286906111897895,0.05452329181101623,-0.0058687019452171195,-0.16743485393352156,-0.0335613215801026,0.1813414773200253,-0.14349473148153968,-0.1757271979162984,-0.2314376363496596,-0.061156730897902745,0.17464526963102878,0.21552040256644514,-0.20286736855399704,0.36154709519887374,0.16598527332758303,0.23437971868169277,0.11265267204519855,-0.18927702061483825,0.1217967682573144,-0.034816845253866385,0.08975311507597165,0.1359214504166355,-0.029500735657769877,0.19518135719746024,-0.13544307121388338,0.02623845834872131,-0.28172614791153117,-0.13982220367185574,-0.06011594465894715,-0.00907391339036193,-0.3473177236077394,-0.09377813220805527,0.010970642820445738,-0.23305859022163908,0.2597701404720127,-0.01727157916550215,0.30479101254222296,-0.05858852059492457,-0.13792191530385037,-0.24549749018363737,-0.31707026472573624,-0.23622707832057874,-0.30961425605789245,-0.3064281378072761,0.15766588447010085,-0.22092836535477373,0.0002813257920222523,-0.008243919544784145,-0.2685286805476174,-0.03034138404294261,-0.23959897222756318,-0.14292669939413274,-0.06950386291365603,-0.38579569916677064,-0.0935516718823477,-0.01897401144382991,-0.016217975756947136,-0.1072509057890643,-0.06952052034347724,-0.07165504540343458,-0.13072641500993645,0.27618672618521634,-0.16007097527603156,-0.29684423479827254,-0.13364887141196052,-0.05035415288183472,-0.040856839525115436,0.2283903009144875,0.36710455357742133,0.2689210868874225,-0.22553639623426303,-0.06872983861139226,-0.05753266112474409,-0.12402343338648762,-0.25790776838177043,0.40704023910270004,0.4473920967744485,0.27302619130270045,0.24044572748386314,0.1612183418357212,-0.25998886341618765,-0.17403227610387811,-0.1774464935331506,0.2188417817533106,0.469058179411983,-0.2957057015841833,-0.3702753545323233,-0.08751498937725638,0.0660807323248693,0.38660532573274103,0.17695087578890956,-0.2608789549587026,0.1564465478477129,-0.2615566759483231,0.1440805138328537,0.1629783008097429,0.3029445398635833,-0.16497392339853253,-0.3484606425479363,0.19334079970541113,0.33692810245937926,-0.001625130934080396,0.14785923860952746,0.2578383106107104,-0.2553432070721278,-0.07604369065676474,-0.00734325055976666,0.03323491353303948,0.13287348427814344,-0.1260421344123025,-0.20191055966773427
145,0.05495733401048016,0.21668082881275508,0.3737455080693117,-0.17678267504971526,0.1058942799470643,0.15195175309946177,0.34301864599793563,-0.11785957008212583,-0.05012357034868578,-0.2358640282752075,0.1795637544533503,0.06973409490920118,0.14388836481873468,-0.08520696339782811,-0.040172091554141885,0.1855508245970749,0.0970920307917088,-0.06981786108326507,0.11632905747246232,0.16818804797905942,0.02665619868642931,-0.2243884307187944,0.3043026936867042,0.11848692428934077,-0.22612217604364343,-0.018343173106931735,0.15992616464610518,0.30467204383977525,0.07682066440144035,-0.07806247598377457,0.354354274989151,0.08822912285093602,0.0581502879157299,0.1254333290908455,0.1974989564402417,0.05645992519594421,-0.1789480039829082,1.0,0.31957388111418833,-0.019889069273070412,0.04344788034593826,-0.03817221054957971,-0.0237094490776681,0.12327398301098537,0.1744949699905953,-0.14797149058470446,-0.029776250567779036,0.0892947998227864,-0.25316979227533487,0.001386355094512254,-0.0610036788639934,-0.1585677888490663,0.23771842775081056,0.030066536821520124,-0.03731156389847525,0.14100952202482714,-0.2716621379482238,-0.04622611428355923,-0.1600725536162315,-0.19075241574349427,-0.07980709202311838,-0.0007276129322255903,-0.13436299517409625,-0.0028094190522919846,0.020840574909733144,-0.11066190614738991,-0.14430837353935097,-0.23589599277534684,-0.2896972037277012,0.022581234438560867,-0.132949703802799,-0.08109573411181717,-0.03219798221975661,-0.27146797764783653,-0.1661616593893807,-0.2612269928803941,-0.12555619271010307,-0.08517560483293984,-0.22899152907902642,-0.15073868183639952,-0.35342515754588066,0.056224539624907824,-0.17690513190204035,-0.10924514818992626,0.18295183950736163,0.013834331867321295,0.30319849997271914,-0.05262654484340106,0.32756057020738977,-0.10152644736590928,0.2288119776491092,0.06949137916306494,0.06969758995290334,0.1580967277361407,-0.24129651636511637,-0.07860796550242724,-0.10373869940161856,0.03970304752199542,0.2030755350514759,0.21204784536625446,0.21952436844016035,-0.284925227739356,0.2628538196925563,0.19282669412807335,0.07720869635887861,0.06646011037322873,-0.05555247283532541,-0.18398959726989594,-0.1265187159298295,-0.11973097387907428,-0.30624114099724314,-0.31804023653105545,-0.14182114459480527,0.14152611999718978,-0.07458094492810471,-0.157673067622683,0.06104004961778626,0.0143423261917084,0.0331983678044329,0.06058485906954295,-0.12152185737896569,-0.23220377063470013,-0.18664043310507394,-0.10799444964902201,-0.06133248215379897,-0.010166933650361342,-0.2057300701103238,-0.10143429252452663,-0.09928248420274524,0.06719787243932904,-0.14461233994127506,-0.11987957927108724,0.031092829380234575,-0.15171698349673896,0.16454190440149702,-0.022225543178115547,-0.22090659615300165,-0.1726884748991213,-0.11612553560456902,-0.14293386675533687,0.26758534565766107,0.11470903200201574,-0.0104740521728809,0.13434533081043656,-0.22311899235565685,0.0562516806963985,0.24471696774310664,0.08037072431210647,0.022436737816895067,-0.04043948761062634,0.18220233995892154,0.18676550506306808,0.04006845580211213,-0.06544536032786463,-0.098674305737573,-0.034539373591280745,0.045725684382790226,-0.22641144381473638,0.05785309619160799,-0.08657820220040162,0.0019408313644645417,0.037315879213315924,-0.07157028730590453,-0.12249368536295689,-0.2484849830584026,0.030772498452076195
148,0.1914026073857853,-0.08762841779746908,0.09289422081694654,-0.1337403954366558,-0.14174738614211402,0.21137784852872624,0.16542320987460893,-0.010569065342809318,0.09339208414757623,0.095226485526179,0.25674931460107486,0.23010542350920196,0.3046010456205525,0.021588557441018223,0.039337776820985014,0.3620756037580163,0.18873621507931854,0.17943235613152755,0.3706569830699112,0.15838625755161853,0.1408549074971547,-0.1062046409386213,0.1283351011118131,0.3301711537133693,-0.0921116224034623,0.020198742078073657,0.34053675332456534,0.14291060393525884,0.1585112353776643,-0.028557735486402662,0.25221916891131374,-0.2056397794504689,0.18111109855184265,0.2589054351819585,0.2933162889535346,0.2534678547459516,-0.13397003129466215,0.3195738811141884,1.0,0.0767462160211711,0.2573097983487734,-0.07848667734236056,-0.07100152215224982,0.18493106134977916,0.04249455136356477,-0.28276622959593245,-0.1695180253040637,0.06004141347593162,-0.3427176227408307,-0.07660665380085593,-0.004702372399386116,-0.16449151164323098,0.09745252133705601,-0.12992591541605455,-0.06634638476790237,0.009590104160518299,-0.09092935301391149,-0.3480060407081547,-0.14591843069654428,-0.2382221098738121,-0.25791075415350756,-0.10818569038268924,-0.10462552662662626,0.11769540435874495,-0.07796495942699598,0.051179282727718614,-0.2473993378362045,-0.07156976031497386,-0.24048264034555755,-0.0835666804258883,-0.2008327692357667,-0.26162999162389855,-0.28572396810047357,-0.34976588571483763,-0.12445414968402287,0.0504171248835216,-0.1493808921439017,-0.003254215266322629,-0.13741588678826597,-0.056883003749200675,-0.33184869454939436,-0.003183549910856557,-0.21258475498502724,-0.12079671509535388,-0.016077254430413145,0.04332663530200071,0.3703203579030549,0.03846480903168339,0.3779144406058427,-0.12315552037273915,-0.2006207660848951,-0.08732894278630922,-0.11116587447085426,0.0256662216938054,-0.3047754940687116,0.07979163192069895,-0.14455639258949862,-0.01586816775596679,0.32902721511079025,0.06577463540507071,0.049194282288831,-0.2767130371643202,0.06756827222269003,0.16752429715291978,-0.3497035124463817,-0.05973886585906268,-0.05092300629631232,-0.3125706856754559,-0.07872208365477369,-0.307298350781687,-0.35230639534289815,-0.28796044748600524,-0.10355512330909945,0.03194807269502068,-0.012935348200904029,-0.11795063220952644,-0.31573800186958595,0.09951380229129012,0.16478793918908893,-0.08289105691008267,-0.11711992585730577,-0.16943095242286074,-0.21197573757849067,-0.10300388112139915,0.0285921436023853,-0.2934552134939347,-0.29036766144829523,-0.11098676708387703,-0.10456538735827305,0.06368914521209612,-0.06861216179544112,0.004344225895027176,0.1307988637579418,0.026861439269385452,-0.11491266768479765,-0.17290934560427532,-0.04085907133369379,0.02089685125876263,0.050380216529379136,-0.09654860335732793,0.027929805813634207,-0.011702706070049229,-0.08724067433476172,0.2798192156816486,0.09610676805313963,-0.10900114442582197,0.2123354294672527,-0.05822941585356636,0.1404629936146506,-0.10594994151033234,0.3254108675343756,0.3590520179990961,0.3126211634841144,-0.22625894813511718,0.060317476974184235,0.009718125105899223,-0.07930630850356717,-0.4673667017046623,0.10446002279011177,0.016608161403390675,0.12564183435143542,-0.02393614885989897,-0.10614951207382538,-0.00886428211383171,-0.16032457872799089,-0.22660318468021323
149,-0.05769002557028911,-0.09124208521104755,-0.1996672456208745,0.18704997989272934,0.1380042625472375,-0.018026627850040656,0.1357742459460438,0.4060604869417865,0.39649406865974063,0.13174736850258756,-0.08055095697825808,0.07578695995089776,0.2019512783031632,0.12249096074161198,-0.24475824112143804,0.3099867882185119,0.3448914902948377,0.2663146150246116,0.39767522651777587,0.2928183857939215,0.24016603412520798,0.10965284560782726,0.018847722088129463,0.08117111238823682,0.40643787463492614,0.2435267209827581,0.006691946024815317,-0.009888837863077739,0.21922443345047318,0.06910932541016843,-0.280683824985774,0.08564190018158883,0.16616457715853677,-0.24939144634363822,-0.025240968664029508,0.04549240453800364,0.2855930734677466,-0.019889069273070416,0.07674621602117111,1.0,0.3806304269714114,-0.0638516995231277,0.010959233122845937,0.12545670756532531,0.2722457585926219,-0.28495530768982447,-0.1664726534458079,-0.47649032211624753,-0.03172243451105731,-0.23710947605868063,-0.058785125628224376,0.21917271680189118,-0.2710260422292461,-0.11696692260859519,0.27682675651589056,-0.44243333231963444,0.10446419167540501,-0.05753691745866126,-0.33585970663956655,-0.09962991675624992,0.3142566322652246,-0.008051923639881121,-0.22316512206051609,-0.06171068897746957,-0.16280471598309976,0.037005973216945924,0.18802932821735954,0.26486759587213615,-0.07371602975476939,0.05227625853195395,0.0965489464888714,0.27746519558500415,0.22989829998014472,0.16223428971986464,0.14201059534086835,0.2317586250876612,-0.2591170791100738,-0.1756798687277553,0.16787130005513215,-0.1800737583297721,0.1816532892629918,-0.39956606025647895,0.017112064085674283,-0.30623849407382836,-0.1309175364546312,-0.3923046384667543,-0.23586068192925985,-0.008914849103523236,-0.10068485562327922,-0.006093180252130236,-0.005116134620206399,0.15506065568826335,-0.045565577469957465,-0.2962751253887808,-0.07178663915480472,-0.3116319054211785,-0.2949406621926213,-0.43158678428484876,-0.2746288003054276,0.053228779371909105,-0.34567570466456365,0.021642304096507227,-0.2081194402331763,-0.12161210766960269,-0.1608976392141466,-0.33689849420308066,-0.449017325167847,-0.029175772916223402,-0.2910899470160379,-0.2398941558483604,0.0598951186167269,-0.20151749819770506,-0.2936899059919674,-0.20431829082037906,-0.2653745466185458,-0.2594113169116403,-0.11909586003654206,-0.14259719009132807,-0.2916594749825945,-0.31680450925047676,0.06770124668658091,-0.034848969607247864,-0.08537633412120316,0.05913694016330604,0.29619095875133455,-0.3652117451118155,-0.020794914511362398,0.22594435819743675,-0.41536040040859423,-0.45940255726479756,0.6052710215335992,0.5076971876640123,0.3602298879176722,0.4005143655804808,0.2497546551549215,-0.3300703674302607,-0.4391999411549839,-0.10467646314077071,0.07501116720549017,0.49143986332820055,-0.2568711711191728,-0.34430353394525404,-0.4784752576672985,0.14987962452260858,0.4498403722995904,0.27764854965075314,0.014002633792400191,-0.0009001557184716001,-0.3758260170416373,0.24445235997947662,0.37848767778946274,0.43919741126204165,-0.17741200549431238,-0.009797298121583987,-0.026815649719646364,0.3450041109065881,-0.030761626029864163,-0.1006152231996603,0.36734253227245883,-0.15255328909146088,-0.2301323148118731,0.10745842821910863,-0.03714642104952226,0.38757308151950576,-0.0061825082327891965,-0.19999703064580182
150,0.15527949967982319,-0.12246987556718295,-0.1259387727814535,0.1278592875090529,0.11012343522094717,-0.06594056055103346,-0.12900483024352968,0.33602549090415995,0.31665432166139545,0.1489491899282904,-0.021416208009344878,0.5660974744110646,0.2506478276229224,-0.09876852091322534,-0.3999307358868119,0.4485852791769394,0.312187492993406,0.1871150319533877,0.3390731852583462,0.2906888986777675,0.16946148806331954,0.11246613020060091,0.04724993589513287,0.48019900958733197,0.09530516619046932,0.14921464925270544,-0.02989636414907813,0.27803893765118876,0.44127476413565997,-0.0009593156264564746,-0.12814273192845718,-0.09172581773662716,0.11810090378669787,-0.14227384525004205,-0.011954655613211821,0.2582508449064047,0.1933067296462046,0.043447880345938265,0.2573097983487734,0.3806304269714115,0.9999999999999999,-0.035005286466730685,-0.23342588181306073,0.17707175644208228,0.3372557224772227,-0.5191240242501485,-0.2973153058545394,-0.07530071354746269,-0.27940925424678537,-0.22369180647668094,-0.29811961079762145,-0.1796771517974597,-0.2905619988478216,-0.13428406560540893,0.008702883595125815,-0.12276653424158285,-0.060616814795605836,-0.2404801230886039,-0.44972204452450765,-0.47001391776935947,0.017245689356304092,-0.14929320594912146,-0.18571906361781954,0.35729328854724046,-0.355662137230494,0.008129171871172727,-0.05244001356908769,-0.06622210733194966,-0.21653784590255765,-0.11383182157999862,-0.16949858040172616,0.12787237679155306,0.10547926831838832,0.09506758722701142,-0.1208604180487548,-0.06649859973675691,-0.2628902554703834,-0.12267664428924964,-0.13340445938661022,-0.18713220561930677,-0.10283703603755526,-0.22117710964036866,-0.09020661838379909,-0.2567713753826877,-0.08768816089644417,-0.2622043009525809,0.029871177467546757,0.23994037766325318,-0.1279969528095221,0.08820269456556878,-0.18244138962753906,0.027333612927914835,0.07021298977669009,0.0018609594409266376,-0.33765827822123834,-0.35309810636604777,-0.3761063799617794,-0.026875410058771667,0.04717550824031218,0.21066708067962556,-0.31235782118843014,-0.21842015154487715,0.13597280499703535,-0.030637733739160847,-0.24564704081570152,-0.19093554426560247,-0.38121167389475097,-0.18866993376042673,-0.43242702168161484,-0.4686596022771216,-0.19800412150710367,-0.348469950694626,-0.4299902334672249,0.10607164287366364,-0.4324818052248687,-0.3435919927417388,-0.043222020728670534,-0.03526943003552723,0.1822060847645409,-0.2675954982726568,0.03566984764501783,-0.07391958475989394,-0.45559096423989986,0.16415554689963685,0.44578976344658816,-0.5080052094363313,-0.273421422603709,-0.06585601998493992,-0.1546484421973251,0.011914548283699297,0.37649414956037,0.4111819488809606,0.31553349184954854,0.4009641801491781,0.4481948860033035,-0.038611606442023126,-0.23540579424960367,-0.32957823767562394,0.4746012785411597,0.29258945768728434,0.15205229701323225,-0.4704193864358325,-0.4833531718338195,0.4917430917225785,0.28840668871738345,-0.01030022329660381,0.2912550740318788,0.074673079927729,0.015371231293615438,-0.1568312179531541,0.464160198848584,0.5766168985116418,0.05124633954243905,-0.19116082018584318,-0.07463141284208359,0.2565554005008227,-0.2618297186281068,-0.31551048469002685,0.15084822293174485,0.13553913243467414,0.07930514309322602,-0.214090493494394,-0.21287178554504857,0.1513455865866723,-0.030355612336135183,-0.07550094210699826
153,0.21112869080798596,0.030177650349675168,-0.07242199720557685,0.13794899937960664,0.17677654314039914,0.039814438826648986,0.03410442343135125,-0.11045281337135399,0.06749821321368993,0.051396762271133434,-0.14103698526066394,-0.021147315023856656,0.24848403882859854,0.20819405450003362,0.004264910741711736,0.08447294605252194,-0.04208281431100795,0.1225487145668383,-0.17003294607812913,-0.03302091291605654,0.021069395267665585,-0.06190595091125413,0.1012066073797907,-0.021057421449963032,-0.12323763143124496,0.001608780492045717,-0.009109369308892144,-0.05336440954469182,-0.20695253657648047,0.08700446154392188,-0.17185605841701304,0.005736474730596216,0.0585084064621877,0.0697004092012107,-0.15685752635162173,0.16308464466928854,0.1929681646124319,-0.03817221054957971,-0.07848667734236056,-0.06385169952312772,-0.035005286466730685,1.0,0.29926551682010993,-0.05567813296258446,0.10868172400911211,-0.04316747992618797,-0.1497764521802731,-0.23150499542637257,-0.03985653900550297,0.026208334011796473,0.030609879499196167,-0.005697733751603191,-0.3240327096084354,-0.15323110523988195,0.09251639636307167,-0.15502483484817509,0.31576157371118374,0.015221565162135344,0.1228248743662621,0.14328109305359651,-0.023678727308016664,-0.037151690382045625,-0.22296406344241365,-0.1354011752270533,-0.14516255199722367,0.1717941121414178,0.001053644991162937,0.04956986333468784,0.06883026245877705,0.16420043075012888,0.040509717029604715,-0.040828856567950066,-0.14334434071113164,0.09581829462333909,0.08750318575364292,-0.04551572211072156,0.11705368757905717,0.0626978893872966,0.08547386660534621,-0.15270139749000167,0.17323072406621273,0.033430863438100554,-0.12893898246647192,-0.014146325952671148,-0.05401920006490829,0.02972622114156,-0.1764816441981015,-0.07981403782166512,-0.005085293753425367,0.0385133759052488,-0.08987731501415037,0.13380574790920546,0.09165859052590292,-0.2651388286516065,0.11886367732791568,-0.11039977220170716,0.2170423186282653,0.06623069723170534,0.0628643684095761,-0.1125501965135357,-0.06084509760326406,0.16084138981097532,-0.2205775110685761,-0.01877579598541125,-0.10695183373028427,-0.04766632387615085,-0.15881535711343658,0.16267756363763367,0.12110367012095755,-0.1479928064041747,0.05600241302461828,0.17434213742888519,0.13163440946043428,0.015693537595301447,0.05362898890014381,0.08199545360967249,-0.0715900354355557,0.18599928849351693,-0.11079998366097521,-0.07946293834700006,0.15752092173158605,-0.14255843052018852,-0.06987381537817788,0.09411703286925052,0.06018391325449943,-0.05612587128168189,0.3039347028560678,0.078286953002742,-0.051147695424021804,0.026071617148807895,0.04618191339705624,0.10829328715887003,-0.01576674161425059,0.08582682234655627,-0.09648656905384394,-0.14356030144243995,0.019849510537176138,-0.0325945544834576,-0.0036725599946084973,-0.14037213545396784,-0.14531957982659713,-0.1411049989716405,-0.013886555688607251,-0.20157036995718158,0.24158812073186128,-0.05803884178647808,-0.12164765235554949,-0.056848759554331926,0.015358895012038666,-0.1595602892921122,-0.24492074236379105,-0.04464077174069908,-0.06959606917653796,-0.11650817941830123,0.08581101774045383,-0.03208219693182794,-0.17972887167254323,-0.11251422624963624,-0.02737406608239198,0.09538199511835271,0.06105924755563765,-0.006093481913579055,0.18234943681552973,0.09958295442460131,0.09592845251549678,0.02843946715041153
157,-0.03965123255927318,-0.10186313261851067,0.19444294504144302,0.22618601603029537,0.10455506866527355,-0.006694860869442006,0.2418557013572447,0.023107390522081064,-0.08841883966123704,-0.10781570119398318,-0.20692772772929766,-0.03444632582743735,0.08163890679275074,0.05105124068085949,0.3833349733040565,-0.13029656948425408,0.2288691492211083,0.0325648779815325,-0.049061366013548276,0.11658964407495168,0.29199070991026455,0.06504493993927674,-0.029120902302281634,0.01125384564333856,0.05881919514814775,0.12466766811995668,0.12209410497226796,0.03557036664953747,-0.10037573059830124,-0.09276204892364104,0.01877905308624339,0.2904833145748329,0.16326410033562924,0.045302143238048743,-0.11286863611132146,-0.13915000991514895,0.12395064627082895,-0.023709449077668098,-0.07100152215224982,0.010959233122845935,-0.23342588181306073,0.29926551682010993,1.0,-0.14697210188539617,0.07408685868018468,0.1933512907896834,0.11852400221449014,-0.14299984551937114,0.14145106012114125,0.06286579195232082,0.18239582293035206,0.2521286783975678,-0.08580484421302452,-0.015864348910000436,0.23385595339691553,-0.19035549025397425,0.01997279727970061,-0.05296174774190274,-0.04590855763599855,0.24159740035603844,-0.021672644137398656,0.06367619118990371,0.03522847449227933,-0.29593361221489656,0.1573341729993133,0.24192553309961326,0.20724990343834346,0.009304453803194009,0.1476350540489867,0.3717552200575417,-0.1840178716007334,0.03086841762427447,-0.15117373261675332,-0.02632923150241588,-0.030593245796912947,0.3342310472360178,0.25455898353890416,0.04324561649410627,-0.0639444370433836,-0.25024639311208713,0.033126124135317236,-0.09670723982376565,-0.212672938700466,-0.0377666971158934,0.0355213622754165,-0.12929471468534962,-0.12164627889572953,-0.19995050409687867,-0.057045629849101324,0.004476767399020018,0.05652594362365587,0.15638363406866362,-0.12391259302827053,-0.20628088477110126,0.10198262348903149,-0.008915541631339369,0.18658849142564682,-0.12280113775051366,-0.12367815755782798,-0.06334620301377461,0.11992979963326264,0.10971379937869476,-0.17977951578061407,-0.06884141658187522,-0.08009387093140356,0.021025032874938072,0.02578398048133746,0.15145822777965334,0.1103268382833302,0.2766719460618629,-0.022210625187679852,0.20065030855266783,0.04512783848709404,-0.24593098423518256,0.0491507866493519,0.05091041271959054,0.11291175695320749,0.07746126882909371,-0.2856106401572274,0.01809087683507204,0.12982719349349572,-0.17495699011894464,0.01038381374564712,0.10625538745167504,-0.118813851745,0.20003764315266997,0.32881904741908907,0.08787509340344599,0.0617432797345136,-0.2752440245789979,-0.014660754565782025,-0.0016511201081183362,0.0060541019785314235,-0.19361548855431954,-0.1333941615932096,-0.036816374718131366,-0.1388709575129941,0.09485327640320967,-0.2895762030911486,-0.13142254675856707,-0.050167667330146215,-0.07659699076829761,0.05205704980682826,-0.394354558748871,-0.0185393634133879,0.15804073083396364,-0.2107081914596127,-0.24302880971923047,-0.297021679322209,-0.11661592707609587,-0.18854976491589473,-0.19868555786184228,-0.11140854758008348,-0.03858324766574086,0.1620987189225032,-0.19897789600674337,0.02764412483088058,-0.0043056874471052685,0.014672431886931552,-0.01789918396449975,-0.027223882821649836,0.21075922298432007,0.02933934723872022,-0.1641223693474058,-0.04030441530628702,-0.07103315575469832
160,0.18348876697710406,-0.2793401408137694,0.11020955984807597,-0.11497642197142631,-0.1256714506349329,0.38501962140496826,0.04637164947647726,0.08018344716576573,0.17483479461741508,0.012097976341717553,0.2252972267311882,0.08810051592896964,0.08647473372397206,0.202245149699607,-0.12511959653035215,0.20511512450943276,0.021988872656600517,0.05657158343992271,0.23217307481710378,0.33822349402374313,-0.23999415505128197,0.04253145220869188,0.20834080395901952,-0.03046157380541203,-0.06944350974776745,-0.021489489632303523,0.05293570179956475,0.3757178336721017,0.12831053734414227,-0.09902606103816772,0.11661143902986669,-0.24642629538174252,-0.09982092730674806,0.2339696575417558,0.327049987221786,-0.024037574361245845,-0.018328289093472228,0.12327398301098536,0.18493106134977916,0.12545670756532531,0.17707175644208228,-0.055678132962584455,-0.1469721018853962,1.0,0.2060787107685566,-0.3338435230743504,0.006660422358408031,0.042347316278019846,-0.38497810240348906,-0.35819555587501745,0.012415898384392048,-0.10894116293311289,0.0992678681700883,-0.03575285258310648,0.0661712558188653,-0.028453775513624383,-0.04784261624151405,-0.08901018575551299,-0.23016230987195094,-0.29746369450381693,-0.06563517300402563,0.18159134459708126,-0.10552140449301997,0.16219762345178382,-0.12268692274870212,-0.17975186694416395,-0.36650361934723824,0.08963663476288945,-0.24822580146117962,0.05770230507930624,-0.1804466566329713,0.20887853382977137,0.01628856181253637,-0.09593166907335572,-0.32530406338503204,-0.021288496012954027,-0.21166671251783348,-0.08253381576186122,-0.13346114041439944,-0.19428554077261143,-0.19514212604908307,-0.17288650551930515,-0.2893021797535646,-0.3289744405010199,-0.09478359952028433,-0.1460346313662568,0.15552011983402478,0.10516991804630262,0.07378993375830732,0.15020346487059658,0.07455990152068619,-0.08747232497486569,0.008493675740297125,0.01874289314873228,-0.19933384283621114,0.038468046801688006,-0.024072065703218338,0.14267943082478157,0.16637716819093445,0.054183026329711594,0.03778936341809079,-0.3098322714322778,-0.11995768002894977,0.10479721691095621,-0.05890744294782727,-0.16439780572293244,0.03134299257726851,-0.28242303748907455,-0.22761759819546648,-0.1640997120764437,-0.1484787196139771,-0.31207528827468606,-0.024126632654954554,0.03620268301375283,-0.12266669737188358,-0.27622484586111556,-0.17850555610005422,0.0773400317636602,0.1724705559847738,0.10960251678290328,-0.2684950029279078,-0.06122888841348547,-0.2518544744810952,0.04705461981851602,0.14823169956453258,-0.2307455327371157,-0.18120289669425874,0.1415271564032002,-0.2540021132818289,-0.0220392425798247,-0.012648890761855682,-0.05711077939747237,0.016483136401618054,0.15410839937800158,0.12312801106744999,-0.0831512097692239,-0.10244926236969217,-0.2981267885250907,0.05083891588986497,-0.04200991064845622,0.012683896833000514,0.05092077750120964,-0.01657223775875755,0.20605677005743578,-0.06097525739501666,-0.13718944492924529,0.32688095776218845,0.0934315388660969,0.1835670317209315,0.07391787386322589,0.2861511137047791,0.23265844448672326,-0.022713770580175825,0.0976803743754199,-0.027686760046557287,0.05099442216474953,-0.10107951120719337,-0.17254953800139383,-0.017934500272981713,-0.0038629026036190372,0.1609183724644663,-0.4097095211086542,0.011820873438552093,0.10581756889732433,-0.05878918962353542,0.16469389426924408
162,0.19039054848627404,-0.11893763716045021,0.22082672765721423,0.18918885030516486,0.10565008579775016,-0.07339013077506133,-0.14759635807757873,0.2770727780862105,0.4369609714843172,0.13307591481653813,0.1936147649177528,0.324198786786782,0.19971592653070958,0.2231011633739175,-0.1781794395226286,0.4106024031211495,0.2603839761833531,0.11395068094918025,0.15694987225630042,0.3598115107966238,0.14002029075453015,0.14949454455202987,0.47867850220492075,0.24850052583788979,0.10332650745229152,0.26804217594715424,-0.025435890908891,0.508789785708328,0.08179903481077008,-0.14402375637674558,0.03217341237056794,-0.07775607201920834,0.2228233176239041,-0.2059860299172832,-0.013040022177519761,0.05560281208355624,0.03019416507280464,0.1744949699905953,0.042494551363564774,0.2722457585926219,0.33725572247722274,0.10868172400911211,0.07408685868018468,0.20607871076855658,1.0,-0.3990104262402515,-0.13568798850274832,-0.1021674233945991,-0.13757738629511052,-0.14335903426135915,-0.25276219371314784,-0.1203474345140082,-0.28792462342972697,-0.2652215597612559,0.17004945096918503,0.001166311056931165,0.055731251629177705,0.08843944101091863,-0.014616224347517236,-0.20058959704593682,0.18378016150814877,0.22859459814982583,-0.05543298799681828,0.05058438623060169,-0.20453122640137442,-0.22442278031437404,0.20939816623740665,0.0924586449425518,-0.1498608873950825,0.27170969974034714,-0.13549319263471954,0.3431854428093699,0.14743923489293415,-0.024100494535893663,-0.05296617237641949,-0.06208342117787379,-0.13240354023997125,0.020477481261549208,-0.26983600586587847,-0.12597881408264527,-0.16296604172589868,-0.3314221269925791,-0.04645232173881235,-0.3515952061258232,-0.13320628045939154,-0.27376638907316264,-0.19132394013100823,-0.12061827445554961,-0.19317111389920916,-0.24222923860170503,0.06488493380695036,0.17398268277258,0.11396731603152847,-0.26696563919363137,-0.3521065216625513,-0.16528408374179315,-0.13786282511776002,-0.05686344869042046,-0.11003968084473144,-0.0005136517042407999,-0.23848759088236876,0.1040955156359597,0.007144372570063117,0.1323074141119263,-0.03334847752575695,-0.030726362391573506,-0.2828297174095378,-0.00014904756268784917,-0.1986007514791402,0.09002396632760393,0.08071580869310375,-0.2495011399329744,-0.23189979280623654,0.11201035933260699,-0.2123945431815196,-0.362677949224247,0.004612395335005399,-0.14115828815609074,-0.03845451366388264,-0.24083660979847699,0.14353649552684544,-0.14298912726220273,-0.19468571238648555,0.1087191868863186,0.20621593131251464,-0.17329675210941997,-0.009190131265063657,0.03005931379232131,-0.3596139141281208,-0.22863099059005118,0.22538519040842075,0.1969640327896311,0.10934406834566715,0.3561844398887926,0.2314232278287786,-0.12250939830639823,-0.2057121579677487,-0.3306431419735181,-0.17889403245285146,0.09302787023982038,0.1600141132068912,-0.42329440726196277,-0.36285782577559295,0.11437631904031878,0.28042234414080813,-0.05694149702586574,0.26655817661811154,-0.10707112598617453,-0.166426207500965,-0.1510271712927059,0.19056096539784917,0.4061738947634833,-0.16233574730219183,0.012928088141275851,-0.19682483981750715,-0.08480175905808954,-0.3114491342372343,-0.29600550899840267,-0.03539494597014327,0.004383560832066995,-0.1191993098661611,-0.20095862850227278,-0.1492437253292846,0.398842282873138,-0.24789679073681017,-0.21098635398396073
163,-0.326808719132283,0.10441635573652076,-0.02915676489743503,-0.0033872854124463742,0.06092282867118136,-0.25922706069129653,-0.06814745457157328,-0.009020568572082312,-0.3908289451622955,-0.1963892812433893,-0.27596421415544364,-0.36228318634186846,-0.3234750410455548,-0.07064182001174152,0.2541723613582829,-0.503405455472165,-0.03548142669263478,-0.12799705641322018,-0.4471779192722117,-0.4487953040422968,-0.01481820067306791,0.11992328668260024,-0.20431449835320892,-0.4603830881932663,0.025863831159758134,-0.09825696050028937,0.021663274368161466,-0.4418306427022675,-0.22870602666413564,-0.06389078598344464,0.042563838111600596,0.28653094552423497,-0.06987969270123372,-0.18228338418903242,-0.12806827871597012,-0.42127425059844,-0.01659845324863532,-0.1479714905847045,-0.28276622959593245,-0.28495530768982447,-0.5191240242501486,-0.04316747992618797,0.19335129078968344,-0.3338435230743504,-0.3990104262402515,1.0,0.12074094638505047,0.05219911690883747,0.38748375940035656,0.13999684511233346,0.2804637541453158,0.25540454430639675,0.14064786768513063,0.12321355488177421,0.20510517024485383,0.04851426761121383,0.0174617051662681,0.07409802110781052,0.2125345017304694,0.3913285162305456,0.06221451013643958,0.023464441422026555,0.2506477193334132,-0.16214989257672693,0.2705827130512026,0.13009078672702426,0.1351711791754335,-0.1069285636540027,0.23499063997586203,0.044737762097831105,0.31921164647811945,-0.08153362088902588,0.0718629239232295,0.14518818502759429,0.0577864297141124,0.24518894984172726,0.28844647441907995,0.25940430770199424,8.763537040845836e-05,0.1292041056168589,0.2535412165821664,0.0991531479125343,0.15454641762956994,0.35592505133079566,0.22971529047624417,-0.038169968430087964,-0.10146690915766005,-0.25849114852817395,-0.15102705950481637,-0.11993804038694017,0.15638300149651968,-0.014207752668991182,0.030406690018594165,0.08648024014361037,0.2566577754401824,0.11175963770882467,-0.02454630017660643,-0.09053952244077414,-0.19047171428542117,-0.11935383444575577,0.17565429695675003,0.4435247962063184,-0.004260831232288492,-0.18695030946637767,0.3217929765952432,0.026865347299075228,0.26622295481927327,0.15531657259324474,0.30362182498284723,0.3460930725093748,0.17695321485672727,0.41769954100990303,0.18581019808699833,-0.06465246056539839,0.2759292197392749,0.28237370229509856,0.09174195816489107,-0.19302891336729505,-0.38146897897820475,0.036760303301659344,-0.027504185231006232,0.20716389611586664,0.38561464699278714,-0.10262018891193933,-0.3292748596944399,0.35549615608322066,0.09849078048834294,0.032472162305882735,0.32590277020489,0.039428536009964224,-0.2184429252471659,-0.10512249437867578,0.06421589487455413,-0.42804105804941106,-0.37486967864484333,0.16425846011444234,0.2390661412251695,0.4090931061476025,-0.2462032206325698,-0.17611000250951628,-0.22824604443216007,0.20112044004643392,0.27858653962621555,-0.3040199329767594,-0.1960863295159187,0.22633596610720064,-0.4915636356220908,0.01587395430147213,-0.060905370649770016,0.025901528675511893,-0.409789229124073,-0.5148745846118934,-0.15788154716636077,0.31214537638902307,0.29946285805430806,0.015221552842072246,0.3950945190043283,0.42151351982712576,0.07019026992172107,-0.143673687105865,-0.16024369356160229,0.3489961113968605,0.3046089368928521,-0.1262537413074859,0.05731662142258161,0.08482707772948857
172,-0.09905772579444314,-0.005037780281282433,0.12931516237675167,0.08156455000463483,-0.13445710328094637,-0.04435779791384955,0.03532620318358788,-0.10116117516416201,-0.1520393585126411,-0.22297239320619053,-0.026986030573825526,-0.13576823630950324,-0.19911852085309828,-0.07328235558930833,0.022408542417782135,-0.08284322852837044,-0.0684711532758396,-0.26417574634113145,-0.17801078157152025,0.15881906295020065,-0.04368112026699083,-0.12349208209677089,-0.14904536109882288,-0.08414977538977741,-0.07330676096562609,0.010936010140342617,-0.08242331894155679,0.04802270865184798,-0.20306470883320132,-0.09787689724055737,0.1590250821862685,0.06064435296123879,-0.1513234809405932,0.18988301019616563,-7.583787554758522e-05,-0.15268820581881956,-0.1310873619163883,-0.02977625056777904,-0.1695180253040637,-0.1664726534458079,-0.2973153058545394,-0.1497764521802731,0.11852400221449014,0.006660422358408032,-0.13568798850274832,0.12074094638505047,0.9999999999999998,0.07666603449889099,0.0034743945164174015,0.32007151982460563,0.21985323265130943,-0.012734341406481796,0.26127656455907367,0.035636662300291846,0.004977098094095806,0.13376752312598303,-0.1626717967475479,0.008303962145580646,-0.03197945290124944,-0.03619268672989388,0.0301303585487969,0.2925083511352643,0.04002651128725434,-0.07792532913388223,0.12746286544794597,-0.01735144057606092,0.07437429910580481,0.03598503782975893,0.09716480938015684,0.07168884180332362,-0.1478593517850482,-0.027010217393388346,-0.05950779780939997,0.10492525589052046,-0.13092186324585414,0.036268837761181096,0.016434444393694767,0.21912404456159976,0.05078648367405446,0.1511600280840435,-0.014319703317454913,0.13979769004049153,-0.027548222961275477,-0.010973469652382828,0.030759672401272788,0.19071371969616294,-0.055232819911773076,-0.16007736486255286,-0.03582059479019535,0.01956029886507989,0.07485412847553857,-0.20649375595656966,0.008625118547100507,-0.14817754172875522,0.22412893873317577,0.195444457148154,0.31185315356837695,0.11370021222236032,-0.05086766585887016,-0.09557458228963403,0.33981502643987116,0.02018340829965109,-0.08551129131335991,0.09965174303076578,-0.05470112953771128,0.1375872329088074,0.159383224325431,0.0640159537348921,0.23604958293191497,0.34763352718894985,0.026470789829919114,0.21690087745701575,0.23957292883590212,-0.23405086089220054,0.07151249936890464,0.03830366006891828,-0.03650787218199307,-0.12368742610311548,0.009200758083608804,0.2785279961090281,0.02001992993921438,0.13418004495842686,-0.07123911735935765,-0.08791373045747389,-0.19270771330687608,0.32605524484648163,0.11884975673101102,-0.04635354163407235,-0.006265148197500404,0.08212319817303393,-0.23543452046055646,-0.21299176542086098,-0.10159423943568793,-0.13275612033600384,-0.05152087585014933,0.2002286442193398,0.009767032037987377,0.2275194660545853,-0.19407634541723343,-0.25434165421559285,0.053909095110145286,0.19149068770356775,0.2857083735201738,-0.20243330075512694,-0.3415296579551118,0.1128588594676085,0.0036345372963018712,-0.3029399415746781,0.013728586567509804,-0.0017411364463886779,-0.03457357949931413,-0.13818815511543614,-0.05065579567636218,0.19073818817609187,-0.07714524601126917,-0.2840761359641826,0.08209601470515303,0.030819642623565947,-0.17854567878923225,-0.0845205243349437,0.0584355045247036,0.02763440883125998,-0.06903430894776191,-0.07873889298133668,-0.04052678589304805,0.05261910842092017
173,-0.019221859606563228,0.25376230296903235,0.24895722014642452,-0.2051534049426668,-0.15853997194085775,0.12116212469591386,-0.07799816330931633,-0.16530179277236207,-0.27805111717800324,-0.16342820267721134,0.05972455450264402,0.14991677324729916,-0.17615604082936107,-0.3978243228848436,0.034571813232392626,-0.08866794275585017,-0.23085197459542892,-0.14471155998051272,-0.04186426618464185,0.016333020382418982,-0.06021951908688689,0.1236688181133803,0.06345671107680945,-0.05121724772354584,-0.23353168348551168,-0.1476230697206962,0.1206809210263147,0.21179583622348697,0.05924909025067134,-0.01265005132155266,0.23174055127641677,-0.012362710698173893,-0.06416406935938793,0.07933479722786424,0.2551324981767834,-0.002428084228669396,-0.17078793870326356,0.0892947998227864,0.060041413475931615,-0.4764903221162475,-0.07530071354746269,-0.2315049954263726,-0.14299984551937114,0.04234731627801985,-0.1021674233945991,0.05219911690883747,0.076666034498891,1.0,-0.09039821699523191,0.07923019621120632,-0.11736545114694306,-0.005348930725024975,0.315989590145478,-0.0672314379612898,-0.4298243165219557,0.3124795221512883,-0.21764487966666887,-0.039492290573330625,0.07818358365606566,-0.2809263212870583,-0.3996645065877473,-0.10933790889233806,0.09416722944588134,0.21081441005159826,-0.0028677871704158326,-0.09913547894629102,-0.07324636727418947,-0.32963926667826565,-0.052266257498697996,-0.01910013889215877,0.009628962206845724,-0.17430044215649929,-0.21134483974277515,-0.2133466642117666,-0.41034315706076285,-0.26020548037263985,0.15143743693509917,0.08941012096089146,-0.22447862050541306,0.0217531020948587,-0.41559290617361555,0.2198609863147958,-0.04759600875666507,0.21159639925173235,0.1679427170105648,0.32359819331236495,0.1375659115563856,-0.005851891212989758,0.10465899678457682,0.05462514010419415,0.19437431813844963,-0.007799123258308482,0.03513038471663552,0.4865886904078749,-0.0705944508942251,0.17614247065187622,-0.09400090499834023,0.2664675432497826,0.1903527715353314,0.08392055920892945,0.14684018114153977,-0.3107458114797433,0.3305265198972241,-0.09711729155764097,0.14855578557006682,0.24839890168977755,0.35191344141709757,-0.24930422506313937,-0.07340987320633158,0.041393922975529296,-0.33502281889226154,-0.07962169046317183,0.14140222632520733,0.32216104403741475,-0.02681112619131428,-0.06292977564011233,0.09442875255877697,0.023540757380400748,0.308436333876188,0.33310303376078176,-0.15978716575271423,-0.011680371007933232,0.04662147393831813,-0.020811725320129735,-0.10238280554408176,0.1155228246224272,-0.29341923534363284,-0.4023228821002474,0.13431123400617903,0.4106502880982612,-0.35951424052302067,-0.3897695494022283,-0.24914673660687792,-0.2857070724319873,-0.003208821371637791,0.20569893205387466,0.2717592941033997,-0.13839144191884997,0.07308512860306561,-0.21949994791235558,0.39456124295839373,0.2632509755600171,0.29819651123225027,0.0851431670986302,-0.3695853765,-0.29968457512239005,0.05676192652908491,0.295415413270653,0.23512958942944237,-0.0908171805811707,0.021420888075275122,0.030342543933994458,-0.06040174455195064,0.00808875152917401,-0.1287202124544968,-0.048695550658552675,0.16872659908065452,0.055674269111624076,-0.16220594217301385,0.034440292855396785,0.19541396483696316,-0.32765253302709874,-0.07507098044671574,-0.3770823247070451,-0.16458899230865373,0.12625871376635875
177,-0.394370947698349,0.08609175272983445,-0.287720948586979,0.2751897608269633,0.1273885757253934,-0.039798958300118724,-0.2352157368029635,0.17731906238630135,-0.11068315954153118,-0.14514548950621672,-0.3003794415803387,-0.1604320530652761,-0.3661389036707469,0.09171644976466947,0.2385532402807144,-0.3949582610079422,0.0287555009943892,0.09590479001186093,-0.29375764456536263,-0.39127071118757156,-0.09339384162765343,0.13501494025582608,-0.2043724452080126,-0.2097085572467326,0.2146654892205295,0.1041438051470909,-0.05190823353087232,-0.2932165223436845,-0.07375249848991866,0.17102557952987923,-0.31293513906629633,0.3451620968643536,0.07785312129857178,-0.3485133631981656,-0.10512389375921184,-0.35255082098863916,0.03585560821906104,-0.25316979227533487,-0.3427176227408307,-0.03172243451105731,-0.27940925424678537,-0.03985653900550297,0.14145106012114123,-0.38497810240348906,-0.13757738629511052,0.3874837594003565,0.0034743945164174015,-0.09039821699523191,1.0,0.09434915262559737,0.2441767933476711,0.3224158853176872,-0.1653089762393178,0.04764837943688205,0.025089219456473386,-0.24566544046581135,-0.025428959160760392,0.26761974567088026,0.183741298894186,0.32193898219404005,0.1580678916608013,0.11071927050486653,0.19899998546265746,-0.2141027990851861,0.15792750595848243,0.1254205941141262,0.3295057668153995,0.09958793135315251,0.33183061252827234,-0.005314892492433281,0.23273325193771993,0.2968277185222529,0.20289855327875414,0.14380736455388218,0.2979267997536365,0.15612862635336774,0.18915031058730727,0.034679162112819545,0.08145981557227636,0.15554463798915025,0.3187960732672348,-0.043571042783670286,0.054135828881525454,0.18982680916841582,-0.06636730408687852,-0.07401503170155371,-0.3664079805625034,-0.26080724514611364,-0.2442435313187759,-0.041470053382854886,0.11856875044696046,-0.0426567960418686,-0.20268282611070346,-0.10975414178032901,0.15144158615543804,-0.06767570054705452,-0.03603140006272933,-0.3003821757809529,-0.37878893045267853,0.09667529767058476,-0.027750216650334017,0.32423225939011113,0.005943499194243667,-0.12016582726282847,0.33074700243027993,-0.03374991417465014,-0.03431185295377673,0.24522720125278252,0.16901878501916465,0.2916616234326833,0.18274042922263237,0.33135346288738965,0.20203358126797635,0.059436243559675944,0.21105397375658222,0.38816269493594624,0.20788532398723927,-0.1991666080053174,-0.3166516398597853,0.09908377796238284,0.18135746760294882,0.11790762998842416,0.28839601486046795,0.07802336740092686,-0.1715826142875371,0.27548319720893655,0.1818335844850398,0.0069218728932045675,0.16905745448750714,-0.18930856035517216,0.04662270595270643,0.16062662831557242,0.028761762940772057,-0.1610840773898119,-0.10127545226249907,-0.0678928654534758,0.040643691887414755,0.334824468508005,-0.030200048087892575,0.19693559117500306,-0.3632591939125361,-0.1940329719129094,0.08884355583736739,-0.13834754366133117,0.04921404405081537,0.1542863974218783,-0.30670926241557867,-0.06969675763602164,-0.2839192041195224,0.21015687956320653,-0.40095219959221023,-0.3720238822636099,-0.3696382597403003,-0.10463735658116304,0.12292645452443385,0.028042467127369724,0.2339672285951751,0.5123715082904505,0.030124252692069076,0.026782919424048156,-0.011874179404782149,0.33217791043815226,0.17182446541820015,0.12531399787429778,0.03900804017262582,0.19514786728287212
178,-0.10640995836537226,-0.070795255990476,0.17310303136495966,-0.10283787614815143,-0.09628327088134932,-0.15449426042272096,0.08428394174116711,0.02751124856867001,-0.061541592825229065,-0.12095327620623436,-0.01578011048998656,-0.06468032155701375,-0.00916703220802231,-0.05259649682217764,-0.013718685410769493,0.0671595647472379,-0.14551130421999875,-0.24258909444161306,-0.040097556501981504,-0.04402446589776189,0.07737210644267904,-0.23628494605259892,-0.11907037251311402,-0.1185056896298012,-0.09022114812185748,-0.003266793240525272,-0.06767637308388566,-0.17181666131683584,-0.025733185496933316,-0.036936169482675654,0.1233403019574564,0.05287888937258134,-0.150532109274989,-0.060257009850348514,-0.08180206786035873,-0.10166513430942305,-0.1739920664858588,0.001386355094512254,-0.07660665380085593,-0.2371094760586806,-0.22369180647668094,0.026208334011796473,0.06286579195232082,-0.3581955558750174,-0.14335903426135918,0.13999684511233346,0.3200715198246056,0.07923019621120632,0.09434915262559737,1.0,0.03528326484941677,0.280124481466384,0.37875965720149246,0.07092358678722491,0.078236409896401,0.2381926900984255,-0.04042893140530415,-0.20422081005403264,0.08160888534242264,0.15576437423773423,-0.01769054379344732,-0.08669797217207525,0.08198832423461104,-0.01588931340539515,0.061454863512692824,0.1265459864451329,0.12732472079197896,-0.1112759518148394,-0.0631216653276751,-0.07318801970363287,-0.06287800961073962,-0.22136081260629142,-0.059072057573692084,-0.052438318887368794,-0.019061690677161614,0.01031113890164262,-0.063001095364139,-0.005263331778787362,0.024700679847188548,0.1869841104601834,0.07069941772391163,0.3031071629173967,0.16229570040545063,0.17373671397853613,0.1429524933624104,0.24447469835806215,-0.08833863344779033,-0.13089263681989843,0.219601564664957,-0.05350839114746019,0.011019204416907877,-0.27145344598236565,-0.12446610561358246,0.11970741996469893,0.2588805181788346,-0.07440645327960536,0.03368629116655336,0.07317962912878707,-0.06551751691192274,-0.17117237380129155,0.2058820634287287,0.20454486775857442,0.1754757175593308,0.047263368708771306,-0.06029499032231859,0.23099760464218572,0.06731530228952874,0.17449293152907433,0.2542451986224448,0.09293914647332133,0.14717676655868633,0.27108088011388143,-0.05218991980741747,-0.19870203380407145,0.12504904082843704,0.1216977906320676,-0.04313293571489636,-0.21083308991599772,0.010634914156761125,0.1751643237651613,0.15031692651803746,-0.04778551591217597,-0.004680044885780544,-0.14623592871746674,-0.11333189625180863,0.11252391263367316,0.151992346727563,0.031595468053129364,-0.0012816919778610933,0.08470358354062738,-0.16460498960424005,-0.16927023995992335,0.034897624378329384,-0.19999991180736026,-0.1897231050391739,0.12461407184813966,0.058912049502430855,0.2897263204072627,-0.16607277245764715,-0.2289568569047003,0.18836138598201757,0.255945949997382,0.15781571618055798,-0.07138387284599441,-0.21959734063792463,0.12188854821695749,0.04864861336983796,-0.2510690436425864,-0.12815299294646945,-0.039634962970055636,-0.028299370911195595,-0.2753429205832749,-0.0658617693888181,-0.04498634242942608,0.09834587507063149,-0.2810111959320726,0.02355877037996377,0.06775265331056295,-0.04997368196589906,-0.21785134974171635,-0.19115640495583652,0.3045757050757495,-0.040583033112161764,-0.01377762901720819,-0.08958021579233295,0.022665492679796135
189,-0.19580991708349557,-0.20870850833238827,-0.030310270392156773,-0.005479743885627561,-0.11433394455382263,0.20322199366384494,0.22481807270192705,-0.04147999312062832,-0.033263563992222314,-0.1272768157160316,-0.09793614830112445,-0.2935961053779339,-0.15525454726701782,0.22643736369989054,0.38887494018013913,-0.28407243010168126,0.27026953148946575,-0.060489144772042036,-0.15742000836453127,-0.09205364291297254,-0.015518562615211128,-0.025090227861534847,-0.1493427048797007,-0.20796419336701868,0.1947658995195725,-0.00011531232010943565,0.3269767994208786,-0.17559021690677865,-0.2548574069103568,0.013131497642416067,-0.016164568772492262,0.03579504395490736,-0.1823790952548864,0.14378580613243713,0.16333632893036656,-0.2739827199165742,-0.024415036703215855,-0.06100367886399341,-0.004702372399386116,-0.058785125628224376,-0.2981196107976214,0.030609879499196167,0.18239582293035203,0.012415898384392048,-0.25276219371314784,0.2804637541453159,0.21985323265130946,-0.11736545114694306,0.24417679334767106,0.03528326484941677,1.0,0.2644353735649045,0.14463787282950663,0.022328594174083286,0.066344048466252,-0.2697896791241694,0.21529525227301236,0.06870604815417006,0.006707337721440393,0.24822132869948782,0.011725223875825648,0.1710502791863378,0.03022268396301472,-0.32022554141476983,0.10575582346828157,0.2736568163395546,-0.1927750207618356,0.1757427897905941,0.2963524538515807,0.17198120348498072,-0.009822356186639774,-0.028207481291856948,-0.08579615210057391,-0.11723787564422138,0.034873514755062944,0.2847120643098521,0.03089868713365575,-0.09473977683767507,0.13836596397981807,0.13331941202980457,0.15162812055175345,0.11477621939692965,-0.1732010815293928,-0.10940741862755418,-0.008655695873759929,-0.10841173561058894,0.0395090742465482,-0.12421921444571611,-0.09584291221055946,-0.11443521601679058,0.13149912503382918,0.0788053597199613,-0.25215359730176334,-0.09376251139382745,0.09044557747243026,0.01422538221613857,0.26618449860268856,-0.2348506962822416,0.07280476443522108,-0.09028175759122979,0.22452742643282952,0.025524824655110582,-0.16598283449866977,-0.12398008649075284,-0.030742924601422084,-0.1523819064882912,0.19336444516962603,0.02498922711537766,0.11687484192820015,0.1654454744039631,-0.10348842701231167,-0.013731539342879524,0.24720460234965694,-0.31773392492023816,0.3467365229455172,0.2442166030121026,-0.2095544632266045,0.11971774122331634,-0.35938887830753735,-0.046143033587996235,0.11465560322314805,-0.20064123481944454,0.208687801185314,-0.18630838189517562,-0.3840737421428427,0.03783033324949277,0.19447284005241627,-0.004095009406306118,0.13108384583641233,-0.3136411036064201,-0.12650652565902182,0.056977951869465734,0.0569584571647431,-0.14255121248851477,-0.40148953713443253,-0.28678307058775915,0.12785223707007864,0.3692763498564577,-0.0723205846306093,-0.1517805983248905,-0.4432042962807011,-0.06964282829285419,0.2704922407527502,-0.1984857675534563,-0.004009479960033004,0.10754821518265052,-0.052048845511656616,-0.28004108181461174,-0.06740328022732302,0.0996696600066241,-0.1892488915741983,-0.13046964664605581,0.05038119720694713,-0.024202937648934927,0.3053775071639397,-0.15343556772857175,0.304735008609559,0.1526567663895302,0.19693222619358158,-0.17063243107307755,0.02216289549300705,0.32094293374103966,0.33768023083597465,0.05318548983993253,0.11208620986884724,0.18550019139138135
198,-0.32722360237512094,0.053123962718530794,-0.04248213106450423,-0.10093230256588044,0.01880228021859554,0.02018991609719613,0.21729481802320633,0.3554722812956354,-0.007863127855539616,-0.002856246104460449,-0.27084024635388954,-0.12214173126005042,-0.06678141268770937,-0.08020997910040745,0.22303828542044596,-0.08341099290121634,0.16690800387875335,-0.031134293998313536,0.021829080033210952,0.08753269268505127,0.14647897262511148,0.08044444242824987,-0.1785968373092097,-0.21303333367867774,0.3736825123591767,0.16248273824574475,0.18747819221344414,-0.27587152272580756,0.06602119286456254,0.1901454897407703,-0.16957183080760943,0.23247908471954098,-0.025383458267131394,-0.24332008151609097,0.22582159403538568,-0.30886061779534724,0.1972166981635113,-0.1585677888490663,-0.16449151164323095,0.21917271680189115,-0.1796771517974597,-0.005697733751603191,0.2521286783975678,-0.1089411629331129,-0.1203474345140082,0.25540454430639675,-0.012734341406481796,-0.005348930725024975,0.3224158853176872,0.280124481466384,0.26443537356490454,1.0,0.10608484659932695,-0.0426347596967036,0.19074417198777138,-0.2034020252355896,0.030624034623039212,-0.13476778490834262,-0.25738357935306505,0.14554635932748455,0.1389435273660293,-0.03712562317895478,0.041679036376557364,-0.20900237669355318,0.03855382219454009,0.26945346520951946,0.16716325977688665,0.06584223570454865,0.0933372661054968,-0.01296010324083149,0.0018950936682155125,0.13504856597431428,0.33277845079898205,0.11896943861568038,0.06056711238188419,0.357550975842992,-0.05218635292239422,-0.2297164294224502,0.16709991390453421,-0.044447224896039354,0.11574497929443305,-0.008227765648872608,-0.20388525488892714,0.10476129094110477,0.2566063515965486,-0.12403505623323292,-0.24804583667753474,-0.16587609821091973,0.008781404942672027,0.022602295494912533,0.14873378421599037,0.1098125201457412,-0.16583189801455925,-0.022151236352089113,0.10254128818634489,-0.12634486363318587,-0.2959164801721253,-0.38678376277977694,-0.18531183142505434,0.031925362839927585,-0.08486759904046041,0.1517161990513092,0.054849936681165334,-0.388914884611226,-0.11582468365952661,-0.18163590190856987,-0.05175728778264268,0.08569997200666446,-0.1688178356845837,0.07476706779316172,0.028204480733534758,0.23044779993203685,-0.004710997843844702,-0.22689940469383935,0.10170710279757346,0.1161616645748218,0.04998400132096477,-0.1074213303046601,-0.45464644827536627,0.08861070608138798,0.07474822750363377,-0.06786785010384006,0.25482045313337837,-0.07049617217419267,-0.04778809092622589,-0.1064379211245959,0.05655952417142477,0.22302949068618005,-0.18890094530126053,-0.4012802742564853,0.1944866858278785,0.15981600323231068,0.20747836785454102,-0.11495857057782735,-0.16600281007605114,-0.3112122942295248,-0.0023505600295822622,0.17329514151331132,-0.15635461081126545,0.1846236460700316,-0.19673149632532053,0.08946780461351361,-0.0517953034739774,-0.10655368440756534,0.042679716927781504,0.3641618646325097,-0.1291262918939545,0.11661740970492768,-0.4269801117803396,0.16258419946187538,0.0774699996037879,-0.06158111064241813,-0.2620410393132399,-0.0781139879275686,0.015960828906499948,0.08524162431982663,0.20171739233928634,0.3326031034184193,0.2077640625815971,-0.42949724351592733,-0.2832268207963639,0.27562024638895605,0.24298645351469597,0.024770206213406146,-0.18859226138951543,-0.02275986628690466
203,-0.056331188666372184,0.047195237571331324,0.3106160525087779,-0.2562439910560877,-0.24943684181008696,0.17759592458597337,0.328360967572405,-0.13889922473684735,-0.30528139956501266,-0.26290310794517097,0.01686300769588304,-0.21627962974603726,-0.1528470577857601,-0.1810381829979138,0.12389705404949003,-0.05656527145020409,-0.23347623624642322,-0.38143055192272085,0.0957617182281314,0.0637955530437595,-0.09254803951503429,-0.2801279794995068,-0.013611083671463175,-0.17883364785059544,-0.2062243005736666,-0.03739858165913137,0.26749509158427803,0.05387955825249084,0.030925635571625074,0.10666292599486904,0.3544854303586076,-0.07170348196896864,-0.11396946598938651,0.36684469929786284,0.2926716615798353,-0.07283745375010162,-0.20825086040103696,0.23771842775081056,0.09745252133705602,-0.2710260422292461,-0.2905619988478216,-0.3240327096084354,-0.08580484421302452,0.0992678681700883,-0.28792462342972697,0.14064786768513063,0.26127656455907367,0.315989590145478,-0.1653089762393178,0.37875965720149246,0.14463787282950663,0.10608484659932693,0.9999999999999999,0.07855326434549874,0.018416292135985207,0.23629394995939548,-0.17129742780146334,-0.24013488438325453,-0.09136195525851362,0.0749779101813169,-0.24017712156532342,0.010605721116727987,-0.0629919370898115,-0.18101305201902995,0.323308790277597,0.10770963554141962,-0.24985393506624834,-0.20309355882434194,-0.1527919896405784,-0.22707595941999648,-0.16956802443846172,-0.31060110453944706,0.026183856160372432,-0.23328964406188796,-0.2190167555370182,-0.09863567760990088,-0.17632691355611566,-0.04743287663651042,0.06049856186049785,0.10247896919242398,-0.16194033476702985,0.2588817209430183,-0.05898446879803882,0.10928817263974977,0.22720030158690963,0.22199029380487537,0.2822123871535177,0.07835089606530107,0.30580108994441624,0.14057887880333034,0.08323692573203471,-0.24465174189597735,-0.1560482296733318,0.3794686845136929,0.00468123489066965,0.16591846114663747,0.04597207377560925,0.2991458097432853,0.15386867641073765,-0.1133907999416566,0.4494514715786314,-0.07509665150930522,0.18808175351399223,0.1338849506910747,0.04591534654366584,0.2535291959749708,0.3410752392260893,-0.15486537306504938,-0.024804814859082935,-0.10975649951711228,-0.11822777410885789,-0.009712839534107974,0.080317544722851,-0.2973360584522104,0.05279920102156601,-0.039757473765796005,-0.01767299335121586,-0.06231081274547855,0.11908990523331713,0.33675913894277065,-0.15110473381132397,0.022524031780382505,0.05016584676958175,-0.3550418524010629,-0.09463077425812881,0.07463883971879379,-0.15021969943203162,-0.1836894143738524,-0.04725521185104367,0.03180264719752696,-0.38216737454479055,-0.4248284582436493,-0.10595174431712558,-0.48124725149690667,-0.17485432463923584,0.03762236687609766,-0.04940811829788988,0.07539207651523562,-0.19940088928955146,-0.335580918298349,0.1334146962851591,0.4552792052022904,0.337877516222949,0.007257337830718118,-0.42086249462572467,0.04857331116888365,0.17513742231660243,-0.12644139204269705,0.119891126534148,0.12083175177676576,0.14564057502055203,-0.15959468202133548,0.11888047609676151,0.13751588854300026,0.12879067029772479,-0.23608455285103638,0.20328885666977992,0.024129352742103316,-0.06505061244886123,-0.2517176964814555,-0.015664983956541666,-0.0037729311926834167,0.018856681519482655,-0.16381471339988427,-0.09047281154787803,0.05683807919694119
209,-0.35816398448408143,0.10351949290287137,-0.22728176647222423,0.022278108310352526,-0.04676834962146457,-0.074778134245316,0.1563542157506925,-0.08973516685313426,0.02740448433615986,-0.1850071208222216,-0.1513630627274966,-0.19635360662276116,-0.094162473506386,-0.017488332166761,-0.07125411910930154,-0.1389308575412764,-0.17470562180136293,-0.06332577324112389,0.10711012217302253,-0.2407728621376468,-0.32091708050116796,-0.0743712268710587,-0.047875243214961914,-0.18459296819490684,0.0033198298110480432,0.140068171991767,-0.20048933837677457,-0.15717443203082243,0.20021579214985588,0.03344671215650297,-0.14786726629380156,0.22322904237406282,-0.042815989276109315,-0.11159645769264818,-0.17775310069135652,-0.25459926199979704,0.1206852497101028,0.030066536821520128,-0.12992591541605455,-0.11696692260859519,-0.13428406560540895,-0.15323110523988195,-0.015864348910000436,-0.03575285258310648,-0.2652215597612559,0.1232135548817742,0.03563666230029185,-0.0672314379612898,0.047648379436882056,0.07092358678722491,0.022328594174083286,-0.0426347596967036,0.07855326434549874,1.0,0.07204356860827928,0.0007802489746123432,-0.05880240057888681,-0.13326955121762823,-0.09425552057498005,0.12248160274678475,-0.03861413276657859,-0.012623610446602538,0.12979439809403456,-0.005676390461405601,0.13007005015864725,0.10367189235240329,0.04371426982412132,-0.1349343084067147,0.03935267265778951,-0.27153210748322065,0.26587013426621425,-0.05831978365027908,-0.06555860802067534,0.42099217236851755,-0.027278682032630813,-8.570657564810767e-05,0.04224483962365238,0.11105974132847993,0.1090208182540966,0.06369823677848765,0.25794184969376394,0.10097317361954637,0.05041261299359453,0.07714169791604213,0.11699460773102541,0.23007529726016424,-0.16240507021342987,0.050513180795470604,-0.0470830556536969,0.27142440663500894,-0.0765906251251962,-0.14690486063833022,-0.028362730220088707,0.1310072281886788,-0.0069923585890219915,0.10591114089523002,-0.0808734144599631,0.004913032313384942,-0.09438971226668064,0.11061703969401862,-0.00825389988203622,-0.06716927875489029,-0.05242585429151133,0.06404882937892892,0.4159533030658361,0.1111688026949383,0.17394251556097903,0.24009101534372815,0.06689574929574393,0.035616102820762455,0.020556517295694906,0.1522963205659273,-0.03120241272606567,0.05099250281219238,0.01179179538021153,0.0066310352108058445,0.22283076071423244,-0.19705647501042628,0.009545191749838393,0.05326177766057244,-0.08879401652267334,0.20858321658325188,0.12915484600596983,0.041806259208827315,-0.04320404534049499,0.22368120531180877,-0.02318845216583942,0.14936349759674197,0.3799203401395837,0.09760576250530785,-0.08470790028835094,0.043062046351051354,-0.1235323781488909,-0.21741783474279783,0.073584455594345,0.05773666158843136,-0.0932979182536403,0.028457354663261717,-0.14304058271498454,0.02685483952522258,0.08012416856949021,0.2484209176010328,0.07944060040272909,-0.05160852723531974,-0.14979817087819144,0.10635673480274874,-0.4003384538569198,0.19744338884963117,0.09182322787682305,0.30445471489805376,-0.18177325174608097,-0.18919477430626866,-0.0672717989756817,0.020480742327137133,0.09651745998419964,-0.18807194156650772,0.00632029895195908,0.1814460087202302,0.04202905861262183,-0.07107237602472179,0.03142642956245587,0.04512741479515758,-0.16287461819299073,-0.1496485971873534,-0.05145379038140244,0.15593477108978282
217,-0.12199501907243572,-0.13947636244977818,0.1382172526774079,0.06036757414415445,-0.033935408806276025,-0.1591265010901587,0.0814402684005278,0.11975264427572903,0.16733782810011155,0.12373519959925397,-0.13522803396802296,-0.04827354290883767,0.09683930760768512,0.20711399844472883,-0.07223598174573104,0.11024590505715313,0.18586003020897995,0.03071009772091798,0.023176325417516082,0.10868318131968593,0.01447343030560521,-0.09164493100157749,0.017701168110317897,-0.15665415945195738,0.09784879383984352,0.08822658406862614,-0.0461932937165226,-0.09407702318943842,-0.003941940523570787,-0.04617091189221409,-0.07074963244423228,0.0022444780744973903,0.11742404754886349,-0.17441703783328677,-0.10932581624644788,-0.23780389173373498,0.09283953161683203,-0.03731156389847525,-0.06634638476790237,0.27682675651589056,0.008702883595125816,0.09251639636307167,0.23385595339691553,0.0661712558188653,0.170049450969185,0.20510517024485386,0.004977098094095806,-0.42982431652195563,0.025089219456473386,0.078236409896401,0.06634404846625201,0.19074417198777138,0.01841629213598521,0.07204356860827926,0.9999999999999999,-0.07024795177482972,0.19065746590002075,-0.0943292365891427,-0.102192697967904,0.15262726029873241,0.21303604437048632,0.1626627904420028,0.1874917362286679,-0.04763239057949145,0.08915945122170514,-0.042183224620995226,0.08856092591052163,0.22396267331454386,-0.12014163462260712,0.03664514547295669,-0.012291705059528157,0.0054885257877594915,0.30521804862863694,0.23487270345208316,0.061820341578858226,0.5249774039907186,0.03074435177366808,-0.016356883376499796,0.10770298066541704,0.04423919317906992,0.26532733223774874,-0.09223629063527772,0.0392983422360928,-0.2330732960930696,-0.06808538246385175,-0.3352024660187096,-0.26412500189812604,-0.20872627481226738,-0.1457196592019129,0.0536250121744705,-0.12922326971600356,-0.056097693750632886,-0.07955356859662363,-0.2711863898840883,-0.007088500828680421,-0.07996927552666154,-0.18422434975969176,-0.1401566620929277,-0.053235555734228175,-0.2739365915895741,-0.16527044641272198,0.4475983467125451,-0.13657371755081524,-0.11629969479314299,-0.0038608997699332635,-0.15262658311418129,-0.13398013925113783,0.08002256476532324,0.04508031459058927,0.05722448169941217,0.28079827195701434,0.1153016152237421,-0.010012408267330488,-0.2204349259565912,-0.016667969695565752,0.020988499141452756,-0.05870291381090669,-0.28071361265030453,-0.26441589485825395,-0.10335585991199993,0.035024419598064786,0.15595781302566916,-0.04464003882604698,-0.05289983019471459,0.09224614424052509,-0.1141997350299282,0.06791097206411921,0.33036116257340703,-0.13680897802455957,-0.18977094945786915,0.19578124110474462,0.19830734488741794,0.11242821772787408,0.10067700506102516,-0.08658160655933746,-0.03314397732426913,-0.23531034104730914,0.11465268121794922,-0.22979774357269522,0.051111032817456686,-0.28727273486577354,-0.061647861808610815,-0.3246711163998076,-0.07220478857608015,0.06053703472511455,0.2554999583062105,-0.007629600417740218,-0.2711356895933686,-0.30511214911330364,0.2035335642734642,0.04639433258287634,-0.11533138023021375,-0.2536855253376698,0.22734967605442616,0.2988361482228863,0.04359564136811065,-0.16119304182435729,-0.0678266601633061,0.013301856170757386,-0.3106122118836817,-0.17746103167801858,0.22428639333482092,0.06861512723954381,0.18724560266150914,-0.012656510681270931,-0.1906962086244188
218,0.3014513119687771,0.06593560096175001,0.4401219865978923,-0.29754033798481627,-0.28596419682134766,-0.1267247451014489,-0.27787904059538443,-0.3021519497688516,-0.28826609115244123,0.11116537746085231,0.29797326742153596,0.18443908850210505,0.006806218425195594,-0.005305829556095226,-0.045933345731220473,0.021217324115243467,-0.27565333192727237,-0.3450749394048042,-0.3013922603735519,0.07475855614107076,-0.3287367942016032,0.008598655629019113,0.19307263829164903,-0.0034596454727162363,-0.45942073549929663,-0.25115432562914825,-0.2663076984377829,0.235893375360536,-0.008363637194498983,-0.2598303571455644,0.4770639542054941,-0.25639493394098534,-0.23350336598461588,0.05262085141280486,0.06144172125162987,0.08722536201586184,-0.38286906111897895,0.14100952202482714,0.009590104160518299,-0.4424333323196344,-0.12276653424158285,-0.15502483484817509,-0.19035549025397425,-0.028453775513624383,0.0011663110569311648,0.04851426761121382,0.133767523125983,0.3124795221512883,-0.24566544046581135,0.23819269009842553,-0.26978967912416935,-0.2034020252355896,0.23629394995939548,0.0007802489746123433,-0.07024795177482973,1.0,-0.056109859164106844,-0.009315200590085605,0.2858032991685414,-0.03290274649509179,-0.13378603079113446,0.058321316268867954,0.4107357928468023,0.41482067719031973,0.06434391197589415,-0.3639470211085085,-0.13437006179394212,-0.17352171566620908,-0.4057191126129215,-0.33834944262056355,-0.22242272687572082,-0.18016952739963385,0.008794507680539252,-0.10642102506416494,-0.16424944955869858,-0.08570462220359784,-0.10509138571454262,-0.06329331905837116,-0.32467972916964394,0.15285960412544308,-0.18638897959168652,0.25328837425530165,0.33476823146489487,0.13004554114693642,-0.10610347423987997,0.35831754320969395,0.24887108733644456,0.0014206522784133216,0.21259364369201553,-0.12747253090178237,0.019012419142074553,-0.3221216804436774,0.18052909867497685,0.04887872028903049,0.01234455937942959,0.3549254873268508,0.09170094022395853,0.3690007389274013,0.29981504380503193,-0.14293159699599964,0.16237155019126473,0.04249490032118455,0.41592999849011836,0.2669335221791788,0.11179122153718427,0.32871005977972423,0.18992544159678595,0.05345467147168487,0.29108968862314544,0.14601365995451984,0.15474649874073737,0.03925162423034682,0.04539949904841591,0.24624546058230615,-0.11162893300254573,-0.1933564351204813,-0.03608913123082788,-0.017006101444590402,0.3484293682441193,0.2767033519526735,-0.18499522035845353,0.04771819012959442,-0.2593294419061644,-0.13724245967912646,-0.17883654859007833,0.1754661694844031,-0.08448331279064529,-6.431553458762392e-05,0.030551296884429112,0.47348167983883716,-0.44449532334965414,-0.562355804587074,-0.2590637316512693,-0.009810320587708423,0.13876507281064823,0.3526612968366646,0.17034750638481605,-0.07552471973115793,-0.2835938025031755,-0.398924962612638,0.5752380521210974,0.41295225882131087,0.05901774760654016,-0.008755623280660459,-0.4143144161362933,-0.23549704216077066,0.2811659702835937,0.05781440753989252,0.19911840535473663,-0.19181522978324492,0.014403640320880835,-0.193791650120861,0.18125650399592108,0.1877643372017192,-0.28567793783403667,-0.402904160923211,-0.2709727200631662,-0.11221677614296424,-0.48384199226482144,0.0567867323621677,-0.07307497500920697,-0.19897793599780428,-0.23853561761229647,-0.3519489377023833,-0.13260590746249354,0.002500451219813175
223,0.14666519849854937,-0.07025679420127018,-0.26415955968593746,-0.006875504954659285,0.007185433830535334,-0.0959911935883778,0.0014699963508541692,-0.26726775956886883,0.1691121683761155,0.24612809359794888,-0.14976391309411397,-0.06614324764043975,0.19989958961419876,0.4132265166320028,-0.16867670353140618,0.028507670891503915,-0.17371389876834592,0.1270576402477855,-0.1556223204609738,-0.009928220736253884,-0.22030264388864,-0.02993993839911855,0.09528736603929082,-0.25241366310224156,-0.05127478854359242,-0.10420146445637943,-0.11044484832294489,-0.19126962599559066,-0.2700668992183671,-0.03370070812066685,-0.3360119924622634,-0.27712932006246543,-0.0904512452023889,-0.0433964552315332,-0.13685937282052354,0.0029425976176470046,0.054523291811016235,-0.2716621379482238,-0.09092935301391149,0.10446419167540501,-0.060616814795605836,0.31576157371118374,0.01997279727970061,-0.04784261624151404,0.0557312516291777,0.0174617051662681,-0.1626717967475479,-0.21764487966666884,-0.025428959160760392,-0.04042893140530415,0.21529525227301233,0.03062403462303921,-0.17129742780146334,-0.05880240057888682,0.19065746590002075,-0.05610985916410685,1.0,0.11916885377443921,0.24051251795319786,0.13484378229215946,0.070776909016131,-0.08107660413322632,-0.049060514227891164,0.12224873312318967,-0.14786153578335431,0.06735623310470452,-0.12303336410695857,0.41446205634207767,-0.01363678928124997,0.019932492091268916,0.182372322216362,-0.15619670605435132,0.0015011933873142935,0.03372144989015357,0.2812212432037708,0.11232513044940559,0.0735194007249563,0.0900310488073703,0.3183406757107352,0.04066426608607156,0.28842609630220467,0.11025251835355261,0.10244396801045645,-0.001857378699827624,-0.0830152493347214,-0.19344954734847764,-0.21229981137410114,0.07622867137749206,-0.2595650953798309,-0.14222337262262283,-0.28286515275777246,0.003651853788104116,0.1892629531444732,-0.2655133015306393,-0.08157938361333124,0.0749190484811084,0.2066024918366307,0.04691340877377132,0.18752529090788078,-0.22240087326433228,-0.40942541080583056,0.19994107663641214,-0.20450564763141915,0.03105511392746671,-0.091101740993073,-0.049913958176842056,-0.21964845450221981,0.24945715626168039,0.17922150395351016,-0.16459573717583234,0.26218329149426206,-0.005894814719644934,0.1707668291655194,-0.16775950973347092,0.18018328268364853,0.2913944109327669,-0.23440303707745216,0.02837772650443055,-0.029824756020719642,-0.17810178933359685,-0.025381927182349513,-0.13729046017611993,0.07284013643646364,0.050038593601091,-0.05254908567722156,-0.045114299886097387,0.4149737829898092,0.2049799759559767,0.025947646974592252,-0.06340335617177593,0.03208644259278997,-0.01674859835660855,-0.14938144414062307,0.19394063663330668,-0.13346637144140516,0.005047407948981553,0.05343470746120525,0.16997178639779575,-0.13957349153864357,0.11890669834401123,-0.20430134351514145,-0.05128449535046649,-0.2615471462586163,-0.10374560601469052,0.28481499523393755,-0.0954060469538509,0.021456535665799952,0.05538238742779181,0.08984987044637381,0.09664850799397597,-0.23822051490697993,-0.18857712960442516,0.10366131312977675,0.17542074327642826,-0.04013973577722988,0.02615998365890185,-0.239494861205003,0.16464007078757914,0.0012384772172476428,0.13839842326536986,-0.2085017222479174,0.016406481578749188,0.28189793417179937,0.2574797640402761,0.06587419948914532,-0.10302174640037653
224,0.07734520339800807,-0.011296829791207975,-0.15965447881171344,0.184817254217318,0.12388827255204182,0.008797518844635385,-0.252141397876593,-0.09778606159722493,-0.13246788029127604,0.052489888789189094,0.045137462565014025,-0.1486755257351045,-0.22102011109125608,0.005072866252995205,0.043131867046164556,-0.1042150119424316,-0.0190790568612709,-0.04824149306638162,-0.36902040592846913,-0.12079755032393819,-0.14492010756167847,0.03851399090185738,0.04501814865864125,-0.10249530685866902,0.13554975917770545,-0.07484711700685771,-0.14461096702258877,-0.01914666976890894,-0.2013771842773359,0.07062930913075066,-0.2506429987560625,-0.05281238119295779,-0.004278579486139701,-0.20027852522314352,-0.14156899031437783,0.002066898151721462,-0.00586870194521712,-0.04622611428355923,-0.3480060407081547,-0.05753691745866126,-0.24048012308860392,0.015221565162135343,-0.05296174774190274,-0.08901018575551298,0.08843944101091863,0.07409802110781052,0.008303962145580646,-0.039492290573330625,0.26761974567088026,-0.20422081005403264,0.06870604815417007,-0.13476778490834262,-0.24013488438325453,-0.13326955121762823,-0.0943292365891427,-0.009315200590085605,0.11916885377443921,1.0,0.35916964981641913,0.15514512152547633,0.30046305834100534,0.1355431089450674,0.045133790756650104,-0.12679923488271935,0.0727251854832194,-0.08652627547053211,0.23221223178887057,0.09474703219763049,0.17322796668124696,0.20546773839024027,0.2308596882487069,0.23057341738089276,0.12023999879007581,0.07878438403353073,0.133370628684848,-0.08272848393582127,0.004453592673847667,0.12546226988646902,0.08524348173526405,0.1338972601868598,0.20878670411887768,-0.14421257844926913,0.03325060450424074,-0.11622067271187368,-0.08873181662783342,0.015695620006103674,-0.06632620941038551,0.05463564382711686,-0.18215656990995635,-0.21843198870458208,0.012014372526528778,0.1959199857617444,0.008668993352637858,-0.21745490633287143,-0.05329038963804686,-0.05335658301750586,0.06113036922535968,-0.11678192366191005,-0.14625707453316822,-0.08569902318564551,-0.10692107632836154,0.18524139172007995,-0.15905232407629272,-0.11670532626380337,0.22845843610331548,0.16066874731924696,-0.06401973086412323,0.15150904911909008,0.2234028154784649,0.19058357979785331,0.2806207153888059,0.09707673637193091,0.20012310554850363,0.011604645440703953,0.07793014598107616,0.22208215961715572,0.061156053473307374,-0.04301239349103176,-0.07813651767081946,0.07514346900670646,0.011719759381164131,0.224553401091547,0.35085773570845874,-0.08284516521548232,-0.16527376553457246,0.3522124229836524,0.11835931199445479,-0.029757099568049266,-0.03712672422345661,-0.09881457371526262,0.11411431355035605,0.086140855824763,-0.18283144268470933,0.15431405186487102,-0.09739494332812382,-0.021953914733676784,0.10389128880054888,-0.01540923839356683,-0.04809595329099743,0.08588748555473529,-0.10834450988086033,-0.014049305198558161,0.08454670029484963,-0.12831300487815872,-0.016075419981139902,-0.04783764300510256,-0.0810384110521443,-0.09778767174091978,-0.21138449616648858,0.02511939180809939,-0.2967627436581116,-0.09138028967588188,0.008066331606720378,-0.0189773069735389,-0.14677858157483542,-0.038342826538180955,-0.04047560125177953,0.16934666944045704,-0.1301455406960731,0.04498584664585818,0.055785967978228476,0.027361794113300454,0.05571041081779908,0.12997722961550726,0.09824569368260642,-0.01320611250788556
226,0.08209106535017743,-0.11369886163354763,-0.05880941066378041,-0.03276912289801876,-0.1079963473419912,-0.25007735306305984,-0.3105890350695317,-0.335121705974401,-0.16030597579513653,-0.014372498822965249,0.05076019074804814,-0.2173860792162052,-0.03292544433297101,0.1713777427297243,0.051862631445049906,-0.22386065367345864,-0.3537604118329834,-0.10832543250088836,-0.39602716549884637,-0.34772780990179725,-0.362343284107339,-0.04121241927792272,0.0635755914279384,-0.22572080057563276,-0.19230136291638333,-0.17113059088473961,-0.29318783108568686,-0.0758761066517534,-0.37533513101108196,-0.17539026074530045,-0.08386068757892348,-0.10899753681975088,-0.01234550957067225,-0.1839953920422139,-0.28073521644118765,-0.10055100432530666,-0.16743485393352153,-0.16007255361623146,-0.14591843069654428,-0.33585970663956655,-0.4497220445245077,0.1228248743662621,-0.04590855763599855,-0.2301623098719509,-0.014616224347517236,0.21253450173046942,-0.03197945290124945,0.07818358365606565,0.18374129889418597,0.08160888534242264,0.0067073377214403925,-0.25738357935306505,-0.09136195525851362,-0.09425552057498006,-0.102192697967904,0.28580329916854136,0.24051251795319786,0.35916964981641913,1.0,0.4262033334370518,0.05215190770138331,0.16352031064358988,0.31095846273065764,0.04321409592496606,0.20288249932911354,-0.24265738508752663,0.09095625806899042,0.061994493962539705,0.07964829378282194,0.048957408546090174,0.2456159859478098,-0.09480088860926313,-0.17903045823971125,-0.15955758745104803,0.10851718863296166,-0.031100068606667162,0.1986519825784005,0.3147608365029438,0.03392487248646174,0.35048064016898184,0.1337349980009248,0.11128003604797129,0.5030774213347581,0.11178048928015537,-0.2690468778482344,0.1959671024115142,-0.039693703791640104,-0.08992781291272618,0.09384853829484623,-0.23529420334047843,-0.010069112831965713,-0.10497365380899042,0.07938534942873254,0.01389475579129745,0.2082273675808842,0.2303159933627975,0.2976631502791457,0.1983440621295329,-0.04019826867028313,-0.16979703874246665,-0.03899056487614334,0.34497099127043623,-0.11725893911675048,0.14568879536578971,0.34955960804372915,0.3239609776730599,0.21378047709543996,0.32716142163365375,0.5172046560903195,0.32073587404617854,0.518870099832891,0.1818871872957655,0.37163942215356516,0.15288172038569062,0.3018271185963453,0.1463700581322346,0.07155523972987572,-0.030439633039007298,0.12755979256124106,0.04815540707072578,0.05268903613788751,0.1541390974387856,0.3348760876264565,0.006186460445746115,-0.3638375863118942,0.3391186895508164,0.1860277676695175,-0.05542168251669461,0.10687507654120815,0.15567239752706383,-0.28495502447909443,-0.29150964049311356,-0.3331603800410644,-0.05153295528506599,-0.29600971815359134,0.1119887504579596,0.5080024491478415,0.1689897121255707,-0.24211405358556243,-0.25716029870874596,0.036401659856272806,0.18652864170314967,0.1279259161019363,-0.323551371802619,-0.008416540723884229,-0.2697874491963035,-0.07182644664410957,-0.07301651100037027,0.06201058381791267,-0.1012531422433418,-0.46911630763313045,-0.3762024271057648,0.04766551731917777,0.1462180503426064,-0.023015297789181384,-0.3450295255902469,0.06541103307911501,0.14373989926631311,-0.21036382606259818,0.19420284630144313,-0.1087950613603973,0.07037232618392066,-0.04806875525306623,-0.059682897335703346,0.1704216446741787,-0.12169531547138265
228,-0.10726512475689519,-0.016304088777764274,-0.17899837403125157,0.06015974517151002,-0.026111759724640037,-0.07414223906883549,0.11023063867625266,-0.07835031304221536,-0.05475090483192959,0.02414104552398848,-0.19249850307834432,-0.3685300732532682,-0.1685012941248452,0.25642665622213556,0.11426429464056025,-0.43551543461145575,-0.2315871779542822,-0.1685211504593444,-0.28228234698283944,-0.36717632021538493,-0.18267116847300388,-0.06675874930263595,-0.10189857363378552,-0.24688649316284603,0.09935531007390197,-0.024815474107950302,-0.004525830233032119,-0.32723611786671647,-0.3040997427019588,0.13789983651007554,-0.16162099190173676,0.13275090172039122,-0.02538978472879201,-0.13499099492401603,-0.23764419626075492,-0.2534140163295937,-0.0335613215801026,-0.19075241574349427,-0.2382221098738121,-0.09962991675624992,-0.4700139177693595,0.14328109305359654,0.24159740035603847,-0.29746369450381693,-0.20058959704593682,0.3913285162305456,-0.03619268672989388,-0.2809263212870583,0.32193898219404005,0.15576437423773423,0.24822132869948782,0.14554635932748455,0.07497791018131689,0.12248160274678477,0.15262726029873241,-0.03290274649509179,0.13484378229215943,0.15514512152547635,0.4262033334370518,1.0,0.2505561173309385,0.14069971488018315,0.04096420242523606,-0.2808645418986725,0.34983712349544765,0.24573004897315992,0.17132451277658348,0.10649831506205042,0.19687100306141403,-0.06408013317009013,0.18460876086857123,0.037910465788923285,0.143132198890935,0.14924337909041563,0.3938677771830408,0.15507108348127666,0.16957742315594274,0.17938164385718328,0.23852861677429188,0.10075659234347069,0.43010705767010704,0.17970692223417628,0.13455083633132708,0.1451465513847964,-0.048005465929200665,0.1005684138694271,-0.2135792031113982,-0.1222676293264251,-0.06827160321079193,0.05084683938525254,-0.045324561075328465,-0.14822033228171605,-0.07158222743358587,-0.2018234133696937,0.3380545215597414,0.1474013362887348,0.1335873025200554,-0.015724142183959535,-0.27401031219167893,-0.17184107217793776,0.11051515531961495,0.40427137237499006,-0.24003084740011327,-0.07983422665529635,0.21678605438823492,0.14224670522539512,0.010443307301292696,0.4532824144288011,0.3564102514282648,0.10118855934911729,0.44710331333783543,0.29768291584803036,0.2492832785152586,-0.19727189098591566,0.1708512892520731,0.3171451879865664,0.0170608631463535,0.008136049091827878,-0.2591255020364523,-0.08030015829151005,0.164484556873711,0.26540596670008787,0.2957817469553357,-0.12439083772889238,-0.15906949721712227,0.22905882427517935,0.33113109852034917,0.21190095255149655,0.09666380095737645,-0.09686617436971416,-0.05599088434860177,-0.12886731253678926,-0.12632838511675615,-0.22889221452879693,-0.3462586171563339,-0.1605242556779851,0.11060608920421204,0.3314107146599254,-0.350147735927095,-0.1168560144617176,-0.2783707611100703,0.12862466494796815,0.0586394056897276,-0.29488126910283785,0.027099066851631333,-0.007053915193153371,-0.4008136257850356,-0.14665512120565635,-0.1347928938364356,0.056629315306526054,-0.43283633256018084,-0.4635289056827547,-0.08667797871481134,0.044429500895908365,0.137393341247151,-0.28774036886062393,0.06573340107633874,0.2800785885131379,0.037759858876390155,-0.1275809167423793,-0.29176343356428597,0.30429746517407497,0.22683079341271398,0.08979486516610004,0.20368111144228176,0.03866752797622733
229,-0.2550731621001246,-0.11948373730648189,-0.20600120551389825,0.10040967954675144,0.048463925054875664,-0.26281579990114606,-0.1437006549503718,0.3108469089340998,0.19387235538515654,0.07629233486450465,-0.15520635321760046,-0.12294936510266442,0.08279812463183613,0.18489868219919423,-0.10021288296374183,-0.045442262617238036,0.09841454313828883,0.03792679628399662,-0.15255991785300563,-0.1360581372482436,-0.05067081257981671,0.08710743648347702,-0.12897698562949836,-0.1093515991023808,0.1918500693867216,0.14954077124834228,-0.32276587626097203,-0.17577435168263378,-0.041656301281712854,-0.04450161665012323,-0.27132728486090507,-0.02735498784428721,-0.08622321851664304,-0.28018862603632816,-0.2504854673220534,-0.2062921907430063,0.1813414773200253,-0.07980709202311838,-0.25791075415350756,0.3142566322652246,0.017245689356304092,-0.023678727308016664,-0.02167264413739866,-0.06563517300402563,0.18378016150814874,0.06221451013643958,0.030130358548796896,-0.3996645065877473,0.1580678916608013,-0.01769054379344732,0.011725223875825648,0.1389435273660293,-0.24017712156532345,-0.03861413276657859,0.21303604437048632,-0.13378603079113446,0.07077690901613101,0.30046305834100534,0.05215190770138331,0.2505561173309386,0.9999999999999998,0.027961981500906445,0.061916736606445415,-0.15155837525114807,0.05532164577252217,0.08428024448201821,0.18326769852789235,0.07588558760503962,0.005224336924177936,-0.06780702894760102,0.2428673023113726,0.18914878924385392,0.2605128913490756,0.24831594017358458,0.21967128274602918,0.23237961523683448,-0.1089423437711611,0.08089919293579656,0.2002675387675379,0.1135878810228398,0.3656534106814165,-0.10696344151062201,0.15820376342904763,0.06135278644095481,0.03190818028869395,-0.18133743010243333,-0.26899254515036536,-0.10981686778260459,-0.025469948004112224,0.04882319183362086,-0.04355729653646831,0.028303511940851848,0.16746488392522216,-0.21872421550834015,0.05736294007396872,-0.3365194842513682,-0.1507194101289061,-0.1949931542848399,-0.31645604331789706,0.014729120865024134,-0.15083372401524386,0.32367184038199986,-0.05493142658545557,-0.07468741163949862,0.06896719761452946,-0.15574477517113366,-0.33411994977414733,0.27821527931829254,0.05817269186005385,0.12755989602983545,0.39646886129469877,0.1307670047796956,0.013269232902907048,-0.15831814683671233,0.13465977613397295,0.024670537869297973,-0.03205942113641172,-0.20263208553152373,-0.37777027931967083,-0.18273953252313216,0.16469086830575408,0.23429695391578337,0.14114384427846255,0.06835771831845418,0.058422039521681485,0.05933850920882452,0.13583081484571083,0.18789640877138777,-0.17120004619177082,-0.3408246921309625,0.48680624727914756,0.13379099130330663,0.2067414613129611,0.17114239819013125,0.033523174160262806,-0.14291920055216714,-0.0652818174709758,0.06419108773026261,0.09042730026307144,0.2693203498178573,-0.169380024422606,-0.21644233183910358,-0.1732478676040514,-0.041659334013410564,0.3373924252014878,0.12067153766536026,-0.1462361012000351,-0.15329593640940645,-0.410265636477519,0.08429153489777379,-0.06809850979133227,-0.019678687132557507,-0.24858655087160075,-0.054256068352811465,-0.0262797148155161,0.06429691759434208,-0.12472498710618962,0.17852563178327313,0.24564636027381184,-0.04027294702301553,-0.2204708569647973,0.1364609288379418,0.050038779469377175,0.2514549996832442,0.14293165180658218,-0.1767789193862656
232,0.04447016993526544,-0.3058520244706589,0.1124553965272253,0.007792685573304165,0.18457010108374872,-0.016735543333384634,0.015166324619217138,0.10064708900188751,0.09326527285862406,-0.2530506638373238,0.03683830256023168,-0.15685448270608943,-0.23249821672985213,0.17517891993648868,0.18948752655065157,-0.17865232787676358,0.1284419839271834,-0.05660592347565681,-0.06621090078606093,-0.08775664564380334,-0.15581545185703466,0.09273339204856826,0.14921203189234675,0.13511087849788822,0.010065461577430507,0.17353670145335437,-0.18581470297327451,0.251524409897201,-0.3063679994520031,-0.2228883978384282,0.025471215310374037,-0.025694683340690763,0.11690362549423719,0.019850553852786723,0.17898516564895456,-0.19735006697644306,-0.14349473148153968,-0.0007276129322255903,-0.10818569038268923,-0.008051923639881121,-0.14929320594912146,-0.03715169038204563,0.06367619118990371,0.18159134459708126,0.2285945981498258,0.02346444142202655,0.2925083511352643,-0.10933790889233805,0.11071927050486653,-0.08669797217207525,0.1710502791863378,-0.03712562317895478,0.010605721116727987,-0.012623610446602538,0.1626627904420028,0.05832131626886795,-0.08107660413322632,0.1355431089450674,0.16352031064358988,0.14069971488018312,0.02796198150090645,1.0,-0.04450347445271487,-0.1341827005679155,0.03987877884350053,-0.06743649899395589,0.1200344783103922,0.13120558684903114,-0.021548693603167704,0.12290620963993641,-0.05857184759332452,0.45528788228571365,0.07923678211852392,0.15448416124203482,0.12489796338771626,-0.0024550110277630622,-0.019676153974747538,0.1833192414919674,-0.2642950335036344,0.02323098557501473,-0.05126530992508495,-0.32067478197149496,-0.06640831845662112,-0.3282407725292699,-0.22468637276784306,0.14230921472933575,-0.09639365735740343,-0.24993119670026742,-0.2308648346611677,-0.22864046435354207,0.0518785656857862,-0.23020847877649744,0.14865961522845503,-0.1438830976652119,0.15403513972679508,0.17197976828276562,0.19582933200490066,0.033502205883273274,-0.013303308772525214,-0.17471573385964606,0.12538611253247314,0.15626689800866067,-0.17183639631601255,-0.016599004851803534,0.20959646350534397,0.08307854264708105,0.17011191796289793,0.23846048506678613,0.14051161465242093,0.387256980824865,0.23839075731032644,0.1876783477299266,0.03783258956792784,-0.00763535746287872,-0.07493429276115716,-0.16178590211823485,0.012498027636199295,0.10877735705664157,-0.021615386936875477,0.033710798583230776,0.17521631128687992,-0.015110262540536183,0.05706709469910174,-0.1439158262754746,-0.14301062339045947,0.1596053434161297,-0.042481244354374885,0.18801970363216344,0.06588041307420693,-0.11320758944256924,-0.1797535560405225,0.06262808619870702,-0.04767211724995853,0.08842507787476094,-0.12730098855429833,0.05240800534083136,0.13091184620600782,-0.024372379583080164,-0.3922809460785512,-0.30600470160884125,-0.04301282729697282,0.00988303138294412,0.16221842569110353,-0.23076646300813336,-0.2168517404496623,0.263844355294565,0.14710175721912236,-0.26777680107189805,-0.043704155806192246,-0.14317363455459212,-0.18895585873988968,-0.0740626616644747,-0.03897670951392832,0.1316081306854808,-0.006305144940295582,-0.3756418612198321,0.01766987437802946,-0.18270339635025878,-0.23559571818169497,-0.07162770830038434,0.2599721722375603,0.10383779658208701,-0.17082310981753004,0.024416105768649138,-0.0275676597336326,0.045100745286106074
234,-0.024547615573881357,-0.03404108694749037,0.24290300127599118,-0.10145778993406898,-0.28624400553483514,-0.1135617265613994,-0.306296076357516,-0.02834273981504556,-0.18678354133022215,0.0742257626670083,0.17385094083475663,-0.009174394684294145,-0.031047545770763522,0.0651570487196901,0.060447964361812365,0.007626370605951981,-0.04476341075173716,-0.11302130555391525,-0.21520276350408957,-0.05716128782525058,-0.16436690355580946,0.08607154326395187,-0.03370772005561516,-0.07060801783111341,-0.15985016677184377,-0.14896067174681446,-0.20398118741425958,0.005152451230850491,0.06447388950769928,-0.2020963595986481,0.23196357874080994,-0.12269480675259904,-0.1583310254494449,-0.2175545395164285,-0.03480085676352394,-0.26484160150473435,-0.1757271979162984,-0.13436299517409625,-0.10462552662662626,-0.22316512206051609,-0.18571906361781954,-0.22296406344241362,0.035228474492279324,-0.10552140449301997,-0.055432987996818284,0.2506477193334132,0.04002651128725434,0.09416722944588134,0.19899998546265746,0.08198832423461105,0.030222683963014724,0.04167903637655736,-0.0629919370898115,0.12979439809403456,0.18749173622866794,0.4107357928468023,-0.04906051422789116,0.045133790756650104,0.31095846273065764,0.04096420242523606,0.061916736606445415,-0.04450347445271487,1.0,0.1293052744462026,0.0700803406114094,-0.34011050502545015,0.06714408490978359,0.035326427458081296,-0.19982689603189527,-0.11019409650794156,-0.07789981536497968,-0.1069027874335399,0.026254659442364953,0.044268594670783125,-0.1953645050391919,0.36292472437631784,0.17915886009195636,-0.08954659254554133,-0.17013546361454743,0.23674995638951282,0.038309759598926886,0.1757203270785714,0.32645175502429047,0.06994041303750895,-0.09814563351439355,0.13141629654708972,-0.014767383517585105,-0.0943508274177807,0.08805213008584546,-0.05058444566158114,0.07100853998240125,-0.10621572985614897,-0.11217839368972043,0.11641400174087164,0.12611163806628398,0.21288247811969624,-0.1374111647985833,0.11075880978661988,0.005129426590135629,0.015132104320933943,0.050881445614224814,0.10823061514901583,0.16850994448769818,0.10300894321774003,0.19396314642619547,0.07782340498456464,0.20479299992648492,0.09400681870175194,0.213896981207854,0.32280915949085853,0.14609500997923167,0.15068690904234402,0.19225931869386118,0.11978992012037339,0.17078668996494195,-0.05923514274622626,-0.04614544572232851,-0.15564094127913708,-0.0067621961764747236,0.21811456413120403,-0.10042614579549716,0.13555078503113557,0.0019178047063958957,0.0648802414984784,-0.17577007337713368,0.2522763788111092,-0.1349038381704261,0.07338820924899479,0.15287302931205884,0.08312093483008723,-0.22300794070413782,-0.23496534843268202,-0.08545966904419142,-0.17147060725811575,-0.02598843771612833,0.19230250057465148,0.20832018888208267,-0.02997327762042144,-0.22927557276452115,-0.1691050488505213,0.257663279986233,0.15263836363632247,-0.14978975142284423,0.0014760482190273783,-0.17406855074764946,-0.11279395192478688,-0.033598097105215635,-0.14376558619797233,-0.062480263382150215,-0.09025243877719903,-0.10736003792547501,-0.22052388599907485,-0.12886093104328797,0.1501366562719973,0.053273118359084985,-0.07403708076571013,-0.07734430593092423,0.08840576092971068,-0.17677362385875134,-0.0004582564644175113,-0.3187248046840014,-0.08582524511656543,-0.1472748740936492,-0.2730893078384367,-0.17047834079070853,0.039629188649891296
237,0.24791933120595464,-0.04064599553595163,-0.002805349232146742,-0.07802184627138861,-0.2193434467693073,-0.17981021155052618,-0.33715533437220047,-0.24737251653474496,0.11677207443932683,0.14791206908289872,0.2734661123678361,0.5347412605053234,-0.04255004933227989,-0.04390463224306776,-0.2826841364760438,0.1588004218890354,-0.19538342248902402,0.06306739056010997,-0.04516670852371981,0.11375024854933799,-0.09838909289714176,0.1747770588939989,-0.05862813945455535,0.14796420028547574,-0.2513211476467306,-0.14963311671251497,-0.2977332597370784,0.21724168290934823,0.179815505638777,-0.22571915528650502,0.08803669815733457,-0.20194999120133353,0.024926210203045487,-0.11234645539288532,0.02581918802070524,0.00022238966110768216,-0.23143763634965958,-0.0028094190522919846,0.11769540435874495,-0.06171068897746957,0.3572932885472405,-0.13540117522705333,-0.29593361221489656,0.1621976234517838,0.05058438623060169,-0.16214989257672693,-0.07792532913388223,0.21081441005159823,-0.21410279908518612,-0.01588931340539515,-0.32022554141476983,-0.20900237669355318,-0.18101305201902995,-0.0056763904614056,-0.04763239057949145,0.41482067719031973,0.12224873312318967,-0.12679923488271938,0.04321409592496607,-0.28086454189867255,-0.15155837525114807,-0.1341827005679155,0.1293052744462026,0.9999999999999999,-0.15563554028644982,-0.23822160849190244,-0.1813881643662683,-0.028904180286044513,-0.26083821197707036,-0.18349152510705463,-0.024711279763939734,-0.0655946789805991,0.004924228920813248,0.04138098769826816,-0.12842592716238263,-0.030837661709276487,-0.14837728646992035,0.03659228711872302,-0.13984744039668873,0.024053785651233454,-0.08540321410505756,0.045032223365297046,0.1367814054291072,-0.10502583506418728,-0.18331657955300185,0.04380294371313882,0.08919007833501326,0.14932179522413513,0.06318763413732281,-0.06181564771753915,-0.09055051461869454,-0.21943043223565076,0.11098112648214589,-0.038333690918386364,-0.17877546915497744,0.109062916696477,-0.11359543891704038,0.06918365625382793,0.163118320715698,-0.03274569070618532,-0.32741314911951913,-0.03027087332202712,0.2245979945900758,-0.020282116782738925,-0.029716536818196238,0.05248450055914149,-0.15538414986855606,-0.10687087726116654,-0.064291686897901,-0.08643437911620755,0.03805371190378419,-0.18393351959968432,-0.1659675199707601,0.38820516713156705,-0.18728463597152298,-0.15284566480079692,-0.11041453951944984,0.05653470537078969,0.3759849472421286,-0.06815531723983431,-0.19605264292590902,0.0009847331534097242,-0.2724318496059093,0.11983738144781877,0.10841045494302755,-0.16751331502943412,-0.13789756514361845,0.02918168975900845,0.01756675546836756,0.5436588246787513,-0.12642815702413407,-0.14189796566256863,-0.1466921583031333,0.20613459505493403,0.32001658903703123,0.32390380138234764,-0.01007983223974242,-0.0069127557627218904,0.11864998472938508,-0.00944022082722378,0.24992859951923535,0.057516929737826995,-0.23579655061040236,0.29476974431770403,-0.10296656953106954,-0.2145400161449753,0.23526857106587803,0.26999179126687256,0.13789655895040742,0.024390250876726777,0.11746421002505454,0.004441364631252989,0.06401283214080793,0.16822812783961322,-0.29493467405113544,0.0021721654602409116,-0.22946777397079493,-0.00963481294233265,-0.26556775687050044,0.25084820928927115,0.002253161924019306,-0.1738508637485468,-0.2700145684655961,-0.06882722727174731,-0.03301585182808703,0.029271966031834122
243,-0.3583113886687599,0.07684645404008199,0.004594389816422765,0.047337440627983854,-0.11223117567282258,-0.027523761771861843,0.15445511314451044,-0.046410052180644853,-0.3826418940333368,-0.002277948915107612,0.12304944284672553,-0.1552448242562475,-0.2147539677737919,-0.14052952219110687,0.37752071141376814,-0.3074769764882282,-0.1225025253315504,0.01773308341531887,-0.15640604888493245,-0.20203534331405676,-0.04740632850735789,-0.053688654002356076,-0.19783450589891663,-0.10374190461722713,0.04719187763206445,0.20828377174624843,0.1835808773717403,-0.09799771469931587,-0.049142979446159155,0.15359407852598317,0.07208876913046545,0.3145771735242005,0.11827499289338383,0.06051339093323058,0.01345500075483534,-0.16279817126329013,-0.061156730897902745,0.020840574909733144,-0.07796495942699598,-0.16280471598309978,-0.355662137230494,-0.14516255199722367,0.1573341729993133,-0.12268692274870213,-0.20453122640137442,0.2705827130512026,0.12746286544794597,-0.0028677871704158326,0.1579275059584824,0.06145486351269283,0.10575582346828158,0.03855382219454008,0.323308790277597,0.13007005015864725,0.08915945122170514,0.06434391197589415,-0.14786153578335431,0.0727251854832194,0.20288249932911354,0.34983712349544765,0.05532164577252217,0.03987877884350053,0.0700803406114094,-0.15563554028644982,1.0,0.037946933415207745,0.11973610610746424,-0.0671268355149366,0.23732465933657618,-0.25515728637842444,0.029627950084932787,-0.23776153671173622,0.06456063494653713,-0.15132358822574893,0.1455647128291743,0.1518981918502645,-0.029440552675658514,0.22838374414498572,0.08506275390320783,0.15418061591727916,0.1214858155447502,0.07163790927321557,0.030174000357767992,-0.08557305063112189,0.030951625475224374,0.028872190331972806,-0.062013292346727346,-0.13600464597519177,-0.012719933276890137,0.1482636877895571,-0.03773558931737712,-0.06057496806304456,-0.12068687321020329,-0.12288681772810761,0.015535680606075256,0.07824217289821284,0.07721320994161038,0.009219530137758463,-0.06751206123339898,-0.10960171185951278,0.32688412814605733,0.17374820760107793,-0.058641690274701994,0.0765805224736215,0.20162074262525903,-0.06763254360764663,0.310123141110782,0.010246147836745642,0.15178504520247493,0.06871176606478539,-0.004078425772889466,0.11536663190056229,0.1624703374032181,-0.1980513589265731,0.21994412810390587,0.11998528373284123,0.14563420269666902,-0.10267333747346322,-0.21115938708805707,0.14743554051807614,-0.09627329125524624,0.19779130606298856,0.21555765875239574,-0.12018163537010654,-0.024638609014588083,0.1550454297478021,0.16682602881740136,-0.05104624909328072,0.05360992839991372,-0.21419256338819337,-0.19246604706853565,-0.21972022914088235,-0.010151083698247378,-0.3290272295994249,-0.16049750540955812,-0.012517297036822464,-0.0009750746854357303,0.18574790114322415,-0.27553104804635536,-0.0342919843787278,-0.16884836221316749,0.08583093370733108,0.30528985386061896,-0.19620442687699235,-0.16642413138187645,0.06473816400108848,-0.21931122178785994,-0.15588684975088737,-0.19406013685095214,0.2696271244791172,-0.14047985237864943,-0.3576074552845438,-0.15153788765490345,0.15745070101101075,0.054867851240913756,-0.24867556073275973,0.12181584775678742,0.23511383524914994,-0.1072058908174226,-0.16459514152424948,-0.03890180099691695,0.21023413904706006,0.015897940564703686,-0.13840631925450234,0.1912690598097845,0.053648388260397396
246,-0.12867400099653256,-0.006814628461337612,-0.2690358977905428,-0.0170799421463916,0.17316998649860957,0.17861176681783925,0.31074186120949954,0.06349698947173225,0.07156790160604143,-0.09109477377781944,-0.39276533593622465,-0.03705198872482767,-0.024619985223489117,0.06327281358323393,0.06768631549882212,-0.2059427834443184,0.03716916838712007,0.036038813916480984,0.0832079092580356,-0.18569233041984826,0.21374955275506863,-0.03494613731185362,-0.3192200168813074,0.11711912210568598,0.13383745075697812,0.25915375085803916,0.15152325648041864,-0.32621965194824915,-0.06878814245470942,0.34188907037262134,-0.3122349678199592,0.07635810451648295,0.24062363612217308,0.10567146331569528,0.08952603426050594,-0.015026526922321076,0.17464526963102878,-0.11066190614738991,0.051179282727718614,0.037005973216945924,0.008129171871172727,0.1717941121414178,0.2419255330996133,-0.17975186694416395,-0.22442278031437404,0.13009078672702426,-0.01735144057606092,-0.099135478946291,0.1254205941141262,0.1265459864451329,0.2736568163395546,0.26945346520951946,0.1077096355414196,0.10367189235240329,-0.04218322462099522,-0.3639470211085085,0.06735623310470452,-0.08652627547053211,-0.24265738508752666,0.24573004897315995,0.08428024448201821,-0.06743649899395589,-0.34011050502545015,-0.23822160849190244,0.03794693341520775,1.0,-0.025652783039061336,0.016786206097040835,0.1398966004576318,-0.017918325657806062,0.06655897449854555,-0.042707971867979325,-0.10451516295684454,0.21586591168357888,0.12386518903635534,0.15246772017467436,0.1507132415575342,0.04694815121657538,0.19891322349283846,0.03534188676847843,0.20373153209093714,0.18496349763100917,-0.31721795214282866,0.06254061065363241,0.23813773682605505,0.07170670839587907,-0.17146534728715224,-0.016608022291308724,-0.09160961032114211,0.03143947645465537,-0.14852509933022104,-0.06175292856249145,-0.2204953589185347,0.0313761075628217,0.04976069182176849,0.030420133738786638,-0.03730055927022889,-0.11551320735413041,-0.0078597526097285,-0.05735218114149172,-0.04379839633371799,-0.017737068781214154,-0.17868071429947222,-0.14830397916155275,-0.12027121276900214,-0.06785084744316043,-0.13847724440396272,0.19917769157099932,-0.0988637467138174,-0.11851638941268515,-0.05149790919878183,0.34929712639225435,0.05706147328522838,-0.3306347822759494,0.1090736751293087,0.22116294935220393,-0.10727290206831916,0.015713913188086955,-0.04548453762559547,-0.11127268027578553,0.19423608264799427,0.030659695735952834,0.20429979219281755,-0.09700421146875957,-0.04061304104857966,-0.00455606886259911,0.047439352407724796,0.04858101235770797,0.14682126488803626,-0.20862072514716204,0.023825090233972737,0.08537524801730963,-0.06323445595161047,-0.20169623913455506,-0.07188324424731507,0.013546497914090664,-0.047391584144415175,0.19247301064720765,0.06825727004343436,-0.04733599862379718,-0.2981217024893812,-0.11306309369306117,0.03133155417724393,-0.06737527270377379,0.014246489343174648,0.17080871983981247,-0.2547557197190864,-0.0620357003376585,-0.12214694047460711,-0.028008622691669455,-0.27139360901514975,-0.20976780134472703,-0.045695061647829105,-0.2158350958742534,0.18159457013673383,-0.06657603824607712,0.04743349422288918,0.13972516803852886,0.24685317024617756,-0.08391206394056103,0.10393826113662137,0.28721184406370426,0.18818926915978754,0.04686540901586691,0.09426901846674729,-0.053191841353051425
249,-0.21890229815898052,0.10871787265405398,-0.0842201041944874,0.27373245209081715,0.3259449038881155,-0.1443265996780322,-0.09677012367333468,0.3216392624316622,-0.0321703132079017,-0.11576112490290945,-0.19389495212410526,-0.04729544656427951,-0.0655370458835256,-0.10193362427345509,-0.04205061513555421,-0.048456350807452545,0.1590024173505383,0.05518788062060054,-0.11397138742334384,-0.20463013196014138,0.1780796161047332,0.030574796110477493,-0.008611250305415754,0.009299012397768553,0.1756137479695473,0.16690215581928206,-0.15501213991591545,-0.011842312944682784,0.1434784971686153,0.13692178406252192,-0.20673727821131516,0.35602386728348523,0.21129550468900593,-0.40872601467865904,-0.17739848122846177,-0.04772920536879315,0.21552040256644514,-0.14430837353935097,-0.2473993378362045,0.18802932821735954,-0.05244001356908769,0.001053644991162937,0.20724990343834343,-0.36650361934723824,0.20939816623740667,0.1351711791754335,0.07437429910580481,-0.07324636727418946,0.3295057668153995,0.12732472079197896,-0.1927750207618356,0.16716325977688667,-0.24985393506624834,0.04371426982412132,0.08856092591052163,-0.13437006179394212,-0.12303336410695856,0.23221223178887054,0.09095625806899042,0.17132451277658348,0.18326769852789238,0.12003447831039221,0.06714408490978359,-0.18138816436626834,0.11973610610746425,-0.02565278303906134,1.0,-0.14708932802472016,0.24982399138359113,0.10324939951354309,0.24382617104815366,0.29192377084795795,0.10933172165923537,0.223624784622556,0.0652100340289143,0.1694080881915346,0.17480948787216113,0.19488699861714112,-0.0380910189964671,-0.03720360845434862,0.1721552408982997,-0.29665757610646193,-0.035676496991282086,-0.021956034677461163,0.15443522026813336,-0.024461949957335246,-0.3501076857829181,-0.2338710774603169,-0.30557584353409484,-0.06928728194031501,0.10669904104693596,0.10902849962763558,0.14259878611919327,-0.22638637323948516,0.05027957415251339,-0.050152482353466185,-0.23729623345130896,-0.2306061098312796,-0.44184236890734935,0.18108634999463832,-0.022958634879665672,0.35039124228722685,-0.03243043099962616,-0.04199694390836993,0.18697834073018213,0.12935722932465415,-0.21927837490609087,0.22642710055982404,0.025617523819915004,0.09836710276234698,0.14176546382049882,0.18448198805942143,-0.18445238634342945,0.08035015589988062,-0.08762784089350886,-0.07473407879477943,0.29986880417340794,-0.24352442309854264,-0.38043085640547963,0.0827825380408746,0.23425465066276796,0.22943674911617506,0.11371229476096781,0.18127847427314775,-0.012057176550007542,0.1572429404508745,0.10605044834254289,0.07586900517084029,-0.07249839228555324,-0.15114848638404763,0.3166064105453018,0.21707723569574858,0.10724134399943722,0.06942200523012623,0.1085925498770187,-0.02077405226170791,-0.057114701174498406,0.005456606552595357,-0.19113376018202846,0.17500908297857817,-0.011429989181859937,-0.21069561873923187,-0.11135560998571091,-0.2233844151488708,0.05876879604296548,0.24570358792249763,-0.2677118936580134,-0.062271278017124135,-0.34835892646931804,-0.130507116918545,-0.16087863153749857,-0.04690919823156758,-0.36272520461346747,-0.009849672711637178,-0.06000544491716268,0.049289342477783195,-0.09209331082554832,0.25709787566573405,0.0653184495716767,-0.0717496898218528,-0.2009132005450381,0.1625022438527267,-0.06996708156220521,0.1563150026749914,-0.22262375911701016,-0.03335314881298924
251,0.16219294180954724,-0.22181677562148566,-0.09315999515819896,0.1622875713534402,-0.10564886460576316,0.06702551556074035,-0.06835990217576524,-0.13163031078992596,0.2749655680813027,0.30301242718703086,0.10141219565011914,-0.11808637698581943,0.07318212594334808,0.4275782169489436,-0.1393232413796295,0.05422767610637924,0.022346990221422326,0.17109952333351602,0.13723339866485224,0.12993354154329562,-0.14164117541524554,0.1038669323267845,-0.08418299834032285,-0.003766528312558115,0.10665601032398435,0.16364372072783065,-0.10343931058657105,-0.20304648860337196,-0.23775463296440533,-0.012940603405618034,-0.24925191499355825,-0.25473990321076306,0.04144782883016327,-0.006103805972591057,-0.11963247071231392,-0.11174137856408072,-0.20286736855399706,-0.23589599277534684,-0.07156976031497386,0.26486759587213615,-0.06622210733194968,0.049569863334687846,0.009304453803194009,0.08963663476288945,0.0924586449425518,-0.10692856365400269,0.03598503782975893,-0.32963926667826565,0.09958793135315253,-0.1112759518148394,0.1757427897905941,0.06584223570454865,-0.20309355882434194,-0.1349343084067147,0.22396267331454384,-0.17352171566620908,0.4144620563420776,0.09474703219763049,0.0619944939625397,0.10649831506205043,0.07588558760503962,0.13120558684903114,0.035326427458081296,-0.028904180286044516,-0.0671268355149366,0.016786206097040835,-0.14708932802472016,1.0,-0.058344896795891305,-0.00987230618825092,-0.16040958324570273,-0.10925859747889052,0.2789983989505259,0.1103157880402114,0.2771207567971273,0.283502466519522,0.015150842466681391,-0.024947859830278116,0.15918599885648632,0.20182959174732892,0.30059503863839093,0.013945160177088925,0.16683837975737126,-0.15967282738259378,-0.290125094089355,-0.06445830498666046,-0.28304735280810117,-0.05713065345135524,-0.2703678468269958,-0.22492706103968996,-0.43539798098937116,-0.010204105510362289,-0.10350908676607798,-0.2902414262684633,-0.05091658534611737,0.07428724233626018,0.09639209897769434,-0.14527818030132486,0.22690279103896818,-0.1939699749037855,-0.24735967317633964,0.11219190255630125,-0.41890273737276557,0.015269510311839742,-0.24469171381301605,-0.24412375389271854,-0.07827615389806512,0.2082779475153073,0.14300536347528667,0.10101703117251552,0.30308725010947624,-0.03911918582989254,0.15047593528065153,-0.15468845700730657,0.007814744800652028,0.3587003063309893,-0.35259755740516385,-0.034480090308846106,0.051236918384010094,-0.1404284858494482,0.10990010626863844,-0.043111853254036964,-0.02687860965482399,-0.24851773677962744,0.07082324166440235,0.049387813666378504,0.2011488354916549,0.3653239266569966,0.058999818976537825,-0.18178943906278708,0.09024121854203394,0.12015978646256063,-0.1244727870826931,0.15737201069834514,-0.07419303851638175,0.07258728771056129,0.02681266910778709,0.19471048560423504,-0.16415676002102986,0.07753695675137807,-0.12479835708650232,-0.16184985357510664,-0.34509094995984235,0.036517752826653455,0.22527006810899877,0.033867708894167715,0.0779252886759839,-0.12922154768343327,-0.0570146559436224,0.07759749153950188,-0.03573891040701614,-0.08189331091216674,-0.06442671231735052,0.2028364174310836,-0.20113927833332326,-0.04684094753817762,-0.1354592842891345,-0.06800222365278623,-0.13689052344747654,0.042243617399378895,0.003788494536691129,0.08702844003155832,0.08182585695961525,0.22561247340568819,0.24473836875233917,-0.13342954627015774
253,-0.3554865964836983,-0.034045970563956744,-0.23331563247956966,0.3516649498433397,0.14069305027436635,-0.048801654362260125,-0.046617458303486105,-0.041244060938778845,-0.1011258511765324,-0.010532253521476208,-0.15309821087524272,-0.21693754042801605,-0.19502516866121927,-0.1819521935304546,0.3069384892889827,-0.381566784684795,0.14974319749915377,0.1490637986362633,-0.17667461521504163,-0.27094410979441813,0.20393022391623924,-0.0487958686935457,-0.1967292809346883,-0.24647726157231822,0.2738165608827138,0.10282567508942014,0.1655166411469353,-0.18235943612155547,-0.21496565923392702,0.22034978619239518,-0.16866786058110714,0.2698634109655089,-0.06445968217726837,-0.1390681862455337,-0.030900938884535642,-0.01807451771956731,0.36154709519887374,-0.2896972037277012,-0.24048264034555755,-0.07371602975476939,-0.21653784590255765,0.06883026245877705,0.1476350540489867,-0.24822580146117965,-0.1498608873950825,0.23499063997586203,0.09716480938015684,-0.052266257498697996,0.33183061252827234,-0.0631216653276751,0.2963524538515807,0.0933372661054968,-0.15279198964057839,0.03935267265778951,-0.12014163462260712,-0.40571911261292143,-0.013636789281249971,0.17322796668124693,0.07964829378282194,0.19687100306141403,0.005224336924177937,-0.021548693603167704,-0.19982689603189524,-0.26083821197707036,0.23732465933657618,0.13989660045763178,0.24982399138359113,-0.058344896795891305,0.9999999999999998,0.28749807285567736,0.25479595577833947,0.1533379829736683,-0.18894260618944644,-0.03033916421082065,0.1881199397622775,0.02733301091191753,0.17955608200000092,0.24885937775773898,0.2139934496082287,0.058392250809781394,0.08203096816695045,-0.17231500769487593,-0.07373917223320925,0.008605031156730503,-0.10820965676071359,-0.19384818289595815,-0.12255431285936842,-0.14471483460962772,-0.3617201807986646,0.12688114466407716,0.12836170481301826,0.302247932196549,0.03896564677765025,-0.14680629894557434,0.0812392558955652,-0.13073160719765414,0.09434238947805516,-0.3117919381725548,-0.22853723506649115,0.01961712214524741,0.003094118215558118,0.21362705015567857,-0.29754424441298766,-0.1341274330482578,0.0742161925099896,-0.06784240129935355,0.15595575112309992,-0.0696247683281108,-0.07744073065676486,0.15233685813704764,-0.036811396001003784,-0.023254612780014384,0.14409446014130584,-0.07317541651497077,0.13982623872027475,0.15840362384774676,0.28526650716321583,0.08802748580185678,-0.39247573995672047,-0.08666105653785391,-0.04245351836975148,0.027791369489328793,0.3991766147010546,0.20993346774790841,-0.022022913247922434,0.013407272983110705,0.18276041675332486,-0.20145647263790917,0.04435035086405652,-0.06742277751824824,0.09791340012973325,0.19383995599277898,0.08148820897706846,-0.015376999986116956,-0.2447314166241521,-0.2026552316689868,0.1158736138177974,0.18214832799596706,0.12427720934750523,0.24024986908487528,-0.49686523538194816,-0.23505677568145733,0.2706086477986698,-0.3734717644761467,0.21444675966615628,0.11304210914756131,-0.3632227949185175,0.0010166194569859821,-0.04422986360660973,0.09379876354290131,-0.19593810342364926,-0.00981205907424805,-0.14131558382446688,-0.12266383477884162,0.16090149016456484,0.08420454165242157,0.36431820456386205,0.34485285489398,0.15483649865893995,-0.05037141543310796,0.12521741582147078,0.20745113445211355,0.10599818375120372,0.07439186067905103,0.3489028500712167,0.05268628207629999
254,0.052426466916162824,-0.2543034256927446,0.12154995890107856,0.2496456485400633,0.1408894216890093,0.029958302351531515,-0.10445774060439793,0.015278112059918504,0.1464343376829822,-0.16098638260743448,-0.03768455222929459,-0.03149420694615733,-0.11205416802332423,-0.12089316325216416,0.12739494413839858,-0.06217651613319153,0.2992442851687849,0.09054817374288962,-0.0059380698078145035,0.14267748237899447,0.31573818353216404,0.0753499491145953,0.06381089851059069,-0.009102132977678345,0.05498696045641556,-0.015948927620456854,0.13213929777758288,0.18420815824158748,-0.14171405448807337,-0.15355809372112297,0.023519773104010735,0.07292558773697592,0.09154635234021301,-0.025287313584741587,-0.08976175766815951,-0.04329796838115097,0.16598527332758303,0.02258123443856087,-0.08356668042588832,0.05227625853195395,-0.11383182157999863,0.16420043075012888,0.3717552200575417,0.05770230507930624,0.27170969974034714,0.044737762097831105,0.07168884180332362,-0.01910013889215877,-0.005314892492433281,-0.07318801970363287,0.17198120348498072,-0.01296010324083149,-0.22707595941999648,-0.2715321074832207,0.03664514547295669,-0.33834944262056355,0.01993249209126892,0.2054677383902403,0.048957408546090174,-0.06408013317009013,-0.067807028947601,0.12290620963993641,-0.11019409650794156,-0.18349152510705463,-0.2551572863784245,-0.017918325657806062,0.10324939951354307,-0.00987230618825092,0.28749807285567736,1.0,-0.023505421806618434,0.2587301125532133,-0.26250393056859633,-0.14042871749701277,-0.11025591241394624,0.02020878723246805,0.13520758033389166,0.07936748079289213,-0.09113938362174903,-0.2123704766912735,-0.2515321660234002,-0.08520560711860241,-0.11417184863816981,-0.15187506046225216,0.03242625146624083,-0.1847648297496819,-0.028565513321192892,-0.1226369941045766,-0.11999830251305124,-0.23145876001590499,0.2360315482348745,0.42404744810193257,-0.08747700080298194,-0.05955346798544381,0.02418727988379302,-0.06920092335285652,0.12273178419803085,-0.05037454308053476,-0.21657062039242125,-0.18136957940946227,0.1273233430627674,0.05965330526575175,-0.1682217090654536,-0.15959088405456814,-0.05008407935675917,-0.04955741407926555,0.025239883117895587,-0.14743043377079845,0.056426160378046424,0.2678968761960298,-0.05960291078541211,-0.08647615557943907,0.04069843116805617,-0.07482626862691939,0.03536704906792901,0.037916634563947865,-0.08117340304479016,0.04278461568896022,-0.13310520389476416,-0.23817133430351967,0.1677253397467964,-0.15207707193071676,0.17187840812049637,0.07603022062275765,-0.03699990004412564,0.044589127409843186,0.14201591531668248,-0.15294956385557815,-0.11583536493895791,-0.16814775891465747,0.038433504753871146,0.1489565878050191,0.12963779227277844,0.04974343080658547,-0.20735844387454713,-0.03308871678453108,0.008123008155641192,0.007585159713526962,0.017483657683477073,-0.09283541120504475,-0.15167653165317024,-0.20258243441835358,0.06179579719591123,-0.2297743158577278,0.15792316439649765,0.06769605467243975,0.03315116800511759,-0.10252172416807094,-0.03784148927014108,-0.23822052491446857,-0.041889783951514645,0.14400585847209255,0.013589792182846236,0.02744838485443685,0.15637900804339386,0.030737799974124003,0.16165823195071788,-0.1824453298649469,0.14569953650837172,0.009081452514846903,0.014317889935055632,0.09663378878137668,0.044737483489074595,0.16830636123920814,0.03206026524305425,-0.023099004759671016
264,-0.3709897877296402,0.256779389644335,-0.3605601741440858,0.05336463459986411,0.2667469965284908,-0.1617826934703067,-0.08092479893259467,0.056616469157505386,0.01681796361582628,-0.016634654985783186,-0.26761096963640885,-0.2683712830994768,-0.07367696713607748,-0.07491919470098361,-0.09200231717166477,-0.1899525699306945,-0.08838256326269497,0.07615129010267455,-0.15867302455310972,-0.444238724447459,-0.06998927395181855,-0.06420415705074023,-0.010630118063690748,-0.3401931464906153,0.3144624020062066,-0.009001220249976878,-0.24033417652522546,-0.34606476608694847,-0.0481701737091655,0.11662912851776583,-0.4355499543109287,0.22490771339683796,-0.038559587327812485,-0.4477064297931935,-0.1830110341100037,-0.09067358877497861,0.23437971868169277,-0.132949703802799,-0.20083276923576668,0.09654894648887138,-0.1694985804017262,0.040509717029604715,-0.1840178716007334,-0.1804466566329713,-0.13549319263471957,0.31921164647811945,-0.1478593517850482,0.009628962206845722,0.2327332519377199,-0.06287800961073962,-0.009822356186639776,0.0018950936682155125,-0.16956802443846172,0.26587013426621425,-0.012291705059528157,-0.2224227268757208,0.182372322216362,0.2308596882487069,0.2456159859478098,0.18460876086857123,0.24286730231137257,-0.05857184759332452,-0.07789981536497967,-0.024711279763939734,0.029627950084932787,0.06655897449854555,0.24382617104815363,-0.16040958324570273,0.25479595577833947,-0.023505421806618434,1.0,0.14683018213845092,-0.06951652448274422,0.20874839569396095,0.21959225284405914,-0.04057826895115375,0.17245775431979668,0.27422682884445077,0.29372960175994317,0.06583718743956718,0.362673900826964,-0.10104722029125351,0.07002349315124587,0.19210478366108663,0.14165959865242445,-0.11405185788228214,-0.18224401350632677,-0.033178209252877525,-0.04484909955049163,0.088840491049007,0.023601234515767,0.11940683961938692,0.1719012834401117,-0.025122820492818814,0.07580033988407504,-0.1824513898562151,-0.1507681760754997,-0.1946641327351944,-0.3670187143562664,-0.007185939481314497,-0.33893443830775294,0.26010682299022075,-0.17470807809500025,-0.19538433386444998,0.2598376933154343,-0.05931497979777664,-0.19679665635025678,0.12867324995706422,0.056686813367229104,-0.03077260000436809,0.1754310231468246,0.14548229953276423,0.15968833573518745,0.18174712070634724,0.20756833588484155,0.0507478410814733,0.16921907139984718,-0.2009753121771196,-0.20356356797952702,-0.2770917092531514,-0.09366266133654047,0.2526863187851863,0.4106110283345493,0.1320511047323256,-0.08309888702082648,0.0025540383835684186,-0.047234654810909875,0.062458686390527186,0.0986075455472907,0.08080315212240005,0.21228988971931634,0.22223188487922277,0.009510997824471745,0.05980239472044659,-0.156694065496603,-0.037645196858268365,0.06370933148482263,0.2461769984100421,0.15670503144345332,0.3300277175962681,-0.3280030366337361,-0.005018570082099454,-0.014021851489126873,-0.033536483989256766,0.16693151064772171,-0.013088585859237957,-0.5052291981623249,0.25335896703566957,-0.09923015378175906,0.23461014128503785,-0.32412501480645467,-0.1636484946881603,-0.17149284548588478,0.032729624212502625,0.26257639882819983,0.24601443219446942,0.07661685084086757,0.3815481444907666,0.20091054410955114,-0.020081304169670272,-0.12548980656476227,0.06137513952433881,0.023057076527251294,0.2685953785360638,-0.02356120092800894,-0.01606952871894669
265,0.02438741824216888,-0.2259621347720674,-0.11773122995087257,0.1285533534142258,0.23852810297585159,0.0016873993881917888,-0.17062257095458513,0.3611005293697613,0.30826649953161556,-0.0646072162001058,-0.17114435779334605,0.04767061591007718,-0.16175139346571552,0.09205303616421823,-0.0016002414314682098,-0.09438736998120671,0.2805165755698125,0.05205974644128972,0.05197925781087356,0.06640818617635381,-0.05077675804689486,0.13937839549576994,0.25375068395900774,0.009346855353383518,0.2535252284587293,0.12830420520451605,-0.23348211753266568,0.24618090230457532,-0.07952433081171215,-0.07122113342446117,-0.22632101172353075,0.22799372063080448,0.10164539517445109,-0.31934240611071396,0.14880628580327077,-0.0892244199835064,0.11265267204519856,-0.08109573411181717,-0.26162999162389855,0.27746519558500415,0.12787237679155303,-0.040828856567950066,0.03086841762427447,0.20887853382977137,0.3431854428093699,-0.08153362088902587,-0.02701021739338835,-0.1743004421564993,0.2968277185222529,-0.22136081260629142,-0.028207481291856948,0.13504856597431428,-0.3106011045394471,-0.05831978365027908,0.0054885257877594915,-0.18016952739963385,-0.15619670605435132,0.23057341738089276,-0.09480088860926313,0.037910465788923285,0.18914878924385395,0.45528788228571376,-0.1069027874335399,-0.0655946789805991,-0.2377615367117362,-0.042707971867979325,0.29192377084795795,-0.10925859747889054,0.1533379829736683,0.2587301125532133,0.14683018213845092,1.0,0.19725955414765825,0.24162889869619483,0.1279817134873835,-0.11224398304228068,-0.052768382766018425,-0.07699728956040505,-0.17428081062331463,-0.14325506212248135,0.01959990601340837,-0.4326077029530214,-0.2106706803976045,-0.2310359289532544,-0.10097375589595216,-0.22861216006784085,-0.20772644168891996,-0.19703608831366193,-0.19462719147178698,-0.04638368940180255,0.3432087432613501,0.09513724019340165,0.08622894568016293,-0.12687081993028457,0.09663096922319284,-0.05228114982367166,-0.1275524848000512,-0.2262565557666659,-0.4358962445412085,0.07500480690474856,-0.10895521254793476,0.14724169337835627,-0.07339197037656522,-0.0678812685098584,0.16846661082777178,-0.06781639611445778,-0.25462061496372934,0.11722746354931261,-0.18005875554224735,0.1920120779317012,0.1572576397451286,-0.018272684712077256,-0.23726051812768958,0.047705304924328014,-0.17280053299728984,-0.22406910930672977,0.14890899904365348,0.06758252642572173,-0.1461578196145203,-0.09822428808447865,0.09828855447954843,0.08295349687806267,-0.004382900137704418,0.19398393759424243,0.012609695491020385,-0.1290027980271698,-0.01641476802990884,0.16967615514800224,-0.22515218736698508,-0.2063681358984431,0.20135836231412824,0.2979433187892844,0.15338808509681523,0.3158284362069707,0.16010102828527253,-0.14559999200108717,-0.10227619067657985,-0.1723487593880129,-0.018493083891301023,0.1887147468464006,-0.1605446054672563,-0.18555343804691893,-0.07155040376906027,-0.15500768185802888,0.08354960578060047,0.24530964661902496,-0.056439122207618375,0.10242313676876422,-0.18694495214485168,-0.14572676118252578,-0.10778025180416961,0.0979403701237628,-0.14626449690812332,-0.07462091487459878,-0.020330047793144183,0.012064912096133317,0.1611153854608225,0.07080306177852329,0.09954593755679142,-0.004734067735783416,0.008213484447133173,0.054162850180708426,-0.057671506654908306,0.24946559633101106,-0.05827640127907358,0.12658840244433134
266,-0.07193926898982593,0.11714755421748292,-0.09773580213505251,-0.0008123060498730525,-0.02786460804512,-0.025274771943619566,-0.05905941541946361,0.20127918774808018,0.07178631200208448,-0.04224474364491148,-0.15665183840113003,-0.09555714646619944,-0.12587968265935537,0.05666912857067568,-0.10948865874225513,-0.04396831371248783,0.0006460455580473962,-0.03184388204617256,-0.05740516528855022,0.12290609496539474,-0.10304512744837183,0.015851614935891864,-0.04005872086630206,-0.08667468659659422,0.16761981419073652,0.030931025685531143,0.026249959719252116,-0.09452779834225565,0.07463401589330866,0.10506533457532363,-0.1855543817294381,-0.052520673496201896,0.002244798189915726,-0.1573540262553201,0.03098116232987992,-0.28945748451600756,-0.18927702061483825,-0.03219798221975661,-0.28572396810047357,0.22989829998014472,0.1054792683183883,-0.14334434071113164,-0.15117373261675332,0.01628856181253637,0.14743923489293415,0.0718629239232295,-0.05950779780939996,-0.21134483974277515,0.20289855327875414,-0.059072057573692084,-0.08579615210057391,0.33277845079898205,0.026183856160372432,-0.06555860802067534,0.30521804862863694,0.00879450768053925,0.0015011933873142935,0.1202399987900758,-0.17903045823971125,0.143132198890935,0.2605128913490756,0.0792367821185239,0.02625465944236495,0.004924228920813247,0.06456063494653715,-0.10451516295684456,0.10933172165923537,0.27899839895052597,-0.18894260618944644,-0.26250393056859633,-0.06951652448274422,0.19725955414765825,1.0,0.2961627331001231,0.24790473539799215,0.1979701575882082,-0.2556946292964704,-0.09309377565774278,0.10986172499148997,0.02217454861252183,0.3169508231601644,-0.04227843745342941,-0.024370106077932135,0.09612375430446811,0.07346105419215285,-0.12101940204135174,-0.31995528454995487,-0.02791781320930917,-0.1582324519722572,0.07542102343004328,-0.12097928425798639,-0.03672093880755024,0.0038903340335864635,-0.192176976074889,-0.03678449614947246,-0.042204661626681385,-0.2942867936200689,-0.1864545657395363,-0.13639662240729925,-0.0072865324288435476,-0.07447589128503876,0.2617541678563658,0.013333258271594012,-0.09095330064809211,0.05434214187880332,-0.13210250120223982,-0.1919452113388668,0.11303773344321125,-0.06821676998735565,-0.09623515941113796,0.21490955832956168,0.023107647930999488,-0.07763936828969978,0.03187799983030185,-0.2383482812024264,0.1788117053521531,-0.008559740639319177,-0.10120105389415615,-0.14235026711238422,0.09566954737572732,0.028073954446979587,0.217521414365693,0.00988403818248914,-0.2735933892780717,0.2095573359075838,-0.014963368120421362,0.04295925426404883,0.26665018487770337,-0.12230155421515176,-0.18152554641616736,0.2961838043695064,0.12344863495942011,0.09076434641630073,0.03223128466481524,0.08565560511862123,-0.14347511348654643,-0.11883375241345391,0.016484228820133135,-0.06010972899312448,0.17771835136216677,-0.07741381313196428,-0.022204051860224255,-0.3270010946695225,0.068829540126401,0.03729700362296002,0.1462574978490805,-0.005897809567938604,0.047907551140398096,-0.22398207009788987,0.11189608706025538,0.11426310106201423,-0.0393697043965879,-0.1842954289489676,0.1444427148783127,-0.1495587591938391,0.0795276317774613,-0.04966670662790024,0.13012454573673268,-0.08846719805179676,-0.08207162960296709,-0.17900128664188367,0.016541838548807575,0.2105793244723996,0.09238631991515178,0.032512926839037046,0.07751436569136205
270,-0.2099107868738226,0.027581856531251964,-0.3472303619859764,0.08972701242376932,0.03429248424927501,-0.11523203044923223,-0.09636783913832173,0.13326692340957863,0.1229830590446434,-0.026373617474347823,-0.21604609717900683,-0.09015990936318967,-0.2792025555832107,0.06944627709200821,-0.35593805923891647,-0.0327036772426471,-0.0845159113184173,-0.11688621231460755,-0.06249601848615593,-0.10010088664920024,-0.22655026248189195,0.23632242866005693,-0.12203912577357541,-0.08801436852680883,0.18637045039554054,0.20612795657875868,-0.32882482935525614,-0.15538291879434984,0.09282250550877431,0.1331985917731905,-0.295886010254011,0.07308401595000456,0.012275919885666139,-0.23752881284923216,-0.2330982019208047,-0.30295729166524216,0.1217967682573144,-0.27146797764783653,-0.34976588571483763,0.16223428971986467,0.09506758722701142,0.09581829462333907,-0.026329231502415878,-0.09593166907335572,-0.024100494535893663,0.14518818502759429,0.10492525589052047,-0.21334666421176657,0.14380736455388218,-0.05243831888736879,-0.11723787564422136,0.11896943861568039,-0.23328964406188796,0.42099217236851755,0.23487270345208316,-0.10642102506416493,0.03372144989015357,0.07878438403353075,-0.15955758745104803,0.14924337909041563,0.24831594017358458,0.1544841612420348,0.044268594670783125,0.04138098769826816,-0.1513235882257489,0.21586591168357888,0.22362478462255603,0.1103157880402114,-0.030339164210820647,-0.14042871749701277,0.20874839569396095,0.24162889869619486,0.2961627331001231,0.9999999999999999,0.096184841629584,0.10863836529839453,0.10389548585862528,0.1474908521381586,0.27768166477273387,0.1866703806421732,0.471573206681827,-0.1423080015939437,0.047524980429962935,-0.05183793612891066,0.14943471727109922,0.20952508332226616,-0.4604460630187196,0.003911148770524853,-0.30814319044022254,0.13948227888025053,-0.2720809507958032,-0.1424781473599654,0.030992775267329953,-0.14283092406188103,0.1326737923170658,0.06446253062373006,-0.16630526237894208,-0.142150223929237,-0.2704869847320068,-0.09687155868658053,-0.27027854742506563,0.19966982272965722,-0.2715112594083382,-0.1588507787819363,0.2804740424883164,0.0344534220422447,-0.07994403854566441,0.38876305831715047,0.00848609769446884,0.049295329021671296,0.27508859951334397,0.32949802160303704,-0.06513403964524725,-0.014249714968934648,-0.12007503153121077,0.07541895706737264,0.08342953181739206,-0.17718849808314538,-0.10165290283943221,-0.11887973872443235,0.17109963367586786,0.36730320347445466,0.03990593268765097,0.03315656131334389,0.16882862536101872,0.10458976741156714,-0.03140697797275546,0.30170852829267963,0.12056163342032451,0.010877501852088682,0.15954548875867228,0.24637193114638362,-0.03855430341404949,0.01895503709688455,0.22842537132454696,0.06094481867613486,0.03166472241359234,-0.09819160414962151,-0.1203219044513855,0.10608329907209994,0.0008305838515484744,0.004262167736129042,-0.1573027546680763,-0.006589784787623748,0.01382163173065936,0.2097622818194973,-0.35229477514776797,0.13056754892733877,-0.128122382807538,0.14269289136675503,-0.1294615686470782,-0.05478242864273033,-0.3157078662652141,0.07615919379930569,-0.016576915187212864,-0.028546601763667776,-0.13326200988759004,0.09320157512400074,-0.05206734790337484,-0.1298431974523235,-0.05639317015903049,0.013795628465610601,-0.07599298326843995,0.03178138659167727,-0.03168150593234455,0.0697207143423349
272,-0.04106691210499092,0.12990767716292406,-0.2870960378002207,0.10579863494399647,0.2436034422620414,-0.09683613910494124,0.020029712569037086,-0.0015178752909208264,0.20195824702739873,0.1680261411476662,-0.13573183196490018,-0.060332903023625435,-0.06011808694953262,0.057363838466872416,-0.0036254769313795,-0.12469213276322694,-0.02262377008427754,0.18783708718362543,-0.12468575324912151,-0.22547513949355347,-0.06064330153057173,-0.07692137660763182,-0.09309516163182385,-0.010883381794003624,0.19454375323426115,0.03672713630628279,-0.13857672952197622,-0.3927606184944319,-0.2639357541221339,0.11529236144918638,-0.36789719678031824,0.020455505080486127,0.033309861314508415,-0.12566843901801733,-0.13627374907516648,0.04768272656099572,-0.034816845253866385,-0.1661616593893807,-0.12445414968402288,0.14201059534086838,-0.12086041804875482,0.08750318575364291,-0.030593245796912947,-0.325304063385032,-0.05296617237641949,0.0577864297141124,-0.13092186324585414,-0.41034315706076285,0.2979267997536365,-0.019061690677161614,0.034873514755062944,0.0605671123818842,-0.2190167555370182,-0.02727868203263081,0.061820341578858226,-0.16424944955869855,0.28122124320377084,0.13337062868484797,0.10851718863296164,0.39386777718304083,0.21967128274602918,0.12489796338771626,-0.1953645050391919,-0.1284259271623826,0.1455647128291743,0.12386518903635534,0.0652100340289143,0.2771207567971273,0.18811993976227748,-0.11025591241394624,0.21959225284405917,0.1279817134873835,0.24790473539799218,0.096184841629584,1.0,-0.045892380026970735,-0.056197412747622195,0.10708667015111627,0.20773614850255445,-0.013433610748028216,0.28415684065721364,-0.05301403067198595,0.06717576768053692,0.03410924384988457,-0.11898310072908938,-0.10448697000762557,-0.12084011247312064,-0.01612395338444885,-0.24860390509712507,-0.068911562466683,-0.2627621760067923,-0.036892347152959734,0.08999226220156045,-0.2333625312972221,0.027158683779653855,-0.08129788908695282,0.04054520470613787,-0.12627598363659653,-0.08879815645798063,-0.09905138327009212,-0.18973628461018174,0.15778965730006023,-0.13976384978067385,-0.05725103547334119,-0.08809029498405473,-0.11021899777117525,-0.1465555940892423,0.26436530669989794,0.10229150207085572,-0.04792425973573446,0.23494752454048973,0.09904002533689552,0.08696156963352995,-0.11340927137109247,0.011541314796787964,0.3181464130193424,0.0408634213960528,0.0733291507712409,-0.18286545162549425,-0.24148170062419336,0.10365193662407331,-0.08125215159884595,0.12174975023024964,-0.04778909498669993,0.11894733032656606,-0.014243241227485612,0.25181591270158826,0.26339930421640734,0.16963511726281447,-0.07690039489354326,0.20346752908249813,0.18399570298682316,0.14519732683542444,0.178285575461584,-0.09601406408907912,-0.16878121047625538,-0.10397813284403333,0.22331569411614038,9.547911454486033e-05,0.2914184458398616,-0.3152276967656766,-0.20805558377632555,-0.2183459820107169,-0.19592761479183757,0.19675049064730296,0.15219723202438828,-0.1575791019648253,-0.08836799646959877,-0.05918993489237996,0.0779417938424737,-0.1813460818380611,-0.191805211737513,0.09547986930348368,-0.12293566921413956,-0.041865690795786656,-0.05139789748563722,-0.07885113508159346,0.1999096562306222,-0.005412669270744595,0.07848887047447292,-0.03658647290086845,0.30589788210416274,0.09585929983540983,0.1809133898318302,0.1933532705165314,-0.0968791134518825
280,-0.12242136432849136,-0.12486638103072342,0.05504925616704794,0.05944461099670617,-0.09786578652758529,-0.15412888993859344,-0.10495490313756844,0.10402872350724428,0.05188718404047783,0.06993057495152404,-0.13018596547056302,-0.04557221492021191,0.10103701399066171,0.20762793500136814,0.16882108205780758,-0.06052237164083268,0.21089358009478207,0.08784116132099609,-0.026572471392281406,0.04581115646214903,0.11581697091076289,0.006142211732437451,-0.31177231153483376,-0.0865996032874704,0.20140640898499235,0.030327496501168887,0.030534231341281737,-0.15678401954641327,0.046782925199556215,0.011778280477003626,-0.11191438700689957,-0.062324110371705474,0.11896093080739155,-0.19847825305451205,0.008820185059093688,-0.27962336349523464,0.08975311507597165,-0.2612269928803941,0.05041712488352159,0.2317586250876612,-0.06649859973675691,-0.045515722110721565,0.3342310472360178,-0.02128849601295403,-0.0620834211778738,0.24518894984172726,0.036268837761181096,-0.26020548037263985,0.15612862635336774,0.010311138901642617,0.2847120643098521,0.35755097584299206,-0.09863567760990087,-8.570657564810767e-05,0.5249774039907186,-0.08570462220359784,0.11232513044940559,-0.08272848393582127,-0.03110006860666716,0.15507108348127666,0.23237961523683448,-0.002455011027763062,0.3629247243763178,-0.030837661709276484,0.15189819185026454,0.15246772017467436,0.1694080881915346,0.283502466519522,0.027333010911917532,0.02020878723246805,-0.040578268951153754,-0.1122439830422807,0.1979701575882082,0.10863836529839453,-0.04589238002697073,1.0,0.105527345233496,0.03380652248924548,0.0678261267687244,0.05839886255155462,0.3068110835914806,0.024299602998836316,-0.02451839100374095,-0.033910970107783905,-0.09080400388679215,-0.1661294102527465,-0.18211914599228288,-0.1471755738915464,-0.11476849512645712,0.06263561326053717,-0.133948025445261,0.10104307034518564,-0.20849585336420867,-0.28967454864348113,0.01208810782818246,-0.02125613927039765,-0.12218873514868718,-0.2793976520043026,-0.021854368557324717,-0.027602147785537552,-0.0771234222185813,0.2791067367842641,-0.17364528776151847,-0.12665649003581483,-0.040016852162377915,-0.13396347551782098,-0.13936263313188113,0.10257301616947881,0.055743047347693316,0.1646661537454714,0.1689628756798361,0.09013006709395442,0.15126064575513373,-0.15229869912278748,-0.05602596675588602,0.07093953868061648,-0.16254224455172217,-0.15283831143648102,-0.40317256600294255,-0.010408919272770285,-0.01009101291918784,0.13094636000871313,0.09674594601248182,-0.037081828541950336,0.037005717292405066,-0.03630308494973932,0.037854740690764326,0.19482871107592584,-0.026693716642274115,-0.24584282152619213,0.19178481045803014,0.1098153311875183,0.059073214936968446,-0.008910653253905212,-0.16711242319657882,-0.006352261818434294,-0.06777388477677249,0.29583365401756034,-0.1051974861221587,0.005268328995174744,-0.28508973113970154,-0.15535219545205245,-0.32393476674829147,-0.12196609962025808,0.10683114830861234,0.06912262796275226,-0.16594386975142617,-0.19204481229869466,-0.32942097753648486,0.04755960450266914,-0.05015253567874472,-0.14624161842328548,-0.212989046042601,0.08160274502219131,0.22443564421961573,-0.00406232307158247,-0.03473943203951126,0.11315887327240996,0.17740913571149644,-0.21723645437901765,-0.2100785703735406,0.19987758431675967,0.07393455192042359,0.05139202466363125,-0.028950707236305138,-0.16978429264585576
284,-0.094903034815283,0.2564423616632599,0.019003846256170992,0.13114378551352737,0.2704853002044886,0.1611108632589246,0.0513866620217187,-0.19737708683228222,-0.1591048281335758,0.007665715465044247,-0.08635982385830504,-0.03283976383809992,-0.11269181164069356,0.044495298182052986,0.017076050222499712,-0.20691577574122602,-0.09794169456570827,-0.12650188850095195,-0.2549376347270144,-0.2938348682744805,0.05492719436466895,0.09104713137527787,-0.17681004256062394,-0.18286802196762014,-0.028306633765819465,-0.10518814189537262,-0.09702447467080479,-0.1738471994125314,-0.17849932526638224,0.15553744586932505,-0.04372418995794057,0.1481488063491687,0.14933166748143914,-0.08163883207840485,-0.11373711363169138,-0.20110731280375657,0.1359214504166355,-0.12555619271010307,-0.1493808921439017,-0.2591170791100738,-0.26289025547038347,0.11705368757905715,0.25455898353890416,-0.21166671251783345,-0.13240354023997128,0.28844647441907995,0.016434444393694767,0.15143743693509917,0.18915031058730727,-0.06300109536413902,0.03089868713365575,-0.05218635292239423,-0.17632691355611568,0.04224483962365238,0.03074435177366808,-0.10509138571454262,0.07351940072495632,0.004453592673847668,0.19865198257840047,0.1695774231559427,-0.10894234377116109,-0.019676153974747538,0.17915886009195636,-0.14837728646992035,-0.02944055267565851,0.15071324155753418,0.17480948787216113,0.015150842466681391,0.17955608200000092,0.13520758033389169,0.17245775431979668,-0.05276838276601842,-0.2556946292964704,0.10389548585862526,-0.056197412747622195,0.105527345233496,1.0,0.1136596114334719,0.09246075910475682,0.047141535224590636,0.16175328684519558,0.11750789285324932,-0.033251397175901,0.3172069660223862,0.15145684080679583,-0.0010000390502899776,-0.21580176987201763,-0.29428771210820354,-0.2683635377103537,-0.02362058057965853,-0.07030150746293287,-0.007937675400489532,-0.07860902187800271,0.033820705483922325,0.2953910460023757,0.25158981761943566,0.1511391893655726,-0.033265823234895284,-0.09586724815594712,0.05791517828239801,-0.17666384133158672,0.06975464090254987,-0.014978191320465057,-0.21576034016461101,0.060950069129298796,0.11624890696857881,0.15780267493367636,0.19089929481784848,0.1446587158830207,0.22558073821644042,0.12521322162097273,0.3460877674351865,0.17185325992968853,0.21218273304256546,0.2983832473234481,0.3054310995714541,0.2947291505496393,-0.07934158056725168,-0.04568403021701226,0.10568162429094873,0.28868229845833315,0.08266773136223701,0.1269156323139137,0.2932094153642794,-0.20771773422267284,0.34653965587693836,-0.006360429764506986,0.16628738488631073,0.2157762655625962,0.1246977555363791,-0.22690397357707817,-0.21103365400025703,-0.310221944788742,-0.1670207899598563,-0.10980026462467145,0.2698608814009735,0.21818995901503177,0.09033374181005928,-0.13033230372924182,-0.10019620273359542,-0.09123279139582324,0.07043897478029736,0.12780718461315851,-0.213716394305006,-0.17767074610469702,-0.15520719643837186,-0.38000367751288644,-0.05089799814293273,-0.03817456730865505,-0.11248531645358718,-0.4268383976345565,-0.36481809679266597,-0.36906780569217285,0.026669093261041985,0.13148719191060396,0.08322652114322049,0.07625367683738558,0.22863222820403994,-0.16301333395053116,-0.023274302426960214,0.08401566636607029,0.09887011959408876,0.14229368824050892,-0.14169735307273978,-0.168563431309936,0.01952211058865706
286,-0.23176843982353124,0.026389680877686218,-0.1689825598648084,0.3331691271326375,0.15169205843315006,-0.3286189096663925,-0.26323283761421734,-0.09894113585190378,-0.046448542514912254,-0.2810432464677348,-0.1662534888032596,-0.1464116485732168,-0.051024390442148196,-0.012790354978976489,-0.10762653212659916,-0.08217715970576307,-0.22675801983134353,0.1202334586794102,-0.2693260126058392,-0.18565258539716936,-0.10002492971602989,-0.13330168602337036,0.032017299323967394,-0.09532635331675995,-0.12155809096527906,0.07891428790085818,-0.14710848646813363,-0.02794868819779478,-0.26085998345771966,-0.04358845824434081,-0.20000827052202638,-0.00959303284229369,0.07416743413975975,-0.08507174501178466,-0.24849188792142138,-0.1469351999342285,-0.02950073565776988,-0.08517560483293984,-0.0032542152663226293,-0.1756798687277553,-0.12267664428924965,0.0626978893872966,0.04324561649410627,-0.08253381576186122,0.020477481261549208,0.25940430770199424,0.21912404456159978,0.08941012096089146,0.034679162112819545,-0.005263331778787362,-0.09473977683767507,-0.22971642942245024,-0.04743287663651042,0.11105974132847993,-0.0163568833764998,-0.06329331905837114,0.0900310488073703,0.125462269886469,0.31476083650294384,0.17938164385718328,0.08089919293579656,0.1833192414919674,-0.08954659254554133,0.03659228711872302,0.22838374414498572,0.046948151216575376,0.19488699861714112,-0.02494785983027812,0.24885937775773898,0.07936748079289213,0.27422682884445077,-0.07699728956040505,-0.09309377565774278,0.1474908521381586,0.10708667015111627,0.03380652248924548,0.11365961143347189,1.0,0.05160972554692955,0.012087405016542397,0.12090931229680774,-0.07704734160814215,0.14050253772255983,0.052780862597919316,0.00481100598071029,0.11695666629720029,-0.21187618894548657,-0.22011232354264113,-0.18987382124535399,-0.011688236121451373,-0.18035733363999557,0.004243672543508079,0.3121505847700864,-0.17683784166735372,-0.03654620325206651,0.12061470434211462,0.05142678908602018,0.20890372743558594,-0.1250147748660572,-0.0492661175252681,-0.06891051570631992,0.27900048955308826,-0.3005843837156205,0.12522333106906405,0.1881719421971136,0.185587955563469,0.09323254407143919,0.15990216020538334,0.17772802051433007,0.13488560769706703,0.1236584877644139,0.15517295244942075,0.1586003116409682,-0.043811405190361356,0.06637419656400446,0.13363923710434214,0.01610136754346916,-0.3039630795359548,-0.02353608256230916,-0.049604294900259985,-0.005450599522883869,0.2905201155801129,0.28256092569026364,0.09786927167706759,0.12658796963128172,0.20980920541009984,0.033212125183622036,-0.07590390155862099,0.18108432033349653,0.12225831148739615,-0.06473564304278738,-0.041221643973882935,0.006620431555645238,-0.12101315371297452,-0.08822808378578495,0.24998374188718467,0.11758564850219545,0.23699045605671576,-0.19792963816908818,-0.07849500077354155,-0.03845424153220554,-0.06048486884178506,0.05438099520681199,-0.1995950630144833,0.11380840278544435,-0.04965048894058523,-0.3163902060231779,-0.05305871738613685,0.08044895080284364,-0.050213411965012826,-0.28873120213778597,-0.13481155016893687,-0.11466997315490456,0.29957091919844986,0.12912288196171642,-0.13431304967078508,0.05608468219048293,0.12151164620455206,0.011817354550289738,0.12138337137980844,0.06339897527508986,-0.10484631356951653,-0.06928772211541744,0.01644948798693766,0.11485862404696921,0.008343384743021614
288,-0.26129945923652076,0.21004984163935253,-0.4298655798494892,0.034392778773494614,-0.07288237852569653,0.11093139984396665,0.18586375803752553,-0.12098603393964633,0.05059153922320639,0.08564998272717896,-0.2464354348184243,-0.2764170678200435,-0.06803507796386574,0.020375229755782206,-0.08848910754679384,-0.07514179158763608,-0.24803296347168588,0.028942802709953686,-0.0270128589148277,-0.10728265620570769,-0.07853394358631371,-0.22365527375458616,-0.21470728760516514,-0.21281024899039416,0.28500871115914944,-0.057802977609960435,0.09403286131380985,-0.3230918886022321,-0.004941972301127308,0.38870892624669867,-0.32967253068200425,-0.007408396430850711,-0.05550133503907521,-0.02144397885499562,-0.16342208834884808,-0.0322696598865564,0.19518135719746021,-0.22899152907902642,-0.13741588678826597,0.16787130005513215,-0.13340445938661025,0.08547386660534621,-0.0639444370433836,-0.13346114041439944,-0.2698360058658785,8.763537040845836e-05,0.05078648367405446,-0.22447862050541306,0.08145981557227636,0.024700679847188548,0.13836596397981804,0.16709991390453421,0.06049856186049785,0.1090208182540966,0.10770298066541706,-0.32467972916964394,0.3183406757107352,0.08524348173526407,0.03392487248646174,0.23852861677429188,0.2002675387675379,-0.2642950335036345,-0.17013546361454743,-0.13984744039668873,0.08506275390320783,0.19891322349283846,-0.0380910189964671,0.15918599885648632,0.2139934496082287,-0.09113938362174903,0.29372960175994317,-0.17428081062331463,0.10986172499148997,0.27768166477273387,0.20773614850255445,0.06782612676872442,0.09246075910475682,0.05160972554692955,1.0,0.2202287654825332,0.49781156982690633,0.22843095837268515,-0.01059291356371374,0.2246834183626653,0.18186142500226338,0.00328488682094712,-0.2697089014512805,0.03368055838079291,0.029448771174682205,0.2695615405275704,-0.26629690598536954,-0.018019168725999186,-0.1061698469529723,-0.12052267268232736,0.032989707044964574,-0.06965896303567669,0.06658229220414374,-0.14621854191278028,-0.16371255735466475,-0.09955243823495664,-0.2640904885419897,0.09276199462295447,-0.3134290070336485,-0.20417535140060858,-0.1051278547170568,-0.20377707601003647,-0.13646241383110685,0.09640044646896749,0.04266431135988073,-0.3109677691860265,0.1344778583902698,0.06399989255532844,0.22530159079513123,-0.25425453747955795,0.3631399843910166,0.37188924747342633,-0.017060439065587334,-0.10840050581639316,-0.12321481360762862,-0.1273616021576161,-0.01906426056600564,0.16373034196136585,0.17506823911765135,0.0066028935292297,0.053553772947252935,0.0008044198544427242,0.2563865995841517,0.14897434226497472,-0.15127328775910376,-0.13486229042503992,0.2410717717674309,-0.01778741409705251,-0.09089566454473505,-0.050530608748417256,-0.15700016364009628,-0.18884098511698041,0.04996120817441491,0.1813696726197921,0.09261347836138188,0.31117601122665,-0.35737240497866096,0.07640705275050903,-0.05649694857903077,-0.10737273306442281,0.18758079822450655,-0.018263626762118342,-0.2526961868503701,0.1294848006078295,-0.12196657248381568,0.4241384163505485,-0.14647831062486893,-0.14291544944506648,-0.09103839118167112,-0.10855815688204026,0.10380623970964864,0.102889021459348,-0.09274250346314991,0.32525537937821564,0.07448212925797977,-0.17395669496593003,-0.1664042179642791,0.06862790213365885,0.2538720602060308,0.22365319631432873,0.13210682830931497,-0.121057344530817
291,-0.1493784385938054,-0.05650339227146736,-0.12094933744612156,-0.04645601965338914,-0.36758027529201304,-0.03794133141555295,-0.12414643459390903,-0.12629306496095574,-0.045077284326985725,0.040730596746742447,0.051921756707569475,-0.14641046013759637,-0.08871768764242136,0.008626682328236143,-0.09144410820866858,-0.10197989162671839,-0.14248955374288252,-0.020153989603997852,-0.218083821757396,-0.21360077121195478,-0.19797415767994347,0.04236991302405322,-0.1408461197370741,-0.04211789680894538,-0.0704357300765412,0.0723404174820874,-0.04120254233610365,-0.18788141181467127,-0.21373847879120522,-0.02451547676236084,0.0031700625286794053,-0.18518158008645313,0.07768051093762046,-0.06623058666847809,-0.10186983706684574,-0.25293690450769746,-0.13544307121388338,-0.15073868183639952,-0.056883003749200675,-0.1800737583297721,-0.1871322056193068,-0.15270139749000167,-0.25024639311208713,-0.19428554077261143,-0.12597881408264527,0.12920410561685888,0.15116002808404347,0.021753102094858704,0.15554463798915025,0.18698411046018343,0.1333194120298046,-0.04444722489603936,0.10247896919242397,0.06369823677848765,0.044239193179069915,0.15285960412544308,0.040664266086071564,0.1338972601868598,0.35048064016898184,0.1007565923434707,0.11358788102283982,0.02323098557501473,0.23674995638951282,0.02405378565123345,0.1541806159172792,0.03534188676847842,-0.03720360845434862,0.2018295917473289,0.0583922508097814,-0.2123704766912735,0.06583718743956718,-0.14325506212248132,0.02217454861252183,0.18667038064217317,-0.013433610748028216,0.05839886255155462,0.04714153522459063,0.012087405016542397,0.2202287654825332,0.9999999999999998,0.07270781069520503,0.2084441430010652,0.35302618755689924,-0.04017122701570062,-0.04869061793333659,0.18773004111735153,-0.07762137932261817,-0.21060463493202114,0.1518065312379651,-0.1498957960386615,-0.21370642393923056,-0.23700539011435584,-0.08100912150870784,0.15898553275875513,0.10077279584356363,0.2224214978660932,0.08209911445115234,-0.09184394445562785,0.09436248966168864,-0.2119893747013875,0.027483919233534562,0.2125611246993118,-0.1668667397312563,0.1612058269912527,0.19909967288227542,0.027887073487014753,0.2473047327277745,0.006331529600270698,0.25080013833772163,0.18922340930208661,0.16197015751551805,0.10828075989473052,0.15357568102760433,0.022936257113352114,0.2878953411853158,0.12968626814157144,-0.12788195114070905,-0.07390010636829089,0.16350471677829465,-0.02501182375395075,0.03759142896678877,0.17348135297137385,0.1817302304171746,-0.19165682757161687,-0.2765830717456407,0.3025675911394508,-0.06152453326649779,-0.047866379242307557,0.2172536968698102,-0.0027627987387092287,-0.15044110773656943,-0.10391893223405363,-0.13273573989701629,-0.016890509449150732,-0.0786219507346537,0.059818514765927144,0.38536538558151123,0.08059493317203302,-0.10295298786063203,-0.035814209589636346,0.051809249089683,0.11671077896454012,0.008390646003931862,-0.041335793455968856,-0.008997598430757689,-0.1385480009991601,0.003338947714348379,-0.06963500806111049,0.05761066482643509,0.08704515719797697,-0.10881703017389492,-0.21203972136116295,-0.10231671814261468,0.07156178714900621,0.023677975299731324,-0.20856342076688417,0.04658319506312992,-0.01616647885303312,-0.22680761341892852,-0.07611848247917076,0.09950118674359766,0.16168578529088343,-0.0705897937912368,-0.021631291655010362,0.10232082330957123,-0.1115425675427106
292,-0.22029183140502312,0.010358408828700101,-0.4030805452312921,0.20349322696453492,0.1250251541483211,-0.08911015596937903,-0.03426303308205872,0.07491730308764465,0.09933514105712227,0.09559607399412527,-0.31810341225770594,-0.23718520651475533,-0.09521465482356578,0.29992323111522357,-0.13380150795313922,-0.05221445188296722,-0.16413550029805474,-0.09211329634692053,-0.10377585681146816,-0.25291545954548783,-0.19412655544230137,-0.06530027436908241,-0.1946823195638125,-0.267111496821013,0.33774353013110214,-0.02482018288465971,-0.25788168982512155,-0.4734483644401875,0.013930369735023936,0.28402052474962175,-0.5147367559996422,0.0570105587444951,-0.08581855738180237,-0.32964053330227144,-0.3758334417621636,-0.23083512635700545,0.026238458348721315,-0.35342515754588066,-0.33184869454939436,0.18165328926299176,-0.10283703603755524,0.17323072406621276,0.033126124135317236,-0.19514212604908307,-0.16296604172589868,0.2535412165821664,-0.014319703317454913,-0.4155929061736156,0.3187960732672348,0.07069941772391163,0.15162812055175345,0.11574497929443306,-0.16194033476702985,0.25794184969376394,0.2653273322377488,-0.18638897959168652,0.28842609630220467,0.20878670411887768,0.1337349980009248,0.430107057670107,0.3656534106814165,-0.051265309925084955,0.038309759598926886,-0.08540321410505756,0.12148581554475021,0.20373153209093717,0.17215524089829973,0.30059503863839093,0.08203096816695044,-0.2515321660234002,0.36267390082696405,0.01959990601340837,0.31695082316016443,0.47157320668182706,0.28415684065721364,0.3068110835914806,0.1617532868451956,0.12090931229680774,0.4978115698269063,0.07270781069520503,1.0,0.03884771824425463,0.12003147107809073,0.2546311196230179,0.023344831750698,-0.07737412430364442,-0.500499504820864,-0.052414986780673196,-0.2673040591169932,0.13798476064603196,-0.31172159177993325,-0.07683951190259364,-0.08232952825048646,-0.32181078116452766,0.22310604058222813,-0.1256263540390161,0.024469868517874995,-0.20196115657380365,-0.2992071048605353,-0.020051364468502735,-0.35746085888009965,0.4202281002419422,-0.28093853300375077,-0.25980232811735754,0.14748351349594144,-0.07233924816734831,-0.27730276949810134,0.5655108784681756,0.28798642819650166,-0.1138141915668132,0.46486559748400846,0.3448098876442301,0.1620409077174916,-0.15026840348003773,0.20588908706576692,0.3123286346592039,0.015524511239497683,-0.22353967379376943,-0.22026273656870707,-0.13443968586695876,0.18870127076771334,0.3374269723804154,0.14501070388369577,-0.07686270724411332,0.0063032858895765076,0.13246205646227516,0.2694508602250762,0.5274404128949135,0.0706983246307182,-0.13270814118822682,0.246004485763369,0.16279039795882574,-0.09829942074191973,0.006527751894732084,-0.10709315933378358,0.031529667840354124,0.03235318209069075,0.3782901666555143,-0.05593541135951146,0.1295735318321552,-0.31199208859042726,-0.041347714878415896,-0.12530914291362935,-0.09619873909825974,0.10041435016816232,0.09311289421239516,-0.4349149828730013,-0.06895919234151437,-0.31343698002030757,0.23425215760502063,-0.3965883368540439,-0.3093087848337596,-0.315454405459317,0.027330935119527115,0.12622345395550433,-0.07951244945719715,-0.09226845787624104,0.3873603162531051,0.10722311904311393,-0.1525043892010294,-0.23375616393669071,0.24509221478147075,0.22494198782325517,0.22200184689109784,0.07341512805426376,-0.03426303463478748
293,0.012841155050854387,0.24520683514459696,-0.05070374011327738,-0.20026312851280756,-0.3362957829818825,0.08592024182430304,0.07268900581062512,-0.36273249362810206,-0.15532702947761517,-0.047774538996583876,-0.02267449051530817,-0.06490923283630251,0.01685854055167402,-0.06307007472809263,0.05411398702820575,-0.26332016041941086,-0.3962490047750047,-0.06549965257444917,-0.14283085658851863,-0.026392024845072748,-0.11851728040226617,-0.12279754018140465,-0.1975211819865974,-0.10275219405859669,-0.2895372273541269,-0.26641162418053344,0.14839813546636743,-0.18540209533137644,-0.11799495111754159,0.04209212569558526,0.12093109481240717,-0.08099859672222057,-0.13774154336548056,0.29110972846364125,-0.06130439480002986,-0.06043172899113248,-0.28172614791153117,0.056224539624907824,-0.0031835499108565568,-0.39956606025647895,-0.22117710964036869,0.033430863438100554,-0.09670723982376565,-0.17288650551930515,-0.3314221269925791,0.0991531479125343,0.13979769004049153,0.21986098631479584,-0.043571042783670286,0.30310716291739676,0.11477621939692964,-0.008227765648872606,0.25888172094301837,0.10097317361954636,-0.09223629063527772,0.2532883742553016,0.11025251835355261,-0.14421257844926916,0.1112800360479713,0.1797069222341763,-0.10696344151062201,-0.32067478197149496,0.17572032707857138,0.045032223365297046,0.07163790927321556,0.18496349763100914,-0.29665757610646193,0.013945160177088925,-0.17231500769487593,-0.08520560711860241,-0.10104722029125353,-0.4326077029530214,-0.04227843745342941,-0.1423080015939437,-0.05301403067198596,0.024299602998836316,0.11750789285324933,-0.07704734160814215,0.22843095837268515,0.20844414300106517,0.03884771824425463,1.0,0.12978673279062597,0.4212899465348016,0.12719082444964155,0.29840785610067216,0.0060490042882730575,-0.07528195244162458,0.23518788095303417,0.21811786104870629,0.005065707625398024,-0.15111590027153227,-0.12495446771806348,0.24554124950716663,0.1825996480589997,0.25536819389537146,0.20726381138574745,0.32362864245910855,0.24117705925779637,-0.15220029115157002,0.326904500384102,-0.05704397225473551,0.13115579410418035,0.08039840509816203,-0.038039514963954815,0.028411720062940855,0.13743417467212363,-0.0515525214381493,0.3910282835477343,-0.12492205725287223,-0.06493182116652339,0.2154775303163905,0.42156328585338854,-0.013092232012116027,0.21616806856612683,0.33876553997220255,-0.2601798582000866,0.052778406667725986,0.25708289448779625,0.10380365991277277,0.020037006432224502,0.18451769349481162,-0.08425101196903331,-0.265216342821188,-0.14174945603587819,0.28061179436688677,0.10878296534741115,-0.10417259007695621,0.14956316471050532,0.18588192509377027,-0.3324519036176367,-0.4806792769682177,-0.3093149525707023,-0.3840647780678361,-0.19771741506249135,0.18852322308095992,0.09620626154761128,0.18093523533000222,0.011313301585493866,-0.29797095365611,0.13973637403701528,0.3953667072784528,0.014530272347981857,-0.0958917350458801,-0.2785768193947064,-0.42979623980521403,-0.09544990570348114,0.006258901285930452,0.32045341941052446,-0.01682174516933708,-0.19240635564210729,-0.43204526039202634,0.06393465084814384,0.08297386877428038,-0.10517180457402771,-0.2622142312890197,-0.05630933974946298,0.01990033847205852,-0.07238774286876513,-0.016647228877467692,-0.1322989984976631,-0.13528010603627416,0.13291800534933226,-0.13112122971634108,0.12316929795997154,0.1480622308881155
294,-0.0320867725545425,-0.15095267687093838,-0.014200418582525418,0.09505256532621627,-0.2553181455558471,-0.4686916867463613,-0.3413888644447614,-0.09252258425670773,-0.11430275384738453,-0.010146206290016932,0.0608265183924231,-0.09393342284357897,0.021776890243553785,-0.014106094752317326,-0.28964022497826963,-0.052093778576194766,-0.23664933930265344,-0.056281180699658116,-0.130516111010101,-0.1692352507515848,-0.3056961024590253,-0.005412945992877836,0.06560813708437646,-0.1403450150033436,-0.13866007625074428,-0.08659143943012207,-0.3798382874578303,-0.15874433495655801,-0.11974031397568281,-0.3090632119937342,0.018737019492752874,-0.07769304380887804,-0.13896550850438244,-0.2848659541117703,-0.4115329273591364,-0.14451580003667944,-0.13982220367185574,-0.17690513190204035,-0.21258475498502724,0.017112064085674287,-0.09020661838379909,-0.12893898246647192,-0.212672938700466,-0.2893021797535646,-0.04645232173881234,0.15454641762956994,-0.027548222961275473,-0.04759600875666507,0.054135828881525454,0.16229570040545063,-0.1732010815293928,-0.20388525488892714,-0.058984468798038814,0.05041261299359453,0.03929834223609279,0.3347682314648949,0.10244396801045645,0.03325060450424074,0.5030774213347581,0.13455083633132708,0.15820376342904763,-0.06640831845662112,0.3264517550242905,0.1367814054291072,0.030174000357767992,-0.3172179521428287,-0.035676496991282086,0.16683837975737129,-0.07373917223320925,-0.11417184863816981,0.07002349315124588,-0.2106706803976045,-0.024370106077932135,0.04752498042996293,0.06717576768053692,-0.024518391003740952,-0.033251397175901004,0.1405025377225598,-0.010592913563713738,0.35302618755689924,0.12003147107809072,0.12978673279062597,0.9999999999999998,0.15022028535683712,-0.2488688213928995,0.1460991910456013,-0.10717946875464301,-0.02117631099124889,0.12157805826044546,-0.13097187705351107,-0.02681085731045465,-0.19321032933202004,-0.021465155975125227,0.09301155500459216,0.20594841836886915,-0.05144079857434404,0.058275174135247625,0.07210071707611833,-0.041348358397200614,-0.1939739384442747,-0.0444165425454147,0.31235138956257374,-0.03493307184006185,0.2040853444958494,0.3202998132715811,0.17819951316035187,0.16489767968668084,0.15558824577698746,0.4326867272357308,0.26850930558318326,0.41672766836102343,0.0945891726845505,0.1194367801939658,0.03559630269550634,0.08992538210565777,-0.06810213503250429,-0.037896423153490476,-0.2872257527688504,0.15758284760884084,-0.13195736448811626,0.05799853260381791,0.208192581826524,0.07293455251564751,0.00873193520418985,-0.06791477404199377,0.17542543164841334,0.1278553363573561,-0.03459720016890015,0.13277857144301322,0.11861681063921217,-0.08573239779756003,-0.10787481424850903,0.039989955828470064,0.06532341839363968,-0.04443803218818325,0.2033206590361752,0.24484443302406128,0.1452930750843296,-0.07490438398138939,-0.04762807022583949,0.2421615380613682,0.13038714185975703,-0.09608848643379021,-0.08818016877088751,0.14471486221908603,-0.03579261525855971,0.0690607376634733,-0.0036804435992748522,0.06049324778247417,0.009731189720068659,-0.006423534881275495,-0.16007193123660135,-0.023758594992054138,0.2075732360967323,-0.10417364650717352,-0.17765959920279295,0.0977641040157311,-0.05843701452287203,-0.09751368995175998,0.11841536705857332,-0.16424853299442607,0.040681557347120936,-0.15959891362940537,-0.08771996245141028,0.23875280536535198,-0.2395586830223153
295,-0.21282776824251629,0.3901458944468653,-0.16829000466535443,-0.10894049643183903,0.0232948400120948,-0.027088112825813786,-0.03806142693118468,-0.13281579487496628,-0.2731807576973931,-0.14994453148237002,-0.29888189133050574,-0.25432778399961764,0.02928310064712669,-0.11906952197272229,0.09852026024136246,-0.29781119498638475,-0.2979369942925067,-0.15153780659284152,-0.21380548599777857,-0.3096288404821653,-0.07910178026158009,-0.13515492141734514,-0.15705482047058528,-0.29891972949662293,-0.1044697374736543,-0.3808539768229752,-0.018545294121587893,-0.4107340256936471,-0.04337479329649617,0.16776410990972015,-0.024531862943130305,0.09597599966734334,-0.21878459169932235,0.012635252127801186,-0.05670165608820673,-0.06319009082567835,-0.06011594465894716,-0.10924514818992626,-0.12079671509535386,-0.30623849407382836,-0.2567713753826877,-0.014146325952671148,-0.0377666971158934,-0.3289744405010199,-0.35159520612582323,0.35592505133079566,-0.010973469652382828,0.21159639925173232,0.18982680916841582,0.17373671397853613,-0.1094074186275542,0.10476129094110478,0.10928817263974977,0.07714169791604211,-0.2330732960930696,0.13004554114693642,-0.001857378699827624,-0.1162206727118737,0.11178048928015538,0.1451465513847964,0.061352786440954814,-0.3282407725292699,0.06994041303750895,-0.10502583506418728,-0.0855730506311219,0.06254061065363242,-0.021956034677461163,-0.15967282738259378,0.008605031156730503,-0.15187506046225216,0.1921047836610866,-0.2310359289532544,0.0961237543044681,-0.05183793612891066,0.03410924384988457,-0.033910970107783905,0.3172069660223862,0.05278086259791931,0.2246834183626653,-0.04017122701570062,0.2546311196230179,0.42128994653480156,0.1502202853568371,1.0,0.22413173497400996,0.14059304446795667,-0.08303481413985493,-0.13719108365344054,0.09380291235511655,0.18747130474615495,0.07799577855703517,-0.06679770391805924,0.1151550409124812,0.26470429372032006,0.23910981004713402,0.11141904819845123,0.010108068949035817,0.12334804921162239,0.013976288018947007,0.14832806983585617,0.053002613299514306,0.05367927087065499,0.23105614515599104,-0.03381649303896264,0.045630581173150525,0.040711345603026854,0.005555027239350661,0.0984137695430525,0.22209525721760404,-0.09743795159177598,0.04767838582610048,0.27743968622987003,0.2341899427342925,0.1877989180027665,0.20248495886265305,0.2758049653302447,0.1723983328323703,0.020956031762566,0.0021529233581223796,0.10668034764190643,0.013173759015040044,0.17031339778888335,0.10350983742107435,-0.04779955165105763,-0.1301627486782145,0.26133254883477286,0.12390228994057127,0.008347134414412474,0.14936371612880942,0.24315139699127258,-0.054407600918927095,-0.33211227096365664,-0.10202087173305321,-0.2771056634147021,-0.23274174268611245,0.13390602377195807,0.19994386309501788,0.22671840141324598,0.16092929352043586,-0.039707484710138415,0.057046779495082765,0.32588509505448743,0.15796439556526706,-0.1700746419732109,-0.10399786602900057,-0.17410518494237515,-0.32206064406288004,0.17287009997376104,0.1008513219473281,-0.006685762043845503,-0.29140265112352287,-0.3805030315468119,-0.0984393137950834,-0.06310800708332816,0.05209825999698412,0.08470209325169191,0.1263153225024799,0.3067444651139095,0.07330836886248214,0.07157895870066425,-0.07968241048579677,0.009603415816709187,0.2128836393165199,-0.23556806502302693,0.013210116423954185,0.004395367828083034
300,-0.2093027893129261,0.318704939048283,-0.004506412858837815,-0.19512100230154106,0.15542721186519243,0.03973250743761505,0.25871342788142576,0.2203019909359484,-0.06847958009864626,-0.21926766679726462,-0.1805432689189598,-0.23579297731813034,-0.04143865022251374,-0.2354564685733309,-0.08246126367351367,-0.006263359856964745,-0.005368113186295245,-0.14815123009375802,-0.01986574477413609,-0.00570045690312336,0.12105596835007364,-0.06467930359340957,-0.018567650196333742,-0.05131189115381565,0.02786852767290951,-0.05340298720878023,0.20029560936362148,-0.1860872346469717,0.17633881670491003,0.11540198921202295,0.017516012164494058,0.13444842564625523,0.05761821910319342,-0.03294112378018257,0.06106913315316712,-0.16977336639243587,-0.009073913390361928,0.1829518395073616,-0.016077254430413145,-0.1309175364546312,-0.08768816089644418,-0.05401920006490829,0.0355213622754165,-0.09478359952028431,-0.13320628045939154,0.22971529047624417,0.030759672401272795,0.1679427170105648,-0.06636730408687852,0.14295249336241037,-0.008655695873759929,0.2566063515965486,0.22720030158690963,0.11699460773102542,-0.06808538246385175,-0.10610347423987997,-0.0830152493347214,-0.08873181662783342,-0.2690468778482344,-0.048005465929200665,0.03190818028869395,-0.22468637276784303,-0.09814563351439355,-0.18331657955300185,0.03095162547522437,0.23813773682605507,0.15443522026813336,-0.29012509408935494,-0.1082096567607136,0.03242625146624083,0.14165959865242445,-0.10097375589595214,0.07346105419215286,0.14943471727109922,-0.1189831007290894,-0.09080400388679215,0.15145684080679583,0.00481100598071029,0.18186142500226338,-0.04869061793333659,0.023344831750697997,0.12719082444964153,-0.24886882139289948,0.22413173497400998,1.0,0.012600718288304806,-0.06177839615127838,0.03956355345090279,0.16650428312908183,-0.007127484194383512,0.04570974366382046,0.08627008194853435,0.020902832706802175,0.19805068470995485,0.055681232824027725,-0.1157557682702226,-0.10676072133000634,0.0505571340652572,-0.12841482473658183,0.07769586813365327,0.1022741686980111,-0.10942188329922509,0.12524650627377695,-0.12137149507807138,-0.05429662523004816,0.022894602394974234,-0.08000895420598582,-0.047337736539272,-0.05591538241481792,-0.18760605087275667,-0.2627724068971039,0.1863236850720336,-0.022957123910481717,-0.10855989371254646,0.1750619751850289,0.09836447540908323,-0.03604782692700192,-0.20981688601675216,-0.18293997663575776,0.07131400666788826,0.09851401210422453,0.06852350578161287,0.04575343251343842,0.028935661061750027,0.007296174767458766,0.07004515284197999,-0.12574088584148038,0.09208504422029617,0.052523086689942204,-0.07391465721533202,0.0399145046146509,-0.06790778279411396,0.19195692940759226,-0.2274006573006114,-0.14841645440119317,-0.005549787266195758,0.07269813593993493,-0.013267631205494665,-0.11782675057329893,0.038569586878989585,0.027565738157150542,0.1818432403752376,0.09354581626956934,0.06641524596808698,-0.08771692030858669,0.1472051670329077,-0.10473825342009258,0.18774908681494662,-0.05502169788974899,-0.010442333156957037,0.025787482956371538,-0.07711782203576492,-0.034366830321869185,0.012532443308193596,0.05821848413019136,0.16949980849928595,-0.010711866089501353,0.11329256177683893,0.18803140609541646,-0.2092371401291529,-0.25148506846196794,-0.014338479116600246,0.3156509284349236,0.04869314225373269,-0.4110991323167395,0.02286389802773108
302,0.03424409039143262,0.11005169441608831,0.052076135674765794,-0.2814966513651676,-0.21129224235325628,0.10625495360832775,-0.03868946296252753,-0.22197617439104958,-0.26465100100527733,-0.1635287701078075,0.09923164869133391,-0.09835801332840398,-0.2098281695558883,-0.10915720649571843,-0.004113715083818607,-0.17863909142900675,-0.4332954934994346,-0.10999697981045249,-0.06922934994864935,-0.24818403801714226,-0.3005177376873396,0.07892469036259721,-0.08244867125782403,0.027111864567308873,-0.30718546938519403,0.04030627650413151,-0.15447813100997584,0.03862742031646846,0.021608151088214594,-0.0030989499892742187,0.16405200685849125,-0.1441764453084453,-0.08292874787947488,0.24734873333019874,-0.025236913942014702,0.07318673519102796,-0.34731772360773944,0.013834331867321295,0.04332663530200072,-0.3923046384667543,-0.26220430095258096,0.02972622114156,-0.1292947146853496,-0.1460346313662568,-0.27376638907316264,-0.038169968430087964,0.19071371969616294,0.32359819331236495,-0.07401503170155371,0.24447469835806218,-0.10841173561058894,-0.12403505623323292,0.22199029380487537,0.23007529726016424,-0.3352024660187096,0.35831754320969395,-0.19344954734847764,0.015695620006103674,0.1959671024115142,0.1005684138694271,-0.18133743010243336,0.14230921472933575,0.13141629654708972,0.04380294371313882,0.028872190331972806,0.07170670839587907,-0.024461949957335243,-0.06445830498666046,-0.19384818289595815,-0.18476482974968186,-0.11405185788228213,-0.22861216006784085,-0.12101940204135174,0.2095250833222661,-0.10448697000762557,-0.16612941025274647,-0.0010000390502899776,0.1169566662972003,0.00328488682094712,0.18773004111735153,-0.07737412430364442,0.29840785610067216,0.1460991910456013,0.14059304446795667,0.012600718288304807,0.9999999999999998,-0.02710416190636233,0.05955374153235275,0.25299479122255014,0.08830581143386407,-0.20122915367531546,-0.23351609962466,0.028133926824801453,0.24306542769665682,0.20006324249647853,0.426328828588523,0.09882878526193829,0.33820248308601314,0.21937176719979523,-0.016918162683644187,0.24438319651659887,-0.18518755164991116,0.07703241968514989,0.19436381382355902,0.18524168987239967,0.28629721414225995,0.27941411621998535,0.1453305402586537,0.2051471816603689,0.07065735439237293,0.02892921650052884,0.22268560983661348,0.1931631845128036,0.0787104102679288,0.033082694802533584,0.15677111874094127,-0.022441305418525733,0.10028360325028467,0.34627816522557003,0.32588240015869296,0.0793394549915053,0.2217180700997986,0.021891788351214168,-0.20527436301647542,-0.11924752049311708,0.29467499034721156,-0.008305970317524865,-0.07420959777418026,0.21936633224993748,0.3124034536262842,-0.38942793609341125,-0.4481746615461305,-0.3348319136699981,-0.3863824248060828,-0.07299825803937357,0.22989538876464372,0.32110180890617596,-0.04312704585844635,-0.18111443230696567,-0.47249719781213195,0.4716164354826415,0.3613052184897972,0.27542238587349643,-0.08833523896436782,-0.3327825222855467,-0.18193984911625577,-0.006641579744613373,0.04402150369704582,0.19682651655005617,-0.16795941238839016,-0.27379805988612044,-0.2226860889882335,0.02261821834629395,0.005100679307527158,-0.12159285755581879,-0.36037615904950354,-0.01689274904779639,-0.1368593317718039,-0.32287537854447745,0.103586840423347,0.1358801791675442,-0.1468565503339469,-0.23174011905026465,-0.35429674927099214,0.07436482799720134,0.08469521994166555
307,0.3659526802059242,-0.0579031077841739,0.2693694393265198,-0.2671162464304147,-0.12001489886149139,0.12754737419556986,0.06388203276295694,-0.2901385844064768,-0.2669338859512037,-0.07166055444911765,0.3109746738909023,0.02759872229150288,0.019542419276039537,-0.14676301996753602,0.16269054076207815,0.10859636079623695,0.16377327676655423,-0.18570329428631804,0.06020922472943524,0.15062693717929737,0.15908520077131713,-0.184878912799187,-0.07269418629649503,0.16643334784801794,-0.17025793612991555,-0.207695328859008,0.24115553861393357,0.25110463769607694,0.01048934219536348,-0.15634793902001531,0.45537637152076965,-0.1786477038676191,-0.09622271119699279,0.41567976301094,0.26397957536065064,0.2787489466674959,-0.09377813220805527,0.30319849997271914,0.3703203579030549,-0.23586068192925985,0.029871177467546757,-0.17648164419810153,-0.12164627889572954,0.1555201198340248,-0.19132394013100823,-0.10146690915766006,-0.055232819911773076,0.1375659115563856,-0.36640798056250334,-0.08833863344779033,0.0395090742465482,-0.24804583667753474,0.2822123871535177,-0.16240507021342987,-0.26412500189812604,0.24887108733644453,-0.21229981137410114,-0.06632620941038551,-0.039693703791640104,-0.2135792031113982,-0.2689925451503653,-0.09639365735740343,-0.014767383517585107,0.08919007833501326,-0.062013292346727346,-0.17146534728715226,-0.3501076857829182,-0.2830473528081012,-0.12255431285936841,-0.028565513321192896,-0.18224401350632674,-0.20772644168892,-0.3199552845499549,-0.4604460630187196,-0.12084011247312064,-0.18211914599228288,-0.21580176987201763,-0.21187618894548657,-0.2697089014512805,-0.07762137932261819,-0.500499504820864,0.006049004288273057,-0.107179468754643,-0.08303481413985495,-0.06177839615127838,-0.027104161906362334,1.0,0.38945418777245294,0.3781184254285734,0.06010356798511313,0.11717826704459353,0.06063476674814215,-0.024899970805954522,0.24629276412763684,-0.22686372168598584,0.03649508361687682,0.07370350690204658,0.20770190534490982,0.3071035775469418,-0.054111017693334394,0.33936285203133687,-0.3263356092551119,0.0947057459632031,0.11772245202893061,-0.21154362015973782,0.03746158697777546,0.21634483416467554,-0.3431102776923392,-0.1938813883967179,-0.0692247748626814,-0.35061770055837416,-0.3128115917391627,-0.09227797345803528,-0.02085972145803096,-0.13386732379837318,-0.23831867423863168,-0.02530787308096456,0.3448224386352301,0.16340063983170158,0.10354103671883211,-0.2934491430582753,-0.2551948064185266,-0.06497030746085879,-0.15039293362934006,-0.073114262379554,-0.08115683191412247,-0.31898703077910356,-0.3589738944316468,0.017635296529088716,0.16993178696602365,-0.27540755177976384,-0.1121211191728453,-0.04354234448836349,-0.05121487584888394,-0.021656173052505705,-0.08703586970541374,-0.02560833190155348,-0.18440406361991124,0.1620179135841099,-0.14283474163477278,0.13904551048307498,0.1596829642870374,0.1584348042285662,0.162796530299009,-0.19963883613825573,-0.12121936600438603,0.29018900389362823,-0.07799271743999375,0.3009216167262312,-0.14935320122853246,0.3192355411191124,0.1671483494545182,0.5581553876974691,-0.12434551683805796,0.0317169799238369,0.023046062867576232,0.030435227530891725,-0.21261784498264727,-0.02991863757053492,0.1685657194461297,0.14187854355306254,-0.15779048092612571,-0.19875114975832192,-0.18981092474970385,0.016686795850885464,0.09120764940411191
308,0.2870968777743903,-0.10484994434460587,-0.07661343834075147,-0.2204217505746448,-0.0195857019941438,0.02077533265997753,-0.08123455430075781,-0.10724559207083559,-0.0612222281618532,0.14530704250934026,0.14374269322202718,0.10036785482438806,-0.0436700607539321,-0.15066236534718527,-0.1515326002009433,0.2245179938129425,-0.0356972058892868,-0.22684660196938272,0.228194826043986,0.12180630591485624,0.0306685891589951,-0.08295541458147279,-0.060545737557656916,0.1914386174472114,0.14257219769591056,-0.03489563948836547,-0.05949991151998503,0.050942684726279816,0.22898394651753676,-0.004023477985315721,-0.04260770340820467,-0.22802093294794523,-0.18623362516967507,0.0594839353143595,-0.051922411394443216,0.2456473652601786,0.010970642820445738,-0.05262654484340106,0.03846480903168339,-0.008914849103523236,0.23994037766325316,-0.07981403782166512,-0.19995050409687867,0.10516991804630263,-0.12061827445554962,-0.25849114852817395,-0.16007736486255286,-0.005851891212989759,-0.26080724514611364,-0.13089263681989843,-0.1242192144457161,-0.16587609821091973,0.07835089606530107,0.0505131807954706,-0.2087262748122674,0.0014206522784133216,0.07622867137749208,0.05463564382711685,-0.08992781291272618,-0.12226762932642511,-0.10981686778260459,-0.24993119670026745,-0.0943508274177807,0.1493217952241351,-0.13600464597519177,-0.016608022291308727,-0.2338710774603169,-0.057130653451355234,-0.14471483460962772,-0.12263699410457661,-0.033178209252877525,-0.19703608831366193,-0.02791781320930917,0.003911148770524853,-0.01612395338444885,-0.1471755738915464,-0.29428771210820354,-0.22011232354264113,0.03368055838079291,-0.21060463493202114,-0.052414986780673196,-0.07528195244162458,-0.02117631099124889,-0.13719108365344054,0.03956355345090279,0.05955374153235276,0.389454187772453,1.0,0.058349328399040355,0.12592433255854876,-0.11043428692262419,0.07851999934403026,-0.11232255742624865,0.10312251654226107,-0.1472828069449543,-0.1455754956203162,-0.05272564952876185,0.10821025479845187,0.1053029556700515,0.027729778384263902,-0.12069185231682628,-0.31746818514260194,-0.02365521803602675,-0.04909803477929602,-0.0487589447052728,0.21063749184807032,-0.08903384241102742,0.004847716014165355,-0.1688914320857121,-0.22504036789180593,-0.0640872719141266,-0.20810829327009409,0.08440082873969236,-0.15857956350287913,-0.28008609255484646,-0.14271828178549875,0.017546051120662428,0.16027902976247277,0.24033680297819368,-0.038171390648618166,-0.28863120699105776,-0.12872338416332685,0.05870669404784876,-0.07280147199290077,0.22103716181341637,-0.1480070907740296,-0.09223284395381716,-0.22374343784672834,-0.01126741432604722,0.07624795537135028,-0.06666360500149483,0.11951870916264848,-0.09095831706659067,0.03810292517768432,0.014245847415764719,-0.04083801067336344,0.023031548721514427,-0.2238274313983627,0.23387933840928246,-0.0019085591791696574,0.11571371211828899,0.013501263025324952,-0.07058192579064354,0.3403743970216458,-0.002813972134408185,-0.09265445293309377,0.18961398842780564,0.05301465182770225,0.11389270130434741,0.07243474407178725,0.17055690099581475,0.19041986251183893,0.5396835058785961,-0.16127353870356684,-0.06140124858691013,0.029732250186696767,-0.08015994259437853,-0.08121415369843007,0.11185162553803386,0.16554938335268263,-0.1147610193102427,-0.20863475430268946,-0.1865341864315958,0.03518154889236987,0.0137827518635194,-0.03212835287161763
311,0.079718243630796,-0.03458443350397899,0.188416424304728,-0.3112539153312206,-0.3551687005659823,-0.027584658134778544,0.08061796109996314,-0.08066053384483765,-0.07686269062922775,-0.12572805716037502,0.11130680866215413,-0.11942908711950412,0.20610761391024068,-0.1559474380179251,0.03973272376818472,0.11521334795296544,-0.18890021993155778,-0.05963328574794711,0.18031022616408296,0.10137226161485725,0.009474725045171687,-0.22496056979540768,0.0716088013903201,0.03526592328833309,-0.18656509782742287,-0.14691077863799024,0.12747605687230273,0.055840996119739465,0.01628931091491914,-0.1127678727415155,0.28888575542364936,-0.10446928317496175,0.09144301291925218,0.17031282159518626,0.10332239842915406,0.11050855034644586,-0.23305859022163905,0.32756057020738977,0.3779144406058427,-0.10068485562327924,-0.1279969528095221,-0.005085293753425367,-0.057045629849101324,0.07378993375830731,-0.19317111389920916,-0.15102705950481637,-0.03582059479019536,0.10465899678457681,-0.24424353131877588,0.21960156466495698,-0.09584291221055947,0.008781404942672027,0.30580108994441624,-0.0470830556536969,-0.1457196592019129,0.21259364369201555,-0.2595650953798309,-0.18215656990995635,0.09384853829484621,-0.06827160321079193,-0.025469948004112224,-0.23086483466116767,0.08805213008584545,0.06318763413732281,-0.012719933276890137,-0.09160961032114211,-0.3055758435340949,-0.27036784682699583,-0.3617201807986645,-0.11999830251305124,-0.044849099550491635,-0.194627191471787,-0.1582324519722572,-0.30814319044022254,-0.24860390509712504,-0.1147684951264571,-0.2683635377103537,-0.18987382124535396,0.0294487711746822,0.1518065312379651,-0.26730405911699323,0.23518788095303417,0.12157805826044547,0.09380291235511655,0.1665042831290818,0.25299479122255014,0.3781184254285734,0.058349328399040355,0.9999999999999998,0.12543065073943652,0.16069991442816944,-0.04181103144482429,-0.21433240702328876,0.2831978832311669,0.05620231938827909,0.0011182706616865551,0.016599080428179508,0.04347762246514198,0.04234430729987991,0.029257534057711615,0.2591549475577002,-0.14904204284390454,0.11499373041016828,0.217040989257478,-0.07256971367203724,0.03182638982361918,-0.01536630465747674,-0.25100190296658637,0.05088935556139,-0.0510533644274948,-0.20944960632648596,-0.12022960695551019,0.07544040952568051,-0.028604380645300544,0.21222369542148778,-0.19433075408601153,-0.22296384400628672,0.07502392643047195,0.2482872531735581,0.07315753559689275,-0.13245590841926472,0.04664888306402235,-0.023647365241546137,-0.15005025989598697,-0.177730840612688,-0.07534900850584843,-0.19091262669563572,-0.12223864347244297,-0.15611529428455256,0.03992718378597872,-0.09525389326052537,-0.21226880274426954,0.005674580735017607,-0.14639710137602643,-0.16528694928790513,-0.11960165075880988,0.05602470911228501,0.041285339943308186,0.054177625375133945,-0.11715214141496878,0.18355839023888829,0.41142242207613006,0.07926875933235397,0.05292616194839488,-0.007227292975161867,-0.11146581077872846,0.181506248843675,0.1479613469283914,0.12368236326338733,0.026423000824311905,0.18784252541734187,-0.0013429576678731228,0.26272711693296696,-0.08878888447080956,0.10265008220809121,-0.07054686643441023,0.09452575023261843,-0.2587809591113707,0.05324200512351771,0.042416411017590236,-0.11019573598003783,-0.08694124592681077,-0.0979426371210803,-0.08309464843612796,-0.07696395734573704,-0.11748664452980005
313,-0.2746747454599307,0.2008500508121814,-0.23723046864285363,-0.023454833696703835,-0.20703751842998902,0.10568083628717712,0.16217604838149235,-0.06492268970911101,-0.11394837571849849,-0.11595726075171012,-0.24825103175266822,-0.16959866561873788,-0.017306152366128053,-0.11148509089591911,-0.030946389226618087,-0.10820679815850441,-0.2245246344103994,0.10764933245441292,0.1412408438893901,0.0883927114453271,-0.04290407802953808,-0.1931018720662368,-0.2986375293762648,-0.18275609157399353,-0.02328192855234566,-0.008772783459954183,0.14948950481413778,0.03633598728454478,0.2310548577994259,0.27602084545792493,-0.0949584907879292,0.14849335211997305,-0.06558567794041788,0.14402956167283926,0.05913188486531676,-0.011920234008542583,0.25977014047201263,-0.10152644736590927,-0.12315552037273915,-0.006093180252130236,0.08820269456556878,0.0385133759052488,0.004476767399020019,0.15020346487059655,-0.24222923860170506,-0.11993804038694017,0.01956029886507989,0.05462514010419415,-0.041470053382854886,-0.0535083911474602,-0.11443521601679058,0.022602295494912533,0.14057887880333034,0.2714244066350089,0.0536250121744705,-0.12747253090178237,-0.14222337262262286,-0.21843198870458208,-0.23529420334047843,0.05084683938525254,0.04882319183362086,-0.22864046435354207,-0.05058444566158114,-0.06181564771753915,0.1482636877895571,0.03143947645465537,-0.069287281940315,-0.22492706103968996,0.12688114466407716,-0.23145876001590499,0.088840491049007,-0.04638368940180255,0.0754210234300433,0.13948227888025053,-0.068911562466683,0.06263561326053718,-0.023620580579658528,-0.011688236121451373,0.2695615405275704,-0.14989579603866152,0.13798476064603193,0.21811786104870626,-0.13097187705351104,0.18747130474615498,-0.007127484194383512,0.08830581143386407,0.06010356798511313,0.12592433255854873,0.12543065073943652,1.0,-0.04200947907720751,0.03549593617431254,-0.12812781164823933,0.11576404953689542,-0.05625470273323855,-0.03249737735032403,-0.13561247701223944,0.08117533266201218,-0.186256310697002,0.16432514506132267,0.13074756499092918,-0.1479493844032291,-0.05306268198091407,0.0004624149714918415,0.05409317480055144,-0.16723853065465966,-0.012564001718125191,-0.17463706290747827,-0.265978442337744,-0.3647253055386863,-0.24119197701683628,-0.07462672690823917,0.14417944998040833,-0.05766392705234352,-0.05797183726651913,-0.06865472909551759,0.16756255703146722,0.0821449355538629,0.004860737744279525,0.21792061713881283,-0.18623337115985936,0.29118406896141436,0.0169040090953452,0.0733815527005709,0.3987231953534616,-0.18802067093501493,-0.17594516287449913,-0.07501725324481681,-0.01741658547094898,0.03092070245909693,0.12843523192832504,-0.011573057438168041,-0.014583496239531403,-0.20896657221808415,0.13204813207943897,-0.15727500489982532,-0.16789470534560202,-0.16818627217148963,0.21688482373765333,0.27767228169126007,-0.08245458389181778,0.010093301460157796,0.0486241324621144,-0.02828212925651046,0.024052749241541473,-0.1499037494773618,-0.29950709767562583,0.13738801384374683,0.057556341921162046,0.32251426093762164,0.10709322552227099,-0.0709137883284167,-0.2107843769487866,-0.07344528166429076,0.26066677106542907,0.14753943311860046,0.010083920088771105,0.15848313353775187,0.20927464066731696,-0.0441334513732027,-0.04249585467883918,-0.3412215325001782,-0.0716709714220819,-0.0637100317691194,0.13291269135618938,0.22647044198635352
314,-0.10102993482598346,0.0803997272553188,0.14049434473308792,-0.1338849579538296,-0.023105597013558885,-0.1271307910770841,0.01115296446959595,0.16196941032222384,-0.10550526376007875,-0.17979510634649368,0.07659986318915733,-0.06625387984327187,0.015029915746073253,-0.16469348598573036,0.2802654559463757,-0.2371951209525125,0.07401046336952562,-0.09823628781645624,0.014919931869371437,0.049917681485608247,0.15034815092725998,0.036753735477224006,0.26634993880221886,-0.2671676267596449,0.04917512270695833,-0.24355605994939572,0.11519336023330136,0.19214164886204857,-0.10739566160486198,-0.20669102856699842,0.2187583758603587,0.3951771086592521,-0.1231669992199789,-0.026117065477764115,0.16764262789556308,-0.006995009937724228,-0.01727157916550215,0.22881197764910918,-0.20062076608489507,-0.005116134620206398,-0.18244138962753906,-0.08987731501415037,0.05652594362365587,0.07455990152068617,0.06488493380695036,0.1563830014965197,0.07485412847553857,0.19437431813844966,0.11856875044696046,0.011019204416907877,0.13149912503382916,0.14873378421599037,0.08323692573203471,-0.07659062512519621,-0.12922326971600356,0.019012419142074553,-0.28286515275777246,0.012014372526528778,-0.010069112831965715,-0.045324561075328465,-0.04355729653646831,0.0518785656857862,0.07100853998240125,-0.09055051461869454,-0.03773558931737712,-0.14852509933022104,0.10669904104693598,-0.43539798098937116,0.12836170481301826,0.23603154823487446,0.023601234515767,0.34320874326135004,-0.12097928425798637,-0.2720809507958032,-0.2627621760067923,-0.133948025445261,-0.07030150746293287,-0.18035733363999557,-0.2662969059853696,-0.21370642393923056,-0.31172159177993325,0.005065707625398024,-0.026810857310454652,0.07799577855703517,0.045709743663820454,-0.20122915367531546,0.11717826704459353,-0.1104342869226242,0.16069991442816944,-0.04200947907720751,0.9999999999999999,0.14975004498469308,0.0419382841132867,0.21960876989612194,0.19112682239271514,-0.10617400383244249,-0.028883089015975416,-0.1006882689040909,-0.14489739645200678,0.10831663723136252,0.30903564612388695,0.009846403130355327,0.2416943478756489,0.09685874034390785,0.250237422286004,0.12784371764948405,0.03419533890130641,-0.22194162109404728,-0.04880414516726073,0.2633689754274874,-0.14637431258968653,-0.06571704395917434,-0.007808242148907492,0.09069528422760711,-0.020758396524680763,-0.34325641089857917,0.15411463380331591,0.11547434014029662,-0.18782884719475426,0.06552403049569604,-0.1224587237464434,-0.11216440886982441,0.029240518333857858,0.1719252654222259,-0.2859241430108722,-0.00017399434639975544,-0.030367712665704604,-0.2884267822117465,-0.25591734386368026,-0.07760958652058875,-0.09204742934644132,-0.08949331046186357,0.13629274440398353,-0.12348285392917545,-0.06021623936115203,-0.18029499493662188,-0.16058770380768042,-0.10551994056044912,0.007273428714592939,-0.07190960828072257,-0.03619464150556651,0.17318342061571568,0.206766782126779,-0.18103990858697738,-0.17479523889444828,0.042826478971984966,0.0020377306693045924,0.10560701564961503,0.030765459588069397,0.05073984771682007,0.013422493803991435,-0.0006945922700419351,-0.05328637939712253,0.05937094190349478,-0.01812347878718579,0.04076110832663388,0.3713179151948737,0.10805068918635204,0.31941212201840574,-0.08746028894197908,-0.20665598839601396,-0.04756727431158441,0.09775175360297948,-0.020286173026970337,-0.09074820882220477,0.20062924485982814
315,-0.07637023105539396,0.12051170139020596,0.13878732716614628,0.10623717505121218,0.148071731447356,-0.07263516835883287,-0.03409286559077996,-0.047039616972551546,0.07417615599359606,0.020447313831602015,-0.04326577667927652,-0.021341411003831995,0.10408690976353935,-0.16200267129728804,0.20353117517313823,0.06752979869634856,0.2275365597305779,0.023825768389558057,0.05043232494605299,0.25590896499121263,0.3181961971551991,-0.00992528287227343,0.04499696565652313,-0.02762263010640458,0.24716578534954453,-0.03844178730505584,0.24950465659872822,0.06251589113968523,-0.030960892857874543,0.14442880027417285,-0.20274437980722881,0.22885833722354976,0.062079458338093446,-0.13843365743281544,-0.17249614661888793,0.2266090847947439,0.30479101254222296,0.06949137916306494,-0.08732894278630923,0.15506065568826335,0.02733361292791484,0.13380574790920546,0.15638363406866362,-0.08747232497486569,0.17398268277258,-0.01420775266899118,-0.20649375595656966,-0.007799123258308482,-0.0426567960418686,-0.2714534459823656,0.07880535971996132,0.10981252014574118,-0.24465174189597733,-0.14690486063833022,-0.056097693750632886,-0.3221216804436774,0.003651853788104116,0.19591998576174438,-0.10497365380899042,-0.14822033228171605,0.028303511940851848,-0.23020847877649744,-0.10621572985614895,-0.21943043223565073,-0.060574968063044556,-0.06175292856249144,0.10902849962763558,-0.010204105510362287,0.302247932196549,0.4240474481019325,0.11940683961938692,0.09513724019340165,-0.03672093880755024,-0.14247814735996542,-0.036892347152959734,0.10104307034518564,-0.007937675400489532,0.004243672543508079,-0.018019168725999186,-0.2370053901143558,-0.07683951190259364,-0.15111590027153227,-0.19321032933202006,-0.06679770391805924,0.08627008194853435,-0.23351609962466,0.06063476674814215,0.07851999934403027,-0.041811031444824294,0.035495936174312535,0.14975004498469308,1.0,0.04080491327016753,-0.0918526252968892,-0.1881206138740618,-0.12172005071128791,-0.06497558965475662,-0.16508651335455937,-0.0919502652335835,0.11121975490046745,-0.11337477265697032,-0.13719638756289976,-0.004961842252048219,-0.188059078655799,-0.08374325246509269,-0.20181611389984214,-0.15817206510764617,-0.166492760005577,-0.3535483416133484,0.05160934273256,-0.19917867628439595,-0.2659092164881163,-0.02968521741338466,-0.008831540874637726,-0.05756154839648508,0.008994300136030479,0.06903502594763783,0.09631224286308203,-0.18276291798372615,-0.17222204433728505,-0.1520955516162037,-0.04814523912302877,0.3158574934891422,-0.005395337736563966,0.04848711620706067,-0.18187052716699775,0.021250019554031833,-0.20358071700428834,-0.1132997414174041,-0.2885245195189932,0.1905289634885183,0.32291185431343133,0.08398213751422658,0.10469318022329276,-0.005816669033200311,-0.16760084703238254,-0.07523722161655955,-0.1642450798288402,0.16674238215070736,0.23670471809640153,-0.11909743989832064,-0.26033733832517375,-0.11780631628900413,-0.03130111965030173,0.25219290314334636,-0.055167638559235475,-0.15195299007064467,0.18074792754480648,-0.12062053473935999,-0.1359665065349312,-0.04274958966812473,0.2549316248109993,0.03719388568333175,-0.06827360021274427,0.09915085372351087,0.26522383404420097,0.1999214031944077,0.0022385366399920903,0.191635951363022,-0.0132325395181855,-0.18072984528344924,-0.05000963027087565,-0.012114751097601772,0.12807314353076243,0.027858438532433166,-0.011600929405888845
316,0.08589240383609047,0.15476272616088,-0.03263760970965685,-0.03998062251872023,0.15889816900618298,-0.2519735174439972,-0.13101672784724178,-0.014607103611017915,-0.05584546706588223,-0.011592895330128935,-0.08185024478294851,-0.09448778781135073,0.2798854695840082,-0.005017760401873777,-0.11968445881428326,-0.06438118040230385,-0.18101033839063088,0.027560048540806785,-0.2481471100729048,-0.17146880787385763,-0.18330623816824443,0.0296796937951643,0.31837704387676236,-0.10599335539043186,-0.2413461433233116,-0.19371985592218768,-0.345178995746642,0.07391166480615387,-0.17711570352696812,-0.32269990627186695,0.025043930621628126,-0.15046273760018983,-0.3136542456358641,0.03175169060672093,-0.03531296944642888,0.1843261249121156,-0.05858852059492457,0.06969758995290334,-0.11116587447085424,-0.04556557746995746,0.07021298977669009,0.09165859052590292,-0.12391259302827053,0.008493675740297127,0.11396731603152846,0.030406690018594165,0.008625118547100508,0.03513038471663552,-0.20268282611070346,-0.12446610561358246,-0.25215359730176334,-0.16583189801455925,-0.15604822967333182,-0.028362730220088707,-0.07955356859662362,0.18052909867497682,0.18926295314447322,0.008668993352637858,0.07938534942873254,-0.07158222743358587,0.16746488392522216,0.14865961522845503,-0.11217839368972043,0.11098112648214589,-0.12068687321020329,-0.22049535891853472,0.14259878611919327,-0.10350908676607798,0.03896564677765025,-0.08747700080298194,0.1719012834401117,0.08622894568016294,0.0038903340335864635,0.030992775267329953,0.08999226220156044,-0.20849585336420864,-0.07860902187800273,0.3121505847700864,-0.1061698469529723,-0.08100912150870786,-0.08232952825048646,-0.12495446771806347,-0.02146515597512523,0.1151550409124812,0.020902832706802172,0.028133926824801453,-0.024899970805954522,-0.11232255742624865,-0.21433240702328876,-0.1281278116482393,0.04193828411328669,0.04080491327016753,0.9999999999999998,-0.030570658748877585,0.11493448092776065,0.03903515324866434,0.060774942687216414,0.32108379499467604,0.2730072360874713,0.01730124024316446,-0.1425055120330177,0.09970386881090168,0.029901050431978736,0.16212241478729697,0.07868282212839263,0.012678321924590367,-0.08674547923450611,0.10291611943140332,0.0034518319309222775,-0.0744363893574293,0.013579587971062533,-0.030373004313682832,-0.024029370856662784,0.132143060362926,-0.10966194979289742,-0.08798846227500874,0.17338734386634147,0.13277433193852892,0.0070265698577078135,-0.06181006993704962,-0.18069391587717676,0.017692689692966976,-0.13005406756228932,0.2068598829903185,-0.04478598775963907,0.09050788540023431,0.1284560864844822,0.004460096136855528,-0.0445075312356662,0.2663555293399987,0.08114158743502173,-0.13716871757325896,-0.01701837939070189,0.17489651822047145,0.04555679219499191,0.08558976535553553,0.09460554884937329,-0.11309981416622483,-0.039869192225477725,-0.04369988636043513,0.24822478245394075,0.05771630030381685,-0.07318710202652245,-0.06418199893473389,0.0218860845854677,-0.12401652686521576,0.05835797630427257,0.12458041318199073,0.21827239192227413,-0.18101540446959974,-0.12532444885626526,0.033716702905123005,0.027552881601483805,0.26709514354227776,-0.1744132870271778,0.10062661789724349,-0.08775700199798574,-0.014014946511171024,-0.1138366805856121,0.2313500312878821,0.06888444121404136,-0.2086737908643903,0.03746655911021433,-0.14866592376502502,0.1218383632915092,0.09397788311627418
317,-0.10626586712238752,0.07167622202237205,0.00454584545153768,-0.31206305942456114,-0.07741763392748445,0.0743493395555324,0.14640320669375348,0.033357108248402476,-0.13436591759009814,-0.2821054570419077,-0.007838498685760519,-0.017288478908754224,-0.048433815286843145,-0.2680645212422913,0.041306752160296806,-0.11157500292556435,-0.10286985172852912,-0.09409741487496524,0.2118815385843546,-0.17125111010272454,-0.05855963730934023,0.032488357498343945,-0.07449929886517459,-0.031310017735427596,-0.23687265924488876,-0.036658534321658484,0.07223215337601256,-0.12490945664311451,0.10376592897991711,-0.12042473839070438,0.1136157156985097,0.02003925870816012,-0.05903629051127903,0.1207746431881996,0.13658586832748185,-0.022121589627104397,-0.13792191530385037,0.1580967277361407,0.025666221693805398,-0.2962751253887808,0.0018609594409266374,-0.26513882865160654,-0.20628088477110124,0.01874289314873228,-0.26696563919363137,0.08648024014361037,-0.14817754172875522,0.4865886904078749,-0.10975414178032901,0.11970741996469894,-0.09376251139382745,-0.022151236352089113,0.379468684513693,0.1310072281886788,-0.2711863898840883,0.04887872028903049,-0.2655133015306393,-0.21745490633287143,0.01389475579129745,-0.2018234133696937,-0.21872421550834015,-0.1438830976652119,0.11641400174087166,-0.03833369091838637,-0.12288681772810763,0.0313761075628217,-0.22638637323948516,-0.2902414262684632,-0.14680629894557437,-0.05955346798544381,-0.02512282049281881,-0.12687081993028457,-0.192176976074889,-0.14283092406188103,-0.23336253129722212,-0.28967454864348113,0.033820705483922325,-0.17683784166735375,-0.12052267268232734,0.15898553275875513,-0.32181078116452766,0.24554124950716663,0.09301155500459216,0.26470429372032006,0.19805068470995485,0.2430654276966568,0.24629276412763687,0.10312251654226107,0.2831978832311669,0.11576404953689541,0.21960876989612194,-0.0918526252968892,-0.030570658748877585,1.0,0.09869322984267342,1.451915331233247e-05,-0.2016817365635179,0.3396706255927975,0.16848069299944599,0.15751703115167012,0.21120552825185498,-0.3793110504868186,0.24867091116210654,0.08609034698779111,0.2216033262286059,0.1683430537862983,0.32078307149230695,-0.1514820451098695,-0.16299469729983757,-0.10723017035787386,-0.20608558063234023,-0.08580844605387636,-0.06079810870643342,0.060180593832669146,0.11994170222235304,-0.1546433397144412,0.07958578690028335,0.0637193969260006,0.2988717152667436,0.14406692144882224,-0.14841481340843904,-0.08572034344697171,0.0924525299572242,-0.1248156393228679,-0.14660695079523647,0.028848050028185745,-0.3611535513113162,-0.28846214638663675,0.2706692560373733,0.1810188092497145,-0.20199968782365652,-0.2538530669200802,-0.011085401887013431,-0.42054424617217906,-0.07089823874558768,0.14285621409288737,0.2032095743094922,-0.23844727532303692,0.23486538175197486,-0.12207841461803315,0.30570656358715514,0.3085100317504584,0.2084436046554258,-6.0114050585687785e-06,-0.31037732100291276,-0.05306353903464824,0.028189021340576624,0.15412139933276675,0.34326561448925136,-0.10331886483371026,0.024669543099612463,-0.07517630426251448,0.1328538331171738,0.010916243216218027,0.11227387305939966,0.009600179244699351,0.2741827791512077,0.029724724569633924,0.10793979524880323,0.09611502321059415,0.08356921784189275,-0.09718119725093215,-0.15605582585302616,-0.25798978661486743,-0.004673284041542744,-0.046368646502437175
318,-0.02719272146164514,-0.004460361497120008,0.005846647638694501,-0.07687687823507014,-0.0012280177846985564,-0.035401531190235244,0.020016242924439234,0.08698718450375481,-0.09715222670385988,-0.08162877862793697,-0.008915434644636708,-0.22626532837570323,-0.04938940881250341,-0.03265703888456252,0.11540071996343068,-0.25814552268674384,-0.2276061284522224,-0.12239373871100755,-0.21124278636598937,-0.2544986738535076,-0.084364560427639,0.0741747582167181,-0.1459656574233062,-0.21353273084097357,0.07197675212875927,-0.24429050856754558,-0.23411643919790923,-0.25196033825824604,-0.24732922279755654,-0.09059824271512397,-0.0006602775608628186,0.05046520012511429,-0.24990888377403078,-0.022222722688833123,-0.2284267632620765,-0.15090428846523918,-0.2454974901836374,-0.24129651636511637,-0.3047754940687116,-0.07178663915480472,-0.3376582782212383,0.11886367732791567,0.10198262348903149,-0.19933384283621114,-0.3521065216625513,0.2566577754401825,0.22412893873317571,-0.0705944508942251,0.15144158615543804,0.2588805181788346,0.09044557747243026,0.1025412881863449,0.00468123489066965,-0.0069923585890219915,-0.007088500828680422,0.01234455937942959,-0.08157938361333124,-0.05329038963804686,0.2082273675808842,0.3380545215597414,0.05736294007396872,0.1540351397267951,0.12611163806628398,-0.17877546915497747,0.015535680606075256,0.049760691821768496,0.0502795741525134,-0.05091658534611737,0.0812392558955652,0.02418727988379302,0.07580033988407504,0.09663096922319282,-0.03678449614947246,0.1326737923170658,0.02715868377965385,0.012088107828182459,0.2953910460023757,-0.03654620325206651,0.03298970704496458,0.10077279584356363,0.2231060405822281,0.1825996480589997,0.20594841836886918,0.23910981004713405,0.05568123282402772,0.20006324249647853,-0.22686372168598584,-0.1472828069449543,0.0562023193882791,-0.05625470273323856,0.19112682239271514,-0.18812061387406176,0.11493448092776065,0.09869322984267342,1.0,0.0802514765164852,0.27798938858538785,0.14721493252973009,-0.10383115414102025,-0.20078982222728228,0.17473447472266462,0.24825986924641236,-0.12170290950503174,-0.12287051516759422,0.11287999585864572,0.2077857699124592,0.1357061732348352,0.2617345417613242,0.4619158448082059,0.1899598119246385,0.2607042984149539,0.476139950604027,0.1893605666556308,-0.031830601039204084,0.13667903534660106,0.05901256000878794,0.0018921159509362232,0.10720857359940282,-0.05293494318063417,0.06343953096507794,0.24497222814829275,0.20554725406321336,0.02189891911417676,-0.0008025086412891736,-0.2948610122611537,0.32923236946100426,0.23500905949457326,0.11800641161762038,-0.029547558448366748,0.11194904598908394,-0.1227565727910378,-0.26752510614315517,-0.12182052829501853,-0.21407476271718356,-0.29248692617494176,0.04114637584646657,0.25779143075545236,0.17224732153994013,-0.1049457550081074,-0.33790362362823806,-0.07336064840092066,0.3406837748239621,0.2468649018869954,-0.3035438687784176,-0.16336655734893757,-0.04042232040180697,-0.2168460961224533,-0.1851377168579309,-0.08255473251347852,-0.15689300134379866,-0.36408149738915546,-0.3801322945189996,-0.1393344511708618,0.1445410807166726,0.1068849227676733,-0.09216144273010916,0.22039234533628932,0.03169276300803924,-0.06529363548649889,0.026639069599981788,-0.038453727364352416,0.17874355654068336,0.07024915039668173,-0.21320782411000425,0.18385139404060555,0.1521327602188906
319,0.10058538682342176,0.07416104405430593,0.08754898870458273,-0.28170955155873845,-0.24082035725395548,0.2512280097437225,0.025405535224779587,-0.4489572647777679,-0.18143647562616944,-0.011723700758760768,0.052359702549702694,-0.09199311740017525,-0.20360776647178316,0.10650138419207439,0.060238833690569205,-0.22650253770307688,-0.27013512318328714,-0.18428520357572767,-0.21290504135675017,-0.009653460258103246,-0.24584929020124283,0.06614781865171783,-0.04059335905224042,-0.05880395610054799,-0.34663357977883547,-0.05852385583625301,0.047797096538532015,0.07533852771915352,-0.26402459035335996,0.01565929181437457,0.15279410704947158,-0.11672476560125729,0.10978329647172091,0.3401807892950898,0.10742957051044773,-0.003244923987639815,-0.31707026472573624,-0.07860796550242725,0.07979163192069895,-0.3116319054211785,-0.3530981063660478,-0.11039977220170716,-0.008915541631339369,0.038468046801688006,-0.16528408374179315,0.11175963770882467,0.195444457148154,0.17614247065187622,-0.06767570054705452,-0.07440645327960535,0.014225382216138572,-0.12634486363318587,0.16591846114663747,0.10591114089523002,-0.07996927552666154,0.3549254873268508,0.0749190484811084,-0.053356583017505864,0.23031599336279748,0.14740133628873478,-0.3365194842513682,0.17197976828276562,0.2128824781196962,0.109062916696477,0.07824217289821282,0.030420133738786635,-0.050152482353466185,0.07428724233626018,-0.13073160719765414,-0.0692009233528565,-0.18245138985621512,-0.05228114982367166,-0.042204661626681385,0.06446253062373006,-0.08129788908695283,-0.02125613927039765,0.25158981761943566,0.12061470434211463,-0.06965896303567669,0.2224214978660932,-0.1256263540390161,0.25536819389537146,-0.051440798574344034,0.11141904819845122,-0.1157557682702226,0.42632882858852306,0.03649508361687682,-0.1455754956203162,0.0011182706616865554,-0.03249737735032402,-0.1061740038324425,-0.12172005071128791,0.03903515324866434,1.4519153312332472e-05,0.0802514765164852,1.0,0.25697706510185037,0.3073256312502619,0.22438896606366743,-0.16565943011733492,0.1413797727561125,-0.1031495634004589,-0.007746729606659459,0.266160169882458,0.07198422103596838,0.17350787656268818,0.2844674186078285,0.09122947661201436,0.1549994556855416,0.13352075618936518,0.0573930040353893,0.19479237090424079,0.19394005975024578,0.08017724529554097,0.06663614350634567,0.18842466037248745,-0.026800044337008916,0.23810144599947683,0.36215579510579504,0.311365817801426,-0.03381698839565533,0.17880511560796064,0.06364713918409512,-0.2338001631594051,-0.35323146050938864,0.3057141626805314,-0.0015143565515462754,0.04456924962459292,0.1887962010876274,0.2144139116389926,-0.5392626447672095,-0.4652082256867121,-0.5372402307753319,-0.1798531230659759,0.010034606630563544,0.22492063808040436,0.24565994691617876,-0.06166405086626717,-0.4005491758316119,-0.3817438926205936,0.18380366613486282,0.38303228235452047,0.15225027754706727,-0.20008915036784933,-0.42131086083265235,-0.23530002761309984,-0.04149372272358377,0.02201422434983768,0.3146534042477793,-0.13208216781047613,-0.32882408449559813,-0.3485745773823213,0.052928792803907374,0.3163241046050171,-0.108003803898668,-0.2885380491105398,0.042703491555793435,0.015319650025161679,-0.39547406463028706,0.12495506255097995,0.07782808769096444,-0.06920127637499905,-0.08580525563413917,-0.2982528464131444,-0.008397083665940802,0.20751175677848438
320,0.2204506128941568,-0.14853174139179232,0.151478580366498,-0.01574532079322099,-0.025832273971416003,0.030436921931362625,0.1155801898069525,-0.36163338784477267,-0.16658755670661274,-0.049777955666508916,0.04292050043511627,-0.1933840836537569,-0.0649832728867491,0.20805293100424294,0.21974635458185812,-0.23864403794480468,-0.1718793011773436,-0.18187467118444808,-0.3701872087609533,-0.007179424148498656,-0.1092477072543172,-0.10585290229046128,0.043437716433059666,-0.050029264654704135,-0.25370829507199294,-0.27773543472907525,0.01610641667767925,0.016315570738970143,-0.5202904417946704,-0.17460448143282553,0.1643486485158642,-0.12087663812790556,-0.14776442216376484,0.3793038720638639,-0.09046198842438083,0.027892659645958,-0.2362270783205787,-0.10373869940161856,-0.14455639258949862,-0.2949406621926213,-0.3761063799617794,0.2170423186282653,0.1865884914256468,-0.024072065703218334,-0.13786282511776,-0.024546300176606434,0.31185315356837695,-0.09400090499834023,-0.03603140006272933,0.033686291166553355,0.26618449860268856,-0.29591648017212524,0.04597207377560925,-0.0808734144599631,-0.18422434975969176,0.09170094022395853,0.2066024918366307,0.061130369225359665,0.2976631502791457,0.13358730252005538,-0.1507194101289061,0.19582933200490063,-0.1374111647985833,-0.11359543891704038,0.07721320994161038,-0.03730055927022889,-0.23729623345130899,0.09639209897769432,0.09434238947805516,0.12273178419803087,-0.1507681760754997,-0.1275524848000512,-0.2942867936200688,-0.16630526237894208,0.04054520470613787,-0.12218873514868718,0.1511391893655726,0.05142678908602017,0.06658229220414374,0.08209911445115234,0.024469868517874995,0.20726381138574743,0.058275174135247625,0.010108068949035817,-0.10676072133000634,0.09882878526193829,0.07370350690204658,-0.05272564952876185,0.016599080428179508,-0.13561247701223944,-0.02888308901597542,-0.06497558965475662,0.06077494268721641,-0.20168173656351787,0.27798938858538785,0.25697706510185037,1.0,0.25200913564927474,0.18035035800167262,-0.18363798121485997,0.2294841067638458,-0.07595948102562028,-0.17125587656202598,0.19376134862345648,-0.03972511390483629,0.19040315735241367,0.23709615107437776,0.15875141395664938,0.44679626592676175,0.2515240116486854,0.08104193257315462,0.1902989535878824,0.30063015168992724,-0.05484606100799633,0.14979667396756857,0.14001879612359536,-0.029793417524635504,0.36666680154129183,0.10665589039431446,0.06922201648981154,0.19011949950109844,-0.18274679609036046,-0.09336249933551244,-0.001700437548681661,-0.2684565072693377,0.27032617535998826,0.3936947358770976,0.012279476166306862,0.11909244941208709,0.08445101384367934,-0.3816158006629079,-0.26683573089912666,-0.38238299225591005,0.04062006495673861,-0.1885203739675339,0.18630024849315394,0.17551006088727972,0.134837541748898,-0.21922038979088346,-0.365339127969819,-0.011650623287008145,0.20214924237460796,0.3583878356735718,-0.3682174778214845,-0.21863899782644558,-0.18967266669290658,0.18453829371847097,-0.24042094513577186,0.32764000903947244,-0.09614011881769265,-0.2514091388495834,-0.2387221548684164,0.19406773087572143,0.11367927612473532,-0.07593800900638273,-0.3234722924007153,0.06324786845940118,-0.09694827218400309,-0.3107331942330104,0.046066787606470525,0.17387477780826355,0.07510825293580924,0.11121427557134955,-0.1337878739187574,0.13096642656760238,0.18046786116271835
321,0.2655510164400541,0.05717910648672701,0.11955184383453056,-0.18099869339835767,-0.051454646819677825,0.02791676878455406,-0.024297893744109345,-0.19029662683487866,-0.14180297727581154,-0.15441608930665135,0.009073002770279195,0.052395205355458524,0.05321180237887246,0.09183532718652263,-0.12315152883779554,0.02080681582683348,-0.30495832963735947,-0.15456557361711043,-0.16016007778958521,-0.010998462141042043,-0.33234621027056443,-0.1531105446544261,0.09096206781178577,0.06560720644834013,-0.5606675036311105,-0.16183347967840603,-0.10548636054219686,0.17508576555952982,-0.04754014444503679,-0.22707546992802416,0.15103368036328713,-0.24163992014441482,-0.2141848075420984,0.3337765664748001,-0.11256220487710943,0.16525238345737572,-0.30961425605789245,0.039703047521995424,-0.01586816775596679,-0.43158678428484876,-0.02687541005877167,0.06623069723170535,-0.12280113775051364,0.14267943082478157,-0.056863448690420454,-0.09053952244077415,0.11370021222236032,0.2664675432497826,-0.3003821757809529,0.07317962912878709,-0.2348506962822416,-0.38678376277977694,0.2991458097432853,0.004913032313384942,-0.14015666209292774,0.3690007389274013,0.04691340877377132,-0.11678192366191005,0.1983440621295329,-0.015724142183959535,-0.1949931542848399,0.033502205883273274,0.11075880978661988,0.06918365625382793,0.009219530137758463,-0.1155132073541304,-0.2306061098312796,-0.14527818030132486,-0.3117919381725548,-0.05037454308053476,-0.1946641327351944,-0.22625655576666592,-0.18645456573953628,-0.142150223929237,-0.12627598363659653,-0.2793976520043026,-0.033265823234895284,0.20890372743558597,-0.14621854191278025,-0.09184394445562787,-0.20196115657380367,0.3236286424591085,0.07210071707611831,0.12334804921162239,0.050557134065257206,0.3382024830860132,0.2077019053449098,0.10821025479845188,0.04347762246514198,0.08117533266201217,-0.1006882689040909,-0.1650865133545594,0.321083794994676,0.3396706255927975,0.14721493252973009,0.30732563125026185,0.25200913564927474,0.9999999999999999,0.3040816127532891,-0.16376130459323554,0.2725607604935488,-0.22226547267007657,0.08245657393041526,0.31539380365287284,-0.01928489086771521,0.26978233201890484,0.1636609604120111,0.11283127993643358,0.14571850247921414,-0.18659501490328328,0.007657726948873702,0.08474602441934198,0.1328549379573639,-0.059088122540597664,-0.04176338776593904,-0.01661191411381151,-0.12141461020611449,0.03577969457863354,0.4464878304494133,0.2725645127296909,-0.096203552139978,0.09275534706268926,-0.21785613308450266,-0.13187810089788723,0.01660061150845798,0.1267375650432774,0.009859875435534527,-0.16677652701285692,0.0594401928188505,0.3872983985814764,-0.3333400526570271,-0.539518344963512,-0.27635289225845006,-0.2599527074000719,-0.00979049670518589,0.3114110506989587,0.08821033315066479,-0.18020297895156728,-0.054619191163263074,-0.4375006111248516,0.39051929314965117,0.25897052488844907,0.1261660598592107,-0.005836075266624871,-0.2627772947198956,-0.2800806679617413,0.22469923009630344,-0.150862740677325,0.4394872087108819,-0.3572584300887709,-0.10690641614402722,-0.15403257304205606,0.19688269655092178,0.23333371993708146,-0.00554692471611358,-0.1785356112320052,-0.18838893727446507,-0.12653981819707316,-0.2503011544332458,0.27405323394304987,0.06449963596583351,-0.27044945496259776,-0.12080958403830312,-0.2037826025878826,0.10129639472463015,0.14737208975684266
322,0.38559089145784375,0.04886076035263871,0.2651946376316783,-0.3809977489791467,-0.21504077925099513,0.19514067414691535,0.13772672898521804,-0.36716705815846784,-0.14029685642815037,0.25944067341377963,0.2692966494944307,0.08126919033369105,0.30275458480884776,0.052009848389142,0.029013458183080015,0.12730592131192744,-0.08249639462643825,0.024340195494652196,0.04926574321355288,0.08549352594546603,-0.20414295189702925,-0.07069823032967595,0.1443257832530408,0.09640708603610183,-0.33957444410195964,-0.26072093668219704,0.021893862888787835,-0.010909017549396669,-0.1935336425159461,-0.18159185831749114,0.22981013319913005,-0.39790001810700043,-0.22227518184128295,0.4516816567409899,0.25131063239018275,0.3364439907253913,-0.30642813780727607,0.2030755350514759,0.32902721511079025,-0.2746288003054276,0.047175508240312185,0.0628643684095761,-0.12367815755782798,0.16637716819093445,-0.11003968084473145,-0.19047171428542117,-0.05086766585887016,0.1903527715353314,-0.37878893045267853,-0.06551751691192274,0.07280476443522108,-0.18531183142505434,0.15386867641073765,-0.09438971226668064,-0.053235555734228175,0.29981504380503193,0.18752529090788078,-0.1462570745331682,-0.04019826867028314,-0.27401031219167893,-0.31645604331789706,-0.013303308772525212,0.00512942659013563,0.163118320715698,-0.06751206123339898,-0.007859752609728498,-0.44184236890734935,0.2269027910389682,-0.22853723506649115,-0.21657062039242125,-0.3670187143562663,-0.43589624454120857,-0.13639662240729927,-0.2704869847320068,-0.08879815645798063,-0.021854368557324717,-0.09586724815594712,-0.1250147748660572,-0.16371255735466472,0.09436248966168864,-0.29920710486053526,0.24117705925779634,-0.04134835839720061,0.013976288018947007,-0.12841482473658183,0.21937176719979518,0.3071035775469418,0.1053029556700515,0.04234430729987991,-0.186256310697002,-0.14489739645200678,-0.09195026523358349,0.2730072360874713,0.16848069299944599,-0.10383115414102026,0.2243889660636674,0.1803503580016726,0.3040816127532891,0.9999999999999999,-0.06162600264464719,0.04783300121265393,-0.33901411498786477,0.049785825789778325,0.3256131851654685,-0.23106335203859954,-0.03660543831627477,0.1666261207180785,-0.1581959013758015,0.0251283466533828,-0.14491533893398015,-0.22570587074877574,-0.19517236467718807,0.10647105083038019,0.015405323939548903,-0.10450078164940561,0.10757754811846765,-0.16342024325741403,0.3722070028728896,0.3170345557182006,0.14456078545717685,-0.19555763962838155,-0.3292756639341704,-0.34932472198458403,-0.22532950040028812,-0.10946274816094378,0.023356403278143367,0.07644604382628045,-0.03840449797067856,0.08968612310969626,0.2604675670657194,-0.2719020427424211,-0.2611225058632577,-0.21655668280905108,0.0336557469633309,-0.054337829724644404,0.13778088619343007,0.09767155884589503,-0.06503645021792867,0.019759768572024744,-0.27337648347875615,0.28449678245276,0.22948710694402286,0.010431134519754482,0.11247158031674137,-0.23634197791763895,-0.25738693784754907,0.42742625252958344,-0.06673145147967584,0.33172425706614495,-0.16269178479696422,0.07581578362925469,0.0008813679900552163,0.30413694956340326,0.04520363173754444,-0.25917541966722096,-0.09221301341870397,-0.15020280447805145,-0.32889887604514606,-0.32330033362542915,0.07355486024860297,0.24247478241934406,-0.16114170267057604,-0.0215696906360613,-0.39405582230055136,0.14298864592687757,-0.05859938855874466
324,-0.20065973155736283,0.11919190507220542,-0.02004148050146795,0.05764860576350889,0.1801067705307851,0.005201297728335075,0.06523381145522408,0.19303503641111833,0.006869676785707604,-0.025989377615169985,-0.17577413062721284,0.12242238420123025,0.10704779677060018,-0.033636139302015616,-0.0797978045573755,0.12602483680499532,-0.043195300237538585,0.10591665731461344,0.1265547607634146,-0.02053544585420403,-0.01730262446728763,-0.06753748500885905,0.02247093031243093,-0.008222307454679114,-0.03622396696958886,-0.04593690341488188,0.04648674168712764,0.03060724085577338,0.1577126857624173,0.126528858998827,-0.05739305163178898,0.1034462349605458,-0.04320837784548612,-0.15821966594866496,0.05509840664842129,0.025963053200161658,0.15766588447010085,0.21204784536625443,0.06577463540507071,0.0532287793719091,0.21066708067962556,-0.11255019651353569,-0.06334620301377461,0.0541830263297116,-0.0005136517042407999,-0.11935383444575576,-0.09557458228963403,0.08392055920892945,0.09667529767058476,-0.17117237380129158,-0.09028175759122979,0.03192536283992758,-0.1133907999416566,0.11061703969401862,-0.2739365915895741,-0.14293159699599967,-0.2224008732643323,-0.08569902318564551,-0.16979703874246665,-0.17184107217793776,0.014729120865024134,-0.17471573385964606,0.015132104320933945,-0.03274569070618532,-0.10960171185951277,-0.05735218114149172,0.18108634999463832,-0.19396997490378548,0.019617122145247412,-0.18136957940946224,-0.007185939481314495,0.07500480690474856,-0.007286532428843548,-0.09687155868658053,-0.09905138327009212,-0.02760214778553755,0.05791517828239801,-0.04926611752526809,-0.09955243823495664,-0.21198937470138748,-0.020051364468502735,-0.15220029115157002,-0.1939739384442747,0.1483280698358562,0.07769586813365326,-0.016918162683644183,-0.054111017693334394,0.027729778384263905,0.029257534057711615,0.16432514506132265,0.10831663723136252,0.11121975490046743,0.01730124024316446,0.1575170311516701,-0.20078982222728228,-0.16565943011733492,-0.18363798121485997,-0.16376130459323554,-0.06162600264464718,1.0,-0.1221105894160181,-0.3487186485852693,0.3433250971821682,0.03871229739655931,0.09282886011910838,-0.00813702128275612,-0.20973191754474135,-0.010563666124847602,-0.30668294956581105,-0.20095224610386173,-0.24126867023795215,-0.2527120700186665,-0.1348658743896895,0.23261209504463307,0.016918975095096215,-0.1395434820086323,0.35680933592480135,0.057015240876124335,-0.12621899869319636,0.21145822771838615,0.029901028564977117,-0.13612756226404613,-0.09216541526066746,0.3427370451123065,0.1241448070927689,-0.14341434810878798,-0.1386347771713832,-0.011876151866875052,0.03543792345424246,-0.040768416318739516,0.22096918595940704,0.1703099095241206,0.12011957532705327,-0.02293379819029112,0.32203212033236633,0.02760925266974294,-0.12261425942139993,-0.004665659355308008,0.2395584289529596,0.23908625632813174,0.125578877520926,-0.16573826231288147,-0.03836778629638125,0.01097130783871196,0.005172555325065645,0.034648528508889886,0.0022000899664562867,0.2703294622931444,0.06767953932661147,-0.0828860351290195,0.08233888213005744,0.1705434044410727,-0.17457944502779796,-0.09871541781521592,-0.04534252282621304,0.23944403382072948,0.08755673676332361,0.24192926104554488,0.27004685301486014,-0.04376666925197635,-0.09715378022700237,-0.06360509279432838,-0.060718017570686476,0.026007851476596497,-0.24613510146052678,-0.034564604044510984
334,-0.03824318399805209,-0.0866855058476667,0.22330198717205837,-0.05921145003930207,-0.2758192301563989,0.11942728980840682,0.12519271859730133,-0.027696658693916257,-0.36584903340700087,-0.35365948360356037,0.10749606936457008,-0.20505215547810612,-0.18293481606323286,-0.1887269415178166,0.40286955015510756,-0.33288562262552407,0.03422423016165457,-0.08242602564988108,-0.10628607019689837,-0.0011986084475175244,0.03425026191935202,-0.05435166289524624,-0.11796397410302115,-0.03448597158683804,-0.2986992017825449,-0.03358844510949936,0.3517294010760577,0.18707799291975447,-0.07621613961683069,-0.1422090996124317,0.5108195962426837,0.19611360151917442,-0.09420587120667602,0.47067701907325815,0.15864292287068954,-0.06356494152176084,-0.2209283653547737,0.21952436844016035,0.049194282288831,-0.3456757046645636,-0.31235782118843014,-0.06084509760326406,0.11992979963326263,0.03778936341809079,-0.23848759088236873,0.17565429695675003,0.3398150264398711,0.14684018114153977,-0.027750216650334017,0.2058820634287287,0.22452742643282952,-0.08486759904046041,0.4494514715786314,-0.00825389988203622,-0.16527044641272198,0.16237155019126473,-0.40942541080583056,-0.10692107632836154,-0.038990564876143344,0.11051515531961495,-0.15083372401524386,0.12538611253247317,0.050881445614224814,-0.32741314911951913,0.32688412814605733,-0.04379839633371799,-0.022958634879665672,-0.24735967317633964,0.003094118215558118,0.12732334306276738,-0.33893443830775294,-0.10895521254793478,-0.07447589128503876,-0.27027854742506563,-0.18973628461018174,-0.0771234222185813,-0.17666384133158672,-0.06891051570631992,-0.2640904885419897,0.027483919233534562,-0.3574608588800997,0.326904500384102,-0.0444165425454147,0.0530026132995143,0.10227416869801112,0.2443831965165989,0.3393628520313369,-0.12069185231682628,0.2591549475577002,0.13074756499092918,0.309035646123887,-0.11337477265697032,-0.14250551203301773,0.21120552825185498,0.17473447472266462,0.1413797727561125,0.2294841067638458,0.2725607604935488,0.04783300121265393,-0.1221105894160181,1.0,-0.06607542997214041,0.12579208640003195,0.3020222641276279,0.10065746370135799,0.06979955486823682,0.4187437360353918,-0.24887452597860826,0.26664973977067713,0.10039722766047625,-0.30708459269200095,0.04726199407832889,0.09479730393294472,-0.08460152709539491,-0.021262749584758323,-0.039846222369468456,-0.12552147761703558,0.15877703697915158,-0.07970619741276164,0.2864225437679808,0.026205633206167037,0.02148022653395223,-0.09932555742410112,-0.2698517758403746,-0.16198158369596055,0.22773027647013952,0.04499423734254553,-0.40114361004913085,0.07331856458694401,-0.04407202052068136,-0.343666660237965,-0.32551279927840643,0.08757689864838651,-0.45339244796985434,-0.18281572916544103,-0.09714650524124975,0.009916710970594024,-0.025005384102454325,-0.1102585395299984,-0.4064397578970814,0.11089012610244073,0.21550244899771975,0.4228753696275149,-0.2361568994318465,-0.30023006580970835,0.02591452650486342,0.02232935786842488,-0.23739757335472905,0.2531126945930509,-0.18783373809679357,0.07437784969692252,-0.15059134285850095,0.10676069624033323,0.06308660180424838,0.06784431493953998,-0.256494227585532,0.1990663740530664,-0.2081055769261621,-0.014239107391618008,0.0022032510357320304,0.09604944779169998,0.014008579623424602,-0.002899941715973439,-0.24680650466034812,0.1668238561870317,0.3200212438676815
335,-0.11037441300306282,-0.14757995084760314,-0.13390262358610125,0.31214312667191674,-0.0016853922204338307,-0.4228609866992283,-0.3627428679591324,0.0728032930445231,-0.0322187186386147,0.035677978608222964,-0.1375965457410391,-0.18519385917031345,-0.03519366137094639,0.10655399691507941,0.03316491777144182,-0.20025299015500625,-0.04233497837150864,0.0024676710911769356,-0.30139359990412046,-0.28572298984119665,-0.04844519957639952,0.018465797526140144,-0.0001280426893922238,-0.30604063437969536,0.154092649262736,0.0453574698969291,-0.29808763833872026,-0.15155684639552988,-0.16491968890571593,-0.05445688449447732,-0.11414956556813971,0.06768411353950317,0.06846064424675809,-0.3083130769042014,-0.2962813422685716,-0.3229073373208789,0.0002813257920222523,-0.2849252277393561,-0.2767130371643202,0.021642304096507227,-0.21842015154487715,0.16084138981097532,0.10971379937869476,-0.3098322714322778,0.10409551563595972,0.4435247962063184,0.02018340829965109,-0.31074581147974323,0.32423225939011113,0.20454486775857442,0.025524824655110585,0.1517161990513092,-0.07509665150930522,-0.06716927875489029,0.44759834671254517,0.04249490032118455,0.19994107663641214,0.18524139172007995,0.3449709912704362,0.40427137237499006,0.32367184038199986,0.15626689800866067,0.10823061514901584,-0.03027087332202712,0.17374820760107793,-0.017737068781214154,0.35039124228722685,0.11219190255630124,0.21362705015567854,0.05965330526575175,0.26010682299022075,0.14724169337835627,0.2617541678563658,0.19966982272965722,0.1577896573000602,0.2791067367842642,0.06975464090254987,0.27900048955308826,0.09276199462295447,0.2125611246993118,0.42022810024194224,-0.05704397225473551,0.31235138956257374,0.05367927087065499,-0.10942188329922507,-0.18518755164991116,-0.3263356092551119,-0.3174681851426019,-0.14904204284390452,-0.1479493844032291,0.009846403130355327,-0.13719638756289976,0.09970386881090168,-0.37931105048681857,0.24825986924641233,-0.10314956340045889,-0.07595948102562028,-0.22226547267007657,-0.3390141149878648,-0.3487186485852693,-0.06607542997214041,1.0,-0.20248332137066452,-0.112786088391022,0.1814917551781084,0.07523341218778813,-0.05891349221769796,0.23846615111959105,0.4023147272316814,0.2950682961875659,0.5228223993260984,0.3617766867904419,0.0524719386159593,-0.07879986408683175,0.16327801805370215,0.13783843803111212,0.0130783240134778,-0.33818580598028114,-0.3493295483759718,-0.20229980283716403,0.2394173125730692,0.3874068021068393,0.2061869835096674,-0.029036924318673173,-0.13077419688835767,0.2243608147077689,0.2380410433381534,0.1865193113583034,-0.12833081192379828,-0.07647158895657509,0.11655995096340292,0.07544024943133691,0.07927355509166559,-0.013967802685646237,-0.2394021650712279,-0.03619711665691941,0.09763803532307701,0.4608328858620398,-0.24517371786334802,-0.08973840713652625,-0.2526630879185046,-0.02774155879050582,-0.07264898594221245,-0.24434429536141009,0.2523146982042716,0.19485012654675293,-0.28244125917087176,-0.166136744805329,-0.3189514177458826,0.06491730484068346,-0.28163068147846065,-0.2984930305910522,-0.25215814743850395,0.23970726863886305,0.10398109688695725,-0.1577590052118789,0.014351467252979663,0.15633057150661983,0.024185216955258302,-0.07815765020989504,-0.15545942264640736,0.25359621136379534,0.14111492311538643,0.19997088190395665,0.17069344523318253,-0.12216890882643085
347,-0.08918517070904672,0.2686831997242825,0.28859601186301104,-0.2153998121650739,-0.04763375131846253,-0.058184377140787544,-0.07225853101307517,0.04885291635145903,-0.1989257659587267,0.018809069508673955,0.08734172207191453,0.3804903672958477,0.014125743326863227,-0.2196582510414291,0.1250865303772241,0.030325178386399674,-0.1371430012388171,-0.2243165481322405,-0.1338483552890412,0.049077086635205366,-1.5025435995393712e-06,0.13838453757251726,0.03300350937195688,-0.014757220939090364,-0.2971904090740114,-0.14839790714963347,0.0004837615265840343,0.17246528054288654,0.3130838524852029,-0.07719566095288012,0.29673361817951105,0.10039916519569111,-0.15724807850255865,-0.013426780020420396,0.15656305649302604,0.0851088359425799,-0.008243919544784147,0.2628538196925563,0.06756827222269003,-0.2081194402331763,0.13597280499703537,-0.2205775110685761,-0.17977951578061407,-0.11995768002894978,0.007144372570063116,-0.004260831232288493,-0.08551129131335991,0.3305265198972241,0.005943499194243667,0.1754757175593308,-0.16598283449866974,0.054849936681165334,0.1880817535139922,-0.05242585429151133,-0.13657371755081527,0.41592999849011836,-0.20450564763141915,-0.15905232407629272,-0.11725893911675048,-0.24003084740011324,-0.05493142658545557,-0.17183639631601258,0.16850994448769818,0.2245979945900758,-0.058641690274702,-0.17868071429947222,-0.03243043099962616,-0.41890273737276557,-0.29754424441298766,-0.1682217090654536,-0.17470807809500025,-0.07339197037656522,0.013333258271594012,-0.27151125940833815,-0.13976384978067385,-0.17364528776151847,-0.014978191320465057,-0.3005843837156205,-0.3134290070336485,-0.1668667397312563,-0.28093853300375077,0.13115579410418032,-0.03493307184006185,0.23105614515599107,0.12524650627377695,0.07703241968514989,0.0947057459632031,-0.02365521803602675,0.11499373041016829,-0.05306268198091408,0.24169434787564886,-0.004961842252048219,0.029901050431978736,0.24867091116210654,-0.12170290950503174,-0.007746729606659459,-0.171255876562026,0.08245657393041525,0.049785825789778325,0.34332509718216825,0.12579208640003195,-0.20248332137066452,1.0,-0.053715109567021295,0.04881356361085143,0.18637867694066768,0.02007327422535939,-0.15968460896720094,-0.15827735440070934,-0.034374618475138605,-0.12973026155377224,-0.07333062725423177,-0.26333202365025987,0.39067775574551206,0.005812784021990804,-0.14464873254070418,0.21374054681764307,-0.03332514235927283,0.06897743564495126,0.2265886525887044,-0.007650708069070597,-0.1623647267342683,-0.1387452464607101,0.17128440606382372,-0.05404013560356046,-0.12862504087573623,-0.14608574659419388,-0.2146623962104825,0.0013762335417021622,0.16832367828786052,-0.1510198003228678,-0.2130116513894388,0.08482991177115008,-0.07347770684188965,0.28430079852641504,0.11075386702758912,-0.029492186405513824,-0.12104091778943474,0.13127561387956801,-0.07079085257445729,0.3443903355877535,0.011603965781291695,0.1178075134873614,0.18703350227486912,-0.28502610979993914,-0.07062213815728846,0.17346209884041025,0.09629572313720551,0.01873019494627077,-0.10118864261186843,0.10584510270623276,0.023897806165532564,-0.05002828241210095,-0.059551386655458206,-0.0661518847329173,0.05872935245170685,0.005443675159256688,0.06625146811387131,-0.061799168718375465,-0.02229393396520748,-0.06579938350015184,0.005446970959987486,-0.08430389317419018,-0.1625005191183254,-0.27903818006034337,0.0481005572476632
348,0.1067665615594488,-0.05395578399152653,0.05958106171546169,-0.0912300079024367,-0.20556780486378123,-0.05436484481710631,-0.031232546946593488,-0.06417255386099859,-0.08314905929389013,-0.011126773183146341,0.1391098269237759,-0.027208859593173398,0.1721225769680755,0.2580023468658786,-0.08994388872250444,0.025642917735227234,-0.06896530776515615,0.0571831259980108,0.013886397520769898,0.02868840591562986,-0.26113803661285245,-0.1311887794891417,0.3023553442106758,-0.008251573180345079,-0.3859099529995504,0.0017308052814995131,-0.044066629588812974,0.09562816228526254,-0.11139786138163292,-0.2133697847097981,0.24511933656559454,-0.05630213701996816,-0.07725632155741684,0.2976860390445425,-0.009398644854090659,0.25786489060372614,-0.26852868054761736,0.19282669412807335,0.1675242971529198,-0.12161210766960269,-0.030637733739160844,-0.018775795985411247,-0.06884141658187522,0.10479721691095621,0.1323074141119263,-0.1869503094663777,0.09965174303076578,-0.09711729155764097,-0.12016582726282847,0.0472633687087713,-0.12398008649075283,-0.388914884611226,0.1338849506910747,0.06404882937892892,-0.11629969479314299,0.2669335221791788,0.03105511392746671,-0.11670532626380337,0.14568879536578971,-0.07983422665529635,-0.07468741163949862,-0.016599004851803534,0.10300894321774003,-0.020282116782738925,0.0765805224736215,-0.14830397916155275,-0.04199694390836992,0.015269510311839742,-0.1341274330482578,-0.15959088405456814,-0.19538433386444998,-0.0678812685098584,-0.09095330064809212,-0.15885077878193626,-0.05725103547334119,-0.12665649003581483,-0.21576034016461104,0.12522333106906405,-0.20417535140060858,0.1612058269912527,-0.2598023281173576,0.08039840509816203,0.20408534449584942,-0.03381649303896264,-0.12137149507807138,0.194363813823559,0.11772245202893063,-0.04909803477929602,0.217040989257478,0.0004624149714918414,0.09685874034390786,-0.18805907865579896,0.16212241478729697,0.08609034698779111,-0.12287051516759422,0.266160169882458,0.1937613486234565,0.31539380365287284,0.3256131851654685,0.03871229739655932,0.30202226412762795,-0.112786088391022,-0.053715109567021295,1.0,0.13388106359800428,0.15882401809456706,-0.038741178020884164,-0.07542911760061054,0.09545385614974411,-0.059917381392524026,-0.04138833064324542,-0.16076097897082145,-0.0046780235290990345,-0.013407513279241938,-0.0947001718170522,-0.10660144776654955,-0.08433645645093371,0.035356830147137586,0.23829042332866932,0.0868385452897911,-0.1454178088773615,-0.060226302645519286,-0.3314532799976113,-0.0007378549942796353,-0.08401606104818851,0.017600413102629144,0.1127535963874944,-0.13013088243943371,0.0010974893590673471,0.07146315703702685,-0.2368867565849099,-0.3138112122645856,-0.06343938158152942,-0.01990366357042495,0.15703198022443401,0.11340773242941031,-0.14905393198572495,-0.13761225354002884,-0.1151303443335679,-0.10208353096057074,0.2567821556271215,0.11088916773089057,-0.014196820702579313,-0.09109122057851435,0.012192014185688108,-0.1607103838085554,0.19475861810106315,-0.1564332062833465,0.35825806634044116,-0.11865717454238348,0.03876675929168492,-0.01610135995776935,0.14905743773004496,0.15098422503402348,-0.12112064214421997,-0.1790292014290086,-0.1393461021608803,-0.21733794323280473,-0.11609584484496716,0.2272601304722959,-0.060918497335477474,-0.23498137123409252,-0.19756066149143398,-0.04420662554936383,0.08421656443542364,0.037086377173278416
349,-0.32951163016601476,-0.005743852561799562,-0.16912150180520336,0.057482281722456015,-0.06437780919535657,-0.22910378673002627,-0.22184628889504818,-0.041360403599886304,-0.27650109103945436,-0.4020807461439912,-0.10015569819806272,-0.17103629495359932,-0.3842286408944877,-0.05852859805848633,-0.02299508928870644,-0.351734703677814,-0.3095972364030162,-0.1884282252328123,-0.20778057299637395,-0.3951883670958925,-0.3997818901217973,0.0937618668633928,0.1370178562075215,-0.3069155649152022,-0.08442358043103487,0.01637198833658115,-0.19130169082825377,0.02207740274216881,-0.02778466646489747,-0.1291845141226962,-0.02056685754266477,0.193966038929071,0.028994589612367064,-0.3059590223405242,-0.13430185375625248,-0.3583581712583338,-0.030341384042942607,0.07720869635887861,-0.3497035124463817,-0.1608976392141466,-0.2456470408157015,-0.10695183373028427,-0.08009387093140356,-0.05890744294782727,-0.03334847752575695,0.32179297659524314,-0.05470112953771128,0.14855578557006682,0.33074700243027993,-0.06029499032231859,-0.03074292460142208,-0.11582468365952661,0.04591534654366583,0.4159533030658361,-0.003860899769933264,0.11179122153718425,-0.09110174099307301,0.22845843610331548,0.3495596080437292,0.21678605438823492,0.06896719761452946,0.20959646350534397,0.1939631464261955,-0.029716536818196238,0.201620742625259,-0.12027121276900214,0.18697834073018213,-0.24469171381301605,0.0742161925099896,-0.05008407935675917,0.2598376933154343,0.1684666108277718,0.05434214187880331,0.2804740424883164,-0.08809029498405473,-0.040016852162377915,0.060950069129298796,0.1881719421971136,-0.10512785471705681,0.1990996728822754,0.14748351349594144,-0.038039514963954815,0.3202998132715811,0.045630581173150525,-0.054296625230048155,0.18524168987239967,-0.21154362015973785,-0.0487589447052728,-0.07256971367203724,0.05409317480055144,0.250237422286004,-0.08374325246509269,0.07868282212839263,0.22160332622860593,0.11287999585864572,0.07198422103596838,-0.03972511390483629,-0.01928489086771521,-0.23106335203859954,0.09282886011910838,0.10065746370135799,0.1814917551781084,0.04881356361085143,0.13388106359800428,1.0,0.3192573423447564,0.2501597742611231,0.251408525532577,0.2006658164603553,0.2554304841666672,0.19124066522552993,0.12156823130357813,0.14932528398629444,0.2652334653869043,0.02706994260623393,-0.0705141994095997,0.3880820064361751,-0.17520905372855777,-0.0005505721530009687,0.09529168190838212,-0.13709178715880752,0.27063497454668844,0.32446292215255546,0.11046953553696237,-0.2584331063107763,0.3326458675515994,-0.023419963584639276,-0.17610984440401467,0.26826157784936355,0.07302269978028446,-0.23891011135091986,-0.06728274619776257,-0.17225541062015642,-0.24574520997685534,0.044684132908286406,0.08329863233534276,0.1345970050663188,-0.016479763486011538,-0.14719914589309224,-0.10502819701146267,0.09071682836813216,0.18270269929738392,0.18797547203642873,-0.13622953389968023,-0.233172210895301,0.01579885425354146,-0.20944380154150585,0.19302999587745867,0.07954064624784435,0.2302944499547431,-0.346989596794668,-0.25506832910024646,-0.27124912620478,0.21795561574766006,0.07328701115126805,-0.22357826334600822,0.22366956271341254,0.26747416024231,-0.02672062109528125,0.10103647559960784,0.028471450187390803,0.02860116555239763,-0.0563643907953529,-0.1092077857188619,0.021288407348425346,0.10393636517747316
350,0.1722105839900062,0.030983890355092542,0.13164939196291767,0.003928199602559182,0.04686995540505065,-0.1884855962805347,-0.09630160579190514,-0.17052272700251753,-0.1673991692388285,-0.1442732651943119,0.12227099263542957,0.05193619073694869,-0.07096601651605998,-0.0513491746131201,-0.0872435110054438,-0.00034088067651075855,-0.2814439809642964,-0.4330883831566218,-0.2424130988628885,-0.0036608081651811225,-0.22887192259129954,-0.031414160528685175,0.14732920180999357,-0.0795920300681932,-0.25610689955263916,-0.1381334944998498,-0.18367853281569194,0.15867326272746174,-0.028791392460921293,-0.17237365220690457,0.14164324518939211,-0.11512488880673027,-0.15788149529723533,-0.08934353375447578,-0.16105952915246452,-0.06933233567784322,-0.2395989722275632,0.06646011037322874,-0.059738865859062684,-0.3368984942030806,-0.19093554426560247,-0.04766632387615085,0.021025032874938072,-0.16439780572293244,-0.030726362391573506,0.026865347299075224,0.13758723290880742,0.2483989016897776,-0.03374991417465014,0.23099760464218574,-0.1523819064882912,-0.1816359019085699,0.2535291959749708,0.1111688026949383,-0.15262658311418129,0.32871005977972423,-0.049913958176842056,0.16066874731924696,0.32396097767305987,0.1422467052253951,-0.15574477517113364,0.08307854264708105,0.07782340498456464,0.05248450055914149,-0.06763254360764663,-0.06785084744316042,0.12935722932465415,-0.2441237538927185,-0.06784240129935355,-0.04955741407926555,-0.05931497979777664,-0.06781639611445779,-0.13210250120223985,0.03445342204224469,-0.11021899777117525,-0.13396347551782098,0.11624890696857881,0.185587955563469,-0.20377707601003647,0.02788707348701475,-0.07233924816734831,0.028411720062940855,0.17819951316035187,0.040711345603026854,0.022894602394974234,0.28629721414226,0.03746158697777546,0.21063749184807035,0.03182638982361918,-0.16723853065465966,0.12784371764948407,-0.20181611389984216,0.012678321924590367,0.1683430537862983,0.2077857699124592,0.17350787656268818,0.19040315735241367,0.26978233201890484,-0.036605438316274774,-0.008137021282756118,0.06979955486823682,0.07523341218778813,0.18637867694066768,0.15882401809456706,0.3192573423447564,0.9999999999999998,0.1293718837401836,0.2399683164174827,0.2653181462835969,0.19925361122348828,0.2725103549588669,0.1802085524955631,0.04639567424362991,0.1901971511289349,-0.1683526654808735,-0.12604162892507104,0.18039324986625793,-0.046960899266240815,0.18440005186037806,0.250485356976174,0.11928395482631114,0.06234961045873352,0.1291327806568696,0.04337427984154255,-0.22059434188632573,0.3167225712551682,-0.11162384224885279,-0.1876674068194682,0.03826126013694022,0.35434676753045274,-0.33636963825677507,-0.2839797011357928,-0.3170334558609915,-0.1530203783665446,-0.03937137402423928,0.17905578469558373,0.1048823961050381,-0.06472188160294187,-0.2750388526342499,-0.4554464324924839,0.3667570645695184,0.35441168215686814,0.1787237829617043,-0.09944859443675921,-0.3239173690285388,-0.1564973462283707,0.04123000543918993,-0.19498319510555503,0.1254008438747111,-0.19661974488873768,-0.1724411794709003,-0.07560411252771083,0.1417941492405613,0.07350458168410615,-0.09967921826095333,-0.3829443778157785,0.05186282557551365,0.03621346273159391,-0.16581135582790282,0.013677339679216046,-0.013790842230787767,0.0065189976480603835,-0.2708155167353706,-0.17978800379026688,-0.23310778320296477,0.021748086706512324
351,-0.12252788457763189,-0.10008685703064074,0.2006671964369461,-0.08217166796007183,-0.22722011858887026,0.09596973347473567,-0.02365462581548162,-0.2739391775295549,-0.4991673642786822,-0.21110190762500708,0.27363677948773385,-0.20874874834276322,-0.3746178884142338,-0.30684039475401026,0.3177155697845117,-0.2522333599171847,-0.12787665950169458,-0.17609224552836467,-0.19308400978989304,-0.15801251092182422,-0.11441020398858451,0.1729562411414486,-0.12894590819680263,-0.24317038483688136,-0.18914688939147944,0.004678871668407206,0.14885964408495972,0.03850872678202577,-0.2092597923760839,-0.14720228879976535,0.41748672445491053,-0.025307506945762004,-0.08227460212537667,0.2848087649159399,0.16767481107430982,-0.2797133452285774,-0.14292669939413277,-0.05555247283532542,-0.05092300629631232,-0.4490173251678469,-0.38121167389475097,-0.15881535711343658,0.02578398048133746,0.03134299257726852,-0.2828297174095378,0.26622295481927327,0.15938322432543103,0.35191344141709757,-0.03431185295377673,0.06731530228952876,0.193364445169626,-0.05175728778264267,0.3410752392260893,0.17394251556097903,-0.13398013925113783,0.18992544159678595,-0.2196484545022198,-0.06401973086412323,0.21378047709543999,0.010443307301292696,-0.3341199497741473,0.17011191796289793,0.20479299992648495,-0.15538414986855606,0.310123141110782,-0.13847724440396272,-0.21927837490609087,-0.07827615389806512,0.15595575112309992,0.025239883117895583,-0.19679665635025678,-0.25462061496372934,-0.19194521133886677,-0.07994403854566441,-0.1465555940892423,-0.13936263313188116,0.15780267493367636,0.09323254407143917,-0.13646241383110685,0.24730473272777453,-0.27730276949810134,0.13743417467212363,0.16489767968668084,0.005555027239350661,-0.08000895420598582,0.2794141162199853,0.21634483416467554,-0.08903384241102744,-0.015366304657476742,-0.01256400171812519,0.03419533890130642,-0.1581720651076462,-0.08674547923450612,0.32078307149230695,0.1357061732348352,0.2844674186078285,0.23709615107437776,0.1636609604120111,0.16662612071807847,-0.20973191754474135,0.4187437360353918,-0.05891349221769796,0.020073274225359386,-0.038741178020884164,0.25015977426112307,0.1293718837401836,1.0,-0.10538190912026535,0.21009205987706214,0.3466208980974289,-0.07728560825070799,0.18145239483510853,0.13884683777596535,-0.008672220699181285,0.1437939910581556,0.057072257382875,0.15643010601774907,0.0710901919238721,0.026751198742671185,0.2968837995387349,0.02687589994676325,0.01117941030833285,0.1951984398284666,-0.16709354073980212,-0.194866752474366,0.34696289886562326,-0.10454724837640215,-0.2620044761107036,0.31503969904778034,0.09312646096156268,-0.5357939360895823,-0.29259922832101926,-0.16064507487292995,-0.4587628597513975,-0.23698965694540255,0.026664433288184457,0.41142746643643097,-0.03369484221857832,-0.25255611119510296,-0.4034176796062543,0.18938578128914066,0.31470766548244106,0.5769124764270386,-0.27784120443145016,-0.39838905138435393,-0.00842876777103142,0.010186511243219206,-0.09365962907257196,0.27832872578859114,0.10357218239702433,0.005639243288739527,-0.18809476697604008,-0.015483649706720429,0.2601020565017487,0.08500226404926407,-0.32211003863782517,0.3141877627964244,0.0007136402016656777,-0.30417953334368997,-0.0255353771716656,0.35413061458156886,-0.00019511229665503026,-0.049317452204901434,-0.45215379099352404,0.17845951045449787,0.1628091324677984
352,0.026427051949253277,-0.15039125118022262,-0.1941609663048205,0.07723859906598232,0.3232142238081613,-0.19885823563240035,-0.03646855221120399,0.009106728454705386,0.0757470323782711,-0.013002721968030102,-0.2655715775406158,-0.124971128290679,-0.19243127903223264,0.3731278516560764,-0.17159920224628847,-0.06479057875232988,-0.11119836693629594,-0.3179281793117411,-0.08960505658622182,-0.30443864414988564,-0.2936921743684515,0.004739145999050602,-0.11108254724055579,-0.11256143403222309,0.08839564114889176,0.15668269013383193,-0.4066183402660153,-0.2879715408147156,-0.21955654935768926,-0.06765981600942354,-0.32954178971850945,0.0023805636315072805,-0.041280066341470995,-0.2773851780551093,-0.3299596526118124,-0.14597979035603686,-0.06950386291365601,-0.18398959726989594,-0.3125706856754559,-0.029175772916223402,-0.18866993376042673,0.1626775636376337,0.15145822777965337,-0.28242303748907455,-0.00014904756268784917,0.15531657259324474,0.0640159537348921,-0.24930422506313935,0.24522720125278252,0.17449293152907433,0.02498922711537766,0.08569997200666446,-0.15486537306504938,0.24009101534372818,0.08002256476532324,0.05345467147168487,0.2494571562616804,0.15150904911909008,0.32716142163365375,0.45328241442880113,0.27821527931829254,0.23846048506678613,0.09400681870175194,-0.10687087726116654,0.010246147836745642,0.19917769157099935,0.22642710055982404,0.2082779475153073,-0.0696247683281108,-0.14743043377079845,0.12867324995706422,0.1172274635493126,0.11303773344321126,0.3887630583171504,0.26436530669989794,0.10257301616947882,0.19089929481784848,0.1599021602053833,0.09640044646896749,0.006331529600270698,0.5655108784681756,-0.051552521438149305,0.1555882457769875,0.0984137695430525,-0.04733773653927201,0.1453305402586537,-0.3431102776923392,0.004847716014165356,-0.25100190296658637,-0.1746370629074783,-0.22194162109404728,-0.166492760005577,0.1029161194314033,-0.1514820451098695,0.2617345417613242,0.09122947661201436,0.15875141395664938,0.11283127993643356,-0.1581959013758015,-0.010563666124847602,-0.2488745259786083,0.23846615111959105,-0.15968460896720094,-0.07542911760061054,0.251408525532577,0.23996831641748267,-0.10538190912026535,1.0,0.3085154231078817,0.23382984595984832,0.5533201001516418,0.4625933358792804,0.06955238512009246,-0.19461082057277324,0.04140022760417563,0.20089039758149638,0.1334515139900673,-0.14147081905737208,-0.04563352591352368,0.03710483807953814,0.3264839913514101,0.13755375485501875,0.13946436983157046,0.004535191715811249,-0.1755358741733388,0.23779977606900307,0.26615687384997205,0.3646547812864569,0.11991331749497142,-0.06418732277345632,-0.045681747210265015,-0.023281858389337745,-0.371565994444043,-0.11212869492683694,-0.03274941289329712,0.17544141276705338,0.13677018689079876,0.22879151430837893,-0.3084266334099923,-0.21274704291574467,-0.005260703107352083,0.045897339535407075,-0.009025174697901773,-0.19968645311501967,-0.07541624179621963,0.1612106375287689,-0.2116765682830411,-0.14627804133077446,-0.13073236280887712,-0.1640209291913555,-0.4650776078117029,-0.2927649586024254,-0.08069414727415275,0.11623443598841839,-0.07102406841850704,-0.3571590548292308,-0.07960042303156338,0.33748517724107113,-0.06311371026711807,0.02440774125459406,-0.16490576119973563,0.2792199857660715,-0.015583443831498326,0.004517739999744097,0.017424997630196615,-0.10040890256868246
353,0.07231809343996551,-0.1486280699857427,-0.04026094459346595,0.13511703361015046,-0.16919598301042255,-0.15903494829849468,-0.1471709332914318,-0.11860544733597832,-0.17235328798387536,-0.03223349080696845,-0.0067606000974731115,-0.24559558000163909,-0.06685192197732036,0.0011466451003154226,0.06662441638127035,-0.23887077160330478,-0.2447490357827227,-0.012082739410810723,-0.3839280507197325,-0.2428318534583149,-0.30799908121701824,-0.03660432459451062,0.04091210727999792,-0.19427968914140153,-0.13410140462718212,-0.3140679093551749,-0.20865712473578027,-0.23207092938930388,-0.3737272976383881,-0.23738970045406133,0.05219228215160641,-0.04521820940498165,-0.15525145921676656,-0.03632596450410802,-0.37293030135628,-0.1975794487141431,-0.38579569916677064,-0.1265187159298295,-0.0787220836547737,-0.2910899470160379,-0.43242702168161484,0.12110367012095755,0.1103268382833302,-0.22761759819546648,-0.19860075147914016,0.30362182498284723,0.23604958293191497,-0.07340987320633158,0.16901878501916462,0.25424519862244477,0.11687484192820013,-0.1688178356845837,-0.024804814859082935,0.06689574929574392,0.04508031459058927,0.29108968862314544,0.17922150395351014,0.22340281547846488,0.5172046560903195,0.3564102514282648,0.05817269186005385,0.14051161465242093,0.21389698120785403,-0.064291686897901,0.15178504520247493,-0.09886374671381738,0.025617523819915004,0.14300536347528667,-0.07744073065676486,0.056426160378046424,0.05668681336722911,-0.18005875554224732,-0.06821676998735565,0.00848609769446884,0.10229150207085573,0.055743047347693316,0.1446587158830207,0.17772802051433004,0.04266431135988074,0.25080013833772163,0.28798642819650166,0.3910282835477342,0.4326867272357308,0.222095257217604,-0.05591538241481792,0.2051471816603689,-0.1938813883967179,-0.16889143208571208,0.050889355561389994,-0.265978442337744,-0.04880414516726073,-0.3535483416133484,0.003451831930922278,-0.16299469729983757,0.4619158448082059,0.1549994556855416,0.44679626592676175,0.14571850247921414,0.025128346653382795,-0.30668294956581105,0.26664973977067713,0.4023147272316813,-0.15827735440070934,0.0954538561497441,0.20066581646035528,0.26531814628359696,0.21009205987706214,0.3085154231078817,1.0,0.28716498512037636,0.352406338649553,0.48402424605502514,0.4606022131021148,0.0291584161096491,0.1861359517387082,0.2923125729779077,-0.18649245122188887,-0.08709418165316817,0.05628049035223434,0.014083090416727149,0.2766589145579239,0.19203569083397387,-0.03193819818384199,-0.14201366239220273,-0.4029996491852394,0.5867377427093556,0.3517971150204978,0.08574934177373608,0.1547938585964437,0.15984289753625605,-0.2580024663509795,-0.2834393394441945,-0.17577159377029788,-0.12955957155426398,-0.395817443462304,0.1405539700859628,0.24611263314310858,0.39743970198082235,-0.2934620960515418,-0.4272578151688643,0.06594730453810255,0.3669517141354381,0.18499024554998225,-0.3437441920641634,-0.12363815369374537,-0.11888353373191332,-0.06500697036512387,-0.21513014955857518,0.08286714425692016,-0.10687154928991711,-0.3577868118996336,-0.42236168357318926,0.02936047564786592,0.1886130533765494,-0.10480477728730718,-0.4240785090580317,-0.04799165258906491,-0.08270401292496053,-0.2064907978287023,0.007936358558373447,-0.03759173980131565,0.17794710376345602,0.12337661133150478,-0.1827174019693156,0.11471146836190282,0.021569873153254992
354,-0.04886543831187719,-0.19738850010346218,0.2699584245068693,0.05884251281847147,0.017024687611685466,-0.3304198689647334,-0.2780862312039794,-0.0700321213356163,-0.08918256662313485,-0.1115558508141994,0.1256832276871351,-0.1385577278017888,-0.2495435001840531,0.0009564226973430449,0.2779977164956958,-0.31882643714456127,0.06853412644599033,-0.19191265515731412,-0.2254190272558518,-0.11171205862282813,0.012897379668779853,0.1924995618800893,0.020375667299807994,-0.15605048347875,0.05473621011010617,0.06978615322440646,-0.27914152775407636,0.02716552342911944,-0.3507260960601078,-0.36919723218981226,0.12225891768161308,0.08782508425018101,0.040764060909174005,-0.14694755426368683,-0.1359183164055425,-0.29626745828016515,-0.0935516718823477,-0.11973097387907426,-0.307298350781687,-0.23989415584836044,-0.46865960227712167,-0.1479928064041747,0.2766719460618629,-0.1640997120764437,0.09002396632760393,0.3460930725093748,0.34763352718894985,0.04139392297552929,0.2916616234326833,0.09293914647332134,0.16544547440396312,0.07476706779316172,-0.10975649951711229,0.03561610282076245,0.057224481699412175,0.14601365995451984,-0.16459573717583234,0.1905835797978533,0.32073587404617854,0.10118855934911729,0.12755989602983545,0.3872569808248649,0.32280915949085853,-0.08643437911620755,0.06871176606478538,-0.11851638941268516,0.09836710276234699,0.10101703117251552,0.15233685813704761,0.2678968761960298,-0.03077260000436809,0.1920120779317012,-0.09623515941113796,0.049295329021671296,-0.04792425973573446,0.16466615374547136,0.22558073821644042,0.13488560769706703,-0.3109677691860265,0.18922340930208661,-0.1138141915668132,-0.12492205725287221,0.26850930558318326,-0.09743795159177597,-0.18760605087275667,0.07065735439237295,-0.0692247748626814,-0.22504036789180593,-0.0510533644274948,-0.3647253055386863,0.26336897542748744,0.051609342732559994,-0.0744363893574293,-0.10723017035787387,0.1899598119246385,0.13352075618936518,0.2515240116486854,-0.18659501490328328,-0.14491533893398015,-0.2009522461038617,0.10039722766047623,0.2950682961875659,-0.034374618475138605,-0.059917381392524026,0.2554304841666672,0.19925361122348828,0.34662089809742885,0.2338298459598483,0.2871649851203764,1.0,0.305982155572189,0.3149488915992358,0.1426740417738335,0.020724961213372674,0.11750940324656248,0.06422004486187123,0.10658234341250092,-0.08833034750845152,-0.08704822159696984,0.04791305446791559,0.17394701908295745,0.009841947621213442,0.2918211138550418,0.07747907750560364,-0.404734450616682,0.44637066626712024,0.12355535174320935,-0.03984789895821406,0.15510973213631765,-0.10981042965906795,-0.2572065221372956,-0.05442231043860577,-0.17809156238222873,-0.08244411925830125,-0.15790171982600254,0.2419021338987698,0.20030384344232466,0.1867796816002535,-0.31196351028715796,-0.3018043876909831,0.058024943768434104,0.09152227565600052,0.2597480357012856,-0.2724085446066968,-0.1588883979756891,0.10528079901023245,-0.04790871245152444,-0.15058628725617865,-0.12882515671318923,-0.10559216498412839,-0.26690302675885114,-0.22455921280455649,-0.0753125511227504,0.14958531413270718,-0.07076122074480477,-0.3141297987671857,0.29596022497621566,0.07559594727259461,-0.2205278660321811,-0.0008941323191639991,0.040373728252570365,0.16880337793587186,-0.08347802027375402,-0.1795059430660531,-0.0052315788604909595,-0.04835512873200233
355,0.05492565463889198,-0.22784923245840266,-0.12812586555401237,-0.020732238170182746,0.08564050534278284,-0.30208160411241736,-0.2489623744692734,-0.030139061618936345,0.08867153143817283,0.1413065434473602,-0.022356355581173836,-0.034304087975340805,-0.06678599658034139,0.31001344291337607,-0.168583305724806,-0.12244441989250412,-0.16044299106375512,-0.2612226191579853,-0.20094250276958234,-0.2319912271372486,-0.3469775320697872,0.08396652437665433,-0.03347920608909896,-0.23906472479999671,0.09292077742483323,0.010038672028334887,-0.5254983466722836,-0.19764831593198123,-0.1956256940279943,-0.06313983795886806,-0.3362807813655995,-0.04089619285375193,0.02475992268279888,-0.33678921711201776,-0.4268418481882569,-0.22846163137409517,-0.01897401144382991,-0.30624114099724314,-0.35230639534289815,0.0598951186167269,-0.19800412150710367,0.05600241302461828,-0.022210625187679852,-0.1484787196139771,0.08071580869310375,0.17695321485672727,0.026470789829919114,-0.33502281889226154,0.1827404292226324,0.14717676655868633,-0.10348842701231169,0.02820448073353476,-0.11822777410885789,0.020556517295694902,0.28079827195701434,0.15474649874073734,0.26218329149426206,0.28062071538880584,0.518870099832891,0.44710331333783543,0.3964688612946988,0.23839075731032647,0.14609500997923167,0.0380537119037842,-0.004078425772889466,-0.05149790919878184,0.14176546382049884,0.3030872501094762,-0.036811396001003784,-0.05960291078541211,0.1754310231468246,0.1572576397451286,0.21490955832956168,0.2750885995133439,0.23494752454048975,0.1689628756798361,0.12521322162097273,0.12365848776441392,0.1344778583902698,0.16197015751551805,0.4648655974840085,-0.06493182116652339,0.4167276683610234,0.04767838582610048,-0.2627724068971039,0.02892921650052884,-0.3506177005583741,-0.0640872719141266,-0.20944960632648596,-0.24119197701683626,-0.14637431258968653,-0.19917867628439595,0.013579587971062533,-0.20608558063234023,0.2607042984149539,0.05739300403538929,0.08104193257315462,0.007657726948873702,-0.22570587074877574,-0.24126867023795215,-0.307084592692001,0.5228223993260983,-0.12973026155377224,-0.04138833064324543,0.19124066522552993,0.27251035495886694,-0.07728560825070799,0.5533201001516418,0.352406338649553,0.305982155572189,0.9999999999999999,0.3814069192041637,0.034520325853193784,0.01518340866872741,-0.012401371256392643,0.18773667462591317,0.06507783697715148,-0.17676727509149906,-0.042065318804516985,-0.008323565058703243,0.20441885109301502,0.2985238509891285,0.11715656369798227,-0.021860201539000302,-0.13009881910290436,0.1999491714899786,0.23834176832172935,0.3711038255694326,-0.023660063445882878,0.016144944273629336,0.011318955609385029,-0.08832467280356418,-0.20170387358057004,0.07024997761650698,-0.08063504044966126,0.13538411838204276,0.1397887387656949,0.15267694287975989,-0.1665104864398484,-0.12494904248559983,-0.08820875154334014,0.09168968494173806,-0.14439927048448495,-0.2021120938968725,0.025172109427599284,0.11567745580499324,-0.0989299690793001,-0.15434112650946286,-0.2860310393385833,-0.06604741557554084,-0.3263321408949294,-0.29827487188189333,-0.13281493862012608,0.11812151108582211,-0.17727587020469376,-0.2770203907570617,-0.07423811924710895,0.18846673666003144,-0.11512502473632605,0.040960061271915385,-0.15621126704289287,0.2390465416635699,-0.019343026551148706,0.18153801629116648,0.19721897182185266,-0.2612005071286268
356,-0.1489545267547788,0.10014186827441507,-0.16875968537266653,0.03646996421505214,0.24193332639513407,-0.13237929715978447,0.05383172207852853,0.11008092877275252,-0.20793381670360134,-0.14580977469594525,-0.19666246131881526,-0.2236427135395472,-0.2660658800585254,-0.04595517321609116,0.12904243024145617,-0.29553545606887777,-0.15103058426679852,-0.20585876182108911,-0.3346509900264042,-0.2827275024389559,-0.08858114616767676,0.1114514994533148,-0.2712594388900729,-0.1414282739683718,0.05482594423974611,0.033654864884903234,-0.17591432399589566,-0.41627617574338927,-0.19926183297347455,0.041451441606967454,-0.14036895993975648,0.20059069418341552,0.07909876684692531,-0.060265940752254436,-0.19274486395687057,-0.26477097377008385,-0.016217975756947133,-0.31804023653105545,-0.2879604474860053,-0.2015174981977051,-0.348469950694626,0.17434213742888519,0.20065030855266783,-0.31207528827468606,-0.24950113993297435,0.4176995410099031,0.21690087745701572,-0.07962169046317183,0.3313534628873896,0.2710808801138814,-0.013731539342879524,0.23044779993203685,-0.009712839534107972,0.1522963205659273,0.1153016152237421,0.03925162423034682,-0.005894814719644934,0.0970767363719309,0.1818871872957655,0.29768291584803036,0.1307670047796956,0.18767834772992656,0.15068690904234402,-0.18393351959968432,0.11536663190056227,0.34929712639225435,0.18448198805942143,-0.03911918582989254,-0.02325461278001438,-0.08647615557943907,0.14548229953276426,-0.018272684712077256,0.02310764793099949,0.32949802160303704,0.0990400253368955,0.09013006709395442,0.3460877674351865,0.15517295244942073,0.06399989255532844,0.10828075989473052,0.3448098876442301,0.2154775303163905,0.09458917268455048,0.27743968622987003,0.1863236850720336,0.22268560983661345,-0.3128115917391627,-0.20810829327009406,-0.12022960695551017,-0.07462672690823917,-0.06571704395917434,-0.2659092164881162,-0.030373004313682832,-0.08580844605387634,0.476139950604027,0.1947923709042408,0.19029895358788237,0.08474602441934198,-0.19517236467718804,-0.2527120700186665,0.04726199407832889,0.3617766867904419,-0.07333062725423177,-0.16076097897082145,0.12156823130357813,0.1802085524955631,0.18145239483510853,0.4625933358792804,0.48402424605502514,0.31494889159923584,0.38140691920416364,0.9999999999999998,0.28866239849049746,-0.08992013070025369,0.18121982005713883,0.2499139897641023,0.05221416297812328,-0.16167914056991145,-0.08962712139290226,0.14306559873278613,0.4136302781116714,0.383227011561876,0.1776795019533306,0.0009384742262539163,-0.25159073969710627,0.4961188379617386,0.13366385152699303,0.17372430848705303,0.1964373179783963,0.009792611041429469,-0.22804916219935945,-0.11416420222962043,-0.23318454049958454,-0.28232044126468553,-0.2574160975499151,0.16581255707247458,0.1727163938577268,0.2270247470806108,-0.29112643962727963,-0.3583361323018888,-0.06980960570857371,0.27161562859975397,0.24855452276333917,-0.28457403716412183,-0.2337846496287734,0.14474262629709783,-0.3140827478957953,-0.22040050740454656,-0.11825655442027272,-0.06990294745333173,-0.44000705246752136,-0.45424553341445995,-0.2427373570740032,0.10779820631201545,-0.025837872532392316,-0.25412731848172926,0.00706884660821738,0.20680733840271107,-0.16517782916189774,-0.11729286503833687,-0.007435007021786813,0.1684827312597755,0.09227888368219107,-0.17206271255183292,-0.037994892359942245,0.024716056146847798
364,-0.0510013877432794,0.105973789175139,-0.13783180578788984,0.0023077468971214677,-0.19884320235833225,0.013891915355970227,-0.07565327878978025,-0.29338440008357786,-0.15632489993521106,-0.005109600854928754,-0.129507983151531,-0.3082622345457846,-0.0706008646420737,-0.08304644875351351,0.14487805911581642,-0.23949693106416645,-0.2890429954065713,-0.027958516725535218,-0.24979223679409052,-0.11534727507973841,-0.22229111264223864,-0.17538572992251386,-0.044676288791588276,-0.2448688872296126,-0.06587791366028023,-0.16260827037561337,0.012819674887288964,-0.23529524675252542,-0.3539831192976953,-0.01923901085350048,-0.07528119145290584,-0.12205121288499234,-0.09624572579717519,0.009757881459262171,0.007034271424511687,-0.06960859358433213,-0.1072509057890643,-0.14182114459480527,-0.10355512330909945,-0.2936899059919674,-0.4299902334672249,0.13163440946043428,0.04512783848709404,-0.024126632654954554,-0.23189979280623654,0.18581019808699836,0.23957292883590212,0.14140222632520733,0.20203358126797638,-0.05218991980741747,0.2472046023496569,-0.004710997843844701,0.080317544722851,-0.031202412726065675,-0.010012408267330488,0.04539949904841591,0.17076682916551944,0.20012310554850363,0.3716394221535651,0.2492832785152586,0.01326923290290705,0.03783258956792784,0.1922593186938612,-0.1659675199707601,0.1624703374032181,0.05706147328522838,-0.18445238634342948,0.15047593528065156,0.14409446014130584,0.04069843116805617,0.15968833573518748,-0.2372605181276896,-0.07763936828969978,-0.06513403964524725,0.08696156963352997,0.15126064575513373,0.17185325992968853,0.1586003116409682,0.22530159079513123,0.15357568102760433,0.1620409077174916,0.42156328585338854,0.1194367801939658,0.2341899427342925,-0.022957123910481717,0.19316318451280357,-0.09227797345803526,0.08440082873969236,0.07544040952568053,0.1441794499804083,-0.007808242148907493,-0.029685217413384656,-0.024029370856662784,-0.06079810870643343,0.1893605666556308,0.19394005975024578,0.30063015168992724,0.1328549379573639,0.1064710508303802,-0.13486587438968953,0.09479730393294471,0.0524719386159593,-0.26333202365025987,-0.0046780235290990345,0.14932528398629444,0.046395674243629906,0.13884683777596538,0.06955238512009247,0.46060221310211485,0.1426740417738335,0.034520325853193784,0.28866239849049746,1.0,-0.12252662290345899,0.2071028022443787,0.25690289797235183,-0.020239004819856434,0.05076802235334514,0.10300661863902386,0.13900943523257767,-0.10649508390604656,0.22852665227315794,0.2501773969547381,-0.07540785249867014,-0.22480491432887423,0.35881849766485774,0.079610166145192,-0.10655007504265208,0.031176349570740995,0.10094168458927803,-0.2386890714323795,-0.23537390158610794,-0.31767794028079216,-0.1667702889937029,-0.49709920531343,-0.025745833730005684,0.24165971851954493,0.2493206645358492,-0.10999276115599915,-0.2057977119091966,-0.16091155467102364,0.27142674366926967,0.07588485864206664,-0.21487090795776956,-0.11782870019876504,-0.3530472739371272,-0.06513191667833591,-0.028145593863162243,0.15618503013727034,0.1887798256307751,-0.3132236385206515,-0.308962711268455,-0.004935041845502837,0.07960023272816134,-0.004610020540756334,-0.22690415071400713,0.12214788078386954,0.04233871595811742,-0.06453621450923383,-0.0216590588625765,-0.08566764503187266,-0.13342479249978378,0.17405945869866554,-0.1142833322411329,0.08568531928031654,-0.05340029966997271
375,-0.02022072910480005,0.26981990331857103,0.07845618360247937,-0.004175375104893116,-0.013690601256649943,0.06782658217369887,-0.22563440080044805,-0.1004824476371515,-0.05035935311432569,-0.05771431509595133,0.19044695244682378,0.2645055193021123,-0.003309319225304565,-0.11048289884125403,-0.03399865822287944,-0.09186651647183618,-0.18251767491699739,0.06955921700583391,-0.2574675164124497,-0.11999878278791622,-0.13149388864749295,0.1767808074311807,0.1105286847692831,0.052658512062488755,-0.22466994671144647,-0.28959626744549805,-0.08968464909296243,0.22334262755898984,0.16661079120725372,0.004015569099788487,0.09744939009586107,0.03000523841694386,0.01589211255063486,-0.16145163135805476,-0.050504092282948616,-0.035260590732473736,-0.06952052034347724,0.14152611999718978,0.03194807269502068,-0.20431829082037906,0.10607164287366362,0.015693537595301447,-0.24593098423518256,0.03620268301375283,0.112010359332607,-0.06465246056539839,-0.23405086089220054,0.32216104403741475,0.059436243559675944,-0.19870203380407145,-0.31773392492023816,-0.22689940469383935,-0.2973360584522104,0.05099250281219238,-0.2204349259565912,0.24624546058230612,-0.16775950973347092,0.011604645440703953,0.15288172038569062,-0.19727189098591563,-0.15831814683671233,-0.007635357462878721,0.11978992012037339,0.3882051671315671,-0.19805135892657308,-0.3306347822759494,0.08035015589988062,-0.15468845700730657,-0.07317541651497077,-0.07482626862691939,0.18174712070634721,0.047705304924328014,0.03187799983030185,-0.014249714968934648,-0.11340927137109248,-0.1522986991227875,0.21218273304256544,-0.043811405190361356,-0.254254537479558,0.022936257113352114,-0.15026840348003773,-0.01309223201211603,0.03559630269550635,0.18779891800276646,-0.10855989371254644,0.0787104102679288,-0.02085972145803096,-0.1585795635028791,-0.028604380645300548,-0.05766392705234353,0.09069528422760713,-0.008831540874637726,0.132143060362926,0.060180593832669146,-0.03183060103920408,0.08017724529554097,-0.054846061007996334,-0.05908812254059767,0.015405323939548903,0.2326120950446331,-0.08460152709539491,-0.07879986408683175,0.3906777557455121,-0.013407513279241936,0.2652334653869043,0.1901971511289349,-0.008672220699181284,-0.19461082057277324,0.0291584161096491,0.02072496121337267,0.015183408668727407,-0.08992013070025369,-0.122526622903459,0.9999999999999999,-0.16152408503145904,-0.11604973557583473,0.24477953436231414,0.17362378551109497,0.19434527297782142,0.05918598360095566,-0.03438710539676743,-0.044927506503625404,-0.09790505724321974,0.27300794014943724,-0.07530790294006545,0.08262556001243716,-0.2146573813028254,-0.11355230943049244,0.16014642406825763,0.49772462796155326,-0.07982325454173346,-0.09082888591047654,-0.16662098402061384,0.15777942172611478,0.29917143607439567,0.10290425472830725,0.05969474924459387,-0.24486898997318834,0.2179576528412953,-8.711449903563425e-06,0.21327467868338354,-0.011703686574115113,-0.06300554825096558,0.16683369131459383,-0.11576590863927724,-0.3059878597519505,-0.034447240940833665,0.2714264441103572,0.1224605700203741,-0.1051645474086876,-0.06545348639762325,0.07774143125371037,-0.2521262235109662,-0.11536835513471597,-0.19061989387348854,0.13805630433941482,-0.15314519411694794,-0.03223017010765177,-0.2671831787380233,0.21676510937105978,0.22072925907792637,-0.16691001071023953,-0.16621666942128996,-0.16032980874599506,-0.15136038280612138,0.20667002805039625
376,-0.4027735501351065,-0.0002600253496461868,-0.1391378334677901,-0.018662920907933114,-0.06826212119393853,0.06457261425005975,0.1182536702666123,-0.06968848173125068,-0.16568679577226905,-0.03760610593784972,-0.02717489221920769,-0.28742188396180046,-0.03677483855328258,0.196078156030151,0.26550487757084595,-0.21440830062820124,-0.2150189587562726,-0.014488479188661037,-0.2109721687495339,-0.30822621831245095,-0.10300708591307906,-0.07125379189547626,-0.03876074787325258,-0.20840248757029053,-0.002488489898317227,0.038534410747739424,0.06872341255005221,-0.2942832796824217,-0.1902537979147421,0.05340967994683959,-0.059343841430688236,0.044889342999949684,-0.06338242164875546,0.06922378477204869,-0.0341362990846705,-0.244438981993,-0.07165504540343456,-0.0745809449281047,-0.012935348200904027,-0.2653745466185458,-0.4324818052248687,0.05362898890014381,0.0491507866493519,-0.12266669737188357,-0.2123945431815196,0.27592921973927487,0.07151249936890462,-0.02681112619131428,0.21105397375658225,0.12504904082843704,0.3467365229455172,0.10170710279757346,0.05279920102156601,0.01179179538021153,-0.016667969695565752,-0.11162893300254573,0.18018328268364855,0.07793014598107617,0.30182711859634526,0.1708512892520731,0.13465977613397295,-0.07493429276115716,0.17078668996494195,-0.18728463597152298,0.2199441281039059,0.1090736751293087,-0.08762784089350886,0.007814744800652028,0.13982623872027472,0.03536704906792901,0.20756833588484155,-0.17280053299728984,-0.23834828120242643,-0.12007503153121077,0.011541314796787964,-0.05602596675588602,0.29838324732344806,0.06637419656400446,0.3631399843910166,0.2878953411853158,0.20588908706576695,0.21616806856612683,0.08992538210565777,0.20248495886265305,0.1750619751850289,0.033082694802533584,-0.13386732379837318,-0.28008609255484646,0.2122236954214878,-0.05797183726651914,-0.020758396524680766,-0.05756154839648507,-0.10966194979289742,0.11994170222235304,0.13667903534660109,0.06663614350634567,0.14979667396756857,-0.04176338776593904,-0.10450078164940561,0.016918975095096215,-0.021262749584758323,0.16327801805370212,0.005812784021990803,-0.0947001718170522,0.027069942606233934,-0.1683526654808735,0.1437939910581556,0.04140022760417563,0.1861359517387082,0.11750940324656248,-0.012401371256392643,0.18121982005713883,0.2071028022443787,-0.16152408503145907,0.9999999999999998,0.26947298783798207,-0.07747285740159268,-0.15692963478178829,-0.07775859951948404,-0.06437955364833829,0.05649877935063871,0.06786717114346918,0.35512991542247824,0.05930952448787118,-0.36321658528327005,0.12728612312610926,0.22601632683983355,0.09246072872811785,0.13957554384833398,-0.19052836942057413,-0.12886804462585644,-0.18495639399813316,-0.047505805162363815,-0.1994455593338221,-0.33232340540886157,0.036472717430575195,0.38448617738887314,0.40215307056281346,-0.07564417330957159,-0.0031476133136987675,-0.21550793461704681,0.10295531044219687,0.3723831259859974,-0.23957655019175045,-0.013532114846671491,0.03601415794414271,-0.18757286912630328,-0.012743970741892376,0.021350008808211286,0.18168144570320227,-0.36589656261458975,-0.41446734068035335,-0.1233169434453622,0.04331271008559837,0.26073660951668504,-0.07236877654753249,0.09997929028666458,0.28900244343606696,0.005520803960389458,-0.026755058663800135,-0.051827473297737715,0.21396006436791246,0.24505653333019423,0.13280586637120617,0.025337367942272482,-0.08535182958489843
377,-0.13495465344137075,0.15382559914032998,-0.28894772841747335,0.01462767665341483,0.036683707042056334,0.1076309909478258,-0.010513500998397637,-0.26520293883669405,-0.102848184663829,0.076037868737499,-0.21570180924287655,-0.21024769034519383,-0.23819839068862153,0.11964854070399075,0.0660654946318353,-0.33710496203514,-0.21237084405191275,0.09915735402772395,-0.25075757267113863,-0.31410464345597033,-0.16195785168170246,0.03401657329190199,-0.2982494195621193,-0.27121721771361534,0.04559109955460531,-0.12327935296577607,0.03970565810326534,-0.4134001071004681,-0.22070531717690667,0.22289990738471044,-0.2812948593265519,0.015941558759135773,-0.03463690376974588,0.1133827797849568,-0.24870453565661632,-0.11786494659187913,-0.13072641500993645,-0.157673067622683,-0.11795063220952642,-0.25941131691164027,-0.34359199274173874,0.08199545360967249,0.050910412719590535,-0.27622484586111556,-0.362677949224247,0.28237370229509856,0.03830366006891828,-0.06292977564011233,0.3881626949359462,0.1216977906320676,0.24421660301210257,0.11616166457482179,-0.039757473765796005,0.006631035210805844,0.020988499141452756,-0.1933564351204813,0.29139441093276686,0.22208215961715574,0.1463700581322346,0.31714518798656643,0.024670537869297973,-0.16178590211823485,-0.05923514274622626,-0.15284566480079692,0.11998528373284122,0.2211629493522039,-0.07473407879477943,0.35870030633098926,0.15840362384774676,0.03791663456394787,0.0507478410814733,-0.22406910930672977,0.17881170535215313,0.07541895706737264,0.3181464130193424,0.07093953868061648,0.3054310995714541,0.13363923710434214,0.37188924747342633,0.12968626814157144,0.31232863465920385,0.33876553997220255,-0.06810213503250427,0.2758049653302447,0.09836447540908323,0.15677111874094127,-0.23831867423863165,-0.14271828178549875,-0.19433075408601153,-0.0686547290955176,-0.3432564108985791,0.008994300136030479,-0.08798846227500874,-0.15464333971444116,0.05901256000878795,0.18842466037248745,0.14001879612359536,-0.01661191411381151,0.10757754811846765,-0.13954348200863234,-0.039846222369468456,0.13783843803111212,-0.14464873254070418,-0.10660144776654955,-0.0705141994095997,-0.12604162892507106,0.057072257382875,0.2008903975814964,0.2923125729779077,0.06422004486187124,0.18773667462591317,0.2499139897641023,0.25690289797235183,-0.11604973557583474,0.26947298783798207,0.9999999999999998,-0.08687474385164867,-0.07227933873180986,-0.026853409260381923,0.10313402233811192,0.194373066852502,0.11349929854595353,0.12815846714671333,-0.16518238942883065,-0.19276767970443398,0.3235724815378443,0.372683661475449,0.16573538343329064,0.2571965125624729,-0.03476658556243512,-0.05723492188253882,-0.14155475901426098,-0.20130329371497982,-0.24017058784057194,-0.23502828891380503,0.07546041923840664,0.1401666159881583,0.42732439758275786,0.05281293828388719,0.02616917181632903,-0.247318115916432,0.08248603048827265,0.11298180012536188,-0.0634162917414761,0.017044339883988107,-0.08296330558682159,-0.20574369210545893,-0.002683550565510019,-0.0558737950026466,0.0449956494145569,-0.4098491391178745,-0.4159181960278434,-0.08171483960888624,-0.024318548046043505,-0.007179167454512249,0.08218994693940467,0.033811449130345776,0.32380894114616143,-0.13281733865312953,0.06527817581007446,0.06470038327334819,0.21781950125114344,0.4291927594770302,-0.039716013472704585,0.2660090675409205,0.14861208331112347
379,-0.26137956965465103,0.23554923066229475,-0.025668747891853447,0.10873449752292927,0.17424593778231962,-0.027461778605587205,0.017656205245804774,-0.08344208786047347,-0.3337308564338077,-0.08121307444489403,-0.11317498684816708,0.03906318610649147,-0.18022797669576077,-0.2766714809164657,0.0641847259658286,-0.09947660043673699,-0.06733033613698071,-0.20586281736270715,-0.16752274973260117,-0.1782041787391406,-0.10184147608490939,-0.05983520444587748,-0.0028864859926590793,-0.23777458957866354,0.04241548124837509,0.07965211653782789,-0.1737249685176811,0.048606517833927394,0.09060311175575124,0.09722077756713353,-0.0037653512785523935,0.4015932688188844,-0.006416985865464116,-0.20902701002026772,-0.012033900263383484,-0.000982564891564669,0.2761867261852164,0.06104004961778626,-0.31573800186958595,-0.11909586003654206,-0.043222020728670534,-0.0715900354355557,0.11291175695320747,-0.17850555610005422,0.004612395335005399,0.09174195816489107,-0.03650787218199306,0.09442875255877697,0.20788532398723922,-0.04313293571489636,-0.20955446322660448,0.049984001320964776,-0.01767299335121586,0.22283076071423244,-0.0587029138109067,-0.03608913123082788,-0.23440303707745216,0.061156053473307374,0.07155523972987572,0.017060863146353498,-0.03205942113641172,0.012498027636199295,-0.0461454457223285,-0.11041453951944985,0.14563420269666902,-0.10727290206831915,0.299868804173408,-0.35259755740516385,0.2852665071632159,-0.08117340304479016,0.1692190713998472,0.14890899904365348,-0.008559740639319177,0.08342953181739206,0.0408634213960528,-0.16254224455172217,0.2947291505496393,0.01610136754346916,-0.017060439065587334,-0.12788195114070905,0.015524511239497683,-0.2601798582000866,-0.03789642315349048,0.1723983328323703,-0.036047826927001925,-0.022441305418525733,-0.025307873080964556,0.017546051120662428,-0.22296384400628672,0.16756255703146722,0.15411463380331594,0.06903502594763783,0.17338734386634144,0.07958578690028335,0.0018921159509362232,-0.026800044337008916,-0.029793417524635504,-0.12141461020611448,-0.163420243257414,0.3568093359248013,-0.12552147761703558,0.013078324013477801,0.21374054681764307,-0.08433645645093371,0.3880820064361751,0.18039324986625793,0.15643010601774907,0.1334515139900673,-0.1864924512218889,0.10658234341250092,0.06507783697715148,0.05221416297812328,-0.020239004819856438,0.24477953436231412,-0.07747285740159268,-0.08687474385164867,1.0,0.004537332035154471,-0.11651854458339575,0.24668146472947014,0.0027102460738946447,0.07039936816481789,0.20104212876177688,0.41614412023463737,-0.10166132925776954,0.12829912470576868,-0.021208805143371763,-0.11377112991680945,-0.020957672837442896,0.11671416062562483,-0.07057930124476586,0.036819741505491485,-0.17945853068158693,-0.033025102641962054,0.18757301038810154,-0.013271417792904493,-0.02461767083747705,-0.12343393727008915,0.01457643635299295,0.11775039612241761,0.09503509643788612,0.045588435619995434,0.17554751954718123,-0.1408623748937938,-0.2980348383778701,0.014872161701970744,-0.15338103064472774,0.11986743009156414,-0.14584554138783334,0.1623657952916625,-0.1469781612715305,-0.09312645304869019,-0.2693698260793971,-0.05114308141118136,-0.028378102089282535,0.028719558337229795,0.1629474303396575,0.31486496886557697,-0.1539424376063182,-0.020877686441805356,0.0849150721577862,0.08371938051850909,-0.10893468154550885,-0.265528142269461,-0.07279660039133556,0.030881029241210715
383,0.29624847084359146,-0.1178449479297383,0.05988990490071192,-0.35846273034785964,-0.09169569438426031,0.23296509128280662,0.26158464860670666,-0.2742981971530782,-0.050743735009442105,0.08966024410115037,0.15945356411195863,-0.024250409476111182,0.07340379724916883,-0.021156971230944503,0.3135893568818016,-0.176106443882245,0.010944746329927776,0.0071951149787948514,0.03239647426001431,0.061470017680618404,0.13235782044770103,-0.015853082944778774,-0.03868968203173695,0.14486465682423186,-0.17068333978731626,-0.32683532614549465,0.18756896556129873,0.14123334218191275,-0.3243385012462394,-0.09998685643265597,0.1194258169407031,-0.16292243813809137,-0.14197671019607325,0.43858244889151776,0.2864982687060343,0.22221251703617861,-0.1600709752760316,0.014342326191708402,0.09951380229129012,-0.14259719009132807,-0.03526943003552723,0.18599928849351693,0.07746126882909371,0.0773400317636602,-0.14115828815609074,-0.19302891336729505,-0.12368742610311546,0.023540757380400748,-0.19916660800531744,-0.21083308991599772,0.11971774122331634,-0.1074213303046601,-0.06231081274547855,-0.19705647501042625,-0.28071361265030453,-0.017006101444590405,0.028377726504430552,-0.04301239349103176,-0.030439633039007298,0.008136049091827878,-0.2026320855315237,0.10877735705664157,-0.15564094127913708,0.056534705370789695,-0.10267333747346322,0.015713913188086955,-0.2435244230985426,-0.034480090308846106,0.08802748580185676,0.04278461568896023,-0.20097531217711964,0.06758252642572173,-0.10120105389415616,-0.17718849808314538,0.0733291507712409,-0.15283831143648102,-0.07934158056725167,-0.30396307953595475,-0.10840050581639316,-0.07390010636829088,-0.22353967379376943,0.05277840666772599,-0.2872257527688504,0.020956031762566003,-0.20981688601675214,0.10028360325028468,0.3448224386352301,0.1602790297624728,0.07502392643047194,0.0821449355538629,0.11547434014029659,0.09631224286308203,0.13277433193852892,0.06371939692600058,0.1072085735994028,0.23810144599947683,0.36666680154129183,0.03577969457863354,0.3722070028728896,0.05701524087612433,0.1587770369791516,-0.33818580598028114,-0.03332514235927282,0.035356830147137586,-0.17520905372855777,-0.04696089926624082,0.0710901919238721,-0.14147081905737208,-0.08709418165316815,-0.08833034750845152,-0.17676727509149906,-0.16167914056991145,0.05076802235334514,0.17362378551109497,-0.15692963478178829,-0.07227933873180986,0.004537332035154471,1.0,0.15544620943214707,0.06295971040615174,-0.05217102997868636,-0.3449752592285053,-0.12846497983782215,-0.06755425718334579,-0.07347873413622517,-0.06480517731950873,0.11176216283117302,-0.09269194570960528,0.048488312958648104,0.0991268860772322,-0.1389534354420023,-0.08962771672665859,-0.23647868057037963,0.07058528106082448,-0.06085176368790462,-0.10091861779803,0.09183372025982589,-0.2843174432997801,0.14403438268379892,-0.17539133319189437,0.004068677723635676,0.13714480003993298,0.14966944177551167,-0.17656328022164477,-0.19709547299438107,-0.17582740960111434,0.21451103261344281,-0.008014422608473163,0.24059076871749668,-0.23741815394825438,-0.02003766098709035,0.0110488807770247,0.2709417367671987,-0.15964738327227584,-0.15745420801416102,-0.015558393999945004,0.14101307378632974,-0.22332637747468773,-0.10528395984241133,0.1502235723889124,0.1939159802619671,-0.033842818434641354,-0.05929154013773975,-0.28267100077689056,0.22170112877154427,0.21898490694525388
384,0.3639320367726769,-0.05728923129417933,0.014661724645449726,-0.13938481248680423,-0.20759950882761546,0.1653824413898085,-0.08610735316001394,-0.35302409817785924,0.058062720474909256,-0.02540618345541574,0.13167711603386129,0.2545369920749458,0.04980594713862722,-0.03336678545765282,-0.2806533816689275,0.1881397684835078,-0.3667978691766409,-0.07706724533864547,0.1828638996080568,0.12454541544411322,-0.19472698415143486,-0.14194817326662906,0.13423330022035163,0.33285095489159466,-0.4526994779459034,-0.1467745994043377,-0.16167362348413758,0.16556305787739442,0.02098505718887986,-0.14582535674928226,0.004409744881530818,-0.33882524681986237,0.06604203878026964,0.2179963593620022,-0.07833987413400591,0.31693228378265115,-0.2968442347982725,0.0331983678044329,0.16478793918908896,-0.2916594749825945,0.1822060847645409,-0.11079998366097521,-0.2856106401572274,0.1724705559847738,-0.038454513663882646,-0.3814689789782047,0.009200758083608804,0.308436333876188,-0.3166516398597853,0.010634914156761124,-0.35938887830753735,-0.4546464482753663,0.11908990523331711,0.009545191749838394,-0.26441589485825395,0.3484293682441193,-0.02982475602071964,-0.07813651767081946,0.12755979256124106,-0.2591255020364523,-0.37777027931967083,-0.021615386936875477,-0.0067621961764747236,0.37598494724212855,-0.21115938708805707,-0.04548453762559547,-0.38043085640547963,0.051236918384010094,-0.3924757399567204,-0.13310520389476416,-0.20356356797952702,-0.1461578196145203,-0.14235026711238422,-0.10165290283943221,-0.18286545162549425,-0.4031725660029425,-0.04568403021701226,-0.023536082562309157,-0.12321481360762862,0.16350471677829465,-0.22026273656870704,0.25708289448779625,0.15758284760884084,0.0021529233581223796,-0.18293997663575778,0.34627816522557,0.16340063983170158,0.24033680297819368,0.24828725317355813,0.0048607377442795256,-0.18782884719475426,-0.18276291798372613,0.007026569857707813,0.2988717152667436,-0.052934943180634166,0.362155795105795,0.10665589039431446,0.44648783044941337,0.3170345557182006,-0.12621899869319636,-0.07970619741276164,-0.3493295483759718,0.06897743564495128,0.2382904233286693,-0.0005505721530009688,0.18440005186037803,0.026751198742671185,-0.04563352591352368,0.056280490352234334,-0.08704822159696984,-0.042065318804516985,-0.08962712139290226,0.10300661863902386,0.19434527297782142,-0.07775859951948405,-0.026853409260381926,-0.11651854458339575,0.1554462094321471,1.0,0.12601829016015084,-0.1779130501166399,0.027364614129976407,-0.14054229466877832,-0.08555121654679887,-0.061908275300008274,0.09216715184840046,-0.18221034510138667,-0.09138255197926048,0.12209978869402081,0.39432328255030874,-0.3260484928451599,-0.29641387189457047,-0.43986744926646076,0.07932987792561569,0.20379770444731518,0.40415379857285444,0.057662283504424004,-0.21247333055215264,0.15895516775065066,-0.2381235642596899,0.4331513127366288,0.26081847358564336,-0.026741689544153034,0.3015251199935055,-0.2572398901002137,-0.402583683791571,0.3343946586446836,0.0868262532942798,0.36184745533125096,-0.15042439421368278,-0.012263869133416956,-0.021247848094770764,0.293468739556236,-0.0010583818163843845,-0.16796664049924007,-0.19641403140812821,-0.16968170984709677,-0.3527165844608821,-0.4027731391674495,0.3458153593867011,0.2378464057690751,-0.30552985991183074,-0.26736137313445096,-0.20548748118028567,0.029677755174812956,-0.0055504218906711825
386,0.07542656241067452,0.09803594074026042,0.184722049179458,-0.21086435957069835,-0.16713465088961763,0.23141555910592765,0.07359014168733026,-0.24138109447388073,-0.3877147708270064,-0.19108916801116207,0.021936237194706876,-0.062351462568664556,-0.08443376012998968,-0.05360120488132181,0.02897360568717347,-0.009509454137313184,-0.2774631412928496,-0.17651569101853823,-0.13394357574463045,0.08209523435535673,-0.2400049491252299,-0.12221293119507551,-0.1158461270619141,-0.26367855348820324,-0.4298241309954874,-0.07715175726727373,0.08725107143491705,0.16628655702681042,-0.0425083637339089,-0.04757337079498312,0.10583881160385147,-0.07224331578515768,0.03307281594683162,0.16184520234049976,0.1690797399918007,-0.10934515362579933,-0.13364887141196052,0.06058485906954295,-0.08289105691008267,-0.31680450925047676,-0.2675954982726568,-0.07946293834700006,0.01809087683507204,0.10960251678290328,-0.24083660979847699,0.036760303301659344,0.2785279961090281,0.33310303376078176,0.09908377796238284,0.1751643237651613,-0.046143033587996235,0.08861070608138798,0.33675913894277065,0.05326177766057244,-0.10335585991199993,0.2767033519526734,-0.17810178933359683,0.07514346900670646,0.04815540707072578,-0.08030015829151005,-0.18273953252313216,0.03371079858323078,0.21811456413120403,-0.06815531723983431,0.14743554051807617,-0.11127268027578555,0.08278253804087461,-0.1404284858494482,-0.08666105653785391,-0.23817133430351967,-0.2770917092531514,-0.09822428808447865,0.09566954737572733,-0.11887973872443236,-0.24148170062419336,-0.010408919272770285,0.10568162429094871,-0.049604294900259985,-0.1273616021576161,-0.02501182375395075,-0.13443968586695876,0.10380365991277277,-0.13195736448811626,0.10668034764190641,0.07131400666788826,0.32588240015869296,0.10354103671883211,-0.038171390648618166,0.07315753559689275,0.21792061713881283,0.06552403049569604,-0.17222204433728505,-0.06181006993704962,0.14406692144882224,0.06343953096507794,0.311365817801426,0.06922201648981154,0.2725645127296909,0.14456078545717685,0.21145822771838615,0.2864225437679808,-0.20229980283716403,0.22658865258870436,0.08683854528979111,0.09529168190838212,0.250485356976174,0.2968837995387349,0.03710483807953814,0.01408309041672715,0.04791305446791559,-0.008323565058703243,0.1430655987327861,0.13900943523257767,0.059185983600955644,-0.06437955364833829,0.1031340223381119,0.24668146472947014,0.06295971040615174,0.12601829016015084,1.0,-0.058944341202804985,0.09131606144750071,-0.021093869431773268,0.06363676065211817,-0.05001016145675412,0.2893784971880847,-0.09928400984400115,-0.07107140571800732,-0.02676680153335299,0.15485790846760641,-0.24536490079322174,-0.33583426071111494,-0.27996603116215657,-0.3193535192104576,0.07046128950089955,0.05336007341258278,-0.00044337613653024516,-0.10764732988297865,-0.16173473275986822,-0.20334194856816945,0.19803432678213348,0.2845661287431118,0.2604175740617436,-0.11379247216592658,-0.5246406609417272,-0.08562457243130077,0.12478551608994694,-0.042653296421983074,0.05340412107573349,-0.019553283508120765,0.008614931035612028,-0.24045173824078298,-0.15423588400731614,0.09792586653308706,-0.18807414887566573,-0.10756973288061863,0.10673092478695118,0.1672737895560817,-0.2604468532570927,0.08799636819483907,0.10421981293131763,-0.06945737213143836,0.06541060517559842,-0.3237713577429329,-0.042153024400345664,0.1862097537992104
388,-0.03343272845263068,-0.111156818455219,-0.016150409138445673,0.22038685146669548,0.24403957893730752,-0.03297447558221703,0.06430260821095383,0.26392317326365183,0.19044767162934712,0.049954525003106126,-0.12505165194755496,-0.02653273469488209,-0.1395419282900076,0.04891037961308255,-0.10402118448629641,-0.019373053105810202,0.1272206664534979,0.010091082103826542,-0.08068752336070496,-0.0422808185109891,0.037608748527165746,0.29174857750071265,-0.22295230429523283,-0.0013668656939431858,0.050132760982740325,0.14723390925537294,-0.06947689846168578,-0.07864942630442386,-0.08868451739477862,0.013757112361691025,-0.09762431638282294,0.08166051547820555,0.11734206798245425,-0.056818240085637385,-0.2679596067130175,-0.21325482984077043,-0.05035415288183472,-0.12152185737896569,-0.11711992585730577,0.06770124668658091,0.035669847645017835,0.15752092173158605,0.12982719349349572,-0.26849500292790784,0.14353649552684544,-0.027504185231006232,0.02001992993921438,-0.1597871657527142,0.1813574676029488,0.15031692651803744,0.11465560322314804,0.07474822750363377,-0.15110473381132397,-0.08879401652267335,0.035024419598064786,-0.18499522035845353,-0.025381927182349513,0.011719759381164131,0.05268903613788751,0.16448455687371102,0.16469086830575408,0.17521631128687992,-0.10042614579549716,-0.19605264292590902,-0.09627329125524625,0.1942360826479943,0.23425465066276793,0.10990010626863844,-0.04245351836975149,0.1677253397467964,-0.09366266133654047,0.09828855447954843,0.028073954446979587,0.17109963367586786,0.10365193662407331,-0.01009101291918784,0.2886822984583331,-0.005450599522883869,-0.019064260566005645,0.03759142896678877,0.18870127076771334,0.020037006432224502,0.05799853260381792,0.013173759015040044,0.09851401210422453,0.07933945499150531,-0.2934491430582753,-0.2886312069910578,-0.13245590841926475,-0.18623337115985933,-0.12245872374644338,-0.15209555161620367,-0.18069391587717676,-0.14841481340843904,0.24497222814829278,-0.03381698839565533,0.19011949950109844,-0.096203552139978,-0.19555763962838155,0.029901028564977117,0.02620563320616704,0.23941731257306917,-0.007650708069070597,-0.14541780887736147,-0.13709178715880752,0.11928395482631116,0.02687589994676325,0.3264839913514101,0.2766589145579239,0.17394701908295745,0.204418851093015,0.4136302781116714,-0.10649508390604656,-0.03438710539676743,0.05649877935063871,0.19437306685250197,0.0027102460738946447,-0.05217102997868636,-0.17791305011663988,-0.05894434120280499,1.0,0.0660464095962089,-0.12611450065614951,0.03309390774436454,-0.055556050973727344,0.22176617823492778,0.1505121989154275,0.20907938918634641,-0.03303921984758099,-0.22084127642623125,0.10101026764133743,0.10536333056295781,-0.016158854926071775,-0.038169964169108006,-0.02416922962602432,-0.007076468951456853,0.021419380839299115,0.1649491287675094,-0.15495671085456555,-0.21118712752077487,0.011820999733542293,-0.13296635173823465,0.10400470856861516,-0.2191267134481784,0.11453359356469378,0.11251626039125179,0.008754089398033687,-0.26812145675026566,-0.16025833122497055,-0.25523100308759045,-0.10410960392995604,-0.006618837040051975,-0.2879877893508065,0.047666559904886156,-0.09686445721608958,-0.19202002219391723,-0.00785911702172168,-0.04162008395325688,-0.031879517985763994,-0.16519936184461603,0.03148972962401112,0.2643766189065062,0.05139373131493152,0.05032913774252942,-0.05871289667603992,0.07392706987976347
389,-0.2200421593723725,0.09271936589959039,-0.29888031497977524,0.09292789314695883,-0.12767698061830338,-0.18218955946006243,-0.24385881511316118,-0.01088243518936952,-0.16547564187453825,-0.09647924885461256,-0.14972345476801396,-0.2194752657119754,-0.20866457961725113,-0.10806965686672164,-0.2082562282408115,-0.21591563290711724,-0.29974534872831443,-0.10522103287022662,-0.16440479289009374,-0.1632627078015043,-0.3338693715946202,0.06094500525390959,-0.1624461885329425,-0.2328164268435893,0.048787230036134756,0.0969266398004864,-0.17582543150230373,-0.126534544594304,0.07049944622635584,0.14980137202064658,-0.1582325897629989,0.15959644011657173,0.1679394992488154,-0.2047373030084938,-0.2034621225125107,-0.2066444088188474,-0.040856839525115436,-0.23220377063470013,-0.16943095242286074,-0.034848969607247864,-0.07391958475989392,-0.14255843052018852,-0.17495699011894467,-0.06122888841348547,-0.14298912726220273,0.20716389611586664,0.13418004495842686,-0.011680371007933232,0.11790762998842416,-0.04778551591217597,-0.20064123481944454,-0.06786785010384004,0.022524031780382505,0.20858321658325188,0.15595781302566916,0.04771819012959441,-0.13729046017611993,0.22455340109154698,0.15413909743878562,0.26540596670008787,0.23429695391578337,-0.015110262540536185,0.13555078503113557,0.0009847331534097242,0.19779130606298856,0.030659695735952834,0.2294367491161751,-0.04311185325403697,0.027791369489328793,-0.15207707193071676,0.2526863187851863,0.08295349687806267,0.21752141436569297,0.36730320347445466,-0.08125215159884595,0.13094636000871313,0.082667731362237,0.29052011558011287,0.16373034196136585,0.17348135297137385,0.3374269723804154,0.18451769349481162,0.208192581826524,0.17031339778888335,0.06852350578161287,0.22171807009979863,-0.2551948064185266,-0.12872338416332685,0.04664888306402235,0.29118406896141436,-0.11216440886982441,-0.048145239123028774,0.017692689692966976,-0.08572034344697171,0.2055472540632134,0.17880511560796067,-0.18274679609036046,0.09275534706268926,-0.32927566393417046,-0.13612756226404613,0.021480226533952228,0.3874068021068393,-0.1623647267342683,-0.06022630264551929,0.27063497454668844,0.06234961045873354,0.011179410308332851,0.13755375485501872,0.19203569083397387,0.009841947621213442,0.2985238509891285,0.38322701156187594,0.22852665227315794,-0.044927506503625404,0.06786717114346918,0.11349929854595353,0.0703993681648179,-0.34497525922850536,0.027364614129976404,0.09131606144750071,0.06604640959620889,1.0,0.1936122907548112,-0.053445677734865214,-0.0009691345799082126,0.20089781208858418,-0.06416252984019219,0.03286967325167995,-0.038813131025926276,0.13564396593554034,0.005319996880954285,-0.06563202527547926,-0.20080704843265687,-0.17873595233064238,-0.14222753405185531,0.0408698544645599,0.13619587115360715,0.16533003358228007,-0.06290621255544897,-0.07791169420169977,-0.06636034488661773,0.19158884608279175,-0.00230865984606764,-0.07043369007192682,-0.036919272548409585,-0.08408292581239647,-0.35335855488242107,0.12452953157361983,-0.03448552453349307,0.10478307566409958,-0.24073508617765274,-0.2754829959311655,-0.28691279267867315,0.2246421952188931,0.04678702776534452,-0.08337222621245016,0.04047752254001785,0.14108537014176895,-0.014340742593862142,0.04982255751871898,-0.04429822399027557,-0.08905055252921436,0.06146950469469003,0.07961975238854264,0.1907578711619228,-0.012913660216351364
394,-0.38857251711949553,0.028454374735876396,-0.24504961667726133,0.09101488803569813,0.0678340932865224,-0.10589819274231686,-0.03769479887303194,-0.1465017236935079,-0.13826439695429157,-0.2401239011701592,-0.1531419458403755,-0.4216713405274517,-0.2669981554089409,-0.08556535516383856,0.29176008091658434,-0.30815410082007216,-0.09291528044212512,-0.08680020570924987,-0.14630537835554885,-0.2380395711036991,0.06704604615325252,-0.1291988958133408,-0.20568873592366207,-0.25065734541013207,0.17816280825488978,0.2053343157979247,0.12015126081931471,-0.27414266131446813,-0.15817384851999275,0.14884206545313367,-0.2716526358248777,0.12325392842388043,0.09245046245054458,-0.24071324206880407,-0.001281931151448474,-0.24303756413912392,0.22839030091448753,-0.18664043310507394,-0.21197573757849067,-0.08537633412120316,-0.45559096423989986,-0.06987381537817788,0.01038381374564712,-0.2518544744810952,-0.19468571238648552,0.38561464699278714,-0.07123911735935765,0.04662147393831813,0.28839601486046795,-0.004680044885780544,0.20868780118531402,0.2548204531333784,0.05016584676958175,0.1291548460059698,-0.04464003882604698,-0.2593294419061644,0.07284013643646364,0.3508577357084588,0.33487608762645654,0.2957817469553357,0.14114384427846258,0.05706709469910175,0.0019178047063958957,-0.2724318496059093,0.21555765875239574,0.20429979219281752,0.11371229476096781,-0.02687860965482399,0.3991766147010546,0.17187840812049637,0.4106110283345494,-0.004382900137704417,0.00988403818248914,0.03990593268765097,0.12174975023024963,0.09674594601248182,0.1269156323139137,0.28256092569026364,0.17506823911765135,0.1817302304171746,0.14501070388369577,-0.08425101196903333,0.07293455251564751,0.10350983742107436,0.04575343251343842,0.02189178835121417,-0.06497030746085879,0.05870669404784877,-0.023647365241546134,0.0169040090953452,0.02924051833385786,0.3158574934891422,-0.13005406756228932,0.09245252995722418,0.02189891911417676,0.06364713918409512,-0.09336249933551244,-0.21785613308450266,-0.34932472198458403,-0.09216541526066747,-0.09932555742410111,0.2061869835096674,-0.1387452464607101,-0.3314532799976113,0.32446292215255546,0.1291327806568696,0.1951984398284666,0.13946436983157046,-0.03193819818384199,0.2918211138550418,0.11715656369798226,0.1776795019533306,0.2501773969547381,-0.09790505724321974,0.35512991542247824,0.12815846714671333,0.20104212876177688,-0.12846497983782215,-0.14054229466877832,-0.021093869431773268,-0.12611450065614951,0.1936122907548112,1.0,-0.07253162370337687,-0.17353829525175068,0.15557948690729814,-0.11490876922374181,-0.21564793069462757,0.15763617973065688,-0.20747849576674957,-0.04404792145843558,0.1463426663640002,-0.11231347637146182,-0.18039168678390996,-0.360335488446364,-0.07830123972240756,0.28830121120124097,0.1791742621143769,-0.15633563349905627,0.06907339305302658,-0.30220648794141,0.052504316633401375,0.24655811486568704,-0.19333206791425725,0.02778844295055522,0.08865196176399254,-0.4070789380915715,0.08731782532534846,-0.14581518455732456,0.23105818648582732,-0.3297724630269675,-0.22607785833239266,-0.01902261466255939,0.045998341234518916,0.3246445063744927,-0.016858670213825647,0.3659321518303176,0.3615708985525542,0.13891870836041278,-0.10658089861418434,-0.09176175579093333,0.2202407516654302,0.04662572767647455,0.0650257300378676,0.036298123104780394,-0.08958565286186039
396,-0.08803019453252921,0.06294191334123017,-0.09557674263715435,0.23723627817967596,0.13139158338641088,-0.16173140532794952,-0.0810486614658832,0.13024819092648834,0.056143583095450464,0.06726720368958707,-0.06355324872825731,0.1795994776585709,0.15575227449812473,0.016913173628586662,-0.16868280331411642,0.040087899198342825,-0.12139064255872002,0.1260060644166151,-0.0860555349252218,-0.00858114816057264,-0.0302930958333553,0.00014666419983410712,0.16151201819593902,-0.08877646044719904,-0.07588260683580196,-0.04574258496259641,-0.15502816710343176,0.1354368151898876,0.07678503808763869,-0.11137790217204126,-0.06950759041394701,0.12601925533907377,-0.011933712152430493,-0.2535877010005718,-0.07629732628456087,0.04481769251127833,0.36710455357742133,-0.107994449649022,-0.10300388112139915,0.05913694016330604,0.16415554689963685,0.09411703286925052,0.10625538745167504,0.04705461981851602,0.1087191868863186,-0.10262018891193933,-0.08791373045747389,-0.020811725320129735,0.07802336740092686,-0.14623592871746674,-0.18630838189517562,-0.07049617217419268,-0.35504185240106284,0.04180625920882731,-0.05289983019471458,-0.13724245967912646,0.050038593601091,-0.08284516521548231,0.006186460445746115,-0.12439083772889237,0.06835771831845418,-0.1439158262754746,0.06488024149847839,0.11983738144781879,-0.12018163537010654,-0.09700421146875957,0.18127847427314775,-0.24851773677962744,0.20993346774790841,0.07603022062275765,0.1320511047323256,0.19398393759424246,-0.2735933892780717,0.033156561313343894,-0.04778909498669993,-0.037081828541950336,0.2932094153642794,0.09786927167706759,0.0066028935292297,-0.19165682757161687,-0.0768627072441133,-0.265216342821188,0.00873193520418985,-0.04779955165105762,0.028935661061750027,-0.20527436301647542,-0.1503929336293401,-0.07280147199290077,-0.15005025989598697,0.0733815527005709,0.1719252654222259,-0.005395337736563966,0.2068598829903185,-0.12481563932286789,-0.0008025086412891736,-0.2338001631594051,-0.001700437548681661,-0.13187810089788726,-0.22532950040028812,0.34273704511230646,-0.26985177584037456,-0.029036924318673173,0.17128440606382372,-0.0007378549942796352,0.11046953553696237,0.04337427984154255,-0.1670935407398021,0.004535191715811249,-0.14201366239220273,0.07747907750560364,-0.021860201539000305,0.0009384742262539162,-0.07540785249867014,0.27300794014943724,0.05930952448787119,-0.16518238942883068,0.41614412023463737,-0.06755425718334579,-0.08555121654679887,0.06363676065211818,0.03309390774436454,-0.05344567773486521,-0.07253162370337687,1.0,0.14760367056411336,-0.12960892974177388,0.06477424429644196,-0.07610273046335723,-0.10348355582501625,0.07595276158774089,0.12314404891032671,0.09851779970970857,0.0857682703270924,0.25450656761509693,0.2841838730919344,-0.0035940226157320657,-0.1648906020534088,-0.12607791360486084,0.15826408116803328,0.25664954181525695,-0.061802264607902724,-0.27852022009238026,-0.0790329706162738,0.027669047365264838,0.14461150714976945,-0.12154492567854616,-0.05941356474414068,0.16368419806052834,-0.016945910050105012,0.028201240271119088,-0.02016936736654567,0.09737026387974188,-0.2433563391129482,-0.09846023165216164,-0.03670650664009208,0.26619191661193864,-0.05971176829323155,0.14224045095414595,0.08969671819969212,0.1211564037734824,-0.07466208452053841,-0.16387186584690736,0.06559189409477184,-0.0069219183399350185,-0.12912743436288138,-0.0066189809045717925
397,0.07585786925659861,-0.019839535443534194,-0.0365677822641268,0.15657751347015705,0.06364456522701044,-0.014394359805581857,-0.08765499083859324,0.1597168016548196,0.19827353065491424,0.11782427299090795,-0.010978612747146293,0.1759411785505592,0.09417769210692556,-0.03913100505997259,-0.33919253250507836,0.33568149203483666,0.021101918235932795,0.21647576583233433,0.3053383981552469,0.25508674847926494,0.19869265083042056,-0.0652851989375139,-0.043261234790441604,0.21373677907686997,0.0015505368364494615,0.17265879906617757,0.04548824572469849,0.16790399660639327,0.26590624364687476,0.1789329135257127,-0.0796113650083156,-0.15476192406294895,0.07034538293626492,-0.05742208467974756,0.08214031975612793,0.015630111873830746,0.2689210868874225,-0.06133248215379897,0.0285921436023853,0.29619095875133455,0.44578976344658816,0.06018391325449943,-0.118813851745,0.14823169956453258,0.20621593131251464,-0.3292748596944399,-0.19270771330687608,-0.10238280554408176,-0.1715826142875371,-0.11333189625180863,-0.3840737421428426,-0.0477880909262259,-0.09463077425812881,-0.04320404534049498,0.09224614424052507,-0.17883654859007833,-0.05254908567722155,-0.16527376553457243,-0.3638375863118942,-0.15906949721712227,0.058422039521681485,-0.14301062339045947,-0.17577007337713368,0.10841045494302753,-0.024638609014588083,-0.04061304104857966,-0.012057176550007542,0.07082324166440235,-0.022022913247922434,-0.03699990004412564,-0.08309888702082648,0.012609695491020385,0.2095573359075838,0.16882862536101872,0.11894733032656606,0.03700571729240507,-0.2077177342226728,0.12658796963128172,0.053553772947252935,-0.2765830717456407,0.0063032858895765076,-0.1417494560358782,-0.06791477404199377,-0.1301627486782145,0.007296174767458765,-0.11924752049311707,-0.073114262379554,0.22103716181341637,-0.177730840612688,0.3987231953534617,-0.2859241430108722,0.04848711620706068,-0.04478598775963907,-0.14660695079523645,-0.2948610122611537,-0.35323146050938864,-0.2684565072693376,0.01660061150845798,-0.10946274816094378,0.12414480709276889,-0.16198158369596052,-0.13077419688835765,-0.05404013560356046,-0.08401606104818851,-0.2584331063107763,-0.22059434188632573,-0.194866752474366,-0.17553587417333877,-0.4029996491852394,-0.40473445061668195,-0.13009881910290436,-0.25159073969710627,-0.2248049143288742,-0.07530790294006545,-0.36321658528327,-0.19276767970443395,-0.10166132925776952,-0.07347873413622517,-0.061908275300008274,-0.05001016145675412,-0.05555605097372734,-0.0009691345799082126,-0.1735382952517507,0.14760367056411336,1.0,-0.4343259494069868,-0.1941746818237557,0.07956826048240669,-0.16267418976844103,-0.0684950852108201,0.3266066110862119,0.3118071185353284,0.34662438784026667,0.1518391504081789,0.28016394491032215,-0.020328743345309364,-0.2969831086896742,-0.24109340782360697,0.14706795069603543,0.35722400922850694,-0.018158630650614554,-0.41062361687458554,-0.34394774456439126,0.22513149238979638,0.32916054078941515,0.05629846185538751,0.012295997333830971,0.041330231828594875,-0.051822353011109296,0.092640768790536,0.4820056626315884,0.30932999264911526,-0.09491030229856223,-0.08600218538887604,0.024674921956816136,0.2520952648758908,-0.17682251864570672,-0.1986271467424313,0.2104854596273159,-0.12068765769614472,-0.047560134485041525,-0.23942285719500642,-0.13333717971819975,0.24538643047899555,0.049754345087639235,-0.028232473329557282
403,0.0013144342445501023,0.16315366763042624,-0.01057083977791508,0.1704157378570734,0.012986959339202313,0.03603390719627927,-0.09907089733803731,-0.2336371317061496,-0.27789647200089457,-0.2571326802690673,-0.003318118170142696,-0.2848479679434191,-0.20853092228862813,-0.15905173245458187,0.09261032610030785,-0.2793767173148036,-0.2511582063396431,-0.16285820471913195,-0.42716102464682676,-0.24802188034812306,-0.20235584179801938,0.07887966826561366,-0.12254802643430382,-0.13918895576239337,-0.19801338259931692,-0.17591641440933573,-0.21040886434294587,-0.12663353289403984,-0.2413385733011089,-0.15158899984778879,0.038323615767169215,-0.01714973000017078,0.02207425706294897,0.05604956433088241,-0.31872005611553617,-0.33804756488816945,-0.22553639623426303,-0.010166933650361342,-0.29345521349393466,-0.3652117451118155,-0.5080052094363314,-0.05612587128168189,0.20003764315266995,-0.2307455327371157,-0.17329675210941997,0.3554961560832207,0.32605524484648163,0.11552282462242722,0.27548319720893655,0.11252391263367316,0.03783033324949277,-0.10643792112459588,0.0746388397187938,0.22368120531180877,-0.1141997350299282,0.1754661694844031,-0.04511429988609738,0.3522124229836524,0.3391186895508164,0.22905882427517937,0.05933850920882452,0.15960534341612967,0.2522763788111092,-0.16751331502943412,0.1550454297478021,-0.004556068862599111,0.15724294045087453,0.049387813666378504,0.013407272983110704,0.044589127409843186,0.002554038383568419,-0.12900279802716977,-0.01496336812042136,0.10458976741156714,-0.014243241227485612,-0.03630308494973932,0.34653965587693836,0.20980920541009984,0.0008044198544427242,0.3025675911394508,0.13246205646227519,0.2806117943668867,0.17542543164841334,0.26133254883477286,0.07004515284197997,0.2946749903472116,-0.08115683191412246,-0.1480070907740296,-0.07534900850584843,-0.18802067093501493,-0.00017399434639975544,-0.18187052716699775,0.0905078854002343,0.028848050028185742,0.32923236946100426,0.3057141626805314,0.27032617535998826,0.1267375650432774,0.023356403278143367,-0.14341434810878798,0.22773027647013955,0.2243608147077689,-0.12862504087573623,0.01760041310262914,0.3326458675515994,0.3167225712551682,0.34696289886562326,0.23779977606900302,0.5867377427093555,0.4463706662671203,0.1999491714899786,0.49611883796173856,0.3588184976648578,0.08262556001243716,0.12728612312610926,0.3235724815378443,0.12829912470576868,-0.06480517731950873,0.09216715184840048,0.28937849718808467,0.22176617823492778,0.20089781208858418,0.15557948690729814,-0.12960892974177388,-0.4343259494069869,1.0,0.18886372183893027,0.007987497375040847,0.28436260566538485,0.11021571412083936,-0.2837165152138553,-0.29904800233200046,-0.3523231995233641,-0.3005552639114038,-0.20050595724768452,0.1791068006601717,0.14298482989716954,0.13980616126876771,-0.32244975678510474,-0.4002657607081181,0.23228637946317057,0.37165382958757354,0.23806081889671482,-0.24516242271596161,-0.3078149733408455,-0.13618078592661342,-0.21573164626394592,-0.20552978411617082,-0.004957548374357369,-0.04770620976585716,-0.43988685267779354,-0.41104106881949337,-0.11772079540629292,0.13994199483283237,-0.22575978262310234,-0.3843948630328829,0.06344911024767834,0.10829276617675755,-0.3477114336751053,0.10672487130625101,0.13507422877556388,0.06881420192909049,0.04172718159394542,-0.3105589237769999,-5.588536425004157e-05,0.14277655031799785
404,-0.027188855851934663,-0.0704074108971117,-0.040497067255676804,0.05266279160935119,0.05951128088545637,-0.09104201442804437,0.06835582303438885,-0.06814435354569706,-0.0373584100359567,0.13530935045273507,-0.16393454280169587,-0.0909120749594232,0.07562442326055516,0.23823142051239626,0.14731290955951093,-0.22759083011897557,-0.151063890336029,0.0435759927145595,-0.2588433018037264,-0.11615688580432727,-0.15853198644813796,0.0026071845955325684,0.09625139093272106,-0.19462290291168655,0.07397990093591966,-0.10194974466461108,-0.14216590616045263,-0.19520034975304665,-0.268556757628666,-0.03957423019356958,-0.22030333511700195,0.08563186444529161,-0.21076189473982934,0.08248374872701685,-0.33457209031373836,0.03691844485894265,-0.06872983861139226,-0.2057300701103238,-0.29036766144829523,-0.020794914511362398,-0.273421422603709,0.3039347028560678,0.32881904741908907,-0.18120289669425874,-0.009190131265063656,0.09849078048834294,0.118849756731011,-0.29341923534363284,0.1818335844850398,0.15199234672756298,0.19447284005241627,0.05655952417142476,-0.15021969943203164,-0.023188452165839424,0.06791097206411921,-0.0844833127906453,0.41497378298980914,0.1183593119944548,0.1860277676695175,0.33113109852034917,0.13583081484571083,-0.04248124435437489,-0.1349038381704261,-0.13789756514361845,0.16682602881740136,0.047439352407724796,0.10605044834254289,0.2011488354916549,0.18276041675332483,0.14201591531668248,-0.047234654810909875,-0.01641476802990884,0.04295925426404882,-0.03140697797275546,0.25181591270158826,0.037854740690764326,-0.006360429764506985,0.03321212518362204,0.2563865995841517,-0.06152453326649779,0.2694508602250762,0.10878296534741115,0.1278553363573561,0.12390228994057127,-0.12574088584148038,-0.008305970317524865,-0.31898703077910356,-0.09223284395381716,-0.1909126266956357,-0.17594516287449916,-0.0303677126657046,0.021250019554031833,0.1284560864844822,-0.36115355131131616,0.23500905949457326,-0.0015143565515462754,0.39369473587709763,0.009859875435534526,0.07644604382628045,-0.13863477717138317,0.04499423734254553,0.2380410433381534,-0.14608574659419388,0.1127535963874944,-0.023419963584639276,-0.11162384224885277,-0.10454724837640214,0.26615687384997205,0.3517971150204979,0.12355535174320935,0.23834176832172935,0.13366385152699303,0.079610166145192,-0.2146573813028254,0.22601632683983355,0.372683661475449,-0.021208805143371763,0.11176216283117302,-0.18221034510138664,-0.09928400984400115,0.15051219891542747,-0.06416252984019219,-0.11490876922374181,0.06477424429644196,-0.1941746818237557,0.18886372183893024,0.9999999999999998,0.13043908086271577,-0.015145535839198082,-0.19390987526953105,0.01956660998963677,-0.13696219075553118,-0.11542379773569265,0.05502969465573326,-0.13303306511523547,0.03108790734164553,0.07080912316017218,0.2843182658420205,-0.061525975704100136,-0.07207721118128063,-0.1293205542283593,-0.0435302623572345,0.10681356156657891,-0.37480462179563284,0.10665922934976672,0.022067335815328618,-0.020434809847755277,-0.05870704020997687,-0.06628067351515764,-0.04037711711274956,-0.3986208451053289,-0.3083594281107345,-0.0329594963201137,-0.04681137228237076,-0.17172648237715993,-0.2018948599222667,-0.04063580326966813,0.16971731672142992,-0.15015977153682603,0.1591322014016244,-0.07128922335020388,0.25937934282511743,0.285966217038202,0.04525472018638894,0.3260500926668108,0.024655128065705807
405,0.06839735794007504,-0.08943421127803312,-0.025453457264601496,-0.07380801275333533,0.24879058755282016,0.1346252727896473,0.16142165559311483,0.13042524286736462,0.23179810519863195,0.22348307066149908,-0.12665249658878686,-0.09338093648889406,0.13368540594921932,0.3691187909715322,-0.26122928109774124,0.12826966973087855,0.017287196722489764,-0.030399292155534795,0.04905181649935295,-0.08682751827036056,-0.1322684165440418,0.012889304567127276,0.039499090302235945,-0.04609617939133722,0.12817299646641875,-0.029378370409596424,-0.3391236458967892,-0.3045310295489909,-0.01338561514640048,0.09569301106545285,-0.2662425858743585,-0.13430728653066865,0.004321006450297135,-0.18617852205296131,-0.074886579334812,-0.2070331362170222,-0.057532661124744096,-0.10143429252452665,-0.11098676708387702,0.22594435819743675,-0.06585601998493994,0.078286953002742,0.08787509340344599,0.1415271564032002,0.030059313792321306,0.03247216230588274,-0.04635354163407235,-0.4023228821002474,0.006921872893204568,0.031595468053129364,-0.004095009406306118,0.22302949068618005,-0.1836894143738524,0.14936349759674197,0.33036116257340703,-6.431553458762392e-05,0.2049799759559767,-0.029757099568049266,-0.055421682516694624,0.21190095255149657,0.18789640877138777,0.18801970363216344,0.0733882092489948,0.029181689759008447,-0.05104624909328072,0.04858101235770797,0.07586900517084029,0.3653239266569966,-0.2014564726379092,-0.15294956385557815,0.062458686390527186,0.16967615514800224,0.26665018487770337,0.3017085282926797,0.26339930421640734,0.19482871107592584,0.16628738488631073,-0.07590390155862099,0.14897434226497472,-0.04786637924230756,0.5274404128949135,-0.10417259007695623,-0.03459720016890015,0.008347134414412474,0.09208504422029617,-0.07420959777418026,-0.3589738944316468,-0.22374343784672837,-0.12223864347244295,-0.07501725324481681,-0.2884267822117465,-0.20358071700428831,0.004460096136855528,-0.28846214638663675,0.11800641161762039,0.04456924962459292,0.01227947616630686,-0.16677652701285695,-0.03840449797067857,-0.011876151866875052,-0.4011436100491309,0.1865193113583034,-0.21466239621048247,-0.13013088243943371,-0.17610984440401467,-0.1876674068194682,-0.2620044761107036,0.3646547812864569,0.08574934177373608,-0.03984789895821406,0.37110382556943255,0.17372430848705303,-0.1065500750426521,-0.11355230943049242,0.09246072872811785,0.16573538343329064,-0.11377112991680946,-0.09269194570960529,-0.09138255197926048,-0.07107140571800732,0.20907938918634641,0.03286967325167996,-0.21564793069462754,-0.07610273046335723,0.07956826048240669,0.007987497375040847,0.1304390808627158,1.0,0.013584796767067982,-0.12870050206750425,0.182935574896181,0.0961532896619567,0.04518851448157404,0.20994493676099005,0.0250742928075962,0.14507156549748645,-0.016141386881075418,0.18626530076482323,-0.2648652866844007,0.08947841413717407,-0.0543839028570222,0.09234032390284712,-0.28262862402198335,-0.007783925203023148,0.034876789316319344,0.23191909860897164,-0.03713474485011748,-0.03775468529659739,-0.2675593231304893,0.03966392285185203,-0.1048009746454563,-0.1568507910217691,-0.1934393320391633,0.01475771505093569,-0.09171759845849722,-0.05084258013294602,-0.19967138742140342,0.07666500566376373,-0.03989777355324773,-0.2509657099750911,-0.14053431841167852,0.20777471649605134,0.2012589952651186,0.11541140725170605,-0.17555119326899912,-0.07451581236554745
406,-0.2010056856599199,0.07821669346656086,-0.06385656672060082,-0.014227962357591106,0.08095289467658032,-0.04628258832781231,0.01783439746952008,-0.1852419271286628,-0.1417447655283572,-0.27011325868632113,-0.1897930816440222,-0.1367978832217859,-0.16193894445736493,-0.056561499277971286,0.08241627556734171,-0.3193636750647076,-0.11195772063925888,0.030773760889111445,-0.1845032999829574,-0.3681021437218714,-0.08585061232273573,0.07409581407394694,-0.2023650940920334,0.13893945958227213,-0.1659494175469498,-0.02488175187378733,-0.07306237780856605,-0.3094529816059002,-0.14310942661974516,-0.027101101485925587,-0.15476560553366,0.057583034305921044,0.1081273118208546,0.07385831143969354,-0.13149490444089074,-0.2500015437009862,-0.12402343338648762,-0.09928248420274523,-0.10456538735827303,-0.4153604004085942,-0.1546484421973251,-0.0511476954240218,0.061743279734513594,-0.2540021132818289,-0.35961391412812077,0.32590277020489,-0.006265148197500404,0.13431123400617906,0.16905745448750711,-0.001281691977861093,0.13108384583641233,-0.18890094530126053,-0.04725521185104367,0.3799203401395837,-0.13680897802455957,0.030551296884429112,0.02594764697459225,-0.03712672422345661,0.10687507654120815,0.09666380095737644,-0.17120004619177082,0.06588041307420693,0.15287302931205884,0.01756675546836756,0.05360992839991373,0.1468212648880363,-0.07249839228555323,0.058999818976537825,0.044350350864056524,-0.11583536493895791,0.09860754554729072,-0.22515218736698514,-0.12230155421515178,0.12056163342032451,0.16963511726281444,-0.02669371664227412,0.21577626556259621,0.18108432033349653,-0.15127328775910379,0.2172536968698102,0.0706983246307182,0.14956316471050532,0.13277857144301322,0.14936371612880942,0.05252308668994221,0.21936633224993746,0.01763529652908872,-0.01126741432604722,-0.15611529428455256,-0.01741658547094898,-0.2559173438636802,-0.1132997414174041,-0.0445075312356662,0.2706692560373733,-0.029547558448366745,0.18879620108762737,0.11909244941208709,0.0594401928188505,0.08968612310969627,0.03543792345424246,0.073318564586944,-0.12833081192379828,0.0013762335417021622,0.0010974893590673471,0.26826157784936355,0.03826126013694022,0.31503969904778034,0.1199133174949714,0.1547938585964437,0.15510973213631765,-0.023660063445882878,0.1964373179783963,0.031176349570740995,0.16014642406825763,0.13957554384833398,0.2571965125624729,-0.020957672837442896,0.0484883129586481,0.12209978869402081,-0.02676680153335299,-0.03303921984758099,-0.038813131025926276,0.15763617973065688,-0.10348355582501624,-0.16267418976844106,0.2843626056653848,-0.015145535839198082,0.013584796767067982,0.9999999999999998,0.2146094783085656,-0.3186033009953873,-0.0019148663948780676,-0.025482541195197064,-0.21912368765816864,-0.006804647758526354,0.33634776158275626,0.2905467701634266,0.1312955798268626,0.036664785744632805,-0.0816764469175721,0.11292016843375664,-0.05528978313830912,0.11428238634775532,-0.06279874890876716,-0.21634154211251375,0.10674140142626314,-0.24524984088170274,0.07916690041689756,0.26004355708724997,-0.06852467466432674,-0.3629329892932039,-0.33398295647442244,0.10250070726290661,0.001583578557306336,0.1069563784286701,-0.13375310723010483,0.030538315519134236,0.14339786850122976,-0.061468885297509,0.2623336408563442,0.3119554682730529,0.1022098930070128,0.03145320445779816,-0.27092070044910455,0.041009516103006106,0.08353894695319448
411,0.27381720228858275,0.25079299300766356,0.10274473985523785,-0.09475417165164157,-0.10722211179756304,0.012416404395799361,-0.2026438865336292,-0.4097580029735206,-0.1580649715634906,-0.028431903065948363,0.12781429895368904,0.1613297165277634,-0.04784865133263715,-0.1858408921824324,-0.26237554464443785,-0.03792130884267257,-0.32114529128200875,-0.1190972410497539,-0.2729578285363269,-0.15640592536230236,-0.318360499421959,-0.12779497419828595,0.03849589858735754,0.010269838246750968,-0.457917673495301,-0.3928126403451127,-0.2774182595047357,0.03843651867735113,0.024946672470377962,-0.09457223439941395,0.24520565393302435,-0.15417224671261426,-0.1381171205877032,0.01668222427563998,0.02437051162341117,0.11201982841067597,-0.2579077683817705,0.06719787243932904,0.06368914521209612,-0.45940255726479756,0.011914548283699297,0.02607161714880789,-0.2752440245789979,-0.0220392425798247,-0.22863099059005115,0.039428536009964224,0.08212319817303393,0.4106502880982612,-0.18930856035517216,0.08470358354062739,-0.3136411036064201,-0.40128027425648527,0.03180264719752696,0.09760576250530786,-0.18977094945786918,0.4734816798388371,-0.06340335617177592,-0.09881457371526262,0.15567239752706383,-0.09686617436971416,-0.3408246921309625,-0.11320758944256924,0.08312093483008723,0.5436588246787513,-0.2141925633881934,-0.208620725147162,-0.15114848638404763,-0.18178943906278708,-0.06742277751824824,-0.16814775891465747,0.08080315212240007,-0.20636813589844313,-0.18152554641616733,0.01087750185208868,-0.07690039489354326,-0.2458428215261921,0.1246977555363791,0.12225831148739615,-0.13486229042503992,-0.0027627987387092287,-0.13270814118822682,0.1858819250937703,0.11861681063921216,0.24315139699127258,-0.07391465721533202,0.3124034536262842,0.16993178696602368,0.07624795537135026,0.03992718378597872,0.030920702459096925,-0.07760958652058875,-0.2885245195189932,0.2663555293399986,0.18101880924971453,0.11194904598908394,0.21441391163899257,0.08445101384367933,0.38729839858147647,0.2604675670657194,-0.04076841631873951,-0.044072020520681356,-0.0764715889565751,0.16832367828786052,0.07146315703702687,0.07302269978028446,0.35434676753045274,0.09312646096156267,-0.06418732277345632,0.15984289753625605,-0.10981042965906797,0.016144944273629336,0.009792611041429469,0.10094168458927803,0.4977246279615533,-0.19052836942057413,-0.03476658556243512,0.11671416062562483,0.0991268860772322,0.39432328255030874,0.15485790846760641,-0.22084127642623122,0.13564396593554037,-0.20747849576674954,0.07595276158774089,-0.0684950852108201,0.11021571412083937,-0.19390987526953102,-0.12870050206750425,0.21460947830856558,1.0,-0.2980035011689657,-0.35284296201574655,-0.29670825846099724,-0.0057491440062006184,0.03418995002455832,0.28743930754063685,0.12846412090419346,0.027435856622334186,0.11566481479884705,-0.2858923960051243,0.3099843313443624,0.27498963018704675,0.07822768217622429,0.11772556088710776,-0.29215972212026314,-0.2379724651356951,0.06240739180554264,0.18495050662068957,0.3478421712920673,-0.11599795502540741,-0.08646660658696091,-0.09813422367982588,0.08798348247408617,0.0324172353780481,-0.09984262227527173,-0.01721298780101918,-0.1443037562243307,-0.020404266717838633,-0.3419464555959553,0.24469925241958915,0.23357512532922553,-0.14653437410370235,-0.10706924366583258,-0.35346899906391305,-0.0039393317906226905,0.07230011228202075
413,-0.1503899091881959,0.05465712884484226,-0.3165105519653724,0.21800244437601768,0.19533805980477437,-0.11770337299526987,0.0013228430107242017,0.4834539614563694,0.4747955154919812,0.18488326674492953,-0.2594193652253766,0.003488859303860781,0.347188839852664,0.01938363016483526,-0.22475731555011508,0.2335787103054201,0.275906889674045,0.40454136175300154,0.235014774468119,0.04905541074844572,0.19052699010089755,-0.06484075302403196,-0.04390596293682678,0.07443743649591854,0.35251923898108845,0.053445756806602886,-0.055118288775798156,-0.1462673900665544,0.28079805922319007,0.14528089411234774,-0.45997196546801034,-0.02650934517586017,0.08253282808130066,-0.33660762479157386,-0.16948245966534362,0.1118249250288829,0.4070402391027,-0.14461233994127506,-0.06861216179544112,0.6052710215335992,0.37649414956037,0.04618191339705625,-0.014660754565782027,-0.012648890761855682,0.22538519040842075,-0.2184429252471659,-0.23543452046055643,-0.3595142405230207,0.04662270595270642,-0.16460498960424005,-0.12650652565902182,0.19448668582787854,-0.38216737454479055,-0.08470790028835094,0.19578124110474462,-0.444495323349654,0.03208644259278997,0.11411431355035605,-0.2849550244790944,-0.05599088434860177,0.4868062472791475,-0.1797535560405225,-0.22300794070413785,-0.12642815702413407,-0.19246604706853565,0.023825090233972737,0.3166064105453018,0.09024121854203396,0.09791340012973325,0.038433504753871146,0.21228988971931637,0.20135836231412826,0.2961838043695064,0.1595454887586723,0.20346752908249813,0.19178481045803014,-0.22690397357707814,-0.06473564304278738,0.2410717717674309,-0.15044110773656943,0.24600448576336903,-0.33245190361763677,-0.08573239779756003,-0.0544076009189271,0.039914504614650896,-0.38942793609341125,-0.27540755177976384,-0.06666360500149483,-0.09525389326052539,0.12843523192832504,-0.09204742934644132,0.19052896348851833,0.08114158743502173,-0.2019996878236565,-0.12275657279103781,-0.5392626447672095,-0.38161580066290796,-0.3333400526570271,-0.2719020427424211,0.22096918595940707,-0.343666660237965,0.11655995096340294,-0.1510198003228678,-0.23688675658490987,-0.23891011135091988,-0.33636963825677507,-0.5357939360895823,-0.04568174721026502,-0.2580024663509795,-0.2572065221372956,0.011318955609385027,-0.22804916219935942,-0.2386890714323795,-0.07982325454173347,-0.12886804462585644,-0.05723492188253882,-0.07057930124476586,-0.1389534354420023,-0.32604849284515985,-0.24536490079322174,0.10101026764133743,0.005319996880954285,-0.044047921458435585,0.1231440489103267,0.3266066110862119,-0.28371651521385527,0.01956660998963677,0.182935574896181,-0.3186033009953873,-0.2980035011689657,1.0,0.5330391948765578,0.4453299454507447,0.4276948691087048,0.13886047955383304,-0.37845078086553935,-0.3349465343176204,-0.007229048407886702,0.3858219900626683,0.6545334257928344,-0.29635256159032314,-0.43554720259497653,-0.39373573313105764,0.13162540292500297,0.5994552096705719,0.18330102675178137,-0.07167737489379132,0.08693685486720625,-0.3834541437396829,0.10919740676627455,0.3141933927637353,0.3876249581589249,-0.17649288199370886,-0.2330713221541318,0.07349046756577404,0.48615281746028555,-0.16764819931780126,0.046662844118002825,0.388088598766504,-0.10340767496673578,-0.16916791408384443,0.02679645214158999,0.12841501724975013,0.3419854032575908,0.013285316691430077,-0.25027248850414624
414,-0.10627752839455942,-0.18254390225970074,-0.26771179455428784,0.3067597082660749,0.2668707221773463,-0.16940172411664253,-0.0060173265143543915,0.34792828587204216,0.32018792708306393,0.0933407536618495,-0.21256709897874207,-0.04804904015360191,0.08476727031084787,-0.08419609641348395,-0.17356151381761573,0.25741044494948945,0.43648352884195407,0.17995138953658302,0.25402915957896505,0.12763006185035564,0.26083367087321563,-0.030550687766288824,0.00890282972716032,0.19353681896550295,0.4400182754687117,0.23881229468004866,0.05920028382509826,-0.14334879282469537,0.07934481541713724,0.05337962912367698,-0.4200843389364771,0.15849434272401738,0.2274226821523764,-0.41691924182321694,-0.06937338061401371,-0.03551352593422924,0.44739209677444847,-0.11987957927108724,0.004344225895027176,0.5076971876640122,0.4111819488809606,0.10829328715887003,-0.0016511201081183364,-0.05711077939747237,0.1969640327896311,-0.10512249437867578,-0.21299176542086093,-0.38976954940222835,0.16062662831557242,-0.16927023995992335,0.056977951869465734,0.15981600323231068,-0.42482845824364923,0.043062046351051354,0.19830734488741797,-0.562355804587074,-0.01674859835660855,0.086140855824763,-0.29150964049311356,-0.12886731253678926,0.13379099130330663,0.06262808619870702,-0.23496534843268202,-0.14189796566256863,-0.21972022914088235,0.08537524801730961,0.21707723569574858,0.12015978646256063,0.19383995599277898,0.1489565878050191,0.22223188487922274,0.2979433187892844,0.12344863495942011,0.2463719311463836,0.18399570298682316,0.10981533118751828,-0.211033654000257,-0.041221643973882935,-0.01778741409705251,-0.10391893223405363,0.16279039795882574,-0.4806792769682178,-0.10787481424850905,-0.33211227096365664,-0.06790778279411397,-0.44817466154613056,-0.11212111917284528,0.1195187091626485,-0.21226880274426954,-0.011573057438168043,-0.08949331046186357,0.32291185431343133,-0.13716871757325896,-0.2538530669200802,-0.2675251061431552,-0.4652082256867121,-0.26683573089912666,-0.5395183449635119,-0.2611225058632577,0.17030990952412056,-0.32551279927840643,0.07544024943133691,-0.21301165138943878,-0.3138112122645856,-0.06728274619776257,-0.2839797011357928,-0.29259922832101926,-0.023281858389337745,-0.2834393394441945,-0.054422310438605764,-0.08832467280356418,-0.11416420222962041,-0.23537390158610794,-0.09082888591047653,-0.18495639399813318,-0.141554759014261,0.036819741505491485,-0.08962771672665858,-0.2964138718945704,-0.33583426071111494,0.10536333056295781,-0.06563202527547926,0.1463426663640002,0.09851779970970859,0.31180711853532844,-0.29904800233200046,-0.13696219075553118,0.0961532896619567,-0.0019148663948780676,-0.35284296201574655,0.5330391948765578,1.0,0.4709821810395243,0.46687709019664575,0.06682232627877131,-0.34091530462460623,-0.21642413489932918,0.059481569256208636,0.23788654627588804,0.49792953470139956,-0.3137805231728338,-0.4851562209715938,-0.30563732614815886,0.24421320761030743,0.4210240390548555,0.3811671491406292,-0.08811563348534525,0.018269456078194902,-0.1936874472165154,0.13349049628637621,0.27080301928887107,0.4385172759543649,-0.014674467630824323,-0.19222050176540428,0.1363826758235347,0.28079258313902816,0.09526616427305633,-0.10826540207850072,0.37390020589776474,-0.20012137697395538,-0.023483976849124143,0.21398082678440117,-0.0027571425815370977,0.36416750685389754,-0.04911240351599445,-0.15369209647618956
415,-0.22784309470042166,-0.07947039207942348,-0.054352665890549066,0.18049371326686006,0.04965509604532008,-0.1700092329754258,-0.02319176901368856,0.5693457860129751,0.15649414127457315,-0.01722147904829784,-0.09367871901982819,0.01846723413755653,0.26815302815802505,-0.20698930569749074,-0.022944569490993938,0.14794410619927156,0.3743619922246281,0.3026195891335885,0.14938705636845603,0.06060172280542,0.25511645244007497,0.0049401141917282025,0.07588079846560256,0.10615344679076119,0.20741320516666634,0.07073223571790802,0.12019167337817695,-0.04919018725378774,0.19905144867003327,-0.051686998664684874,-0.05182048655190556,0.21076543505353995,-0.008770372801215537,-0.2237702455443823,0.05424267081873446,-0.12295796035489828,0.27302619130270045,0.031092829380234575,0.1307988637579418,0.3602298879176722,0.31553349184954854,-0.01576674161425059,0.0060541019785314235,0.016483136401618054,0.10934406834566714,0.06421589487455413,-0.10159423943568793,-0.24914673660687792,0.02876176294077206,0.034897624378329384,0.056958457164743105,0.20747836785454102,-0.10595174431712558,-0.12353237814889091,0.11242821772787408,-0.25906373165126934,-0.1493814441406231,-0.1828314426847093,-0.33316038004106446,-0.12632838511675615,0.2067414613129611,-0.04767211724995853,-0.0854596690441914,-0.1466921583031333,-0.010151083698247378,-0.06323445595161047,0.1072413439994372,-0.12447278708269312,0.08148820897706846,0.12963779227277844,0.009510997824471743,0.15338808509681523,0.09076434641630073,-0.03855430341404948,0.14519732683542444,0.05907321493696845,-0.31022194478874204,0.006620431555645238,-0.09089566454473505,-0.13273573989701629,-0.09829942074191973,-0.3093149525707023,0.039989955828470064,-0.10202087173305321,0.19195692940759226,-0.3348319136699981,-0.043542344488363485,-0.09095831706659067,0.005674580735017607,-0.014583496239531403,0.13629274440398353,0.08398213751422658,-0.017018379390701895,-0.011085401887013431,-0.12182052829501855,-0.5372402307753319,-0.38238299225591005,-0.2763528922584501,-0.21655668280905105,0.12011957532705327,0.08757689864838651,0.07927355509166559,0.08482991177115007,-0.06343938158152942,-0.17225541062015642,-0.3170334558609915,-0.16064507487292998,-0.3715659944440429,-0.17577159377029788,-0.17809156238222873,-0.20170387358057004,-0.23318454049958454,-0.31767794028079216,-0.16662098402061384,-0.04750580516236381,-0.2013032937149798,-0.17945853068158696,-0.23647868057037966,-0.4398674492664607,-0.27996603116215657,-0.016158854926071775,-0.20080704843265687,-0.1123134763714618,0.08576827032709239,0.3466243878402666,-0.35232319952336405,-0.11542379773569265,0.04518851448157403,-0.025482541195197064,-0.29670825846099724,0.4453299454507448,0.47098218103952416,1.0,0.17645195979081593,-0.01763503360490402,-0.32815661538703106,-0.1836341683915002,0.04968527588940389,0.18608452632046107,0.42146384267795056,-0.12476834755203882,-0.3876239906755628,-0.20496751512956207,0.13518178573455353,0.4536352767507485,0.44156835283737966,0.012819997466842231,-0.0024423389257169303,-0.22360023994904724,0.02473058459293773,0.4178900846601588,0.3125261473647433,0.0028510714866016446,-0.12860287518104768,0.21182934175875973,0.3310441963760184,0.09323472154942361,-0.1603304677848255,0.48853865140425723,-0.17204606019044202,-0.14734663938742876,0.14713612088407618,0.1464405203252442,0.19427712686265047,-0.06787197015688612,-0.12599346383459303
416,0.25104355968417597,-0.15220404946574703,-0.03193495799338656,0.14461433918372013,0.10411028832651732,-0.05635747652029821,-0.15042500366602476,0.12335252958057437,0.41516991302246015,0.33861654208504743,0.015600648302792569,0.17825364858491022,0.338527328588981,0.11703244779905377,-0.3116864084029719,0.3563913163561943,0.2544037955239441,0.11550750323548067,-0.00801253971514584,0.30102623248671967,-0.01128225996018601,-0.10900384673074703,0.3271333733937192,0.320709073653129,0.11225520511675453,-0.1054790168013309,-0.24738477430603253,0.09054997083285672,-0.00046969139311554185,-0.04336023960118116,-0.22985386554528917,-0.21496888780144008,0.0228840328465771,-0.2467961785967895,0.00796332950080693,0.290406960784346,0.24044572748386314,-0.15171698349673896,0.026861439269385452,0.4005143655804808,0.4009641801491782,0.08582682234655628,-0.19361548855431954,0.15410839937800158,0.35618443988879256,-0.42804105804941106,-0.13275612033600387,-0.2857070724319873,-0.1610840773898119,-0.1999999118073603,-0.14255121248851477,-0.11495857057782735,-0.48124725149690667,-0.2174178347427978,0.10067700506102517,-0.009810320587708423,0.19394063663330668,0.15431405186487102,-0.05153295528506599,-0.22889221452879696,0.17114239819013125,0.08842507787476094,-0.17147060725811575,0.20613459505493403,-0.3290272295994248,-0.20169623913455503,0.06942200523012623,0.15737201069834514,-0.015376999986116958,0.04974343080658547,0.05980239472044659,0.31582843620697076,0.03223128466481525,0.01895503709688455,0.178285575461584,-0.008910653253905212,-0.16702078995985634,-0.12101315371297452,-0.05053060874841726,-0.016890509449150732,0.006527751894732084,-0.3840647780678361,0.06532341839363968,-0.2771056634147021,-0.22740065730061143,-0.38638242480608276,-0.05121487584888394,0.03810292517768432,-0.14639710137602643,-0.20896657221808415,-0.12348285392917546,0.10469318022329276,0.17489651822047145,-0.42054424617217906,-0.21407476271718356,-0.1798531230659759,0.0406200649567386,-0.259952707400072,0.033655746963330894,-0.022933798190291125,-0.45339244796985434,-0.013967802685646237,-0.07347770684188965,-0.01990366357042495,-0.24574520997685537,-0.1530203783665446,-0.4587628597513975,-0.11212869492683694,-0.12955957155426398,-0.08244411925830125,0.07024997761650698,-0.28232044126468553,-0.1667702889937029,0.15777942172611478,-0.1994455593338221,-0.24017058784057194,-0.033025102641962054,0.07058528106082448,0.07932987792561569,-0.31935351921045757,-0.038169964169108006,-0.17873595233064238,-0.18039168678391,0.2545065676150969,0.15183915040817894,-0.3005552639114038,0.05502969465573327,0.20994493676099008,-0.21912368765816864,-0.0057491440062006184,0.42769486910870474,0.46687709019664575,0.1764519597908159,1.0,0.22690971785727068,-0.12255560969742657,-0.13928445908939371,-0.16070498143131978,0.21911078485431323,0.4048565322475504,-0.06574081900195565,-0.3055681432614288,-0.3755849885464845,0.22589576472064102,0.3411167579013001,-0.021555805586703686,0.30162755957967524,0.005079552379725094,-0.10223161831847744,-0.022166253309364795,0.2672338095079692,0.43061857298904194,0.11427581492111596,-0.27013561288270865,-0.18577678661001243,0.1752700946039108,-0.28505965199720734,-0.2740940153355171,-0.07822943334406991,-0.05087659209002119,0.023956931802107045,-0.025085726901674207,-0.06016051884163343,0.23459755160167511,-0.0978699782382192,-0.16286638199001635
417,0.03765309485403953,0.1313127686854027,0.09115512596612646,0.1013268784136037,0.026699019511115713,0.08949646455099927,-0.07873542524059562,0.011530220673338027,0.1393608340163898,0.04636516787256268,0.037392763330428486,0.5036434870039733,0.051221981099904806,0.09612187147347005,-0.34460095113911604,0.3322911695740297,-0.03560140378422373,0.09742129433586812,0.07507900796063068,0.2933349062699779,0.004686760985937214,0.1435841236279983,0.030649852763419215,0.2440741551389594,-0.1562258499895992,0.11510986620076365,-0.20330823113439953,0.33759898558523044,0.32616152702692275,0.1449168246629406,-0.043764826494874655,0.011111294255687864,0.04289838855695613,0.006760095816325214,-0.11627298550714074,0.18281690026272368,0.1612183418357212,0.16454190440149702,-0.11491266768479765,0.24975465515492154,0.4481948860033035,-0.09648656905384395,-0.1333941615932096,0.12312801106744999,0.2314232278287786,-0.37486967864484333,-0.05152087585014933,-0.0032088213716377906,-0.10127545226249907,-0.18972310503917392,-0.40148953713443253,-0.16600281007605114,-0.17485432463923586,0.073584455594345,-0.08658160655933746,0.13876507281064823,-0.13346637144140516,-0.09739494332812382,-0.29600971815359134,-0.3462586171563339,0.033523174160262806,-0.12730098855429833,-0.02598843771612833,0.32001658903703123,-0.1604975054095581,-0.07188324424731507,0.10859254987701869,-0.07419303851638175,-0.24473141662415213,-0.20735844387454716,-0.15669406549660297,0.16010102828527253,0.08565560511862122,0.22842537132454693,-0.09601406408907913,-0.16711242319657882,-0.10980026462467143,-0.08822808378578495,-0.15700016364009628,-0.0786219507346537,-0.10709315933378358,-0.19771741506249135,-0.04443803218818325,-0.23274174268611245,-0.14841645440119314,-0.07299825803937357,-0.021656173052505705,0.014245847415764717,-0.16528694928790513,0.13204813207943897,-0.06021623936115202,-0.005816669033200312,0.04555679219499191,-0.07089823874558768,-0.29248692617494176,0.010034606630563544,-0.18852037396753388,-0.00979049670518589,-0.054337829724644404,0.3220321203323663,-0.18281572916544106,-0.23940216507122794,0.28430079852641504,0.15703198022443404,0.044684132908286406,-0.03937137402423928,-0.23698965694540258,-0.03274941289329712,-0.39581744346230396,-0.15790171982600254,-0.08063504044966126,-0.2574160975499151,-0.49709920531343,0.29917143607439567,-0.3323234054088616,-0.23502828891380503,0.18757301038810156,-0.06085176368790462,0.2037977044473152,0.07046128950089955,-0.024169229626024323,-0.14222753405185531,-0.360335488446364,0.2841838730919344,0.28016394491032215,-0.20050595724768452,-0.13303306511523547,0.0250742928075962,-0.006804647758526354,0.03418995002455832,0.13886047955383304,0.06682232627877131,-0.01763503360490402,0.22690971785727065,1.0,0.24262780432311182,-0.3861910702364487,-0.4085521135833546,0.20571162048578046,0.3116464884175359,0.3046432237299878,-0.31661863854668515,-0.2660586966709255,0.29616263347179056,-0.007647912373514679,-0.05289051976355275,0.114169106048199,0.17648886464484334,-0.0976289467813252,-0.0022123300665299675,0.2207318294164244,0.26335112695019686,-0.17975499589038446,-0.04321892839576014,-0.2761356000439193,0.20538053260048972,-0.381057608105216,0.034205506930065604,-0.1161261785512362,0.1729169071885977,0.04803208936436177,-0.2668913862437219,-0.3327486554470082,-0.06844181077873458,-0.1432903155601351,0.15415553019611755
419,0.11015702614046029,-0.05097846093008795,0.24565341260890747,-0.05928683093413888,0.1777328069031208,-0.14077887214780255,-0.1976778834306846,-0.2425827346182557,-0.1712955961809084,-0.10617154730058823,0.01358233425420162,0.16695100876016056,-0.13677973907007313,0.08744089704352626,-0.11932242690009673,-0.10799057487831809,-0.2131164598732652,-0.13739740655413168,-0.11695879673334274,-0.10793643202917326,-0.009834272631256597,-0.0048345944529228965,-0.03474032312134144,0.09801907063125898,-0.3485874382294636,-0.053228725322244215,-0.3830661035818758,-0.0603103877198852,-0.07125456076620432,-0.10615783896193652,0.07770351396506592,-0.16126170241042484,-0.07860602940538759,0.03909886695616843,-0.13448492814939667,0.0230917704812951,-0.2599888634161877,-0.022225543178115547,-0.17290934560427532,-0.33007036743026064,-0.038611606442023126,-0.14356030144243995,-0.036816374718131366,-0.08315120976922388,-0.12250939830639822,0.16425846011444237,0.2002286442193398,0.20569893205387468,-0.0678928654534758,0.12461407184813965,-0.28678307058775915,-0.3112122942295248,0.037622366876097664,0.05773666158843136,-0.033143977324269124,0.3526612968366646,0.005047407948981554,-0.021953914733676784,0.11198875045795958,-0.16052425567798512,-0.14291920055216714,0.05240800534083136,0.1923025005746515,0.32390380138234764,-0.012517297036822464,0.013546497914090664,-0.020774052261707913,0.07258728771056129,-0.2026552316689868,-0.033088716784531076,-0.037645196858268365,-0.14559999200108717,-0.14347511348654643,0.06094481867613486,-0.16878121047625536,-0.006352261818434294,0.2698608814009735,0.24998374188718464,-0.18884098511698041,0.059818514765927144,0.031529667840354124,0.18852322308095995,0.20332065903617522,0.13390602377195804,-0.005549787266195759,0.22989538876464372,-0.08703586970541376,-0.040838010673363435,-0.11960165075880988,-0.15727500489982532,-0.18029499493662188,-0.16760084703238254,0.08558976535553553,0.14285621409288737,0.04114637584646656,0.22492063808040433,0.18630024849315396,0.31141105069895875,0.13778088619343007,0.02760925266974294,-0.09714650524124976,-0.036197116656919416,0.1107538670275891,0.11340773242941031,0.08329863233534276,0.17905578469558375,0.026664433288184457,0.17544141276705338,0.14055397008596282,0.2419021338987698,0.13538411838204276,0.16581255707247458,-0.025745833730005684,0.10290425472830725,0.036472717430575195,0.07546041923840664,-0.013271417792904493,-0.10091861779803002,0.4041537985728545,0.05336007341258278,-0.007076468951456852,0.0408698544645599,-0.07830123972240756,-0.0035940226157320653,-0.020328743345309364,0.17910680066017168,0.031087907341645526,0.14507156549748645,0.33634776158275626,0.28743930754063685,-0.37845078086553935,-0.34091530462460623,-0.32815661538703106,-0.12255560969742657,0.2426278043231118,1.0,0.13271821352908814,0.07693504515671956,-0.08046531777888226,-0.30474357683706105,0.3614224003401747,0.18101265051265586,0.05410402597527266,-0.02982741235735096,-0.3828873243766452,-0.09804741593597431,0.1038771917944514,0.017527253110978018,0.17647532354840362,-0.25723328534630213,-0.26482549376158604,-0.34052339207774807,0.01386583149693372,0.25601769191729856,-0.10201997349271691,-0.11509314629721966,-0.11248836995172701,0.08734469910194846,-0.3499053970726284,0.14668725099819133,0.07873933171199257,-0.06358808950716444,-0.20901446644207194,-0.2007171104833852,-0.07641970785902835,0.031235533153188784
420,-0.06401236262989571,-0.14986173505326258,0.005237276572072964,-0.309882085694411,-0.08359823322275622,-0.06379237293696098,-0.22252110674654652,-0.1616776269159667,-0.26000978432024674,-0.026876524662692455,-0.036533877725961984,-0.24741058283557155,-0.10396171716490638,-0.04207695621897657,0.11601039627339729,-0.24629676525676025,-0.19688327786210916,-0.17580633621387273,-0.2879986062487822,-0.3424115052053542,-0.2138128945207253,0.15389083578810553,-0.087306754157865,-0.08486061468651002,-0.006195774804785657,-0.055947100932450894,-0.16298504252344345,-0.10900883256817098,-0.19743027215220896,-0.06324911884564623,0.04304177905457884,-0.19875962513849227,-0.1732527467583598,-0.03995711759011419,0.07662713321319589,-0.16840782563373824,-0.17403227610387811,-0.22090659615300165,-0.04085907133369379,-0.43919994115498395,-0.23540579424960367,0.019849510537176138,-0.1388709575129941,-0.10244926236969218,-0.20571215796774872,0.2390661412251695,0.009767032037987377,0.2717592941033997,0.040643691887414755,0.05891204950243086,0.12785223707007864,-0.0023505600295822622,-0.04940811829788989,-0.09329791825364028,-0.23531034104730916,0.17034750638481605,0.05343470746120525,0.10389128880054888,0.5080024491478415,0.11060608920421205,-0.0652818174709758,0.13091184620600782,0.2083201888820827,-0.01007983223974242,-0.0009750746854357303,-0.047391584144415175,-0.05711470117449841,0.02681266910778709,0.11587361381779739,0.008123008155641192,0.06370933148482262,-0.10227619067657985,-0.11883375241345392,0.03166472241359234,-0.10397813284403334,-0.06777388477677249,0.2181899590150318,0.11758564850219545,0.04996120817441491,0.3853653855815113,0.032353182090690755,0.09620626154761126,0.24484443302406128,0.1999438630950179,0.07269813593993493,0.32110180890617596,-0.025608331901553476,0.023031548721514427,0.05602470911228501,-0.16789470534560202,-0.16058770380768045,-0.07523722161655956,0.09460554884937329,0.20320957430949224,0.25779143075545236,0.24565994691617876,0.17551006088727972,0.08821033315066479,0.09767155884589503,-0.12261425942139993,0.009916710970594026,0.097638035323077,-0.029492186405513824,-0.14905393198572495,0.1345970050663188,0.1048823961050381,0.411427466436431,0.13677018689079876,0.24611263314310855,0.20030384344232466,0.1397887387656949,0.1727163938577268,0.24165971851954493,0.05969474924459386,0.38448617738887314,0.1401666159881583,-0.024617670837477047,0.09183372025982588,0.057662283504424004,-0.0004433761365302451,0.021419380839299115,0.13619587115360712,0.28830121120124097,-0.1648906020534088,-0.2969831086896742,0.14298482989716954,0.07080912316017218,-0.016141386881075418,0.2905467701634266,0.12846412090419346,-0.3349465343176204,-0.21642413489932918,-0.1836341683915002,-0.13928445908939371,-0.3861910702364487,0.13271821352908814,1.0,0.06193371435194816,-0.12671130438673606,-0.310716489911438,0.13686784080775677,0.15310811007359898,0.28943835015628316,-0.2023373703690031,-0.1180302512402969,-0.07171194323420094,-0.0041472947487071025,0.1409610729579496,0.1624443086132435,-0.18895447282557187,-0.3574935823283887,-0.2521175300820497,0.05878698687164261,0.014244647322919409,0.10552143062794962,-0.20092227629747297,0.2562510700494316,0.08810526304632234,-0.14192072796173102,0.09018844722028052,0.156803301579005,0.06831221716207579,0.08035400409687771,-0.2207179654593228,0.11447908355279117,-0.021223476167915003
425,-0.18996652017971868,-0.06269079857074712,-0.1686022839106785,0.22158055535908747,0.008814173001300775,-0.24714374712108086,-0.11671679726829787,-0.08924148365825046,-0.10564216057502536,0.01669774808615556,-0.22544004267885406,-0.20327097235906824,-0.1276443836468658,0.08998474498984818,0.09443136457097026,-0.23366922197730775,-0.09660791997303773,-0.012945781027891713,-0.16291694791951328,-0.3469795912805681,-0.0670392850517793,-0.18292441462130277,-0.1875762249882984,-0.2761159439261399,0.11648700091230411,-0.04338890306864535,-0.0795408835610316,-0.46985354760896103,-0.27829331250622275,-0.0810841400776656,-0.14187936714819732,0.040358056389147044,-0.01943767412814045,-0.16529987043679079,-0.12142628556256994,-0.2835249583339531,-0.1774464935331506,-0.1726884748991213,0.02089685125876263,-0.10467646314077071,-0.3295782376756239,-0.0325945544834576,0.0948532764032097,-0.2981267885250907,-0.3306431419735181,0.4090931061476025,0.22751946605458537,-0.13839144191884997,0.334824468508005,0.2897263204072627,0.3692763498564577,0.17329514151331132,0.07539207651523562,0.02845735466326172,0.11465268121794923,-0.07552471973115793,0.16997178639779575,-0.015409238393566829,0.1689897121255707,0.3314107146599254,0.06419108773026261,-0.024372379583080164,-0.029973277620421436,-0.006912755762721891,0.18574790114322415,0.19247301064720762,0.005456606552595357,0.194710485604235,0.18214832799596706,0.0075851597135269625,0.24617699841004212,-0.1723487593880129,0.016484228820133135,-0.09819160414962151,0.22331569411614038,0.2958336540175603,0.09033374181005928,0.2369904560567158,0.1813696726197921,0.08059493317203302,0.37829016665551435,0.18093523533000225,0.1452930750843296,0.22671840141324598,-0.013267631205494663,-0.04312704585844635,-0.18440406361991124,-0.22382743139836273,0.041285339943308186,-0.16818627217148963,-0.10551994056044911,-0.16424507982884018,-0.11309981416622483,-0.23844727532303692,0.17224732153994013,-0.06166405086626716,0.134837541748898,-0.18020297895156728,-0.06503645021792866,-0.004665659355308008,-0.02500538410245433,0.46083288586203974,-0.12104091778943474,-0.13761225354002884,-0.016479763486011538,-0.06472188160294186,-0.03369484221857832,0.22879151430837893,0.3974397019808223,0.1867796816002535,0.1526769428797599,0.22702474708061082,0.2493206645358492,-0.24486898997318837,0.40215307056281346,0.4273243975827579,-0.12343393727008917,-0.2843174432997801,-0.21247333055215264,-0.10764732988297865,0.1649491287675094,0.16533003358228004,0.1791742621143769,-0.12607791360486084,-0.24109340782360697,0.1398061612687677,0.2843182658420205,0.1862653007648232,0.13129557982686263,0.027435856622334186,-0.007229048407886701,0.05948156925620863,0.0496852758894039,-0.16070498143131978,-0.4085521135833546,0.07693504515671956,0.06193371435194815,1.0,-0.033601860115145474,-0.07482711262076458,-0.3258436082204998,0.07541406456693973,0.145149470476,-0.14604673047225472,0.0657449516358711,0.19069116300015176,-0.17788810974918798,-0.0711879700684252,-0.04321703234982325,0.15043719052713986,-0.2609012476656756,-0.37484317413662493,-0.024643109395843247,0.2128243867854716,0.17803619529748482,-0.13834068938062782,0.1837254484342251,0.29086568040299704,0.11640668288321547,-0.08487251327292658,-0.04035852671152958,0.4490093504190259,0.28834429748100193,0.1487313228091191,0.13566781699973973,-0.19893245810232277
428,-0.08778601949018368,0.01087484645880517,-0.2878426923937647,0.01986932460699801,0.06069556492143573,0.04864332378742335,-0.16839505742929534,0.11584884769452602,0.08289646464370759,0.012815838834826569,-0.13953484180858705,0.28633704945957905,0.12249388309209494,-0.22175727123970546,-0.08579116770098699,0.02773684219532329,0.09703962658516385,0.18092102563417264,0.1448571990266853,-0.12232306141735433,0.14941252100207317,-0.03894986754959164,-0.21519540181319313,0.15801889235697647,0.12985190133930766,-0.1641279906899884,-0.0021886799777699403,-0.11027262049139873,0.21100629148206365,0.13669565220145455,-0.2718145222494106,-0.03678499591388691,-0.07197113087603414,0.04272149108293188,-0.11759884450147093,0.28828972474262105,0.21884178175331057,-0.11612553560456902,0.05038021652937914,0.07501116720549017,0.4746012785411597,-0.0036725599946084973,-0.2895762030911487,0.05083891588986497,-0.1788940324528515,-0.24620322063256983,-0.19407634541723343,0.07308512860306561,-0.030200048087892575,-0.16607277245764712,-0.0723205846306093,-0.15635461081126542,-0.19940088928955146,-0.14304058271498454,-0.2297977435726952,-0.2835938025031755,-0.13957349153864357,-0.04809595329099743,-0.2421140535855624,-0.350147735927095,0.09042730026307144,-0.3922809460785512,-0.22927557276452115,0.11864998472938508,-0.27553104804635536,0.06825727004343438,-0.19113376018202846,-0.16415676002102986,0.12427720934750522,0.017483657683477073,0.15670503144345332,-0.018493083891301023,-0.06010972899312448,-0.1203219044513855,9.547911454486034e-05,-0.1051974861221587,-0.13033230372924182,-0.1979296381690882,0.09261347836138188,-0.10295298786063203,-0.05593541135951146,0.011313301585493866,-0.07490438398138939,0.16092929352043586,-0.11782675057329892,-0.18111443230696567,0.1620179135841099,0.23387933840928246,0.054177625375133945,0.2168848237376533,0.00727342871459294,0.16674238215070736,-0.039869192225477725,0.23486538175197486,-0.1049457550081074,-0.4005491758316119,-0.21922038979088349,-0.05461919116326307,0.019759768572024744,0.2395584289529596,-0.11025853952999838,-0.24517371786334802,0.13127561387956801,-0.1151303443335679,-0.14719914589309224,-0.2750388526342498,-0.25255611119510296,-0.3084266334099924,-0.29346209605154183,-0.31196351028715796,-0.16651048643984842,-0.2911264396272796,-0.10999276115599914,0.2179576528412953,-0.07564417330957157,0.05281293828388719,0.01457643635299295,0.1440343826837989,0.15895516775065063,-0.16173473275986822,-0.15495671085456553,-0.06290621255544897,-0.15633563349905627,0.15826408116803328,0.14706795069603543,-0.32244975678510474,-0.061525975704100136,-0.26486528668440074,0.03666478574463281,0.11566481479884705,0.3858219900626684,0.23788654627588804,0.18608452632046105,0.2191107848543132,0.20571162048578046,-0.08046531777888226,-0.12671130438673606,-0.033601860115145474,1.0,0.36378102432004944,-0.20639987666497073,-0.29534248209676434,-0.09045368227058391,0.29520132551780265,0.2583425319229987,-0.13027702255314902,0.044357005519614204,0.13592298407551479,0.07778240296345254,-0.04425360098244864,0.16651643092015264,0.2738039212400715,0.10615757680634157,-0.3983423117654548,0.08532940092952296,0.44853760277826676,-0.008196794580367966,0.004430186312087346,0.26819407109674376,0.3474911941999854,0.2855983803891976,-0.10327710489172232,-0.0015170275224418853,0.07764386600353271,0.338257094057089,-0.0186698529252263
437,-0.32751248970836655,0.19194842605714232,-0.37483558820446705,0.18439762427880618,0.029235090911045588,-0.0588524428641059,0.0050505447337819784,0.25632891216886783,0.26857494004121535,0.26027389298131376,-0.20253004302309735,0.0587233082225984,0.16725430581076522,-0.031225407314670935,-0.1933999414608204,0.16044944647746628,0.12991923588466991,0.38604370070457883,0.19479949697811408,0.07681293890130883,0.16409823565129292,-0.02967007824461735,-0.04097038713413928,-0.033128586682710424,0.377476532136995,0.10582705181361686,0.06673624257176014,-0.1712911760323087,0.19275238602958678,0.29962437420449495,-0.45525360252811997,0.19448752519010434,0.1440784610691247,-0.33297374541217983,-0.033183914431353226,0.10508098063880633,0.46905817941198297,-0.14293386675533687,-0.09654860335732794,0.4914398633282006,0.2925894576872843,-0.14037213545396784,-0.13142254675856707,-0.04200991064845622,0.09302787023982038,-0.17611000250951628,-0.25434165421559285,-0.2194999479123556,0.19693559117500306,-0.2289568569047003,-0.1517805983248905,0.18462364607003157,-0.335580918298349,0.026854839525222583,0.05111103281745668,-0.39892496261263805,0.11890669834401123,0.08588748555473529,-0.25716029870874596,-0.1168560144617176,0.2693203498178573,-0.30600470160884125,-0.16910504885052133,-0.009440220827223778,-0.0342919843787278,-0.04733599862379718,0.17500908297857817,0.07753695675137807,0.24024986908487528,-0.09283541120504475,0.3300277175962681,0.1887147468464006,0.17771835136216677,0.10608329907209994,0.29141844583986165,0.005268328995174744,-0.10019620273359542,-0.07849500077354155,0.31117601122665,-0.035814209589636346,0.1295735318321552,-0.29797095365611,-0.04762807022583948,-0.03970748471013842,0.038569586878989585,-0.47249719781213195,-0.14283474163477278,-0.0019085591791696574,-0.11715214141496878,0.2776722816912601,-0.07190960828072257,0.23670471809640153,-0.04369988636043513,-0.12207841461803315,-0.33790362362823806,-0.38174389262059355,-0.36533912796981904,-0.43750061112485167,-0.27337648347875615,0.23908625632813174,-0.4064397578970815,-0.08973840713652624,-0.07079085257445729,-0.10208353096057075,-0.10502819701146265,-0.4554464324924839,-0.4034176796062543,-0.21274704291574467,-0.42725781516886435,-0.3018043876909831,-0.12494904248559983,-0.3583361323018889,-0.20579771190919657,-8.711449903563426e-06,-0.0031476133136987675,0.02616917181632903,0.1177503961224176,-0.17539133319189437,-0.23812356425968992,-0.20334194856816945,-0.21118712752077487,-0.07791169420169977,0.06907339305302658,0.25664954181525695,0.35722400922850694,-0.4002657607081181,-0.07207721118128063,0.08947841413717407,-0.08167644691757212,-0.2858923960051243,0.6545334257928344,0.49792953470139956,0.42146384267795045,0.4048565322475504,0.3116464884175359,-0.30474357683706105,-0.310716489911438,-0.07482711262076457,0.36378102432004944,1.0,-0.342458218477618,-0.4161287016556846,-0.3662469049474546,0.199746079330194,0.4567256295467262,0.1407385031383814,-0.19197969617824096,0.3246536593295585,-0.22619883482817574,0.4203700596768112,0.30010752099422355,0.23999207573141323,-0.14849745434027137,-0.18685085411352004,0.025325086636041,0.5808460762963595,-0.11443544904490173,0.23480159191694525,0.3075670277006137,-0.039347437231786964,-0.17710510042741404,-0.049416808011815354,0.07389152014177724,0.3517563208345851,-0.014726620985068653,-0.1527796749566629
447,0.25859963418841114,0.07205806497168966,0.3718862883067642,-0.15002285732339768,-0.14733847164349276,-0.0781013327280059,-0.10216909448278841,-0.09886789198558592,-0.1915288466970984,-0.020204413171548443,0.21452830468960687,0.22169912623061672,0.15278272385287356,-0.20028314179716036,-0.23181284919960765,0.2544372014297687,-0.22883432782387847,-0.20627221915057,-0.019543570384863984,0.22507743119267162,-0.1853267111124449,0.10017535414201192,0.30013461466710056,0.1934154482390318,-0.44161148058943533,-0.1107697958900119,-0.29276450118494957,0.34509739260315736,0.19550307380345885,-0.3207629367771159,0.3527530993996038,-0.16489932460526716,-0.1961158176860275,0.05034605739803839,-0.0586155268451505,0.08228518403942502,-0.2957057015841833,0.26758534565766107,0.027929805813634204,-0.2568711711191728,0.15205229701323225,-0.14531957982659716,-0.05016766733014622,0.012683896833000516,0.1600141132068912,-0.22824604443216004,0.05390909511014528,0.39456124295839373,-0.36325919391253614,0.18836138598201757,-0.4432042962807011,-0.19673149632532053,0.1334146962851591,0.08012416856949021,-0.28727273486577354,0.5752380521210974,-0.20430134351514143,-0.10834450988086033,0.03640165985627281,-0.2783707611100703,-0.169380024422606,-0.04301282729697282,0.257663279986233,0.24992859951923535,-0.16884836221316749,-0.2981217024893812,-0.011429989181859935,-0.12479835708650232,-0.4968652353819482,-0.15167653165317024,-0.3280030366337361,-0.1605446054672563,-0.07741381313196428,0.0008305838515484744,-0.3152276967656766,-0.28508973113970154,-0.09123279139582324,-0.03845424153220554,-0.35737240497866096,0.051809249089683006,-0.31199208859042726,0.1397363740370153,0.24216153806136823,0.057046779495082765,0.02756573815715054,0.4716164354826414,0.13904551048307498,0.11571371211828899,0.1835583902388883,-0.08245458389181778,-0.03619464150556651,-0.11909743989832064,0.24822478245394078,0.3057065635871552,-0.07336064840092066,0.18380366613486282,-0.011650623287008144,0.3905192931496512,0.28449678245275994,0.125578877520926,0.11089012610244074,-0.25266308791850467,0.3443903355877535,0.2567821556271215,0.09071682836813215,0.36675706456951834,0.18938578128914066,-0.005260703107352083,0.06594730453810256,0.0580249437684341,-0.08820875154334014,-0.06980960570857371,-0.16091155467102364,0.21327467868338357,-0.21550793461704681,-0.24731811591643202,0.09503509643788612,0.004068677723635676,0.4331513127366289,0.19803432678213345,0.011820999733542292,-0.06636034488661773,-0.3022064879414099,-0.06180226460790273,-0.018158630650614554,0.23228637946317054,-0.12932055422835928,-0.0543839028570222,0.11292016843375663,0.3099843313443624,-0.29635256159032314,-0.3137805231728338,-0.12476834755203883,-0.06574081900195565,0.3046432237299878,0.36142240034017464,0.13686784080775677,-0.3258436082204998,-0.20639987666497073,-0.342458218477618,0.9999999999999999,0.26893777951989,-0.04700555869279069,0.17034112281459265,-0.3236898974092708,-0.17683641377301793,0.3265832611312904,0.08208432935481848,0.19343893098686774,-0.299447290602102,0.1487283379688721,0.11796340338234604,0.047630691541809066,0.09116562714899921,-0.35301577281527,-0.29965690973796977,-0.17108964092997486,-0.31185736864433083,-0.3433571463569945,0.052729653751543676,-0.0346784882547869,-0.2648372925486552,-0.38590616762320756,-0.44176032988329034,-0.2707628337902317,0.01452580308095067
451,0.09693916247086878,0.06370160396897663,0.0731709719336983,-0.3426621690898776,-0.23534387977225205,0.0211726686585035,0.18539281592625692,-0.3333375974545183,-0.3580516003072866,-0.14377948293664744,0.14893875035984946,-0.3007610768534785,-0.13683760374612744,-0.16338693544700275,0.09015031322402663,-0.20795620806763365,-0.36437547015201144,-0.4077221124593105,-0.08880769692259995,-0.0430610758996942,-0.2983268997275396,-0.14862418399594834,0.061753873708611455,-0.32759749526282494,-0.23164816619827278,-0.3304040608619229,-0.06100221506140475,-0.14845152420543264,-0.21299303904645098,-0.14893528015468305,0.3068511385918256,-0.04921455780609905,-0.2617071605314983,0.21735727589043305,0.12446450990214973,-0.10064570312779213,-0.3702753545323233,0.11470903200201575,-0.011702706070049229,-0.3443035339452541,-0.4704193864358325,-0.1411049989716405,-0.07659699076829761,0.05092077750120964,-0.4232944072619628,0.20112044004643392,0.19149068770356775,0.26325097556001714,-0.1940329719129094,0.25594594999738196,-0.06964282829285418,0.08946780461351361,0.4552792052022904,0.24842091760103283,-0.061647861808610815,0.41295225882131087,-0.051284495350466495,-0.014049305198558161,0.18652864170314964,0.12862466494796815,-0.21644233183910358,0.00988303138294412,0.15263836363632247,0.057516929737826995,0.08583093370733108,-0.11306309369306115,-0.2106956187392319,-0.16184985357510664,-0.2350567756814573,-0.2025824344183536,-0.005018570082099454,-0.18555343804691893,-0.022204051860224255,0.004262167736129042,-0.20805558377632558,-0.15535219545205242,0.07043897478029736,-0.06048486884178506,0.07640705275050903,0.11671077896454012,-0.041347714878415896,0.3953667072784528,0.13038714185975703,0.3258850950544874,0.1818432403752376,0.3613052184897972,0.1596829642870374,0.013501263025324948,0.41142242207613006,0.010093301460157796,0.17318342061571568,-0.2603373383251737,0.05771630030381686,0.30851003175045844,0.34068377482396206,0.38303228235452047,0.20214924237460793,0.25897052488844907,0.22948710694402283,-0.16573826231288147,0.21550244899771978,-0.02774155879050582,0.011603965781291695,0.11088916773089057,0.18270269929738392,0.35441168215686814,0.31470766548244106,0.045897339535407075,0.3669517141354381,0.0915222756560005,0.09168968494173806,0.27161562859975397,0.27142674366926967,-0.011703686574115114,0.10295531044219687,0.08248603048827265,0.045588435619995434,0.13714480003993296,0.26081847358564336,0.2845661287431118,-0.13296635173823468,0.19158884608279178,0.052504316633401375,-0.27852022009238026,-0.41062361687458554,0.3716538295875735,-0.0435302623572345,0.0923403239028471,-0.05528978313830912,0.27498963018704675,-0.4355472025949766,-0.4851562209715938,-0.3876239906755628,-0.3055681432614288,-0.3166186385466852,0.18101265051265586,0.153108110073599,0.07541406456693973,-0.2953424820967644,-0.4161287016556846,0.26893777951988995,1.0,0.32048235467275454,-0.20341317357054067,-0.5107772871760811,-0.13386226139454327,0.04125827964152,0.09059486726474743,0.2552087564488827,0.05866793313505812,-0.08959026317867606,-0.3495167947916789,0.19023342889439002,0.2531541050020501,-0.17657534348455167,-0.2561593528495621,0.16806196349082064,0.020937810283469152,-0.296283536708887,-0.14473386811932834,-0.06658846825828886,-0.06818514217213217,-0.03010245176079676,-0.3787826618023178,-0.056874200104487835,0.10829115315791603
452,-0.23082640074951888,-0.034246305840839084,0.059038792536754287,-0.1082578444143275,0.006392353278945526,0.1536000104552177,0.1528620361704792,-0.11584702470949071,-0.4752690943852643,-0.24634912631367048,0.13494851199464136,-0.3074322994813695,-0.4624974050423715,-0.14407834913839265,0.46099748382768435,-0.3538561281916824,-0.09282277968720552,-0.21490710053825074,-0.22503676389272267,-0.2567223534828952,-0.09028685953244206,0.0403506195265187,-0.12488292523450613,-0.2586468376799501,-0.09425494263730931,-0.03481336857699951,0.1577679793521023,-0.07467762939567898,-0.1610988093675916,0.008962633535340955,0.30785990352462733,0.17635006425630897,-0.22199402400285373,0.3327568255364795,0.1600996596891998,-0.04908745109417052,-0.08751498937725638,-0.0104740521728809,-0.08724067433476172,-0.47847525766729854,-0.48335317183381943,-0.013886555688607251,0.05205704980682825,-0.01657223775875755,-0.362857825775593,0.27858653962621555,0.2857083735201738,0.29819651123225027,0.0888435558373674,0.15781571618055798,0.27049224075275013,-0.0517953034739774,0.337877516222949,0.0794406004027291,-0.3246711163998076,0.05901774760654017,-0.2615471462586163,0.08454670029484963,0.1279259161019363,0.05863940568972761,-0.1732478676040514,0.16221842569110353,-0.14978975142284426,-0.23579655061040236,0.30528985386061896,0.03133155417724393,-0.11135560998571091,-0.34509094995984235,0.2706086477986697,0.06179579719591123,-0.014021851489126873,-0.07155040376906027,-0.32700109466952254,-0.15730275466807628,-0.2183459820107169,-0.3239347667482915,0.12780718461315851,0.05438099520681199,-0.05649694857903077,0.008390646003931862,-0.12530914291362938,0.014530272347981857,-0.0960884864337902,0.15796439556526706,0.09354581626956934,0.27542238587349643,0.1584348042285662,-0.07058192579064354,0.07926875933235399,0.04862413246211441,0.206766782126779,-0.11780631628900415,-0.07318710202652245,0.2084436046554258,0.2468649018869954,0.1522502775470673,0.35838783567357185,0.1261660598592107,0.010431134519754482,-0.03836778629638125,0.4228753696275149,-0.07264898594221245,0.11780751348736139,-0.014196820702579315,0.18797547203642873,0.1787237829617043,0.5769124764270387,-0.009025174697901773,0.18499024554998222,0.25974803570128563,-0.14439927048448495,0.24855452276333917,0.07588485864206664,-0.06300554825096558,0.3723831259859973,0.11298180012536187,0.17554751954718123,0.14966944177551164,-0.026741689544153034,0.2604175740617436,0.10400470856861516,-0.00230865984606764,0.24655811486568704,-0.0790329706162738,-0.3439477445643913,0.23806081889671482,0.10681356156657891,-0.28262862402198335,0.11428238634775534,0.07822768217622429,-0.3937357331310577,-0.3056373261481588,-0.2049675151295621,-0.3755849885464845,-0.2660586966709255,0.05410402597527267,0.28943835015628316,0.145149470476,-0.09045368227058391,-0.36624690494745454,-0.04700555869279069,0.32048235467275454,1.0,-0.29697170000311524,-0.3538876809129494,0.05481081491010486,-0.06674856602765915,-0.11941352639590515,0.10926855521690729,0.07799606651629412,-0.2046695384871114,-0.2295167576906349,0.0077230955266588,0.052305476715301565,0.1956716140205024,-0.18533681168316432,0.3134117822197012,0.20407466501164137,-0.18150358063114974,-0.07569325106013519,0.3082896429820819,0.09925838550931657,0.047632818684821616,-0.2770319499484208,0.09766088030414255,0.23525101632581893
459,0.19332947273987167,0.13171683579192808,-0.05050864280158354,-0.05618061988882013,-0.07583292341499198,0.15040402179664694,-0.07443104939019962,0.09860233438913266,0.16168303749588492,0.177459639329905,0.22333143321910612,0.2758948926299489,0.10027852442304071,-0.0006915024220371266,-0.3817105275100747,0.43366156756216573,0.024183392750075618,-0.0028100283853563987,0.277781519838062,0.14394847352737686,0.04648922963840871,0.003418937735708392,0.09158687698239687,0.37531655313285206,0.061926666315960756,0.026048331153115525,0.017278323290579028,0.10926174689463722,0.5293110836592257,0.05034791235361501,0.007570974297460901,-0.22252837716814614,0.02154586258163698,-0.09541984369039477,0.05201918917647708,0.19279216477834749,0.0660807323248693,0.13434533081043656,0.2798192156816486,0.14987962452260858,0.4917430917225786,-0.20157036995718158,-0.394354558748871,0.20605677005743578,0.11437631904031878,-0.3040199329767594,-0.20243330075512694,0.0851431670986302,-0.13834754366133117,-0.0713838728459944,-0.1984857675534563,-0.10655368440756532,0.0072573378307181175,-0.05160852723531974,-0.07220478857608015,-0.008755623280660459,-0.10374560601469052,-0.12831300487815872,-0.323551371802619,-0.29488126910283785,-0.041659334013410564,-0.23076646300813336,0.0014760482190273783,0.29476974431770403,-0.19620442687699235,-0.0673752727037738,-0.2233844151488708,0.036517752826653455,-0.3734717644761467,-0.22977431585772778,-0.033536483989256766,-0.1550076818580289,0.06882954012640098,-0.006589784787623749,-0.19592761479183757,-0.12196609962025808,-0.21371639430500597,-0.19959506301448326,-0.10737273306442283,-0.041335793455968856,-0.09619873909825975,-0.0958917350458801,-0.0881801687708875,-0.1700746419732109,0.06641524596808698,-0.08833523896436782,0.162796530299009,0.3403743970216458,0.05292616194839489,-0.028282129256510455,-0.18103990858697738,-0.03130111965030173,-0.0641819989347339,-6.0114050585687785e-06,-0.3035438687784176,-0.20008915036784933,-0.3682174778214845,-0.005836075266624872,0.11247158031674137,0.010971307838711962,-0.23615689943184648,-0.24434429536141014,0.18703350227486915,-0.09109122057851433,-0.13622953389968023,-0.0994485944367592,-0.2778412044314502,-0.19968645311501965,-0.3437441920641634,-0.2724085446066968,-0.2021120938968725,-0.2845740371641218,-0.21487090795776956,0.16683369131459386,-0.23957655019175045,-0.0634162917414761,-0.1408623748937938,-0.17656328022164477,0.3015251199935055,-0.11379247216592657,-0.2191267134481784,-0.07043369007192682,-0.19333206791425725,0.027669047365264838,0.22513149238979638,-0.24516242271596161,-0.37480462179563284,-0.0077839252030231475,-0.06279874890876715,0.11772556088710776,0.13162540292500297,0.24421320761030743,0.13518178573455353,0.22589576472064102,0.29616263347179056,-0.029827412357350955,-0.20233737036900307,-0.14604673047225472,0.2952013255178027,0.199746079330194,0.17034112281459265,-0.20341317357054065,-0.29697170000311524,1.0,0.118236407304792,-0.1964655006665823,0.22209402192262828,0.018289056916784254,-0.10006423681393138,0.15185551927615557,0.3664794738767395,0.4203876170226259,0.08800340842763911,-0.19638600129504946,-0.056038934325348,0.32631502075039054,-0.23947244971452228,-0.2121242238760767,0.04377612436087591,0.01416147497692504,-0.031105397300855295,-0.2341811677204869,-0.032313220365576094,0.10467640670739688,-0.278018897599131,-0.0054682739924658075
466,-0.042024738807562044,-0.13506893648066975,-0.31721009222963553,0.3572180790439107,0.06461655317034096,-0.20395435739502268,-0.2017988770567443,0.3176450404928798,0.43944957817286695,0.17053628824661582,-0.21108162350220236,-0.03841584040797113,0.3223618699826311,0.14658629871772402,-0.19644720835173607,0.1619749741511287,0.22286781847772208,0.4642287895456701,0.14687826990907624,-0.03264204102355517,0.1330580521372649,0.019804854270825425,0.03785817044761427,0.09580233527544424,0.2736300324633118,0.1316848309250947,-0.011641631944335222,-0.0736175409773634,0.09591705896264087,0.11579414737170589,-0.27845791944817605,-0.07868325772220103,0.08424060555585951,-0.23765557979797247,-0.24695589919387373,0.07374891023004147,0.38660532573274103,-0.22311899235565683,0.09610676805313964,0.4498403722995904,0.2884066887173834,0.2415881207318613,-0.0185393634133879,-0.060975257395016656,0.28042234414080813,-0.19608632951591873,-0.34152965795511175,-0.36958537649999995,0.04921404405081538,-0.21959734063792463,-0.0040094799600330034,0.04267971692778151,-0.42086249462572467,-0.14979817087819144,0.06053703472511454,-0.4143144161362933,0.2848149952339376,-0.016075419981139902,-0.008416540723884229,0.02709906685163133,0.3373924252014878,-0.21685174044966227,-0.17406855074764943,-0.10296656953106956,-0.16642413138187645,0.014246489343174646,0.05876879604296548,0.22527006810899877,0.2144467596661563,0.15792316439649765,0.16693151064772171,0.08354960578060047,0.03729700362296002,0.013821631730659359,0.19675049064730296,0.10683114830861233,-0.17767074610469705,0.11380840278544437,0.18758079822450655,-0.008997598430757689,0.10041435016816229,-0.2785768193947064,0.14471486221908605,-0.10399786602900057,-0.0877169203085867,-0.3327825222855468,-0.19963883613825573,-0.002813972134408185,-0.007227292975161867,0.02405274924154147,-0.17479523889444828,0.25219290314334636,0.0218860845854677,-0.31037732100291276,-0.16336655734893757,-0.42131086083265235,-0.2186389978264456,-0.2627772947198956,-0.23634197791763897,0.005172555325065645,-0.30023006580970835,0.2523146982042716,-0.28502610979993914,0.012192014185688108,-0.23317221089530102,-0.3239173690285388,-0.39838905138435393,-0.07541624179621963,-0.12363815369374538,-0.1588883979756891,0.025172109427599284,-0.2337846496287734,-0.11782870019876503,-0.11576590863927724,-0.01353211484667149,0.017044339883988107,-0.29803483837787004,-0.19709547299438107,-0.25723989010021364,-0.5246406609417272,0.11453359356469378,-0.036919272548409585,0.02778844295055522,0.14461150714976945,0.32916054078941515,-0.3078149733408455,0.10665922934976672,0.034876789316319344,-0.21634154211251375,-0.29215972212026314,0.5994552096705719,0.42102403905485547,0.45363527675074855,0.3411167579013001,-0.007647912373514679,-0.38288732437664524,-0.1180302512402969,0.0657449516358711,0.2583425319229987,0.45672562954672613,-0.3236898974092708,-0.5107772871760811,-0.3538876809129494,0.118236407304792,1.0,0.09031754586623611,-0.10227595316427703,0.05950863871809532,-0.22032303208409634,0.02164642235945139,0.1778542506181522,0.39648221026428615,0.00253463334408079,-0.20968232523803232,0.18056588278300797,0.37635453989617623,-0.0934053242784586,-0.09847210415525261,0.43045403036010327,0.07764555604769789,-0.11630344995152854,-0.01963072226067403,0.1250370846268486,0.38830751571764777,0.17757138897808405,-0.19424007678637464
468,-0.2539511044024687,-0.24269657689448162,-0.002607437335379585,0.05401152773452648,0.3061866068799272,-0.15001731220374248,0.18060082305006778,0.3888676806711692,-0.03203977295591903,-0.16929303417036176,-0.28170337919622984,-0.1522342946042199,-0.14985831520412368,-0.10352900925025496,0.028771425766601227,-0.060360828619579546,0.38098689401215075,-0.05113583322013139,0.13865462420146887,-0.1270001391915155,0.12418940257727323,-0.10879808271040124,-0.0758265908338559,0.06267448882129953,0.21018057446139937,0.2304415359499371,-0.06655535239824142,-0.1633005787128236,-0.010235054369214245,0.04705240954248193,-0.09748913665574914,0.3143273276744826,0.17973591627035462,-0.20236142429728166,0.13492881290526026,-0.27599307654345107,0.17695087578890956,0.0562516806963985,-0.10900114442582197,0.27764854965075314,-0.01030022329660381,-0.058038841786478085,0.15804073083396364,-0.13718944492924529,-0.05694149702586574,0.22633596610720064,0.11285885946760851,-0.29968457512239005,0.1542863974218783,0.12188854821695749,0.10754821518265051,0.3641618646325097,0.04857331116888366,0.10635673480274871,0.25549995830621053,-0.23549704216077064,-0.0954060469538509,-0.04783764300510256,-0.2697874491963035,-0.007053915193153372,0.12067153766536026,0.263844355294565,-0.11279395192478689,-0.21454001614497534,0.06473816400108848,0.17080871983981247,0.24570358792249763,0.03386770889416772,0.11304210914756131,0.06769605467243976,-0.013088585859237957,0.24530964661902496,0.1462574978490805,0.2097622818194973,0.15219723202438826,0.06912262796275226,-0.15520719643837186,-0.04965048894058523,-0.018263626762118342,-0.1385480009991601,0.09311289421239514,-0.4297962398052141,-0.03579261525855971,-0.17410518494237515,0.1472051670329077,-0.18193984911625577,-0.12121936600438604,-0.09265445293309377,-0.11146581077872846,-0.1499037494773618,0.042826478971984966,-0.055167638559235475,-0.12401652686521578,-0.05306353903464824,-0.040422320401806974,-0.23530002761309982,-0.18967266669290658,-0.2800806679617413,-0.25738693784754907,0.034648528508889886,0.025914526504863422,0.19485012654675293,-0.07062213815728846,-0.1607103838085554,0.01579885425354146,-0.1564973462283707,-0.008428767771031421,0.1612106375287689,-0.11888353373191332,0.10528079901023245,0.11567745580499322,0.14474262629709783,-0.3530472739371272,-0.3059878597519504,0.03601415794414271,-0.08296330558682159,0.014872161701970742,-0.17582740960111434,-0.402583683791571,-0.08562457243130077,0.11251626039125179,-0.08408292581239647,0.08865196176399254,-0.12154492567854616,0.05629846185538751,-0.13618078592661342,0.022067335815328618,0.2319190986089716,0.10674140142626315,-0.23797246513569506,0.18330102675178137,0.38116714914062927,0.44156835283737966,-0.021555805586703686,-0.05289051976355276,-0.09804741593597431,-0.07171194323420095,0.19069116300015176,-0.13027702255314902,0.14073850313838143,-0.17683641377301793,-0.13386226139454324,0.05481081491010486,-0.19646550066658228,0.09031754586623611,0.9999999999999998,0.001056269541534161,-0.0043955246930381785,-0.2874852446851597,0.027281139136550468,0.12836450430982338,0.06955315682261748,-0.07921028104148015,-0.0249805391878177,0.14108783286718612,0.06594936320806227,0.20400926367990602,0.11092163997073574,0.27553151287811933,-0.24313373522569517,0.0142785334538327,0.5516021309949826,0.09686361483324879,0.07529374052992639,-0.027685096445797697,-0.20809543083721116
473,0.4146693247629757,-0.33380941395509267,0.40372640201944343,-0.2683234402689275,-0.10781184302089523,0.09284373279682726,0.01107830701891263,-0.0030520143417620007,0.04102832186282844,0.04458256883467006,0.2564421051383501,0.23673124307799576,0.1269049422185358,0.008136124984268472,-0.17772396729664208,0.3245932943467454,0.10191459418843953,-0.07073374777480787,0.11047396260427017,0.31775034855497425,-0.0688947025389546,-0.15648913550080018,0.3048247747516282,0.28182322351004185,-0.29262985040216305,-0.17759242677999104,0.0054359043408006655,0.3632977723642969,-0.008676592104885562,-0.2659459423117145,0.31206139501050195,-0.461553501645085,-0.11183764397513997,0.15257327977352464,0.2742092031505555,0.20578558034917127,-0.2608789549587026,0.2447169677431066,0.21233542946725273,0.014002633792400191,0.2912550740318788,-0.12164765235554947,-0.2107081914596127,0.32688095776218845,0.26655817661811154,-0.4915636356220908,0.003634537296301871,0.05676192652908492,-0.30670926241557867,0.048648613369837966,-0.052048845511656616,-0.12912629189395447,0.1751374223166024,-0.4003384538569198,-0.007629600417740218,0.2811659702835937,0.02145653566579995,-0.0810384110521443,-0.07182644664410957,-0.40081362578503554,-0.1462361012000351,0.14710175721912236,-0.033598097105215635,0.23526857106587803,-0.21931122178785994,-0.2547557197190864,-0.2677118936580134,0.0779252886759839,-0.3632227949185175,0.03315116800511759,-0.5052291981623249,-0.056439122207618375,-0.005897809567938604,-0.35229477514776797,-0.1575791019648253,-0.16594386975142617,-0.38000367751288644,-0.3163902060231779,-0.2526961868503701,0.003338947714348379,-0.4349149828730013,-0.09544990570348114,0.0690607376634733,-0.32206064406288004,-0.10473825342009258,-0.006641579744613372,0.29018900389362823,0.18961398842780566,0.181506248843675,-0.2995070976756258,0.0020377306693045924,-0.15195299007064467,0.05835797630427257,0.028189021340576624,-0.21684609612245334,-0.04149372272358377,0.18453829371847097,0.22469923009630346,0.4274262525295834,0.0022000899664562867,0.022329357868424878,-0.2824412591708718,0.17346209884041025,0.19475861810106315,-0.20944380154150585,0.04123000543918993,0.010186511243219206,-0.2116765682830411,-0.06500697036512387,-0.04790871245152444,-0.0989299690793001,-0.3140827478957953,-0.06513191667833591,-0.034447240940833665,-0.1875728691263033,-0.20574369210545893,-0.15338103064472774,0.21451103261344284,0.3343946586446836,0.12478551608994695,0.008754089398033687,-0.353358554882421,-0.4070789380915715,-0.05941356474414068,0.012295997333830968,-0.21573164626394592,-0.020434809847755277,-0.03713474485011748,-0.24524984088170274,0.06240739180554263,-0.07167737489379133,-0.08811563348534523,0.012819997466842231,0.30162755957967524,0.11416910604819899,0.1038771917944514,-0.0041472947487071025,-0.17788810974918795,0.04435700551961421,-0.19197969617824096,0.3265832611312904,0.04125827964152,-0.06674856602765915,0.22209402192262828,-0.10227595316427703,0.0010562695415341607,1.0,-0.09336851301061366,0.14473442332882058,-0.18540362083676074,0.4453866077580167,0.3003705640081119,0.22688831877978438,-0.03283689046673542,-0.2434914604210169,-0.05083927252549333,-0.16552664703092534,-0.3658135379206476,-0.2533710665736186,0.03629899517801664,0.10752429366644625,-0.06508034117426306,-0.031300158059342734,-0.07210874311978563,-0.1222199589064525,-0.0900946152681692
477,-0.13214220794036025,0.2476950001027982,-0.11441395529860207,-0.2330739733591163,-0.06893795139591849,-0.113663520315142,-0.07047397680948742,-0.09377647444984792,0.0969915025640425,0.07613752889573641,-0.1963945998474655,0.0002648122970814855,0.03596566124502357,-0.18007137993512912,-0.1859887974565842,-0.13450084422392045,-0.2960889053183344,0.15375616127233588,0.1502807150378819,0.003261067950108032,-0.20403420884688445,0.11168404191480762,0.14263245529685065,-0.2103315055922019,0.04434042077214812,-0.0648824802467377,-0.03648322632679967,0.014896483175365302,0.12307344272333139,0.1700709173885021,-0.16852173212071012,0.160026793217902,0.10848647726256641,-0.24346904322456903,0.06346530996327628,0.047711986934660514,0.1564465478477129,0.08037072431210646,-0.05822941585356636,-0.0009001557184716,0.07467307992772901,-0.05684875955433192,-0.24302880971923047,0.0934315388660969,-0.10707112598617453,0.01587395430147213,-0.3029399415746781,0.295415413270653,-0.06969675763602164,-0.2510690436425864,-0.28004108181461174,0.11661740970492766,-0.12644139204269705,0.19744338884963117,-0.2711356895933686,0.05781440753989252,0.05538238742779181,-0.09778767174091978,-0.07301651100037027,-0.14665512120565635,-0.15329593640940647,-0.26777680107189805,-0.14376558619797236,0.26999179126687256,-0.15588684975088737,-0.062035700337658504,-0.06227127801712414,-0.12922154768343327,0.0010166194569859821,-0.10252172416807094,0.25335896703566957,0.10242313676876423,0.047907551140398096,0.13056754892733877,-0.08836799646959878,-0.1920448122986947,-0.050897998142932735,-0.05305871738613684,0.1294848006078295,-0.06963500806111049,-0.06895919234151439,0.006258901285930451,-0.0036804435992748527,0.17287009997376104,0.18774908681494662,0.04402150369704582,-0.07799271743999375,0.05301465182770225,0.1479613469283914,0.13738801384374683,0.10560701564961503,0.18074792754480648,0.12458041318199072,0.15412139933276678,-0.1851377168579309,0.02201422434983768,-0.24042094513577184,-0.150862740677325,-0.06673145147967582,0.2703294622931444,-0.23739757335472905,-0.166136744805329,0.09629572313720551,-0.15643320628334653,0.19302999587745867,-0.19498319510555503,-0.09365962907257196,-0.14627804133077446,-0.21513014955857518,-0.15058628725617865,-0.15434112650946286,-0.22040050740454656,-0.028145593863162247,0.27142644411035716,-0.012743970741892376,-0.002683550565510019,0.11986743009156416,-0.008014422608473163,0.0868262532942798,-0.042653296421983074,-0.26812145675026566,0.1245295315736198,0.08731782532534846,0.1636841980605283,0.04133023182859487,-0.20552978411617082,-0.05870704020997687,-0.03775468529659738,0.07916690041689757,0.18495050662068954,0.08693685486720625,0.018269456078194902,-0.0024423389257169303,0.005079552379725094,0.1764888646448433,0.017527253110978018,0.1409610729579496,-0.0711879700684252,0.13592298407551479,0.3246536593295585,0.08208432935481848,0.09059486726474743,-0.11941352639590516,0.01828905691678425,0.05950863871809532,-0.0043955246930381785,-0.09336851301061366,1.0,0.2131423265864125,0.16743972114751893,0.0012700903804211895,0.02006621188634081,-0.04657676588868969,-0.0105905688111547,-0.18988227478847117,0.23628234189516018,0.08417901296927985,0.23100921177130676,0.11897446671964036,0.07788012972305558,-0.09025739758689123,-0.1964034193966757,0.20575782960723968,-0.03439751162044031,-0.08164846674227876,-0.015903207095007792
480,0.20216965106045914,-0.038954028947962224,-0.038677909610865646,-0.10055931020075287,-0.12421762496676496,-0.06127193107981353,-0.04375101486074362,-0.2933676462121018,-0.13517263469390609,-0.07071742859171687,0.036786745855937567,-0.08053214641033983,-0.03721356639909016,-0.0015409462360491013,-0.11041633299101355,-0.18505200604841446,-0.29593736984279206,-0.09884201341640333,-0.041155065314249215,-0.034404706185903515,-0.18553399876538887,0.008986380919953015,0.14060117573608602,-0.087224701090758,-0.431787612455034,-0.1703729126686459,0.1758735441158324,0.02035074621286234,-0.2936065312334968,-0.2728735610715558,0.24917251411906913,-0.2460373631883555,-0.12761959263216263,0.37874034455255645,0.08488797945677941,0.1460241088845388,-0.26155667594832305,0.022436737816895067,0.1404629936146506,-0.3758260170416374,0.015371231293615437,0.015358895012038666,-0.297021679322209,0.18356703172093147,-0.166426207500965,-0.060905370649770016,0.013728586567509806,0.23512958942944234,-0.2839192041195224,-0.12815299294646945,-0.067403280227323,-0.4269801117803396,0.119891126534148,0.09182322787682305,-0.30511214911330364,0.19911840535473663,0.0898498704463738,-0.21138449616648858,0.06201058381791267,-0.1347928938364356,-0.410265636477519,-0.043704155806192246,-0.06248026338215021,0.13789655895040742,-0.19406013685095214,-0.1221469404746071,-0.34835892646931804,-0.05701465594362239,-0.04422986360660973,-0.03784148927014108,-0.09923015378175905,-0.1869449521448517,-0.22398207009788987,-0.128122382807538,-0.05918993489237996,-0.32942097753648486,-0.03817456730865505,0.08044895080284366,-0.12196657248381569,0.057610664826435086,-0.31343698002030757,0.3204534194105244,0.06049324778247417,0.1008513219473281,-0.05502169788974899,0.19682651655005617,0.3009216167262312,0.11389270130434741,0.12368236326338732,0.05755634192116205,0.030765459588069397,-0.12062053473935999,0.21827239192227413,0.34326561448925136,-0.08255473251347852,0.3146534042477793,0.32764000903947244,0.4394872087108819,0.33172425706614495,0.06767953932661147,0.2531126945930509,-0.3189514177458826,0.01873019494627077,0.35825806634044116,0.07954064624784435,0.12540084387471112,0.27832872578859114,-0.13073236280887712,0.08286714425692016,-0.12882515671318923,-0.2860310393385833,-0.11825655442027273,0.15618503013727034,0.12246057002037411,0.021350008808211286,-0.05587379500264661,-0.14584554138783334,0.24059076871749668,0.3618474553312509,0.053404121075733495,-0.16025833122497055,-0.03448552453349307,-0.14581518455732456,-0.01694591005010501,-0.051822353011109296,-0.004957548374357369,-0.06628067351515764,-0.2675593231304893,0.26004355708724997,0.3478421712920673,-0.3834541437396829,-0.19368744721651543,-0.22360023994904726,-0.10223161831847745,-0.0976289467813252,0.1764753235484036,0.16244430861324347,-0.04321703234982324,0.07778240296345255,-0.22619883482817574,0.19343893098686774,0.2552087564488827,0.1092685552169073,-0.10006423681393138,-0.22032303208409634,-0.2874852446851597,0.14473442332882058,0.2131423265864125,1.0,-0.14291240829081758,0.05889668380046927,-0.004169873387658313,0.32651336706468503,0.2886483803201111,-0.10190387466910915,-0.1472916328177008,0.07675944337202996,-0.13864737109284853,-0.12959643333488383,0.25308289077274165,0.18303724565315277,-0.29769580313658983,0.00039287896680318454,-0.021469194762639893,0.15942540216549614,0.17306426913439543
484,-0.390061566638158,0.21892193284478567,-0.3208635565382857,0.04137938449741654,-0.25362014968682767,0.020563128324586382,0.08174870182542608,-0.11025571015684804,-0.06262114883177758,0.061011119904340966,0.07224960830629291,-0.20865127469057212,-0.12028667734169995,-0.011693351759433866,0.02248312128808341,-0.018829946661544156,-0.21570135543182142,0.06693142305533382,0.0970147548066968,-0.005772037118711918,-0.07338434287345003,-0.01199875273327056,-0.036020808138519766,-0.3269803633902502,0.21429548035524998,0.12153441988640337,0.09210084499424562,-0.1966830630735772,0.14054902332947675,0.18065524321778853,-0.11018158046259258,0.12069465245310887,0.08987594388487889,-0.05323365780864178,0.11482244938458647,-0.19945183517923112,0.1440805138328537,-0.04043948761062634,-0.10594994151033232,0.24445235997947662,-0.15683121795315413,-0.1595602892921122,-0.11661592707609589,0.07391787386322589,-0.1510271712927059,0.025901528675511893,-0.0017411364463886779,-0.0908171805811707,0.21015687956320656,-0.03963496297005563,0.09966966000662408,0.1625841994618754,0.12083175177676576,0.30445471489805376,0.20353356427346417,-0.19181522978324492,0.09664850799397597,0.02511939180809939,-0.1012531422433418,0.05662931530652605,0.08429153489777379,-0.14317363455459214,-0.09025243877719903,0.024390250876726777,0.2696271244791172,-0.02800862269166945,-0.130507116918545,0.07759749153950188,0.0937987635429013,-0.23822052491446855,0.23461014128503782,-0.14572676118252578,0.11189608706025539,0.14269289136675503,0.0779417938424737,0.047559604502669134,-0.11248531645358718,-0.050213411965012826,0.4241384163505485,0.08704515719797697,0.23425215760502063,-0.01682174516933708,0.00973118972006866,-0.006685762043845502,-0.010442333156957036,-0.16795941238839016,-0.14935320122853246,0.07243474407178727,0.02642300082431191,0.32251426093762164,0.05073984771682007,-0.1359665065349312,-0.18101540446959974,-0.10331886483371026,-0.1568930013437987,-0.13208216781047613,-0.09614011881769263,-0.3572584300887709,-0.1626917847969642,-0.0828860351290195,-0.18783373809679357,0.06491730484068346,-0.10118864261186844,-0.11865717454238349,0.23029444995474307,-0.19661974488873768,0.10357218239702431,-0.16402092919135552,-0.10687154928991709,-0.10559216498412838,-0.06604741557554084,-0.06990294745333171,0.18877982563077514,-0.1051645474086876,0.18168144570320227,0.0449956494145569,0.1623657952916625,-0.23741815394825438,-0.15042439421368278,-0.019553283508120765,-0.25523100308759045,0.10478307566409958,0.23105818648582732,0.028201240271119088,0.092640768790536,-0.04770620976585716,-0.040377117112749564,0.03966392285185203,-0.06852467466432674,-0.11599795502540741,0.10919740676627454,0.13349049628637621,0.02473058459293773,-0.022166253309364795,-0.0022123300665299675,-0.25723328534630213,-0.1889544728255719,0.15043719052713983,-0.04425360098244864,0.4203700596768112,-0.29944729060210207,0.058667933135058116,0.07799606651629411,0.1518555192761556,0.02164642235945139,0.027281139136550468,-0.18540362083676074,0.16743972114751893,-0.1429124082908176,0.9999999999999998,0.13336963931329263,-0.06702443317976585,-0.19459255968230493,0.10001708148395998,0.07854997554849394,0.08237623169164864,0.029884708543502565,0.24448760990938814,0.14042089880793204,-0.1683050699617461,-0.028046228471227057,0.0010543290457159316,0.15555408300273807,0.17508084940232632,-0.005893080195093281,-0.022839023475574913
490,0.14837169793047408,-0.1248556508643954,0.17094934995278793,0.0009647571738939511,-0.2173768696103097,0.017357970109099806,0.10392806798580256,0.24427288022089072,0.09812981110886643,0.12542662992372064,0.25315523902538517,0.19635771295867455,0.15817297691595633,-0.22191233553054818,-0.26727129518654474,0.46983238627342927,0.29614153613840777,0.036683973944672696,0.4139229110150889,0.5046393048666714,0.23776250041786828,-0.04696378026734708,0.10914460279894617,0.17272816437305213,-0.012864842723701815,0.04787217169226596,0.2731521463717088,0.24429359865537664,0.32430921802056245,-0.0984929680014864,0.3252293714401237,-0.17234629909235952,-0.014218699359812927,0.09146734695637483,0.2753667579403195,0.0972508151592451,0.1629783008097429,0.18220233995892157,0.3254108675343756,0.37848767778946274,0.46416019884858395,-0.24492074236379105,-0.18854976491589473,0.28615111370477914,0.1905609653978492,-0.409789229124073,-0.03457357949931413,0.021420888075275122,-0.4009521995922103,-0.028299370911195595,-0.1892488915741983,0.0774699996037879,0.14564057502055203,-0.18177325174608097,0.04639433258287635,0.014403640320880835,-0.23822051490697993,-0.29676274365811156,-0.46911630763313045,-0.43283633256018084,-0.06809850979133227,-0.18895585873988968,-0.10736003792547501,0.11746421002505453,-0.14047985237864943,-0.2713936090151498,-0.16087863153749854,-0.03573891040701614,-0.19593810342364923,-0.041889783951514645,-0.32412501480645467,-0.10778025180416961,0.11426310106201423,-0.1294615686470782,-0.18134608183806109,-0.05015253567874472,-0.42683839763455644,-0.2887312021377859,-0.14647831062486893,-0.10881703017389492,-0.3965883368540438,-0.19240635564210729,-0.006423534881275494,-0.2914026511235229,0.025787482956371535,-0.27379805988612044,0.31923554111911234,0.17055690099581475,0.18784252541734187,0.10709322552227099,0.013422493803991435,-0.04274958966812473,-0.12532444885626529,0.024669543099612463,-0.36408149738915546,-0.32882408449559813,-0.2514091388495833,-0.10690641614402721,0.07581578362925467,0.08233888213005745,0.07437784969692252,-0.28163068147846065,0.10584510270623275,0.03876675929168492,-0.346989596794668,-0.1724411794709003,0.0056392432887395275,-0.4650776078117028,-0.3577868118996336,-0.26690302675885114,-0.3263321408949294,-0.4400070524675213,-0.31322363852065144,-0.06545348639762325,-0.36589656261458975,-0.4098491391178745,-0.14697816127153046,-0.020037660987090353,-0.012263869133416956,0.008614931035612028,-0.10410960392995604,-0.24073508617765274,-0.3297724630269675,-0.02016936736654567,0.4820056626315884,-0.43988685267779354,-0.3986208451053289,-0.10480097464545629,-0.36293298929320383,-0.08646660658696093,0.31419339276373526,0.27080301928887107,0.41789008466015876,0.2672338095079692,0.22073182941642444,-0.26482549376158604,-0.3574935823283887,-0.2609012476656756,0.16651643092015264,0.30010752099422355,0.1487283379688721,-0.08959026317867608,-0.2046695384871114,0.3664794738767395,0.17785425061815216,0.12836450430982338,0.4453866077580167,0.0012700903804211895,0.05889668380046927,0.13336963931329263,1.0,0.6609584906476241,0.09156580348710866,-0.052951187728071995,-0.13891656256523824,0.2511367046671447,-0.06419461937183568,-0.4120759657696325,0.12202393305139164,-0.25029310486697187,-0.05835590248313972,-0.1806791489040559,-0.11321105171894943,0.0784517551328604,-0.1526831562779616,-0.11495594822465964
491,0.15514824706366842,-0.06117671442961199,0.08498833018292029,0.15148143032256042,0.11220613586494077,0.03496653095127089,0.042749217913113584,0.35473104741588246,0.3200672022227647,0.1473560242503598,0.11774420754386417,0.26881262065434974,0.19480740543939626,-0.14969384646708667,-0.23642046180717036,0.5356971733674588,0.43753723450977244,0.088152027498202,0.3620649823548596,0.4255839292181854,0.26090024770019116,0.03893408940426282,0.26953010240119385,0.34730064441224623,0.17924839622464714,0.10887101459671451,0.19805782585456475,0.2799371359994875,0.34650590808188053,0.010270648907075469,0.08904669356637092,-0.16137414877611175,-0.012551716753518146,-0.056226467541635024,0.09640167863224972,0.326467193239676,0.3029445398635833,0.18676550506306808,0.35905201799909603,0.4391974112620416,0.5766168985116418,-0.04464077174069908,-0.19868555786184225,0.23265844448672324,0.4061738947634833,-0.5148745846118934,-0.13818815511543614,0.030342543933994458,-0.37202388226360994,-0.2753429205832749,-0.13046964664605581,-0.06158111064241813,-0.15959468202133548,-0.18919477430626866,-0.11533138023021376,-0.193791650120861,-0.18857712960442516,-0.09138028967588187,-0.37620242710576474,-0.46352890568275473,-0.019678687132557507,-0.0740626616644747,-0.22052388599907488,0.004441364631252989,-0.3576074552845438,-0.209767801344727,-0.04690919823156758,-0.08189331091216674,-0.00981205907424805,0.14400585847209255,-0.1636484946881603,0.0979403701237628,-0.0393697043965879,-0.054782428642730335,-0.191805211737513,-0.14624161842328548,-0.36481809679266597,-0.13481155016893687,-0.14291544944506648,-0.21203972136116295,-0.3093087848337597,-0.43204526039202634,-0.16007193123660135,-0.3805030315468119,-0.07711782203576492,-0.2226860889882335,0.16714834945451817,0.19041986251183893,-0.0013429576678731228,-0.0709137883284167,-0.0006945922700419351,0.2549316248109993,0.033716702905123005,-0.07517630426251447,-0.3801322945189996,-0.3485745773823213,-0.2387221548684164,-0.15403257304205606,0.0008813679900552163,0.1705434044410727,-0.15059134285850093,-0.2984930305910522,0.023897806165532567,-0.016101359957769346,-0.25506832910024646,-0.07560411252771083,-0.18809476697604008,-0.2927649586024254,-0.42236168357318926,-0.2245592128045565,-0.2982748718818934,-0.45424553341445995,-0.308962711268455,0.07774143125371037,-0.4144673406803533,-0.4159181960278434,-0.0931264530486902,0.0110488807770247,-0.021247848094770764,-0.240451738240783,-0.006618837040051975,-0.2754829959311655,-0.2260778583323927,0.09737026387974188,0.30932999264911526,-0.41104106881949337,-0.3083594281107346,-0.1568507910217691,-0.33398295647442244,-0.09813422367982588,0.3876249581589249,0.43851727595436496,0.31252614736474327,0.430618572989042,0.26335112695019686,-0.34052339207774807,-0.2521175300820497,-0.37484317413662493,0.2738039212400715,0.2399920757314132,0.11796340338234605,-0.34951679479167896,-0.2295167576906349,0.42038761702262595,0.3964822102642862,0.06955315682261748,0.3003705640081119,0.02006621188634081,-0.004169873387658314,-0.06702443317976584,0.6609584906476241,0.9999999999999998,0.10546458883034385,-0.3005315859997009,-0.12997255443057423,0.24599542702364205,-0.07969193763222575,-0.4373804584166282,0.21166976446533944,-0.17911434832256623,0.013295234181067723,-0.21811458364291897,-0.15915607613751095,0.12291545782864056,-0.2098826057325585,-0.17213554142412926
495,0.507711306581279,-0.1879685439507647,0.04495813240061957,-0.19351902200344345,-0.06338686842648293,-0.06236355533947567,0.0037683581467043005,-0.2748596505661712,0.04728129266788418,0.04819773489478951,0.16341978001939902,0.0052144405748786185,0.1638639342101214,-0.02485160329590001,0.11987111722539182,0.08614727290868904,0.10549829555912246,-0.13631850993846917,0.1710110704480907,0.11765727281166277,0.07435428430410419,-0.19964101286161234,0.08580687551483045,0.34637902313303087,-0.06740083864926821,-0.11323374431591009,0.06256099924924899,0.02143512871183722,-0.14737970898240677,-0.2355558795412006,0.13414144588341378,-0.277266228556077,-0.09485104344963016,0.32776221107701903,0.0880999674837239,0.3852213218439491,-0.16497392339853253,0.04006845580211213,0.3126211634841144,-0.17741200549431238,0.051246339542439054,-0.06959606917653796,-0.11140854758008346,-0.022713770580175822,-0.16233574730219183,-0.15788154716636074,-0.050655795676362185,-0.060401744551950645,-0.36963825974030035,-0.0658617693888181,0.05038119720694712,-0.2620410393132399,0.11888047609676151,-0.0672717989756817,-0.2536855253376698,0.18125650399592108,0.10366131312977675,0.008066331606720378,0.04766551731917777,-0.08667797871481134,-0.24858655087160075,-0.03897670951392832,-0.12886093104328794,0.06401283214080793,-0.15153788765490345,-0.045695061647829105,-0.3627252046134674,-0.06442671231735053,-0.14131558382446685,0.013589792182846235,-0.17149284548588478,-0.14626449690812332,-0.1842954289489676,-0.315707866265214,0.09547986930348368,-0.212989046042601,-0.36906780569217285,-0.11466997315490456,-0.09103839118167112,-0.10231671814261468,-0.315454405459317,0.06393465084814384,-0.02375859499205414,-0.0984393137950834,-0.03436683032186919,0.02261821834629395,0.5581553876974691,0.5396835058785961,0.26272711693296696,-0.21078437694878657,-0.053286379397122524,0.03719388568333175,0.02755288160148381,0.1328538331171738,-0.1393344511708618,0.052928792803907374,0.19406773087572143,0.19688269655092178,0.30413694956340326,-0.17457944502779799,0.10676069624033321,-0.25215814743850395,-0.05002828241210096,0.14905743773004493,-0.27124912620478,0.1417941492405613,-0.015483649706720429,-0.08069414727415276,0.029360475647865925,-0.0753125511227504,-0.13281493862012608,-0.24273735707400318,-0.004935041845502838,-0.25212622351096625,-0.12331694344536222,-0.08171483960888623,-0.26936982607939713,0.27094173676719874,0.293468739556236,-0.1542358840073161,-0.28798778935080643,-0.28691279267867315,-0.01902261466255939,-0.2433563391129482,-0.09491030229856223,-0.11772079540629292,-0.0329594963201137,-0.19343933203916328,0.10250070726290661,0.08798348247408617,-0.17649288199370883,-0.014674467630824325,0.002851071486601644,0.11427581492111596,-0.17975499589038443,0.01386583149693372,0.05878698687164262,-0.024643109395843247,0.10615757680634157,-0.14849745434027137,0.04763069154180906,0.19023342889439,0.007723095526658799,0.08800340842763911,0.00253463334408079,-0.07921028104148015,0.2268883187797844,-0.04657676588868969,0.32651336706468503,-0.19459255968230496,0.09156580348710866,0.10546458883034385,0.9999999999999999,-0.08835652783278738,-0.08719640025754698,-0.12707081945153834,-0.030606888616242004,-0.27970699238939195,-0.001535831600671564,0.26485542710492044,0.0761104929058985,-0.10739159300306458,-0.11428050204553318,-0.06446413813616624,0.10364206153098764,-0.11753280664007805
497,-0.02030838061251989,-0.087481615595683,0.038531347363228184,0.07431675956730392,-0.20964605578172973,-0.31258605762179925,-0.18964390046605056,-0.13248502270808862,-0.17273199758078597,-0.023859954532019355,0.09510807880228417,-0.17055558192572184,-0.1838284059824828,0.0578353677654664,-0.10497021293079623,-0.12765627398612067,-0.2602242015422169,-0.07558503819559935,-0.13277895223216715,0.0312600087546257,-0.140963773086927,0.21145086516363928,-0.007287278681476778,-0.4035733267942364,-0.2251343639576238,0.0569760854764926,-0.056669156879002876,0.02124772296391454,-0.3042571687761737,-0.4149818833997154,0.1587236319374719,-0.06636298268492566,-0.04128563538895681,0.030838206606600152,-0.06900317253121638,-0.26684724899486456,-0.3484606425479363,-0.06544536032786463,-0.2262589481351172,-0.009797298121583989,-0.19116082018584318,-0.11650817941830123,-0.03858324766574086,0.09768037437541992,0.012928088141275851,0.3121453763890231,0.19073818817609187,0.00808875152917401,-0.10463735658116302,-0.044986342429426084,-0.02420293764893493,-0.0781139879275686,0.13751588854300026,0.020480742327137137,0.22734967605442616,0.1877643372017192,0.17542074327642826,-0.018977306973538898,0.1462180503426064,0.04442950089590836,-0.05425606835281147,0.1316081306854808,0.15013665627199727,0.16822812783961322,0.15745070101101077,-0.21583509587425337,-0.009849672711637177,0.20283641743108363,-0.1226638347788416,0.027448384854436847,0.03272962421250262,-0.07462091487459879,0.1444427148783127,0.07615919379930568,-0.12293566921413956,0.08160274502219132,0.02666909326104198,0.2995709191984499,-0.10855815688204026,0.0715617871490062,0.027330935119527118,0.08297386877428038,0.20757323609673234,-0.06310800708332816,0.012532443308193595,0.005100679307527159,-0.12434551683805796,-0.16127353870356684,-0.08878888447080956,-0.07344528166429076,0.05937094190349479,-0.06827360021274428,0.2670951435422778,0.010916243216218027,0.1445410807166726,0.31632410460501714,0.1136792761247353,0.23333371993708146,0.04520363173754444,-0.09871541781521592,0.06308660180424838,0.23970726863886302,-0.059551386655458206,0.15098422503402348,0.2179556157476601,0.07350458168410615,0.2601020565017487,0.11623443598841839,0.18861305337654938,0.14958531413270718,0.11812151108582211,0.10779820631201543,0.07960023272816134,-0.11536835513471597,0.04331271008559838,-0.024318548046043505,-0.05114308141118136,-0.15964738327227582,-0.0010583818163843845,0.09792586653308707,0.04766655990488615,0.2246421952188931,0.045998341234518916,-0.09846023165216163,-0.08600218538887602,0.13994199483283237,-0.04681137228237076,0.014757715050935693,0.0015835785573063363,0.0324172353780481,-0.23307132215413176,-0.19222050176540428,-0.12860287518104765,-0.27013561288270865,-0.04321892839576014,0.25601769191729856,0.014244647322919407,0.21282438678547164,-0.39834231176545487,-0.18685085411352,0.0911656271489992,0.2531541050020501,0.05230547671530156,-0.1963860012950495,-0.2096823252380323,-0.0249805391878177,-0.032836890466735415,-0.010590568811154699,0.2886483803201111,0.10001708148395998,-0.052951187728072,-0.300531585999701,-0.0883565278327874,1.0,-0.021406220580985,-0.08949152128778268,0.14395594710000123,0.11338607641814678,-0.1176271934753613,0.07437938188985663,-0.11744470872195349,-0.10574038573748139,-0.02382219580001967,0.07124257236598386,0.12789220055581704,0.08290788903594748
499,-0.3416706527236085,-0.08556514771684855,-0.03146562915445602,0.039394440406678354,0.0706267571338059,0.03829505231401298,0.021457936008909145,0.1505634454733415,-0.0728506647926941,-0.22175772349498596,-0.31500388123936224,-0.257645288783531,-0.07391092901826293,0.05096324433648271,0.17681917264650163,-0.09154107951563954,0.14187590499104347,0.09158183601835586,-0.04265443228061272,-0.2831828708063413,0.18061581503446436,-0.22892405795709886,-0.15453067868660147,-0.12157861983796814,0.12684159282981675,-0.014195270781440124,0.2029002729174886,-0.11275259074345546,0.07600712633450518,0.15855428819491735,0.029454967974389873,0.06493563388781436,-0.047521703775917246,-0.07401567459491204,0.043849119337557654,-0.09847182690011169,0.19334079970541115,-0.09867430573757299,0.060317476974184235,-0.026815649719646364,-0.07463141284208359,0.08581101774045383,0.1620987189225032,-0.027686760046557287,-0.19682483981750717,0.29946285805430806,-0.07714524601126917,-0.1287202124544968,0.12292645452443383,0.0983458750706315,0.3053775071639397,0.015960828906499948,0.12879067029772479,0.09651745998419965,0.2988361482228863,-0.2856779378340366,-0.04013973577722988,-0.14677858157483542,-0.023015297789181387,0.137393341247151,-0.026279714815516105,-0.006305144940295581,0.05327311835908498,-0.2949346740511354,0.054867851240913756,0.18159457013673383,-0.06000544491716267,-0.20113927833332326,0.16090149016456484,0.15637900804339386,0.2625763988281999,-0.020330047793144183,-0.14955875919383907,-0.016576915187212864,-0.04186569079578666,0.2244356442196157,0.13148719191060396,0.12912288196171642,0.10380623970964863,0.02367797529973132,0.12622345395550433,-0.10517180457402771,-0.10417364650717352,0.05209825999698412,0.05821848413019136,-0.12159285755581879,0.0317169799238369,-0.06140124858691012,0.10265008220809121,0.26066677106542907,-0.01812347878718579,0.09915085372351086,-0.1744132870271778,0.11227387305939965,0.10688492276767328,-0.10800380389866798,-0.07593800900638273,-0.00554692471611358,-0.25917541966722096,-0.04534252282621303,0.06784431493953998,0.10398109688695725,-0.0661518847329173,-0.12112064214421997,0.07328701115126805,-0.09967921826095333,0.08500226404926407,-0.07102406841850704,-0.10480477728730718,-0.07076122074480477,-0.17727587020469376,-0.025837872532392316,-0.004610020540756334,-0.19061989387348852,0.26073660951668504,-0.00717916745451225,-0.028378102089282528,-0.15745420801416102,-0.1679666404992401,-0.18807414887566573,-0.09686445721608958,0.04678702776534452,0.3246445063744927,-0.036706506640092076,0.024674921956816132,-0.22575978262310234,-0.17172648237715996,-0.09171759845849722,0.1069563784286701,-0.09984262227527173,0.07349046756577404,0.1363826758235347,0.21182934175875975,-0.18577678661001243,-0.2761356000439193,-0.10201997349271691,0.10552143062794962,0.17803619529748482,0.08532940092952296,0.025325086636041,-0.3530157728152701,-0.17657534348455167,0.1956716140205024,-0.056038934325348,0.18056588278300797,0.14108783286718612,-0.2434914604210169,-0.18988227478847117,-0.10190387466910915,0.07854997554849394,-0.1389165625652382,-0.1299725544305742,-0.08719640025754698,-0.021406220580985,0.9999999999999999,0.26711064970664483,0.17967348406326195,0.10553955428058243,0.31056113074085795,-0.1464181933600288,0.02597378728321222,0.20138095134116016,0.08624674357844431,0.10827579827769862,-0.001906086691505338,0.0854316129662745
501,-0.11574743361243124,0.2511341244980879,-0.14550914679803972,-0.002476348433351855,0.13765543487478343,0.07891731502175807,0.042697725456719626,0.2274674108534545,0.05385563950607796,0.09051791666832047,-0.15976356867804276,0.00022058464495159434,0.14842113188896983,-0.07041198267609047,-0.16545483889020268,0.10332988059819623,0.1423438709349218,0.3545317834295506,0.07807263414557768,-0.058699767636122814,0.28360041543882114,-0.03488417277128191,-0.11010815658756272,-0.057672622747796054,0.176860667836541,-0.19001830493673133,0.14434453225124724,-0.10038590135278436,0.2016364830598179,0.2474756909514662,-0.10207834304131212,0.06275570990882487,-0.06465443806234017,-0.09006476301406192,0.095477551433251,0.1760248116905401,0.3369281024593793,-0.03453937359128074,0.009718125105899223,0.34500411090658806,0.2565554005008227,-0.03208219693182794,-0.19897789600674337,0.05099442216474954,-0.08480175905808955,0.015221552842072246,-0.2840761359641825,-0.04869555065855268,0.02804246712736972,-0.2810111959320726,-0.15343556772857175,0.08524162431982663,-0.23608455285103636,-0.18807194156650775,0.04359564136811065,-0.40290416092321096,0.026159983658901848,-0.03834282653818096,-0.34502952559024697,-0.287740368860624,0.06429691759434208,-0.3756418612198321,-0.07403708076571014,0.0021721654602409116,-0.24867556073275973,-0.06657603824607712,0.049289342477783195,-0.04684094753817762,0.08420454165242157,0.030737799974124007,0.24601443219446945,0.012064912096133317,0.0795276317774613,-0.02854660176366778,-0.05139789748563722,-0.00406232307158247,0.08322652114322047,-0.13431304967078508,0.102889021459348,-0.20856342076688417,-0.07951244945719717,-0.2622142312890197,-0.17765959920279292,0.08470209325169191,0.16949980849928595,-0.3603761590495035,0.023046062867576232,0.029732250186696764,-0.07054686643441023,0.14753943311860046,0.04076110832663388,0.26522383404420097,0.10062661789724349,0.00960017924469935,-0.09216144273010918,-0.2885380491105398,-0.3234722924007153,-0.1785356112320052,-0.09221301341870397,0.23944403382072948,-0.256494227585532,-0.1577590052118789,0.05872935245170686,-0.17902920142900858,-0.22357826334600825,-0.38294437781577845,-0.3221100386378252,-0.3571590548292309,-0.4240785090580317,-0.3141297987671858,-0.27702039075706175,-0.25412731848172926,-0.22690415071400713,0.13805630433941482,-0.07236877654753249,0.08218994693940467,0.0287195583372298,-0.015558393999945004,-0.19641403140812821,-0.10756973288061863,-0.19202002219391723,-0.08337222621245016,-0.016858670213825647,0.26619191661193864,0.2520952648758908,-0.38439486303288284,-0.20189485992226672,-0.050842580132946014,-0.13375310723010483,-0.017212987801019184,0.48615281746028555,0.28079258313902816,0.3310441963760184,0.1752700946039108,0.20538053260048972,-0.11509314629721966,-0.20092227629747297,-0.13834068938062782,0.44853760277826676,0.5808460762963596,-0.2996569097379697,-0.25615935284956204,-0.18533681168316432,0.3263150207503906,0.37635453989617623,0.06594936320806227,-0.05083927252549333,0.2362823418951602,-0.1472916328177008,0.08237623169164862,0.2511367046671447,0.24599542702364208,-0.12707081945153834,-0.08949152128778266,0.26711064970664483,1.0,0.010664821359243735,0.15217747185668404,0.2936845524657137,0.021125203149378075,-0.0676616093729617,-0.12619690767964797,0.255746211130887,0.09451624295178912,-0.03912383261935829,0.10527260741912581
503,-0.2059154627734643,-0.11733865032303974,-0.05541020992475921,-0.06154133053452367,-0.03082767748224525,-0.1718248980824713,0.0655952378908118,0.0014369818087723483,-0.212608059379159,-0.25670804590093177,-0.20378901843203778,-0.3026674393385892,-0.17698210401367034,-0.2802482743415658,0.19956380621633785,-0.36254796312023946,0.020675922082497872,-0.15055137314539066,0.05147609802373575,-0.17548057968449865,0.059880436094964205,0.01774844387362505,-0.09955439434124166,-0.34560174099811636,0.07479966882947876,0.027457235272010844,0.12559954040352891,-0.12093097886864129,-0.2579047958754395,-0.20682327954429972,0.009233743417517992,0.2577062454202072,-0.026463405893039464,-0.052780781394294075,0.17080298828192952,-0.2752796027848667,-0.001625130934080396,0.045725684382790226,-0.07930630850356717,-0.030761626029864163,-0.2618297186281068,-0.17972887167254323,0.02764412483088058,-0.10107951120719337,-0.3114491342372343,0.3950945190043283,0.08209601470515303,0.16872659908065454,0.23396722859517513,0.02355877037996377,0.304735008609559,0.20171739233928632,0.20328885666977992,0.0063202989519590795,-0.16119304182435729,-0.2709727200631662,-0.23949486120500296,-0.04047560125177953,0.06541103307911501,0.06573340107633874,-0.12472498710618965,0.01766987437802946,-0.07734430593092423,-0.22946777397079496,0.12181584775678742,0.04743349422288917,-0.09209331082554832,-0.1354592842891345,0.36431820456386205,0.16165823195071788,0.07661685084086756,0.1611153854608225,-0.04966670662790023,-0.13326200988759004,-0.07885113508159346,-0.03473943203951126,0.07625367683738557,0.056084682190482925,-0.09274250346314993,0.04658319506312992,-0.09226845787624102,-0.05630933974946298,0.09776410401573109,0.12631532250247993,-0.010711866089501353,-0.01689274904779639,0.030435227530891725,-0.08015994259437853,0.09452575023261843,0.010083920088771105,0.3713179151948737,0.1999214031944077,-0.08775700199798574,0.2741827791512077,0.22039234533628937,0.042703491555793435,0.06324786845940118,-0.18838893727446504,-0.15020280447805145,0.08755673676332361,0.19906637405306638,0.014351467252979663,0.005443675159256687,-0.1393461021608803,0.22366956271341257,0.051862825575513645,0.3141877627964244,-0.07960042303156338,-0.04799165258906492,0.2959602249762156,-0.07423811924710896,0.007068846608217379,0.12214788078386954,-0.15314519411694794,0.09997929028666457,0.033811449130345776,0.1629474303396575,0.14101307378632974,-0.16968170984709677,0.10673092478695118,-0.007859117021721682,0.04047752254001786,0.36593215183031763,-0.05971176829323154,-0.1768225186457067,0.06344911024767835,-0.04063580326966813,-0.19967138742140342,0.03053831551913424,-0.1443037562243307,-0.16764819931780126,0.09526616427305631,0.09323472154942361,-0.28505965199720734,-0.38105760810521605,-0.11248836995172701,0.2562510700494316,0.1837254484342251,-0.008196794580367966,-0.11443544904490173,-0.17108964092997486,0.16806196349082064,0.3134117822197012,-0.23947244971452228,-0.09340532427845862,0.20400926367990602,-0.16552664703092532,0.08417901296927986,0.07675944337202996,0.02988470854350257,-0.06419461937183568,-0.07969193763222575,-0.030606888616242004,0.14395594710000126,0.17967348406326195,0.010664821359243733,1.0,0.12686256755547448,0.305990466684416,-0.09333165482361144,0.09366893212779523,0.34558530412860816,0.16974734711802794,-0.13993027525646715,0.23424034370494387,0.10930563651976762
506,-0.42113492493993415,0.262934069140623,-0.2735766157276777,0.016729735806503977,0.2469857905455347,-0.04660820271803971,-0.04924516989612184,-0.01429793627661204,-0.18819562005883905,-0.08961316766043671,-0.29883020566043617,-0.1883826822240109,-0.3617730909645198,0.08284436079633305,0.08362161636333576,-0.3859189038684005,-0.1768663612200485,-0.09849569171977506,-0.3028876949296179,-0.3568490416590172,-0.161979909039258,0.02458438777869263,-0.3572575317503834,-0.46184668792961764,0.2315352218072664,0.010991573314925392,-0.07236764882211547,-0.3498191055165277,-0.0030012723350166318,0.3045168384093411,-0.29773894792442757,0.26680370329787606,-0.13974103687015843,-0.28257207145770474,-0.04444656942629096,-0.2455819163636541,0.14785923860952743,-0.22641144381473635,-0.4673667017046623,-0.10061522319966032,-0.31551048469002685,-0.11251422624963622,-0.0043056874471052685,-0.17254953800139383,-0.29600550899840267,0.42151351982712576,0.030819642623565943,0.05567426911162408,0.5123715082904505,0.06775265331056295,0.1526567663895302,0.3326031034184193,0.02412935274210332,0.1814460087202302,-0.0678266601633061,-0.11221677614296426,0.16464007078757917,0.16934666944045704,0.14373989926631311,0.28007858851313794,0.17852563178327313,-0.18270339635025876,0.08840576092971068,-0.009634812942332652,0.23511383524914997,0.13972516803852886,0.25709787566573405,-0.06800222365278623,0.34485285489398,-0.1824453298649469,0.3815481444907666,0.0708030617785233,0.13012454573673268,0.09320157512400075,0.19990965623062218,0.11315887327240998,0.22863222820403994,0.12151164620455203,0.32525537937821564,-0.01616647885303312,0.3873603162531051,0.01990033847205852,-0.05843701452287203,0.3067444651139095,0.11329256177683893,-0.1368593317718039,-0.21261784498264727,-0.08121415369843007,-0.2587809591113707,0.15848313353775187,0.10805068918635205,0.0022385366399920903,-0.014014946511171023,0.029724724569633924,0.03169276300803924,0.01531965002516168,-0.09694827218400308,-0.12653981819707313,-0.3288988760451461,0.24192926104554488,-0.20810557692616208,0.15633057150661983,0.06625146811387131,-0.21733794323280473,0.26747416024231,0.03621346273159391,0.0007136402016656777,0.33748517724107113,-0.08270401292496053,0.07559594727259462,0.18846673666003144,0.20680733840271107,0.04233871595811741,-0.03223017010765177,0.28900244343606696,0.3238089411461614,0.31486496886557697,-0.22332637747468773,-0.3527165844608821,0.1672737895560817,-0.041620083953256885,0.14108537014176897,0.36157089855255414,0.14224045095414595,-0.1986271467424313,0.10829276617675755,0.16971731672142992,0.07666500566376373,0.14339786850122976,-0.020404266717838633,0.04666284411800283,-0.10826540207850072,-0.1603304677848255,-0.2740940153355171,0.034205506930065604,0.08734469910194846,0.08810526304632234,0.2908656804029971,0.004430186312087346,0.23480159191694525,-0.31185736864433083,0.020937810283469152,0.20407466501164137,-0.21212422387607668,-0.09847210415525261,0.11092163997073576,-0.36581353792064764,0.23100921177130673,-0.13864737109284853,0.24448760990938817,-0.4120759657696325,-0.4373804584166282,-0.27970699238939195,0.11338607641814678,0.10553955428058244,0.15217747185668404,0.12686256755547448,1.0,0.08921130507264416,0.007639602512547235,-0.16498309053171115,0.1423447418739518,0.25214716341893123,0.07719389192891782,-0.019068967492052113,0.1842612097845978
509,-0.2912693968757383,-0.08553226714703259,-0.32792023101403833,-0.031217517552582993,0.10679804410751262,-0.20252363274370344,0.10045586774255809,0.37675457873707785,0.24977034528254186,-0.06773095822107592,-0.3378867881221886,-0.16872289168902257,0.2496281064455379,0.014374055573716297,-0.036784074610533415,-0.009380912126329261,0.20792649638235214,0.2109296551410689,0.36364283413506554,-0.06334527021761541,0.28033198131227444,-0.08815428200610986,-0.05529859559228277,-0.09478075859665164,0.31763440097037166,0.07598250202589694,0.19001271482051207,-0.1366952078801208,0.10832281114334158,0.061338997247983466,-0.24475746833446324,0.19709717111174618,0.05630066904453546,-0.1666902862831314,0.008560519118998347,-0.08929230233172422,0.25783831061071044,0.057853096191607986,0.10446002279011175,0.36734253227245883,0.15084822293174485,-0.027374066082391985,0.01467243188693155,-0.017934500272981713,-0.03539494597014327,0.07019026992172107,-0.17854567878923225,-0.16220594217301382,0.03012425269206908,-0.04997368196589906,0.19693222619358156,0.20776406258159708,-0.06505061244886123,0.042029058612621836,0.013301856170757385,-0.48384199226482133,0.0012384772172476428,-0.13014554069607312,-0.21036382606259818,0.037759858876390155,0.24564636027381184,-0.23559571818169495,-0.17677362385875137,-0.26556775687050044,-0.10720589081742261,0.24685317024617756,0.0653184495716767,-0.13689052344747654,0.15483649865893995,0.1456995365083717,0.20091054410955117,0.09954593755679142,-0.08846719805179676,-0.05206734790337483,-0.005412669270744596,0.17740913571149647,-0.16301333395053116,0.011817354550289738,0.07448212925797976,-0.2268076134189285,0.10722311904311395,-0.07238774286876512,-0.09751368995175996,0.07330836886248214,0.18803140609541644,-0.3228753785444774,-0.029918637570534916,0.11185162553803385,0.05324200512351771,0.20927464066731696,0.31941212201840574,0.191635951363022,-0.1138366805856121,0.10793979524880325,-0.06529363548649887,-0.39547406463028706,-0.3107331942330104,-0.2503011544332458,-0.3233003336254292,0.2700468530148602,-0.014239107391618008,0.0241852169552583,-0.061799168718375465,-0.11609584484496716,-0.02672062109528125,-0.16581135582790285,-0.3041795333436899,-0.06311371026711807,-0.20649079782870225,-0.22052786603218114,-0.11512502473632605,-0.16517782916189774,-0.06453621450923383,-0.2671831787380232,0.005520803960389459,-0.1328173386531295,-0.15394243760631818,-0.10528395984241135,-0.4027731391674495,-0.2604468532570927,-0.031879517985763994,-0.014340742593862142,0.13891870836041278,0.08969671819969213,0.21048545962731594,-0.3477114336751053,-0.15015977153682603,-0.03989777355324774,-0.061468885297509,-0.34194645559595527,0.388088598766504,0.3739002058977647,0.48853865140425723,-0.07822943334406991,-0.11612617855123622,-0.3499053970726284,-0.14192072796173102,0.11640668288321547,0.26819407109674376,0.3075670277006137,-0.3433571463569945,-0.2962835367088871,-0.18150358063114977,0.04377612436087591,0.4304540303601033,0.2755315128781194,-0.25337106657361863,0.11897446671964038,-0.12959643333488383,0.14042089880793207,0.12202393305139164,0.21166976446533944,-0.001535831600671564,-0.11762719347536127,0.31056113074085795,0.2936845524657137,0.305990466684416,0.08921130507264416,1.0,-0.13707720147579738,-0.2537150960011157,0.13560308811456917,0.22830444711119077,0.3366794092096889,0.032630961028188105,-0.1270948207893962
515,0.20968593874006639,-0.09545647306918723,-0.16664721607055386,0.047846171948851525,-0.06940478841177762,-0.04610976665999304,-0.3596026058071164,-0.2748825615835929,-0.04820279378734377,-0.24546508522875576,0.0562987987608374,0.18860838254773346,0.09886883776035832,0.08628156809857214,-0.05083399609328063,-0.10760472182483727,-0.21375072466029618,0.13450684453821943,-0.07795526369002036,-0.17624187854894208,-0.1094809307535034,0.15478033761203122,-0.04257156458745415,0.12422918669580713,-0.2760117698230667,0.009389723673732765,-0.21803744013922194,0.17398592644103547,-0.07936518302008043,-0.2502579006820689,-0.12121296778273524,-0.16493099817841875,0.1364529269328124,0.19466431060626027,-0.20516562121679238,0.11702900105215083,-0.2553432070721278,-0.0865782022004016,0.016608161403390675,-0.15255328909146088,0.13553913243467414,0.09538199511835271,-0.017899183964499753,-0.0038629026036190372,0.004383560832066996,-0.143673687105865,-0.08452052433494368,0.03444029285539679,0.026782919424048156,-0.21785134974171635,-0.17063243107307755,-0.4294972435159273,-0.2517176964814555,-0.07107237602472179,-0.3106122118836817,0.0567867323621677,0.13839842326536986,0.044985846645858175,0.1942028463014431,-0.1275809167423793,-0.04027294702301553,-0.07162770830038434,-0.0004582564644175113,0.25084820928927115,-0.1645951415242495,-0.08391206394056103,-0.0717496898218528,0.042243617399378895,-0.05037141543310797,0.009081452514846903,-0.020081304169670272,-0.004734067735783415,-0.08207162960296709,-0.12984319745232353,0.07848887047447294,-0.21723645437901765,-0.023274302426960214,0.12138337137980842,-0.17395669496593003,-0.07611848247917076,-0.1525043892010294,-0.01664722887746769,0.11841536705857332,0.07157895870066423,-0.2092371401291529,0.103586840423347,0.1685657194461297,0.16554938335268263,0.042416411017590236,-0.0441334513732027,-0.08746028894197906,-0.013232539518185498,0.23135003128788206,0.09611502321059415,0.026639069599981788,0.12495506255097995,0.046066787606470525,0.27405323394304987,0.07355486024860299,-0.043766669251976344,0.0022032510357320304,-0.07815765020989504,-0.02229393396520748,0.22726013047229587,0.10103647559960782,0.013677339679216046,-0.0255353771716656,0.024407741254594065,0.007936358558373447,-0.0008941323191639991,0.04096006127191538,-0.11729286503833689,-0.021659058862576498,0.21676510937105975,-0.02675505866380013,0.06527817581007446,-0.020877686441805356,0.15022357238891237,0.34581535938670116,0.08799636819483907,-0.165199361844616,0.04982255751871898,-0.10658089861418434,0.1211564037734824,-0.1206876576961447,0.10672487130625102,0.1591322014016244,-0.25096570997509104,0.2623336408563442,0.24469925241958912,-0.1034076749667358,-0.20012137697395538,-0.17204606019044202,-0.05087659209002119,0.1729169071885977,0.14668725099819135,0.09018844722028052,-0.08487251327292658,0.3474911941999854,-0.039347437231786964,0.052729653751543676,-0.1447338681193283,-0.07569325106013518,0.01416147497692504,0.07764555604769789,-0.24313373522569517,0.03629899517801664,0.07788012972305558,0.25308289077274165,-0.1683050699617461,-0.2502931048669719,-0.1791143483225662,0.2648554271049204,0.07437938188985663,-0.1464181933600288,0.02112520314937807,-0.09333165482361143,0.007639602512547234,-0.13707720147579738,1.0,0.3785795901352758,-0.18741460892092496,-0.0601314117358424,-0.04196775052955385,0.4187374323454944,0.11553925491163786
516,0.07980194870420848,-0.1231430686438359,-0.011963468795492614,0.14222636184611667,0.05853328034471367,0.26043792188885034,-0.060058675365368165,-0.18053879362022637,-0.14929137374334925,-0.25160175257142714,0.004927680445873496,0.09983112579132979,-0.10211854600092478,-0.13620851309366908,0.0969206946980044,-0.12332702904315243,0.008629809170961811,0.08412543715934367,-0.06366626996558596,-0.22696891215785475,-0.0647995782206391,0.13608775510428445,-0.12516045169116774,0.22069731069350496,-0.1631615573293667,0.10042418310235546,-0.042295776216675,0.17311312713490995,-0.11729508415102086,-0.033678552583015074,0.05556497358892184,-0.13282120432979516,0.15595728107877513,0.3617499065207952,0.17239839762708087,-0.01445066360479259,-0.07604369065676474,0.0019408313644645415,0.12564183435143544,-0.2301323148118731,0.07930514309322602,0.06105924755563765,-0.027223882821649836,0.1609183724644663,-0.11919930986616109,-0.16024369356160226,0.0584355045247036,0.19541396483696316,-0.011874179404782149,-0.19115640495583652,0.02216289549300705,-0.2832268207963639,-0.015664983956541666,0.03142642956245587,-0.17746103167801858,-0.07307497500920697,-0.20850172224791744,0.05578596797822847,-0.1087950613603973,-0.29176343356428597,-0.2204708569647973,0.25997217223756025,-0.31872480468400133,0.002253161924019306,-0.038901800996916945,0.10393826113662137,-0.2009132005450381,0.0037884945366911285,0.12521741582147078,0.014317889935055634,-0.12548980656476227,0.008213484447133173,-0.1790012866418837,-0.05639317015903048,-0.036586472900868444,-0.2100785703735406,0.08401566636607029,0.06339897527508986,-0.1664042179642791,0.09950118674359766,-0.23375616393669074,-0.1322989984976631,-0.16424853299442607,-0.07968241048579677,-0.25148506846196794,0.1358801791675442,0.14187854355306254,-0.11476101931024271,-0.11019573598003782,-0.04249585467883918,-0.20665598839601393,-0.18072984528344924,0.06888444121404136,0.08356921784189274,-0.038453727364352416,0.07782808769096443,0.17387477780826355,0.06449963596583352,0.24247478241934406,-0.09715378022700238,0.09604944779169998,-0.15545942264640736,-0.06579938350015184,-0.060918497335477474,0.028471450187390803,-0.013790842230787767,0.35413061458156886,-0.1649057611997356,-0.03759173980131566,0.04037372825257037,-0.15621126704289287,-0.007435007021786813,-0.08566764503187266,0.2207292590779264,-0.05182747329773771,0.06470038327334819,0.0849150721577862,0.19391598026196713,0.23784640576907506,0.10421981293131762,0.031489729624011115,-0.04429822399027557,-0.09176175579093335,-0.07466208452053841,-0.047560134485041525,0.13507422877556388,-0.07128922335020388,-0.14053431841167854,0.3119554682730529,0.23357512532922556,-0.1691679140838444,-0.023483976849124143,-0.14734663938742873,0.02395693180210704,0.04803208936436177,0.07873933171199257,0.15680330157900502,-0.040358526711529584,0.2855983803891976,-0.17710510042741404,-0.0346784882547869,-0.06658846825828885,0.3082896429820819,-0.0311053973008553,-0.11630344995152853,0.0142785334538327,0.10752429366644625,-0.09025739758689123,0.18303724565315277,-0.028046228471227057,-0.05835590248313971,0.013295234181067723,0.0761104929058985,-0.1174447087219535,0.02597378728321222,-0.0676616093729617,0.09366893212779524,-0.16498309053171115,-0.2537150960011157,0.37857959013527587,1.0,0.0648912425356701,-0.04671318008961337,-0.21656386745460715,0.3381692337392194,0.1681271747783253
517,-0.21354977692426347,-0.22525939740713713,-0.05238119640546373,0.04852076131780136,0.18298247247918792,-0.09274874940710255,0.18740218784036164,0.08170416855235157,-0.053935833165399585,-0.026409547654230134,-0.23675204556051963,-0.06211559643159301,-0.11844439148340012,0.009301265357780213,0.1490574943150399,-0.17280253483805313,0.23459547301239791,-0.06680494870183991,-0.1496972806569371,-0.3160766697978019,0.09328705718416122,-0.060151159237799845,-0.20088969471000484,-0.05960066747346086,0.09218372919597705,0.14038539094009272,-0.015007510030050165,-0.324947963610904,-0.18563981498464127,-0.03303631549119791,-0.13575387242645265,0.2484942628564484,0.164918541450038,-0.28387284315643135,-0.08576959393596514,-0.30984485278489543,-0.007343250559766661,0.037315879213315924,-0.02393614885989897,0.10745842821910863,-0.214090493494394,-0.006093481913579055,0.21075922298432007,-0.4097095211086542,-0.20095862850227278,0.3489961113968605,0.02763440883125998,-0.3276525330270987,0.33217791043815226,0.3045757050757495,0.32094293374103966,0.2756202463889561,-0.0037729311926834163,0.045127414795157576,0.22428639333482092,-0.19897793599780428,0.01640648157874919,0.027361794113300454,0.07037232618392064,0.30429746517407497,0.1364609288379418,0.10383779658208701,-0.08582524511656543,-0.1738508637485468,0.21023413904706004,0.28721184406370426,0.1625022438527267,0.08702844003155832,0.20745113445211355,0.09663378878137668,0.06137513952433882,0.05416285018070842,0.016541838548807575,0.0137956284656106,0.30589788210416274,0.19987758431675964,0.09887011959408876,-0.10484631356951653,0.06862790213365885,0.16168578529088343,0.24509221478147072,-0.13528010603627413,0.040681557347120936,0.009603415816709187,-0.014338479116600245,-0.14685655033394693,-0.15779048092612571,-0.20863475430268943,-0.08694124592681077,-0.34122153250017817,-0.04756727431158441,-0.05000963027087565,-0.2086737908643903,-0.09718119725093215,0.17874355654068336,-0.06920127637499905,0.07510825293580924,-0.27044945496259776,-0.16114170267057604,-0.06360509279432838,0.014008579623424602,0.25359621136379534,0.005446970959987486,-0.23498137123409252,0.028601165552397632,0.006518997648060384,-0.00019511229665503024,0.27921998576607143,0.17794710376345604,0.16880337793587183,0.23904654166356992,0.1684827312597755,-0.13342479249978378,-0.16691001071023953,0.21396006436791246,0.21781950125114344,0.08371938051850909,-0.033842818434641354,-0.3055298599118308,-0.06945737213143836,0.2643766189065062,-0.08905055252921436,0.2202407516654302,-0.16387186584690736,-0.23942285719500644,0.06881420192909049,0.25937934282511743,0.20777471649605134,0.1022098930070128,-0.14653437410370232,0.02679645214158999,0.21398082678440117,0.14713612088407615,-0.025085726901674207,-0.2668913862437219,-0.06358808950716444,0.06831221716207579,0.44900935041902584,-0.10327710489172232,-0.049416808011815354,-0.26483729254865523,-0.06818514217213217,0.09925838550931658,-0.23418116772048686,-0.01963072226067403,0.5516021309949826,-0.06508034117426306,-0.1964034193966757,-0.29769580313658983,0.0010543290457159316,-0.1806791489040559,-0.21811458364291897,-0.10739159300306458,-0.10574038573748139,0.20138095134116019,-0.12619690767964797,0.34558530412860816,0.14234474187395177,0.13560308811456914,-0.18741460892092496,0.06489124253567011,1.0,0.15891404928646605,0.049655116695118476,0.13503980801953688,-0.15156787343574488
518,-0.02711616255240176,0.17435681085921503,-0.13536071932316754,-0.11337109252908867,0.03594142608599546,0.1390382801878281,0.17605618783361218,0.08723423605107859,-0.05986037167461858,-0.03326935167368408,-0.34654052632555,-0.38095995159631696,0.0726969450764347,0.10762526865033221,-0.05087840992849907,-0.2588188445232389,-0.12304769821522914,0.06135153134590839,-0.1785802870673863,-0.17246560276856546,-0.07174366513554745,-0.08384910615708645,0.06775232488051006,-0.32205731155160017,0.054032560927553756,-0.25671149215755273,0.24167501840507846,-0.316583911030244,-0.15822764196698916,0.16235898186785946,-0.1452484020425524,0.002999646819990615,0.025944455656226464,0.03815804290653962,0.1064296113094262,-0.1551948000607857,0.03323491353303948,-0.07157028730590453,-0.10614951207382536,-0.03714642104952226,-0.21287178554504857,0.18234943681552973,0.029339347238720215,0.011820873438552093,-0.1492437253292846,0.3046089368928521,-0.06903430894776191,-0.07507098044671574,0.17182446541820015,-0.04058303311216176,0.33768023083597465,0.24298645351469594,0.01885668151948265,-0.16287461819299076,0.06861512723954381,-0.2385356176122965,0.28189793417179937,0.05571041081779907,-0.04806875525306623,0.22683079341271398,0.050038779469377175,-0.17082310981753004,-0.1472748740936492,-0.2700145684655962,0.01589794056470369,0.18818926915978754,-0.06996708156220521,0.08182585695961525,0.10599818375120372,0.04473748348907459,0.023057076527251294,-0.057671506654908306,0.21057932447239963,-0.07599298326843995,0.09585929983540983,0.07393455192042359,0.14229368824050895,-0.06928772211541744,0.2538720602060308,-0.0705897937912368,0.22494198782325517,0.1329180053493323,-0.15959891362940537,0.21288363931651993,0.3156509284349236,-0.23174011905026462,-0.19875114975832192,-0.1865341864315958,-0.0979426371210803,-0.07167097142208191,0.09775175360297948,-0.01211475109760177,0.03746655911021433,-0.15605582585302616,0.07024915039668173,-0.08580525563413915,0.11121427557134955,-0.12080958403830314,-0.021569690636061303,-0.060718017570686476,-0.0028999417159734395,0.1411149231153864,-0.08430389317419018,-0.19756066149143398,-0.056364390795352895,-0.2708155167353706,-0.049317452204901434,-0.015583443831498327,0.12337661133150479,-0.083478020273754,-0.019343026551148706,0.09227888368219106,0.17405945869866554,-0.16621666942128996,0.24505653333019425,0.4291927594770302,-0.10893468154550885,-0.05929154013773976,-0.26736137313445096,0.06541060517559842,0.05139373131493153,0.061469504694690036,0.04662572767647455,0.06559189409477184,-0.13333717971819975,0.04172718159394542,0.2859662170382021,0.20125899526511856,0.03145320445779816,-0.10706924366583258,0.12841501724975013,-0.0027571425815370973,0.1464405203252442,-0.06016051884163344,-0.3327486554470082,-0.20901446644207194,0.0803540040968777,0.28834429748100193,-0.0015170275224418855,0.07389152014177724,-0.38590616762320756,-0.030102451760796758,0.047632818684821616,-0.03231322036557609,0.1250370846268486,0.09686361483324879,-0.031300158059342734,0.20575782960723968,0.0003928789668031846,0.15555408300273807,-0.11321105171894945,-0.15915607613751095,-0.1142805020455332,-0.023822195800019673,0.08624674357844431,0.255746211130887,0.16974734711802794,0.25214716341893123,0.22830444711119074,-0.0601314117358424,-0.04671318008961337,0.15891404928646602,0.9999999999999998,0.09588179678149,0.003712471195669662,0.10905801357560505
521,-0.0726160481111246,-0.14132220042284124,-0.27741026534164576,0.19452801033617464,0.15684679184375314,-0.12259720112843739,-0.14171367031471882,0.27957721180826023,0.4195645551176742,0.15144888616891602,-0.018640162668414305,0.040307636221243476,-0.006613530414401434,0.356082613177749,-0.18626715267662378,0.16807437772329734,0.11293715890647286,0.10754374441260688,0.1880322224229235,0.050529632589390625,0.16650490545211558,0.06335729996970957,0.08363913533285075,-0.022789075584822186,0.32544997228067274,0.29761799067279116,0.11816315885176941,-0.0002642876398459674,0.044709140715020274,0.08608542624039496,-0.2959849441426398,-0.011301957726116058,0.23308413747884607,-0.23904722043736462,-0.14840766377396206,-0.03565660481899082,0.13287348427814344,-0.12249368536295689,-0.00886428211383171,0.38757308151950576,0.1513455865866723,0.0995829544246013,-0.16412236934740576,0.10581756889732433,0.398842282873138,-0.1262537413074859,-0.07873889298133668,-0.3770823247070451,0.12531399787429778,-0.013777629017208191,0.05318548983993253,0.024770206213406143,-0.16381471339988427,-0.14964859718735338,0.18724560266150914,-0.35194893770238334,0.2574797640402761,0.12997722961550726,-0.05968289733570334,0.08979486516610004,0.2514549996832442,0.024416105768649138,-0.2730893078384367,-0.06882722727174731,-0.13840631925450234,0.04686540901586691,0.15631500267499138,0.22561247340568819,0.07439186067905103,0.16830636123920814,0.26859537853606374,0.24946559633101106,0.09238631991515178,0.03178138659167727,0.18091338983183017,0.051392024663631256,-0.14169735307273978,0.016449487986937662,0.22365319631432873,-0.021631291655010362,0.22200184689109784,-0.13112122971634105,-0.08771996245141028,-0.2355680650230269,0.04869314225373269,-0.3542967492709921,-0.18981092474970385,0.03518154889236987,-0.08309464843612796,-0.0637100317691194,-0.020286173026970333,0.12807314353076243,-0.14866592376502502,-0.25798978661486743,-0.21320782411000422,-0.2982528464131444,-0.1337878739187574,-0.2037826025878826,-0.39405582230055136,0.026007851476596493,-0.24680650466034815,0.19997088190395668,-0.16250051911832536,-0.04420662554936383,-0.10920778571886192,-0.17978800379026688,-0.45215379099352404,0.004517739999744097,-0.1827174019693156,-0.1795059430660531,0.18153801629116648,-0.17206271255183292,-0.1142833322411329,-0.16032980874599506,0.13280586637120617,-0.039716013472704585,-0.265528142269461,-0.28267100077689056,-0.20548748118028567,-0.3237713577429329,0.05032913774252942,0.07961975238854264,0.0650257300378676,-0.006921918339935019,0.24538643047899553,-0.31055892377699984,0.04525472018638894,0.11541140725170605,-0.27092070044910455,-0.353468999063913,0.3419854032575908,0.36416750685389754,0.19427712686265045,0.23459755160167514,-0.06844181077873458,-0.2007171104833852,-0.2207179654593228,0.1487313228091191,0.07764386600353271,0.3517563208345851,-0.44176032988329034,-0.3787826618023178,-0.2770319499484208,0.10467640670739688,0.38830751571764777,0.07529374052992639,-0.07210874311978564,-0.03439751162044031,-0.021469194762639893,0.17508084940232632,0.07845175513286039,0.12291545782864056,-0.06446413813616624,0.07124257236598386,0.10827579827769862,0.0945162429517891,-0.13993027525646715,0.07719389192891782,0.3366794092096889,-0.04196775052955385,-0.21656386745460715,0.04965511669511847,0.09588179678149,1.0,-0.027703590638947388,-0.17803962899477407
523,-0.04801725822088794,-0.33846219382121057,-0.2665900528902262,0.06283749603510982,-0.21344882044563104,-0.11947539953972909,-0.20095266156356792,-0.2188442253878183,-0.15088893875685203,0.02311985089810039,-0.03317040737133074,-0.0982228592715504,-0.04234726014689418,0.02808991098736054,0.13330696098520625,-0.40949113399254916,-0.10551281443043763,0.13078897160995934,-0.06319485220371085,-0.26565372758018796,-0.10041363901619768,0.12345266012683793,-0.27649193511692116,-0.1710709841112057,-0.04097512604132287,0.08565749662488904,-0.0537490880456953,-0.08843479385001479,-0.3481895939844758,-0.14120866797008866,-0.11223590640265922,-0.014339556213439127,-0.10174963432839577,0.25388408753863484,-0.21512444291270458,0.003910228227681719,-0.1260421344123025,-0.2484849830584026,-0.16032457872799089,-0.0061825082327891965,-0.030355612336135186,0.09592845251549678,-0.04030441530628702,-0.05878918962353542,-0.24789679073681017,0.0573166214225816,-0.040526785893048055,-0.16458899230865373,0.03900804017262582,-0.08958021579233297,0.11208620986884722,-0.18859226138951543,-0.09047281154787802,-0.05145379038140243,-0.012656510681270931,-0.13260590746249357,0.06587419948914532,0.09824569368260642,0.1704216446741787,0.20368111144228176,0.14293165180658216,-0.027567659733632597,-0.17047834079070853,-0.03301585182808703,0.19126905980978454,0.09426901846674729,-0.22262375911701013,0.2447383687523392,0.3489028500712167,0.032060265243054255,-0.02356120092800894,-0.05827640127907358,0.032512926839037046,-0.03168150593234455,0.1933532705165314,-0.028950707236305138,-0.168563431309936,0.1148586240469692,0.13210682830931497,0.10232082330957123,0.07341512805426376,0.12316929795997154,0.23875280536535196,0.013210116423954185,-0.41109913231673956,0.07436482799720134,0.016686795850885464,0.013782751863519401,-0.07696395734573704,0.13291269135618936,-0.09074820882220476,0.027858438532433173,0.1218383632915092,-0.004673284041542744,0.18385139404060555,-0.008397083665940804,0.13096642656760238,0.10129639472463015,0.14298864592687757,-0.24613510146052678,0.1668238561870317,0.17069344523318253,-0.27903818006034337,0.08421656443542364,0.021288407348425343,-0.23310778320296474,0.1784595104544979,0.01742499763019661,0.11471146836190282,-0.0052315788604909595,0.1972189718218527,-0.037994892359942245,0.08568531928031654,-0.15136038280612135,0.02533736794227248,0.2660090675409205,-0.07279660039133555,0.22170112877154427,0.02967775517481296,-0.04215302440034566,-0.058712896676039926,0.1907578711619228,0.0362981231047804,-0.12912743436288138,0.049754345087639235,-5.588536425004157e-05,0.3260500926668108,-0.17555119326899912,0.041009516103006106,-0.0039393317906226905,0.013285316691430075,-0.04911240351599444,-0.06787197015688612,-0.09786997823821919,-0.1432903155601351,-0.07641970785902835,0.11447908355279117,0.1356678169997397,0.33825709405708904,-0.014726620985068653,-0.27076283379023164,-0.056874200104487835,0.09766088030414254,-0.278018897599131,0.17757138897808405,-0.027685096445797693,-0.1222199589064525,-0.08164846674227876,0.15942540216549614,-0.005893080195093281,-0.1526831562779616,-0.20988260573255849,0.10364206153098762,0.12789220055581704,-0.0019060866915053382,-0.039123832619358284,0.23424034370494387,-0.019068967492052113,0.032630961028188105,0.4187374323454944,0.3381692337392194,0.1350398080195369,0.0037124711956696616,-0.02770359063894739,1.0,0.11518350228198215
526,-0.08368071254903499,0.039862901320679496,0.0257553709336462,-0.007649042861276557,-0.06216340670589437,0.27555754574118785,0.0002688848967572564,-0.05121889006386916,-0.18834789490116982,-0.27037110780535784,-0.014589440026491832,-0.17683336147285292,-0.23630615543023428,0.027491518919383676,0.08830627845017326,-0.2922683775961989,-0.13312080282110475,-0.0219962914414523,-0.28104385269329757,-0.005821889632985196,-0.10180928123381407,0.18001591913420212,-0.1329708698316828,-0.1683733338349906,-0.12292535859749157,-0.1829867749476032,0.1117682839682612,0.24360216827356626,-0.008953777024749778,0.08108640114393105,0.15353762699400475,0.1318377523777632,-0.34077901159197654,0.3092465496877526,0.027474017238444153,-0.15667494053471429,-0.20191055966773427,0.030772498452076198,-0.22660318468021323,-0.19999703064580185,-0.07550094210699826,0.028439467150411527,-0.07103315575469832,0.16469389426924408,-0.21098635398396076,0.08482707772948857,0.05261910842092017,0.12625871376635875,0.19514786728287215,0.022665492679796135,0.18550019139138135,-0.022759866286904656,0.0568380791969412,0.15593477108978282,-0.19069620862441877,0.002500451219813175,-0.10302174640037652,-0.013206112507885559,-0.12169531547138265,0.03866752797622733,-0.1767789193862656,0.04510074528610607,0.03962918864989129,0.029271966031834122,0.0536483882603974,-0.05319184135305144,-0.03335314881298923,-0.13342954627015774,0.05268628207629998,-0.023099004759671016,-0.01606952871894669,0.12658840244433134,0.07751436569136205,0.0697207143423349,-0.0968791134518825,-0.16978429264585576,0.01952211058865706,0.008343384743021614,-0.12105734453081701,-0.1115425675427106,-0.03426303463478748,0.14806223088811546,-0.2395586830223153,0.004395367828083034,0.02286389802773108,0.08469521994166555,0.09120764940411191,-0.03212835287161763,-0.11748664452980004,0.22647044198635355,0.20062924485982817,-0.011600929405888845,0.09397788311627418,-0.046368646502437175,0.1521327602188906,0.2075117567784844,0.18046786116271832,0.14737208975684266,-0.05859938855874466,-0.03456460404451099,0.3200212438676815,-0.12216890882643085,0.0481005572476632,0.03708637717327842,0.10393636517747316,0.021748086706512324,0.1628091324677984,-0.10040890256868246,0.021569873153254992,-0.04835512873200233,-0.2612005071286268,0.024716056146847794,-0.05340029966997271,0.20667002805039625,-0.08535182958489843,0.14861208331112344,0.030881029241210715,0.21898490694525388,-0.0055504218906711825,0.1862097537992104,0.07392706987976347,-0.012913660216351366,-0.0895856528618604,-0.006618980904571792,-0.028232473329557285,0.14277655031799785,0.024655128065705807,-0.07451581236554745,0.08353894695319447,0.07230011228202075,-0.25027248850414624,-0.1536920964761896,-0.12599346383459303,-0.16286638199001635,0.15415553019611755,0.031235533153188784,-0.021223476167915003,-0.19893245810232277,-0.018669852925226302,-0.1527796749566629,0.014525803080950672,0.10829115315791603,0.23525101632581893,-0.0054682739924658075,-0.19424007678637462,-0.20809543083721116,-0.09009461526816918,-0.015903207095007796,0.17306426913439546,-0.022839023475574916,-0.11495594822465963,-0.1721355414241293,-0.11753280664007805,0.08290788903594748,0.08543161296627451,0.10527260741912581,0.1093056365197676,0.1842612097845978,-0.1270948207893962,0.11553925491163784,0.16812717477832528,-0.15156787343574488,0.10905801357560505,-0.17803962899477407,0.11518350228198214,1.0
