,2,4,6,9,11,17,18,32,33,35,41,42,43,46,47,60,73,81,89,94,95,99,106,107,109,115,116,117,119,120,124,125,126,133,137,139,142,145,148,149,150,153,157,160,162,163,172,173,177,178,189,198,203,209,217,218,223,224,226,228,229,232,234,237,243,246,249,251,253,254,264,265,266,270,272,280,284,286,288,291,292,293,294,295,300,302,307,308,311,313,314,315,316,317,318,319,320,321,322,324,334,335,347,348,349,350,351,352,353,354,355,356,364,375,376,377,379,383,384,386,388,389,394,396,397,403,404,405,406,411,413,414,415,416,417,419,420,425,428,437,447,451,452,459,466,468,473,477,480,484,490,491,495,497,499,501,503,506,509,515,516,517,518,521,523,526
2,1.0,0.46902921858305724,0.737246845100956,0.4819354996436415,0.40002289549952413,0.5190048606661382,0.5115570533632354,0.4287454283302966,0.4692214368083454,0.5418827743768616,0.4390931337578007,0.44630630202854094,0.5692730337350976,0.47703620501925836,0.2616175737044331,0.5415790085353025,0.3948541583209587,0.4178837745621574,0.44994788806934327,0.4680709699432891,0.49222367399130773,0.44382281416304326,0.6341623223667856,0.4185281265643748,0.3653478036729264,0.3553946596091579,0.3692069679790324,0.4634134476136672,0.5234200074888291,0.3977758897502366,0.5413898045766089,0.24127920572869102,0.44867589046733924,0.476744582818838,0.40216867182566723,0.6865776302882332,0.4681928503679428,0.44705193638581253,0.46001731145418745,0.41015122065286846,0.3801513620810389,0.5619435589578422,0.43392099560673525,0.375333655629632,0.5167159278567091,0.3342352233070414,0.39675100451915546,0.4539091395352193,0.2847249592500283,0.46809938340854984,0.3129657198494199,0.42702893444016976,0.3526117608411965,0.26254996411517084,0.39871272830139187,0.539800138678404,0.46856451477934213,0.3452613978158715,0.4477508373476186,0.4256247216144531,0.4215584469768142,0.3146743800880276,0.43060577439537984,0.4325287478566699,0.3136910382677113,0.4817217373890096,0.4306601912053642,0.5488987271368535,0.29763374752175853,0.4387166423338218,0.24941950226103982,0.3689609966733478,0.4382231587433642,0.42459364500269015,0.443188511356488,0.37451197896885957,0.34306705623024436,0.425963611718012,0.36380632482081426,0.36902205266702626,0.42747794820858154,0.5602890587837057,0.43734311557210426,0.42532905159330536,0.40676994062653915,0.36310024316998274,0.5911551477487204,0.6224386435270977,0.4303376272318511,0.3637790600587929,0.552652511496896,0.4086538276113609,0.7388215490150745,0.40255278613386175,0.4803405413114479,0.6201972966719704,0.4355545136667917,0.575077212399016,0.7635447701366476,0.628747169799732,0.33324703747750184,0.4971585602647058,0.5234965927168669,0.40971274659158285,0.5298289473952625,0.703899447541092,0.2863820817202635,0.6919850677566323,0.5306780429184315,0.5773096679891413,0.5203395605032423,0.5885191839875799,0.44418763694954605,0.5020591338815271,0.28326087770570385,0.6420953937190316,0.37220262008481575,0.4333792205053474,0.4599086284218198,0.44347530986497297,0.4879180286770088,0.380509184521446,0.3497478804076478,0.4813635702205732,0.4361853549268586,0.38066981703750763,0.47850843880100097,0.4215951578561799,0.22869308186307397,0.4394449979280539,0.45779965258888133,0.33786998273608326,0.42288466676235836,0.44536460000674727,0.332093898454594,0.3787042809304099,0.4187081271242106,0.44888361108419994,0.3406274377304833,0.3137396357061573,0.4725073059099645,0.3405876694940444,0.3138059575333411,0.4963988071419682,0.5380165918816714,0.3625001780168852,0.4229578971132337,0.2747996522352499,0.4314895303701603,0.26483914843094064,0.5418448871736753,0.5127204446024246,0.5924309660510108,0.3517458178427344,0.41619477737992217,0.2862559058722683,0.37298837208368923,0.19853534606047013,0.4233959729538518,0.456346814657952,0.3231851111794168,0.455598755261054,0.49412208140749897,0.3835838615829931,0.3246202121239848,0.40664890252914127
4,0.46902921858305724,1.0,0.5045476187872908,0.5995006176096208,0.5064313953140543,0.42271020491257816,0.4360826756093923,0.40942726033329424,0.3838334437454597,0.40235395118535805,0.3931471375375073,0.4491406932016833,0.38492908077864096,0.3525808820136318,0.4492454873184039,0.41021097345174595,0.4045040897071237,0.39852904019525076,0.3556210578642252,0.42496574773296364,0.43779087871237476,0.42227934985705695,0.44938843260402417,0.455562301180398,0.40514683732476175,0.3025051181853587,0.48355374999250483,0.4155199843152273,0.49758712572117153,0.4839562986749907,0.4397551348028835,0.4960041251966584,0.3583894596216729,0.47766621009787846,0.3846955306505315,0.4927520984452125,0.4247626127179762,0.42030768137792757,0.38941357061779436,0.380960047603508,0.44673633834747595,0.4326388864203418,0.34753033604364364,0.43607753436184704,0.3935495541931011,0.43173330854882697,0.6004924618902592,0.521899302182901,0.3937086731424186,0.4215061581032888,0.3093606300437215,0.4203708582911895,0.4555561998620805,0.4288882019158238,0.315408596944224,0.3948535139425352,0.39629119199025714,0.42135350749264683,0.4056168596788182,0.48591681463301567,0.4006254420116389,0.3458136311015317,0.34473489339034774,0.3603434363803302,0.3730786593387716,0.42696702338579584,0.45857349833215116,0.3319987847481908,0.45163308189719464,0.3553061007960051,0.5464145794590805,0.2956273130772987,0.37532022648375923,0.4136366277600141,0.48147073473557167,0.3736826943744739,0.5007578415292425,0.6292714043990795,0.505125168525751,0.3921668448939147,0.43902644402476276,0.5112118881733537,0.45447002575991696,0.5068515938431019,0.5405687872390099,0.43843006868956097,0.3723610269434733,0.40800773814998237,0.3976394556987617,0.4682814833165331,0.5357104994993267,0.48246489638714096,0.5201249659176366,0.377181884615634,0.4333913959345161,0.4952587062601045,0.4221261562235508,0.3967057668318632,0.4906687364730774,0.5028595269340377,0.3979007230106878,0.4003644961497352,0.439849945545034,0.4023967273314854,0.5214319928902695,0.5285533835558115,0.38094199016196223,0.48079403862166864,0.40330678945131615,0.4831207692442087,0.31835788388880604,0.5104500531827343,0.4951417133948451,0.5391846518004917,0.4134572737249935,0.5886684066998054,0.4174099783469511,0.353672458430577,0.46638560524556455,0.41992776351487054,0.3514675080434442,0.4326113581882296,0.44315936965788993,0.4113987200025975,0.4143948152475363,0.4673072578143356,0.4108779684689797,0.32812675518097084,0.45705272589991497,0.5030675164841467,0.39514645898144996,0.35204008193840197,0.34797908649704035,0.3979398429949158,0.49352382986267956,0.44943794319494623,0.3923296535550771,0.40309925467742835,0.4586593419609357,0.4686235526403842,0.3799440035691379,0.4079562725280416,0.45285850264958727,0.5008081608763592,0.42901152713960855,0.2853470345910272,0.3706300789965883,0.47323610184819276,0.38533124897830634,0.48315395589368887,0.4370961826483971,0.4316985617614911,0.38238468417401805,0.4311030671847243,0.35714311362188933,0.5026203761316603,0.322135435420396,0.5231053469854001,0.3723830618012589,0.4699205250318738,0.4170905170744444,0.3261416865760124,0.4314238248462162,0.4232488003107747,0.4350798290429651,0.4396241359090153
6,0.737246845100956,0.5045476187872908,1.0,0.46165246638927654,0.40548311055634556,0.5046974843900948,0.49543393611454134,0.5759545169067937,0.43451752039746316,0.5871607563846889,0.3968394165103877,0.39398774744943077,0.6421558090921728,0.33605382786532567,0.43700958695346687,0.4277252346628837,0.24039093369692183,0.6172420853332142,0.6302866219879778,0.5961611390849497,0.5929500266931687,0.5180874900996835,0.6426596028843321,0.2234248321956053,0.4167104590806787,0.43965210102658603,0.5912115843033632,0.4559165254469369,0.44446336119577345,0.5006935254975468,0.42199755284859214,0.26626130478041266,0.4716052895860655,0.2445200724337083,0.39841919803745685,0.7209166508458726,0.5471721009123112,0.5802745541695455,0.4091799389572732,0.5978233369358225,0.20262783841697163,0.5694440437318904,0.5420066088095841,0.30055331125940515,0.5999339486810661,0.34939666488398646,0.4804233630704468,0.5839201303434575,0.3670858991637218,0.6123085299925239,0.3695066224488982,0.5393115229533426,0.38743194347482657,0.3156230309792373,0.5264710557650639,0.6163686047847615,0.545409510185427,0.23532310247837324,0.3447147145394572,0.4208896613447797,0.6573327091316805,0.25662009016853804,0.5583637058435974,0.3574315986007891,0.4761230306767451,0.5723758957396661,0.5270075116877542,0.3940422772791316,0.26803574626762156,0.49003164735814186,0.3513822648360859,0.3420602943275006,0.5184663448260367,0.3040008379709133,0.28633208095594165,0.6152538807295066,0.3240664216965534,0.5132729508600419,0.5166192891218215,0.5786040005921465,0.4832122778183471,0.4403189701191895,0.22155114431080408,0.49591934263826803,0.4627221548417409,0.3418298068085902,0.5900967078591509,0.38073940565094105,0.6497978260779167,0.40046212102269896,0.5981692795327891,0.6419083609125957,0.7237008124751001,0.4937900924332578,0.5782373515120864,0.6416163810300493,0.5182430312342898,0.5980806892806748,0.7827700446182608,0.7391947581620075,0.3292675587528774,0.5867660101619704,0.5468931125909761,0.5575716429429785,0.5071763583937151,0.8156777488237626,0.2864403599408007,0.7427204163377922,0.3456580194166916,0.5972112922859842,0.545417249903521,0.6319573377838452,0.22481062458321904,0.37773656064416117,0.36918627727315934,0.6555875591810902,0.5045189843394636,0.33451101999110244,0.33315341442022817,0.6774131293282455,0.5526105702855699,0.38223330931585586,0.350164594035961,0.48815426652942306,0.3415078664976568,0.3190399965062142,0.7033289498145388,0.4495317492093466,0.3389961312333336,0.222996176710882,0.5082236655063846,0.2806384926732042,0.5433699017938765,0.26849952538283306,0.2835536106072457,0.25193131974109195,0.303143800348513,0.5758287693240731,0.16277237477430473,0.21700881978494907,0.5365839418735509,0.29507018757694903,0.2875179531538443,0.24167858541718495,0.5891963593529218,0.4999846547265314,0.46544708513352895,0.23798841088724482,0.348490005109665,0.13535900603974355,0.5866004660510175,0.5401217004290717,0.6697769465606025,0.25503685294194844,0.5667492901394302,0.3924390425314581,0.4771671668513773,0.3757614047661991,0.35059329512617043,0.19752367696165193,0.23018646677827495,0.4714172922052807,0.5337838733375209,0.1739475675160764,0.21734907565415046,0.2855434650767289
9,0.4819354996436415,0.5995006176096208,0.46165246638927654,1.0,0.4708415426724353,0.5105138568652646,0.5185436993502768,0.5725650879035593,0.4942147733673077,0.5327319655172219,0.32216867154554274,0.4106037913561794,0.5679789489760594,0.416797443321141,0.3278109007151693,0.4684385483506467,0.3706208798900239,0.5580197564796299,0.4861180150137653,0.4234746007615101,0.5588909811969701,0.5073466713340644,0.48501198661396483,0.3272380429843936,0.46858032140819217,0.5327441018553104,0.43984275599475725,0.37822156770663107,0.5381900587877871,0.5073835448338869,0.3753390296530972,0.37001569318370375,0.5253184453839492,0.32729642097737105,0.2956145583189024,0.5486611597065507,0.6078295914056037,0.4417278281679713,0.360258248787224,0.5478084942487956,0.3233025672289207,0.5821827689898983,0.5483524886009039,0.28803361446670117,0.5457395214687545,0.4571967781284435,0.6839750651522162,0.44167251845983263,0.5300040760273959,0.5145986313530645,0.39730202756860444,0.5260178429685427,0.2846958876452018,0.4077181820416541,0.5060509450676527,0.42223771772319363,0.49369749300256793,0.3361387306181627,0.3999900922728824,0.4607087498849045,0.5601444352948834,0.29084259674456314,0.4716916088832256,0.3675282219687418,0.4947112685726752,0.5634768318736343,0.5933970907764397,0.5603052166159851,0.4496133075911001,0.5096780370647478,0.3439524355379079,0.44119758371537504,0.5245529110346947,0.5235516689744943,0.46761552693599007,0.49892061486511236,0.379849773966603,0.8260594994472765,0.4941070488134635,0.475017845141045,0.5787920800439725,0.47872913328766953,0.3671045982333672,0.4809519454716823,0.42159776574702823,0.28419528236138375,0.421485761199619,0.42939715734844236,0.41442636675841754,0.4460752436611093,0.3460809565206091,0.5006204386064119,0.5591937425193585,0.4082473638433787,0.5236754340469405,0.3814541733006913,0.36659984949550295,0.4925263217369725,0.42572418905704207,0.5404630939652273,0.3091442556036663,0.6242541279983188,0.5403220233486611,0.41008730672069427,0.444378285845313,0.5072426961808388,0.2827247826323186,0.5674152369140364,0.49833500815558684,0.3692065834305458,0.5340191224691978,0.5062191273430222,0.3750785982043528,0.45848768989181254,0.410609236637521,0.5121295432190704,0.530007040018843,0.2557765845513778,0.3112342945272467,0.4796509908619098,0.5825203669239113,0.4794100743615317,0.4951468688004751,0.5983068160663161,0.4646981922142152,0.3753311839162472,0.5610537403503183,0.44773656915147875,0.30601876056179456,0.3169857431496008,0.5901747205814762,0.46482119223162066,0.5730710947636218,0.3923837210322336,0.3288017112008703,0.30418034387792237,0.3207763424036598,0.5904572209804606,0.2977883432110645,0.48227698142611775,0.415605213710521,0.23785793437886316,0.29589080839761106,0.36494400566810375,0.6482960499995134,0.5149422092392614,0.2527021748872201,0.2594165802532066,0.3574565598732246,0.34531990606945184,0.5005921040461343,0.5352414336176762,0.465669809948164,0.34017238710019804,0.5485480146096672,0.3701565104477593,0.47166207243912994,0.36704334061426286,0.5175189268706144,0.34910404628350655,0.29229914924996264,0.5644344005578056,0.5034540610610055,0.3825987772606746,0.28903410266469237,0.4043410401887234
11,0.40002289549952413,0.5064313953140543,0.40548311055634556,0.4708415426724353,1.0,0.4439000799220054,0.49374737727947476,0.5640650862158392,0.4804537025528511,0.38143166284272156,0.3150058965778565,0.4948858057729173,0.35388907736984876,0.4679692075288291,0.4321489166214463,0.4455959251526401,0.49723097418515894,0.45509457191388303,0.45626204111994145,0.343293092806789,0.5155834030069981,0.49580131526781523,0.4162124298225578,0.45741619711809023,0.44818717929140767,0.4553234152159136,0.39887415584261393,0.45856575824566403,0.42601010591164556,0.42523759581066306,0.35579984488438837,0.44670016663761736,0.4450298788278537,0.4072109592732116,0.4079971195783828,0.4469480251394927,0.47039187689468287,0.45173279770669805,0.34996206281218495,0.5027080023064419,0.4506572428099179,0.48186956325722413,0.39638224586866816,0.5069399782117934,0.46642393806974436,0.4636541062531062,0.36422487056266595,0.46324470607201584,0.4659890626464148,0.4216294642795646,0.39200403570168385,0.43691818349205636,0.5654325051730238,0.40710137131316954,0.4102534292040215,0.27802183919816303,0.4170385010439327,0.40846638075714203,0.6076469192760293,0.4763613248936195,0.44289191003509815,0.47776757005875825,0.3381091008391623,0.3376350340934287,0.3689627778662733,0.5339872587402569,0.5298504792150242,0.4338174931543807,0.48562029465695683,0.48327519818784215,0.5257995321153934,0.4892395378007839,0.4098836500432733,0.47956590081517797,0.5043028998068444,0.4466415437914786,0.47629693585298566,0.4773826532928212,0.41559622018724734,0.3729539021660212,0.5399041068768095,0.3155820023142699,0.404424603580406,0.3781153031167038,0.4871984888661023,0.3601664397265677,0.33416100466383625,0.4214528438366518,0.3774867682362947,0.3079182232915787,0.4214709929412751,0.48689584365718247,0.46758877527166204,0.39753024412736104,0.506622220996087,0.3370064581828836,0.4421831777817963,0.3538660522368252,0.35830349107558035,0.45653786569507415,0.31407376803015574,0.44319953579218846,0.4498757096722865,0.4123485637926815,0.42936032923196205,0.43846762127158867,0.39074273609400223,0.5290314475797008,0.37657712981303093,0.4141560983304293,0.3913580419087352,0.46425581441386604,0.3977467110495777,0.4273001897241453,0.37154392784153994,0.4613907193232024,0.46679253516367447,0.4068548201875124,0.4706519299522642,0.4352794414419038,0.4407402158865212,0.33457685835805595,0.44824375285326196,0.4707693520835622,0.4619588987230524,0.39236698093452055,0.4421457256090209,0.47778864294785806,0.4888989756881977,0.40379576091653435,0.4268312478023669,0.47204861518317076,0.370922288811312,0.4484525989692312,0.48163865699497677,0.45976698878618216,0.3894588014798088,0.43051176762695986,0.42971416349459757,0.4565522085839717,0.35768821062910827,0.3485231218479271,0.6550660475864017,0.4240689506195484,0.483975970299241,0.4761975024859074,0.4054244822499764,0.39823678870410945,0.3833549460224673,0.3915585561419124,0.40852591061536925,0.4867676005000723,0.41760638526587557,0.6146967684786824,0.38726476411017163,0.5046173571427623,0.41134591495663375,0.5673049195219422,0.49755117272200877,0.4370880470410591,0.39209370767406826,0.47185050080008706,0.37886016920985327,0.45663033206042725,0.41817501167943627,0.4586803628543216
17,0.5190048606661382,0.42271020491257816,0.5046974843900948,0.5105138568652646,0.4439000799220054,1.0,0.7577671972901863,0.6242569986941078,0.46332391208612933,0.6259601528746713,0.2849616248130935,0.3833703842162102,0.5283598454729541,0.4774252425704934,0.24274783155366705,0.4958759129847425,0.28319882486936626,0.5831770099861798,0.5735244698477405,0.34164056020591654,0.510888555459885,0.5603321269336738,0.4886656853964287,0.46039972503991894,0.36446569459059963,0.5413504753861648,0.4450417190376005,0.42100681363752834,0.5685573522441886,0.7741754628240933,0.3806069497340444,0.4240564785881816,0.559581798437718,0.3382148875350409,0.5174583428838497,0.5988158892966094,0.5613644147873478,0.596220449823377,0.5883476500687493,0.5565394434781508,0.3639962077393767,0.5813204220617028,0.41795060182049126,0.382831901050806,0.45910756052863666,0.4482058474322319,0.4940218418690267,0.598663474719625,0.5008668582811149,0.47546178440638764,0.49756809734982527,0.5945446654278446,0.3231683118451794,0.5943712098310993,0.526325721737818,0.40814109747733185,0.40368743263133666,0.18163186061889575,0.30973771651102383,0.3690084499395311,0.4372252551375997,0.29795596006039937,0.5467881512755137,0.3557614825455309,0.5178622944510552,0.6840301015895263,0.501421565193215,0.6415627883045747,0.31413172368463926,0.41372568728612436,0.17593933669698048,0.42024149318880943,0.6036299740264861,0.5720680879753997,0.5744845655538102,0.4928086595137178,0.5021151694949744,0.4527858532401998,0.43833374129310493,0.5210208005750963,0.597137345688174,0.5439779197665793,0.22796758823331448,0.4432546807274866,0.48756848264391306,0.5909148799690789,0.464370036445207,0.4738704351923674,0.5267254357965853,0.40255003799197697,0.3549704736272901,0.3740479016289943,0.6023871417952037,0.5798330595839921,0.6187925939976469,0.6839562599191592,0.26988165661085795,0.49047460435596585,0.5992026002136057,0.5767059930082903,0.2280112246702729,0.49648280204398665,0.6993028578806171,0.4498231754005386,0.399936655880001,0.42497742227732216,0.3295389837752203,0.5822706497104984,0.38036993038543165,0.2028784388618563,0.42110347865295983,0.5778972645344636,0.3134748790839489,0.44005087418252076,0.5732656504781717,0.5136720152252205,0.5745105682877237,0.44071589240537606,0.4068735101558895,0.6097852349038448,0.4613522903641188,0.3243330024690718,0.418224895591175,0.5819044168310004,0.5668434339070596,0.2329426107406175,0.4855880798320738,0.5366161441580376,0.2677175407077026,0.25004631752870166,0.7016117077598854,0.43572178212951385,0.4494687294707278,0.4087128014899097,0.2959771014697287,0.2165091285652384,0.32949579178251076,0.49604723181361593,0.3921724941129769,0.4608279245493906,0.471178452328475,0.32540356732606196,0.2682828168197432,0.33915409046793654,0.5344313536222743,0.5201483863758896,0.21050637356824464,0.44535159973031246,0.5794158460846275,0.3606333798909621,0.46812418876555817,0.45682793880664985,0.43434187669257923,0.24638204218356707,0.49523496330572153,0.37942076299622424,0.519630147612602,0.3547927256563751,0.5899183376870261,0.26830834345772187,0.17005259056004807,0.6279296791781225,0.5092240559069776,0.242881307992507,0.265665744025839,0.5514258361859431
18,0.5115570533632354,0.4360826756093923,0.49543393611454134,0.5185436993502768,0.49374737727947476,0.7577671972901863,1.0,0.7565436559308122,0.52295974940185,0.5667460990497071,0.21109653514587146,0.3576338612215933,0.6209606141651806,0.5248765712371145,0.21094882756964306,0.5272427638939,0.29414281111315904,0.6487565714704958,0.6674744930483626,0.3323650510185447,0.5672814600102283,0.623944081428303,0.5273682625338054,0.25079399473618336,0.4246756078746992,0.6601841221648703,0.4668206375048324,0.4380300836119102,0.6222226626922519,0.5197764789578142,0.42753241812607123,0.25676464915333225,0.6738383770470462,0.3787244532459669,0.5509433063992759,0.6203606595723409,0.6079199252082864,0.7337335448012468,0.35950373475870817,0.6476883626381646,0.20287699904252424,0.6059656942809591,0.4837852158155283,0.38433306307010984,0.4497178159454297,0.5856945039619044,0.4180269303891404,0.6490165698117165,0.5501651074551104,0.5552333847573654,0.5788860675275014,0.6678968721560847,0.32202532077608864,0.481079444441873,0.6822606885685497,0.39392289295616734,0.41659183336909705,0.11603536601650608,0.30311233219980604,0.4519903918983516,0.4823951778853644,0.36113615007450617,0.614212653966075,0.36241736272098185,0.6137862726188626,0.808973870409764,0.5310943362565612,0.7541618945643158,0.3014276495111445,0.36935763681706246,0.17107250195091286,0.4206480775610233,0.7078189683684455,0.7199634954639627,0.43223759106898785,0.5664217767296399,0.2534333262751847,0.4901969247964184,0.46092276493965195,0.5658928984998611,0.7133438614678094,0.6336225237180059,0.30368422616052027,0.4886345469598427,0.5555993930793526,0.37729307689934544,0.4905152372380422,0.5352944765915794,0.6092701627914298,0.44741573616636543,0.41374085495991375,0.390947927805102,0.7086245891467194,0.69467631647781,0.7349485920783949,0.5056057797678638,0.2726017410182039,0.5322787642456828,0.6352927751249585,0.6409645829428531,0.20206560328145773,0.5502415781956222,0.8563192762237015,0.5065251362750086,0.46302138282007727,0.4505462316147748,0.36951234355225654,0.6727126365716853,0.46616906109630374,0.20630972974086542,0.49183647491893745,0.4804721214055825,0.3596571189162444,0.4487587399795522,0.3755136568923532,0.5102258969829937,0.6887255204309117,0.5129370136323397,0.4175268783394567,0.6499708862903408,0.5325630986395542,0.3493671052337041,0.468650496575625,0.677021156525272,0.4447641016391668,0.2197774781942883,0.5324063791891608,0.5940305491646912,0.2766343906754695,0.23468998896207593,0.5432972242130059,0.26563891569686826,0.49984809433563354,0.241259280614632,0.2612872470410452,0.19479830902162482,0.32507888429291704,0.5387245554870338,0.17607821128832418,0.5562541328544215,0.5209779570536744,0.3839154363168517,0.24022157138714284,0.36164798586692765,0.6057934042584324,0.6455992753163655,0.14546164884773677,0.26867053124906065,0.41212557390332216,0.43004375139430284,0.5373149801498931,0.4801794746521346,0.4640393527322322,0.27328606573947267,0.5441991249491385,0.37636620369259144,0.6752295443434408,0.38935514910240376,0.8060928821611906,0.29997290603543114,0.11140254068487145,0.7779213702481258,0.564867900854485,0.25786389639066826,0.15437428643646592,0.6027670183959117
32,0.4287454283302966,0.40942726033329424,0.5759545169067937,0.5725650879035593,0.5640650862158392,0.6242569986941078,0.7565436559308122,1.0,0.6346086512468267,0.5916743477602,0.1339489498391952,0.48339231174170416,0.5438855189167684,0.44148895711656444,0.3082768390383578,0.49476019290644335,0.2524190640525662,0.8240508409555708,0.8042266438405681,0.43163752624512164,0.6678057404327915,0.8393572364900037,0.5367943888895976,0.18795106997173888,0.4289383816814415,0.6018407984238006,0.5420882626014191,0.5615084405256962,0.5990139173761225,0.458040229410001,0.2922753217007742,0.20131972359234218,0.5785905817939854,0.19689255471155936,0.3930743413233365,0.6658790902081906,0.609475937027402,0.5510097578702178,0.2753846474990334,0.8352141441305199,0.19824116584426155,0.620062886240174,0.3921721108519687,0.4850567827629005,0.5984671757894954,0.5227564689030118,0.3803026692255001,0.7533778457724237,0.5489044113190907,0.6790814965918428,0.41771416149828977,0.6808424758707979,0.20594111448715957,0.37152377271975645,0.5999861115697311,0.3528894067709479,0.5211990921404086,0.07354399591549372,0.27746567428914165,0.5424122365400265,0.7251108414779315,0.2590553842739303,0.5834704419097902,0.32181815351758686,0.5184516419348738,0.9066494153817638,0.6460939908806863,0.637628646794554,0.28238323338876636,0.4387632361401218,0.34576943197707183,0.47381645545655465,0.6648271242186619,0.6625352904054803,0.37259238536940176,0.75172055184701,0.15803883033319766,0.5848112290735774,0.5645681458575884,0.7139826666663531,0.8564723462598636,0.44975306145488914,0.21707891847351346,0.3973386454510468,0.5279060100979505,0.2826780160179436,0.3414276053392459,0.43437343986965843,0.7264971731306877,0.314725685870649,0.3961502752321886,0.5555990102241901,0.6851285121010988,0.5823776873688068,0.8705210683460001,0.38074352979054715,0.327940413235729,0.43302252634774085,0.5136654886793143,0.6281385322561429,0.11263210633803379,0.7092724260546376,0.7760910020656153,0.640498419921788,0.4492952813976574,0.546365633981825,0.22262745123303007,0.7676796721267106,0.3738348972162698,0.2050041494679531,0.4651565457901268,0.47571229549314087,0.21838881568331495,0.3784994841538195,0.2910738609458225,0.5531281895299401,0.5839425704247778,0.2969397295813902,0.472896255834618,0.7569995381017949,0.49781924683813417,0.32444220423363723,0.40449344559511524,0.6724082470555358,0.45835874812347155,0.10665110907785795,0.6914550983422522,0.5274622579321787,0.3514566421285188,0.13082476331402293,0.5914207615109219,0.30600444324079124,0.5560247760186853,0.2602031874906291,0.3339666571069465,0.1422110394143799,0.2693087766372752,0.6118632370415564,0.13656071312014822,0.5297240095175866,0.46484544117008864,0.20729907169963918,0.1692717840826312,0.27578828555852897,0.8300878730682606,0.6236962406543186,0.2739297708397805,0.2158691415708966,0.3048274646594332,0.304896936822404,0.7048542656495412,0.6720213482052955,0.5862499726135869,0.2423198555008706,0.49704747862496157,0.5360439228823697,0.5733762519279344,0.5288805151210008,0.7540129401055964,0.19242359766276526,0.035449354226419275,0.6958956752967731,0.47492999159938903,0.23957703863429852,0.128329705622544,0.47371546411867715
33,0.4692214368083454,0.3838334437454597,0.43451752039746316,0.4942147733673077,0.4804537025528511,0.46332391208612933,0.52295974940185,0.6346086512468267,1.0,0.5463878728788418,0.3607733417480671,0.6731287364293609,0.4311656897307822,0.7051114465259897,0.3681992538006066,0.7287243546789542,0.44155238617934756,0.606164552730562,0.6336923809584527,0.5895719524212732,0.6884003513401294,0.5657543874035729,0.49437631343352195,0.3297316672133519,0.3740230147319858,0.47367329997725804,0.38411556819096787,0.4996844954338771,0.43887288830181953,0.38709603097140544,0.2244222054876517,0.24526506789789831,0.484594216408068,0.2625290274876646,0.31286424286812264,0.5359187548856104,0.49712352880951677,0.40705922785725446,0.3493090848611418,0.6189631067188046,0.5056689335284924,0.5253144336688756,0.43028868909452356,0.4726903798229512,0.5912859657757193,0.41267848121315,0.3864828981386389,0.4725630402923618,0.36380538459511413,0.5769375569359088,0.3565789572196437,0.5691717359961671,0.2942471324266175,0.38492172679152814,0.46976812452588146,0.38326234876687937,0.5854970579260449,0.3201730186459031,0.3754654023413534,0.4345193161409492,0.5177707116832078,0.31830791541007397,0.37586315555948724,0.5049465980323269,0.41872914904523917,0.6076445104709205,0.5007234120967401,0.5608163681255932,0.3688995266177931,0.5009950866413935,0.35381306636055254,0.574104124328136,0.45989415017277413,0.506248020398861,0.43362993099542496,0.5297849167184365,0.24685076878616088,0.5129772690151826,0.45752796668700924,0.5053410604025711,0.5998762176121712,0.3555308442418212,0.27675569115755594,0.2574266398039331,0.42126078121258004,0.27280863133767363,0.24818101253507538,0.3589257068640805,0.4988402759492867,0.26663762624089177,0.3395284505507138,0.45670053387543136,0.4931377076428202,0.384278477479598,0.5574804854247761,0.3608557559607797,0.32333729717152304,0.31644443015107165,0.41592229825640803,0.46116378685966863,0.27085330800976115,0.686787024254174,0.4783517300418907,0.4610009212541577,0.33114341155502847,0.41183023505733085,0.20083668038274316,0.5629356868635043,0.30290920394682863,0.2832177844063017,0.37876817751779196,0.33947069895059917,0.27309721473776505,0.34149186136242127,0.2777502841437294,0.4485049497050255,0.34224999294000924,0.32453373815428677,0.47725397268029385,0.45931616808616726,0.4006177924965017,0.24934961066908132,0.545806843122014,0.6909414120101369,0.6279730063415467,0.17178053092081658,0.47662525459262706,0.58153224428407,0.44662525437478995,0.36752864497359056,0.5166777702136379,0.48233581765928235,0.5222048603110074,0.6478953637571194,0.644510147115458,0.51408138279346,0.3624694724623409,0.46795700086880754,0.3639679843127589,0.6045577784817414,0.45043271878872454,0.3279746712915512,0.23041524311297362,0.34072500039855885,0.6254936815376968,0.5277785798725061,0.44224792767654075,0.4204257318854963,0.32473123939584636,0.4472776876261353,0.5172829866955525,0.6615446402811773,0.47213485603783145,0.36167009514043996,0.336185568810593,0.540501917589939,0.36068933792934266,0.38298950785457697,0.557134155059568,0.28291903389185413,0.3168756896026103,0.5848217054727921,0.3348244622701997,0.4913570823029958,0.32507341561168707,0.35552297647616943
35,0.5418827743768616,0.40235395118535805,0.5871607563846889,0.5327319655172219,0.38143166284272156,0.6259601528746713,0.5667460990497071,0.5916743477602,0.5463878728788418,1.0,0.4044414453609814,0.3722221336785704,0.6885535008975898,0.4191238411905651,0.32630368428458656,0.45867249160994106,0.2626295925083164,0.6353037769146551,0.6159079603262656,0.5042728708331791,0.5495055419114887,0.5511298169656442,0.5467549181002784,0.2367097060405517,0.4940916119517818,0.528160955176628,0.4380211129692216,0.2611372760985821,0.5024186655725267,0.6294085598999519,0.26495124763327405,0.3033818193351149,0.5208379509955049,0.17154766920125297,0.3479386634241309,0.6890250313387258,0.6484995059113936,0.4959745673033392,0.4578204843813375,0.6146769099887378,0.24081489240885323,0.6251856665048919,0.5574527017051008,0.17663559498609355,0.562162354569369,0.43903768151902794,0.46806291490054336,0.4654637174061997,0.445823616494618,0.5906987269747519,0.3613187193042646,0.6117499779913095,0.263708471655129,0.4237697305974578,0.5652403082402626,0.6221652570606663,0.6488609938332351,0.2736618141738779,0.38110636424879907,0.378547097351249,0.6302139462057204,0.17099541735332519,0.5676389939063068,0.47079955070439194,0.5965303486272165,0.6037091238116518,0.5625918926583949,0.5519646912594824,0.30138560044514595,0.6357679364667728,0.26176099695925226,0.4481242579470721,0.5950830726060827,0.4584298183689596,0.4775526684972081,0.5649056574259024,0.35306299176070205,0.5437816011661029,0.5415283463860806,0.5631654653020771,0.5712573057779768,0.4795852740028872,0.1796522968173789,0.513225311893234,0.43842577705818964,0.36509125457398883,0.5043754644444367,0.4493543434369851,0.539738765451848,0.4197541714858778,0.3278256382725153,0.5051363572850158,0.6214605691421697,0.490412506059418,0.5571816593142629,0.5440618844586629,0.32230487582821565,0.560022671648319,0.6273559207023872,0.6040160247633066,0.24547350868259563,0.6277839617237604,0.6052406040812908,0.46905881524823123,0.3041893178291008,0.5413615679129165,0.1885417344712246,0.615828656695916,0.35232313182706765,0.274896446827696,0.6137995528779372,0.5649267221126459,0.21442946708331156,0.34805609363495704,0.4603320577726466,0.5365743922636607,0.5512629457541991,0.3266561507855601,0.23383480560390854,0.5865845865253346,0.5755889344542505,0.42173557620670665,0.3904442234477405,0.5999928431515607,0.4549836425465368,0.21388081882482202,0.6557903057239394,0.6128008462335952,0.2643147735554775,0.23540179483707763,0.7129123545322082,0.4641686455409371,0.6569737318006077,0.40475659808743863,0.24632862308461193,0.2101023410507406,0.3596232068115959,0.6242615256290318,0.25360758230995173,0.48084825701655665,0.5495090223104119,0.30638116257786474,0.19468872295331635,0.2414494900904452,0.6302889368450633,0.6046047627812191,0.30971455068602594,0.3722750890729848,0.42311512626239556,0.28093802188099704,0.4961061851172826,0.561666515415534,0.5813311422959522,0.247223390877976,0.5522304489112411,0.43533302304654575,0.49166368776729463,0.3273521586511433,0.49872097174386015,0.14904921167309226,0.21131596687025989,0.640753113236334,0.5721095897597273,0.27998832086694503,0.2159917484780718,0.2557103299368905
41,0.4390931337578007,0.3931471375375073,0.3968394165103877,0.32216867154554274,0.3150058965778565,0.2849616248130935,0.21109653514587146,0.1339489498391952,0.3607733417480671,0.4044414453609814,1.0,0.45396045956289965,0.40778032421420846,0.38975339941100146,0.7052542057476598,0.43883367512322674,0.7161796226429858,0.22233832769444062,0.27799801985019273,0.653441479597146,0.3058205898761496,0.26737494733395056,0.3991125602201273,0.5585702889957094,0.5262978786171777,0.37442488732757595,0.4462850856998388,0.43156487848989966,0.40486206254094953,0.34492980758571967,0.6326897318867932,0.5285410049143874,0.3424276093765982,0.6013251248523163,0.507896953267196,0.28216857242749815,0.27987416141418253,0.41082616878905154,0.5718606309792175,0.24010819300482697,0.526593824669595,0.2900986377683221,0.5656283188034098,0.4540885403886758,0.42693141210285895,0.4070123522200184,0.4601108786473487,0.2439370988668561,0.3136447475516811,0.4173365158573964,0.4226849298276868,0.23971142034237064,0.6047384232979512,0.36940606393902536,0.3260762209595235,0.6871772708181004,0.47021399448155515,0.81139607858004,0.5367343571382589,0.328938136001849,0.3067149165188481,0.5661724256400587,0.39848753201361486,0.6840818103780302,0.5430284020590688,0.0993412163026287,0.3235312694419366,0.3118896594383774,0.5104559212894592,0.4614284860023241,0.48033302640954467,0.5396352252852437,0.294275766535109,0.23937935694702428,0.3851551954253159,0.24955820927148908,0.5268264986201169,0.33108914475964335,0.3247819953967169,0.2923067308857732,0.12012172379470755,0.3861297708298312,0.5801001114473685,0.40035825273428016,0.3539183675179338,0.4798717191328248,0.584014498219223,0.4759132824478373,0.3038329095705903,0.46534731757651593,0.4652663567809614,0.39414151061013714,0.22049089661345267,0.36003897539208424,0.18328197482272263,0.356882211408853,0.5167552436047989,0.45851655648377854,0.37775277470533736,0.26399120141656285,0.8083245340176999,0.2283890221593784,0.2366334144071362,0.36914205673473854,0.3425513577962064,0.3679405388928537,0.6042497804866417,0.15189436584586852,0.4663452608886954,0.5746884322899677,0.4488045043404877,0.311557664278359,0.5268066480233407,0.523208544019203,0.4724549158697008,0.2487550084806947,0.32067260920729557,0.540328565454874,0.41002574906155415,0.25186594303369164,0.43526207525934824,0.49585380278519275,0.3566527910229854,0.24646534361343947,0.36201876818055334,0.6504312403936698,0.29799852274555105,0.49277108666986036,0.5447612099938844,0.7410759049816842,0.2990544757745488,0.5520391746218443,0.5550313178865982,0.5547198797978892,0.5384931533902994,0.6370696239267936,0.6365963316894098,0.2767943569886577,0.6480666526231948,0.45824928218918337,0.5967398577372396,0.7045097109482723,0.6053663861659004,0.5943656057161013,0.20967534579756542,0.42859042596023345,0.7452381960507454,0.5492050451209811,0.4392190514316836,0.6255988650774906,0.4021413619294534,0.49871695406106675,0.4045793569954531,0.5847632512623921,0.3774869328028304,0.48602579228545584,0.3101762668834731,0.3155578375722268,0.1835095461846182,0.586390130805289,0.8271964724966892,0.34765550160746644,0.3736055899883102,0.7043363516532892,0.6240459753173482,0.3876437253024958
42,0.44630630202854094,0.4491406932016833,0.39398774744943077,0.4106037913561794,0.4948858057729173,0.3833703842162102,0.3576338612215933,0.48339231174170416,0.6731287364293609,0.3722221336785704,0.45396045956289965,1.0,0.25785386162873497,0.6416022508588546,0.43171797139576307,0.7772398269300678,0.506112474466065,0.4255178993495121,0.4411971803073219,0.47218140451261675,0.6454005559443331,0.5774206343523156,0.39169625483339154,0.5551847681922787,0.3183868331907884,0.41353520183348863,0.3931434315126736,0.6975997783709158,0.4744200561755657,0.3000748502627168,0.48569364384794134,0.43482819117938587,0.40915741353294255,0.49820202534862623,0.42209106112543027,0.39192736101014075,0.3351808759381235,0.38454419387608835,0.4588175262364753,0.43703362030108794,0.7479686716853,0.37141659568756014,0.2769137720478543,0.6597503394529458,0.4885856945639959,0.3145725498236471,0.33422859756261114,0.552258485611836,0.3423767783114048,0.37582366459501293,0.33609864435333825,0.4148144374964432,0.39683723488119066,0.3544492191506957,0.35007537503972963,0.32855570035757264,0.3326521411069765,0.38878215656175746,0.37437042554400957,0.3977717149518193,0.3336357430670587,0.4772094090677153,0.3560681693166005,0.5649985230243932,0.28909912320648157,0.4540539913085843,0.3745450952807874,0.4088186509016305,0.4343698106867895,0.4187121158880983,0.4402148445104124,0.40256902355297675,0.3175826588782369,0.4285623993168678,0.4051979281575784,0.4266167547166411,0.41582774140152856,0.3430484291954339,0.318447518211717,0.3992822687575044,0.42639010388241827,0.36622059574805593,0.5013872272944215,0.22198621768733648,0.34199214880789297,0.41409824227053926,0.31403769298929063,0.44679119875327156,0.40488414057788513,0.2833595521327735,0.41726848078165146,0.4026634203907915,0.3433557983143366,0.35918250910167315,0.42670186999847204,0.3427171508322968,0.42243178135976467,0.29104479386235127,0.3655438875582985,0.363385064148516,0.3561249083438725,0.528182874544052,0.47207433230935286,0.4643436746545039,0.4059952031708025,0.38166080674412395,0.4560628643849641,0.38286015240432547,0.3645295653514953,0.39691334811770285,0.26698425223217587,0.26098268039475625,0.43713977514357705,0.5217222074410165,0.2856127808296085,0.3557978911673019,0.36433868140628034,0.45386345379498183,0.6832349126783137,0.40198180267625944,0.2782842598913582,0.26843495216563895,0.4754188919679888,0.6150845563357715,0.6662957783879491,0.35410941910465216,0.3347466885006214,0.31498411477314114,0.47840420855908256,0.5087416619222358,0.28558827297402384,0.36324691941525467,0.2571785436836169,0.6551905122146361,0.8376018891315626,0.7051239601220034,0.35477626536808693,0.3129226620458727,0.517678546266623,0.4681287569729611,0.414480973175141,0.357907990832407,0.4401729871842616,0.5569718524873352,0.40784871181881177,0.2802233158802875,0.5370903673762073,0.4482578656167363,0.40141985725224305,0.4641140420742944,0.5328427661782691,0.5038231918759755,0.3803566553429465,0.47767973232213634,0.20916882284528576,0.47254291489622063,0.28058884139483026,0.46723920784885786,0.38830268639466003,0.5396818772812885,0.4432231450723698,0.34643867936246797,0.17858768938408598,0.4802562967221,0.5045769144219618,0.4681905578938511
43,0.5692730337350976,0.38492908077864096,0.6421558090921728,0.5679789489760594,0.35388907736984876,0.5283598454729541,0.6209606141651806,0.5438855189167684,0.4311656897307822,0.6885535008975898,0.40778032421420846,0.25785386162873497,1.0,0.3911362251498309,0.308742730205941,0.4421875654807155,0.214959971152197,0.6863341001917678,0.6595546679889369,0.5088695996973525,0.5536388429138185,0.416442174330227,0.5935809972894037,0.19469229077391303,0.6629664465281857,0.6209026167297012,0.565163837209238,0.22670556042888293,0.6233814270580531,0.6302019885331568,0.3607113837173308,0.31290469246321057,0.6677831380388747,0.2911168249097218,0.46574101186853906,0.6661032716259138,0.7083952923321291,0.6885889424632552,0.5163586741428239,0.658255137014504,0.1775715289363162,0.6584515270888561,0.6625653369119859,0.10555097973864894,0.5979186468196074,0.3200625420902764,0.4389372275714079,0.4116000771425208,0.5330698690396154,0.537523858179043,0.47556722201752055,0.5945509770695672,0.28056129889307113,0.40651743919563693,0.685122988314171,0.6756125924692247,0.6386386811936521,0.2920233019204379,0.3460193049676057,0.3649006637611004,0.7626349543537173,0.27960554910672053,0.6777380285851009,0.4078008014278305,0.550417176539974,0.5637697487090878,0.5574559914111303,0.5225202653102261,0.250707299588082,0.41882131367535613,0.3614354265405157,0.40900633638586614,0.7164256585675234,0.4294356019162851,0.39285701553046626,0.6022207994259476,0.35322211747209475,0.5461306926670846,0.6401766762833234,0.5777351691158056,0.4914666032321334,0.6151194705059204,0.2833840058109302,0.7958614432721824,0.49041156363391797,0.31827158398474387,0.7694540476922154,0.5296655106377555,0.6252922938270168,0.6828427671124833,0.3892306003947543,0.6434567337910169,0.6392565322840994,0.6608518677130744,0.5124436061521042,0.46259737939748746,0.433337363054791,0.8468527618393362,0.6664885516194646,0.6616622076741743,0.3257812359022929,0.6168331389750763,0.6285917575577776,0.5295780739586704,0.28750615600327273,0.6008505948260591,0.27655764761470114,0.5418537813383193,0.4608962685066742,0.3308295739882986,0.8328352236613128,0.548746689633528,0.31036775696609986,0.47298528267645545,0.48802343284120964,0.4722563032464822,0.6670086222640441,0.43206222101210956,0.1712414804501698,0.6400886458515068,0.7957320821158973,0.64628126586855,0.4189673527069899,0.5962350317348907,0.3501797435121222,0.45330360451721863,0.7820757310921846,0.5772736541969259,0.19485515895976452,0.1945080916244586,0.7722856053398663,0.39893011875971074,0.7713318349082319,0.2795935291798173,0.10559888780689462,0.1487722188133531,0.31701877735085776,0.6396874276613495,0.1271436490938537,0.351877218931549,0.5622183059493242,0.2782000125145945,0.21204679735406345,0.33282970567507486,0.6829321384225584,0.5994512447853049,0.30093206198309863,0.2404059494296235,0.3907064169576203,0.13817561902677225,0.5269127746885104,0.48918646979982705,0.7270189379119123,0.1541630507943066,0.831614571281729,0.3581334413705077,0.6371203178148441,0.3013816768842656,0.5691528201894445,0.26963868231018856,0.26712622819088166,0.5409789951371118,0.8409330577949823,0.22082184691313891,0.16350420106843278,0.27136729180608893
46,0.47703620501925836,0.3525808820136318,0.33605382786532567,0.416797443321141,0.4679692075288291,0.4774252425704934,0.5248765712371145,0.44148895711656444,0.7051114465259897,0.4191238411905651,0.38975339941100146,0.6416022508588546,0.3911362251498309,1.0,0.3400052408578563,0.6952657066064236,0.4514097124308252,0.39672004375746994,0.4031397200330155,0.33997825888245226,0.5332990708239832,0.47026274044491667,0.4641426308009988,0.4555150423540333,0.359501870034923,0.4968075104712184,0.3264067840650734,0.4941907041523801,0.41679251317389066,0.3562704923585761,0.4434833343705513,0.3557142561697728,0.4224275288935029,0.5059567463885848,0.4510350369649896,0.38390852214873966,0.3725561573285356,0.4251284025883632,0.4025416705812185,0.4264645263304019,0.612919230587502,0.4676192956720286,0.36731720879268476,0.544924910158562,0.4652536348677194,0.45349719637551655,0.37340838440764257,0.3471706989967146,0.487396338731492,0.35995119486768967,0.5427475002959778,0.491193966565333,0.3717362611216405,0.43117525365181697,0.5102802719850383,0.34725288942275195,0.43567476536581445,0.38833342911530716,0.49068270666426106,0.5088743199433614,0.3730900434717505,0.5231274854230981,0.46690379938385906,0.4119876266054775,0.36869046865863886,0.4654191821296454,0.3862145700529571,0.6539303817772333,0.40369541434208844,0.3694412601959042,0.35291933158401895,0.4548568842302939,0.45649114873446617,0.5475748995088763,0.45800490427892104,0.4605469392337421,0.4178043055706063,0.39606295315719864,0.34914332220691396,0.4052952509161354,0.5380259173180368,0.43578473493599257,0.4893374335629963,0.3380342611269437,0.3610357441609048,0.4101327731800305,0.330610904231655,0.4137670588957538,0.3605330257056952,0.3486898633777113,0.3902203658525883,0.2940496950235821,0.4496148070857607,0.37141444020747655,0.4517248588315754,0.44713099879860574,0.4302074246705102,0.39480169557973943,0.4319848581368054,0.4076932910066403,0.33755147118119283,0.612991097361318,0.46406488749809227,0.4959545783769857,0.4583371293618277,0.3451329157255261,0.4198739609041118,0.4979180177799535,0.4713392404789597,0.4140779736460467,0.4537187758418149,0.3630390508575306,0.46951978458878596,0.4348623039931254,0.45706149297412235,0.43731269092836633,0.3712363771436983,0.47015546728720103,0.48854231720197994,0.38552907999553676,0.38598465626166617,0.3500586390117263,0.6175281875194519,0.6645068944216396,0.6178634743851416,0.37072076289206596,0.3749057735124668,0.5228670593826257,0.3913874367513311,0.4156299015144218,0.3717069255282705,0.35050413860872,0.29204571866123186,0.6229632725635946,0.6586904822437895,0.6541177111129219,0.42216834004437975,0.4080164732387947,0.4192179598682956,0.4723732296749408,0.3512706549598916,0.3911627886393884,0.41598564727430787,0.4870927438928425,0.42812492080981435,0.37854501314993705,0.3581449468659799,0.3775921296840655,0.43927918616927625,0.49771628913216415,0.34114176296851806,0.3354549797261481,0.33055172168377744,0.4854379859889165,0.38298372237887623,0.3724342773900709,0.3676188871052898,0.4541251898955099,0.524041266976506,0.5020507293858995,0.37831414692775966,0.4597724691888131,0.40088792631817183,0.5252331408567819,0.4450401869012778,0.5517305456979351
47,0.2616175737044331,0.4492454873184039,0.43700958695346687,0.3278109007151693,0.4321489166214463,0.24274783155366705,0.21094882756964306,0.3082768390383578,0.3681992538006066,0.32630368428458656,0.7052542057476598,0.43171797139576307,0.308742730205941,0.3400052408578563,1.0,0.21141164514957006,0.6712599911127598,0.38885719227422494,0.36573604039454205,0.6436980179530284,0.45381828015350356,0.3828993466217444,0.3155069794757987,0.4932448112372022,0.4875426190616707,0.31676605234339944,0.6627276727260704,0.48278394239125766,0.2788942208228651,0.3515028863466099,0.49275996525734944,0.5793935719732671,0.276117074466935,0.5323397789710435,0.4650740316665229,0.3140040272970125,0.3154098418046287,0.285027593617838,0.4602091198907602,0.34445111262144346,0.44746848476147705,0.35111246607669283,0.6446358534782952,0.5219582722827287,0.36980549091808257,0.5022921260578347,0.45190703343036165,0.3775321568540847,0.4010595011077929,0.5171987216889138,0.49571808060204653,0.3445898225441295,0.596451249268158,0.3536952746337307,0.27452279916086864,0.5121544180163129,0.5579716826258372,0.7160291485560036,0.5084671778380898,0.5516555328820578,0.451784790885298,0.5144882685974611,0.30267782936007537,0.44195174350865113,0.5381097675926121,0.31418755507083096,0.3863369803702734,0.1919952273254666,0.6091043092230626,0.5368180643535565,0.644848477636273,0.515009115667414,0.23807627209796156,0.14385037250671678,0.3842152305479371,0.4610071773261651,0.5006745322059027,0.38808420986712955,0.4992094742036213,0.39448285248726,0.3040765375004568,0.33886850240071964,0.4529771805074886,0.42295452721601595,0.37077945264758205,0.40959746557707094,0.4551555054174647,0.3157107341368983,0.42432985628712905,0.440073401045828,0.49020181969748416,0.5957889850344876,0.19365067522635732,0.3052905991548089,0.3530523930911617,0.33776008200271385,0.6922408210902724,0.3402274754908764,0.2932043956204273,0.2566329206581286,0.77989720683924,0.3444985091892243,0.1944699484925657,0.4374768256868308,0.3379520461939827,0.3964620561421314,0.5356301195457942,0.26132348844839837,0.4143468555771545,0.569023205602922,0.3274182838084929,0.37341479188043286,0.5020263858320004,0.3841915990869161,0.5121100103340009,0.41096681392282103,0.2973917242230021,0.5083762596475455,0.4399187706531401,0.3923938412308584,0.35446265377429365,0.38766230257324863,0.45894373490810964,0.2030788768711012,0.24451559907196116,0.5747889806443286,0.48618139540438055,0.3839633529217616,0.7053150882208564,0.5941956499314156,0.26475364450947414,0.5046133246168294,0.4877039176413963,0.43479434707594766,0.5191509675751662,0.5686276468301401,0.6013091592862516,0.3929532952553393,0.5965255457034243,0.3966072524420299,0.3996950631568388,0.6102494034172765,0.6308772397760238,0.3964952706836338,0.3509713517848182,0.4289286667479696,0.7245071548810809,0.4986667624688176,0.3556989345210165,0.5457625455596854,0.3857903250240198,0.49556066701051804,0.5272812816133243,0.5140330508475605,0.4129474211773285,0.5768907830358685,0.34929929637771395,0.5574966246997866,0.21151809026919544,0.49682805494694166,0.7391355840726013,0.36425580727611595,0.36263786275400883,0.5895506243025406,0.6107293533643863,0.35807889795374526
60,0.5415790085353025,0.41021097345174595,0.4277252346628837,0.4684385483506467,0.4455959251526401,0.4958759129847425,0.5272427638939,0.49476019290644335,0.7287243546789542,0.45867249160994106,0.43883367512322674,0.7772398269300678,0.4421875654807155,0.6952657066064236,0.21141164514957006,1.0,0.46409177991517525,0.42319632079504466,0.49233739940579857,0.5094045671401297,0.6454025042229584,0.4293525401720054,0.5144076726940763,0.48487757007329246,0.3943309749476432,0.47756008973568564,0.32992348024148993,0.5529572390932482,0.5513835037634334,0.38841867684908077,0.4664287788810877,0.3177165159935408,0.48162319247064844,0.4564971056827666,0.45721186763664234,0.46501151213887926,0.4321146980143519,0.5139192849841606,0.5089654882727931,0.4833743548439603,0.6730205176282934,0.45034989089112465,0.31831089376653104,0.5304742682468306,0.5306580567292625,0.31294972523878,0.3727296997461035,0.44875547742000677,0.3330687393211812,0.40286432034026,0.3711449019588843,0.5032651368666081,0.3959223836056074,0.38902996293412645,0.4911885415302615,0.36390758290960146,0.33934932814066593,0.35136977558868415,0.35796407157208754,0.27701824644843276,0.33591211726933856,0.43892092420750717,0.46053358244186016,0.47830377059363155,0.3308735359591152,0.43514872863433196,0.41123287142822956,0.5456040606177435,0.3372630926863386,0.38929463193521696,0.31077774634771393,0.39278554340169075,0.4458823623334953,0.5195312441771283,0.39494607317873676,0.3971807624072141,0.33772862094721134,0.3876155212568616,0.326984752742285,0.38586702349932145,0.4597407265432917,0.3765966403356298,0.4667912557491789,0.2902038424604153,0.4395494908370895,0.3818161010842329,0.41758757132985413,0.5393918848175445,0.4446551323514592,0.3500117857870888,0.3621704013570254,0.3728077256935379,0.4528551273772182,0.42613357787169326,0.41006099204438473,0.34652844813645983,0.28367420111568353,0.38575284804811344,0.4634773920013655,0.45896225495067555,0.2892322822848263,0.5641766233080554,0.5302803082121172,0.4257866903811756,0.35882490795992306,0.3695577401236959,0.41750452843500685,0.42753738110103867,0.3888531652191509,0.3135444539833136,0.3462701343444209,0.2958223526594387,0.42115160913472255,0.4368294320673173,0.31865698750761734,0.3055574520533926,0.4304856523087097,0.4150879135622071,0.5389296640777866,0.4094054965458518,0.37518333422611316,0.3140555005463233,0.5441778833764477,0.6828768896479924,0.7407400260850556,0.3288976535863804,0.30181357536300607,0.45840399427865086,0.3056486521209593,0.427096691887736,0.43588385078394665,0.4546944528166427,0.39108005051206024,0.6812956202899249,0.7004684493845781,0.6042519600120052,0.35155693589013537,0.3447472286146462,0.42415291393684135,0.5354618681082505,0.4998016227649827,0.36889159404065486,0.3603638399290793,0.5686958774381133,0.44602883941862975,0.4016917749065929,0.4315984351354104,0.37958067056087985,0.3754870378003029,0.48380477922478893,0.5696364395515199,0.5574303738412156,0.3717823753489193,0.42880184225288726,0.35473540766174694,0.4282699598728999,0.35173866574097334,0.2971345217803527,0.5252042010318303,0.4644807542957926,0.3616067019913227,0.4357141777282169,0.30681398814301625,0.47005216452168735,0.3896008380507935,0.4445285638515493
73,0.3948541583209587,0.4045040897071237,0.24039093369692183,0.3706208798900239,0.49723097418515894,0.28319882486936626,0.29414281111315904,0.2524190640525662,0.44155238617934756,0.2626295925083164,0.7161796226429858,0.506112474466065,0.214959971152197,0.4514097124308252,0.6712599911127598,0.46409177991517525,1.0,0.08890313857220222,0.13005663019336716,0.5405208221476553,0.37716146090423586,0.28156612564647904,0.33798173398723297,0.7392298388373801,0.5005215271592336,0.29381950192052503,0.3720454710032911,0.4948447288696355,0.5033992772722548,0.2792576051178356,0.6991984683164894,0.6107659688427757,0.23304169102256617,0.7664147074429475,0.4281333557325149,0.21414766552719688,0.2725585456079538,0.23788116585834446,0.5010919616752768,0.15587515336843358,0.7026454391642867,0.2619125325956817,0.5410968035045524,0.6020178496856123,0.3599471658310974,0.5536528919608946,0.41277978757115213,0.2419235538363697,0.28759015746176503,0.4122854013512788,0.4245862169150188,0.27824574269152214,0.5832476194936203,0.32953258209303876,0.2507260487716851,0.4197314055946175,0.3439431776343841,0.7949972716299624,0.5073183317494528,0.45137516278895967,0.190569117218025,0.5634950785863344,0.19600359536280287,0.48633367946726813,0.353733894437576,0.17753472316823776,0.3643368026808972,0.36703219420268535,0.6481421799961454,0.5151027901959684,0.506336686676999,0.5683353437727616,0.1589736572713186,0.3743808398616737,0.5104439077733334,0.18409940419285742,0.5285434064840016,0.30491730991285526,0.21892318267668182,0.1181601031192781,0.20188018774570035,0.4023161833998643,0.7609701087872741,0.27573394547732594,0.41269614071254157,0.34202267504286615,0.39112005293813523,0.5444071477338992,0.10621820157325534,0.38171178257347804,0.4330020500026115,0.3385501848429394,0.19405996588753563,0.1973921371661241,0.18064472062423917,0.21675155255124523,0.4212537327724042,0.23696905273562938,0.18857682293632222,0.17388345956777126,0.7719784389685935,0.22637595638108998,0.23854652646212715,0.21149574366204738,0.3802397115643904,0.18389080396217605,0.513846771000043,0.16384741840392109,0.5593851492914601,0.5588415016031564,0.2597142635949663,0.2493554109464617,0.710086082030776,0.5716081741395291,0.3869934664206861,0.2856374214283628,0.18208609010960192,0.44432616367006955,0.4728113556601844,0.05284717431006781,0.3347192757479305,0.3674643473436851,0.436533270312567,0.23369992404570938,0.4328212258982068,0.579077235832657,0.13828677151378732,0.4047113005983384,0.5539605943122836,0.8561105831727638,0.2636942077702572,0.6737878155044107,0.47486273856378935,0.6976039159695144,0.6520451657474037,0.7520232438569268,0.7320231382207031,0.2107466273003637,0.8268008392020946,0.6396807927422521,0.37246957721017276,0.5641971606076106,0.6249570291676598,0.7518517049487613,0.30393907434722867,0.40522335215055105,0.6882922333633813,0.5470418380833358,0.327930430885604,0.7274871846786264,0.4680854471938919,0.6002060862879584,0.24038513016041146,0.6356824590611234,0.31328297744349903,0.5043787695798722,0.22376830426524344,0.311043855859963,0.38600651891448107,0.7858498069995296,0.837139489818161,0.43290159136068296,0.27714833299095865,0.8899954561453624,0.7005032486261277,0.5157434876149194
81,0.4178837745621574,0.39852904019525076,0.6172420853332142,0.5580197564796299,0.45509457191388303,0.5831770099861798,0.6487565714704958,0.8240508409555708,0.606164552730562,0.6353037769146551,0.22233832769444062,0.4255178993495121,0.6863341001917678,0.39672004375746994,0.38885719227422494,0.42319632079504466,0.08890313857220222,1.0,0.9050977421916386,0.504227982806188,0.6135184364812113,0.7344271757172729,0.5018561078020306,0.08760366726105731,0.44601645795538547,0.6892022127637193,0.639914684198245,0.48295528855618186,0.4303669312443652,0.529760432756689,0.1485526866484045,0.2105879290157978,0.7322585441382106,0.08160880225893472,0.49029896176137466,0.6800099746546122,0.6412099199160859,0.6745730694404698,0.3637150697772544,0.9161334074421899,0.10860770064705272,0.6516491315900628,0.4782416712915748,0.3725147186004613,0.5993184317671217,0.4096187024533522,0.37858027858030247,0.6786438774137611,0.6365535441301547,0.5669576358967615,0.5156532431087509,0.611479582918493,0.18712113187270307,0.43720725021889445,0.6953074150320524,0.44023071438955497,0.6737656210965375,0.14055898252864912,0.28294332497744723,0.42554854260844993,0.7920703227733283,0.325381813302024,0.6845132486173586,0.4635619549641843,0.6190591315853405,0.8300724218836805,0.5892824332504221,0.5874117659595707,0.2828992215102282,0.472334285588072,0.42561220016490503,0.48370671015829,0.7473444958438615,0.5045035156112743,0.3264998195076506,0.8501597263412493,0.21986506457615884,0.5995083647568837,0.6930727077588821,0.8368762630173654,0.7530373994760655,0.3923718180929454,0.07538541096975135,0.5101322922067437,0.4312267551341247,0.361388141928173,0.47865704320593083,0.2883067099505068,0.8355199832993867,0.4536623222787325,0.39117911080492596,0.6669937279436047,0.6437977685676941,0.6733264901228864,0.7636561983506522,0.48836069839131463,0.4528961271539714,0.5592546845115076,0.6450905042539264,0.6795676187357609,0.1680229945474348,0.6594124775428012,0.6459163748483003,0.7610904741657627,0.3574188570182601,0.570854430074627,0.32635244583691153,0.6921377680974798,0.2651796353964908,0.22597342146761004,0.5467314792270329,0.46838052398145286,0.11302274181409139,0.28111621383870145,0.3589837282810448,0.5711690917686459,0.6816535381926482,0.4465524957212792,0.42043415736323614,0.8769101673011039,0.5641534565708866,0.41146435524814706,0.35743340008574465,0.6232692107361276,0.41068822525456233,0.20964857774500759,0.8131715931174104,0.5838862948069576,0.4547030560261507,0.04730183467930181,0.6445289600459958,0.31080618183748165,0.5995523958502179,0.1916877155343713,0.2775733223723857,0.07680380867749892,0.16127619403878996,0.6671097916237737,0.04626161096196625,0.45143680431584243,0.5342675441427999,0.2709972246864128,0.1725744694685393,0.11840047389630046,0.7587722138000471,0.64476734131029,0.3236332869774411,0.297295026787281,0.40521105465880014,0.22475458052972122,0.566098772806301,0.5370720942595392,0.7172950124982718,0.19879922183866328,0.6009669071277066,0.6253338875255596,0.6606363978469594,0.6003565572089216,0.6113832639244777,0.07084374055761623,0.10845074679768611,0.5988815172860905,0.5842415585608982,0.09483679694358577,0.14300681893924289,0.3587232268777019
89,0.44994788806934327,0.3556210578642252,0.6302866219879778,0.4861180150137653,0.45626204111994145,0.5735244698477405,0.6674744930483626,0.8042266438405681,0.6336923809584527,0.6159079603262656,0.27799801985019273,0.4411971803073219,0.6595546679889369,0.4031397200330155,0.36573604039454205,0.49233739940579857,0.13005663019336716,0.9050977421916386,1.0,0.5729162984157367,0.6156631400156025,0.6879667655340914,0.5089716077758718,0.1263312966499005,0.49377803374680806,0.7209412842147631,0.6440159948232946,0.5129698363095325,0.47202209682823026,0.5100994737735663,0.18147866403784735,0.2309086296983793,0.7217326126452264,0.12087178366360968,0.5424290984479687,0.6692897881813014,0.6222141183230617,0.6950857974676197,0.4199240514149321,0.9213542922209321,0.15420858025625506,0.5854904695259961,0.45058332862849715,0.42230924734963793,0.6005704302767947,0.32846317419857785,0.38356590731228624,0.6820696294583423,0.5470240088675238,0.5758168084406504,0.49473132361770056,0.5981617936836614,0.28216468468738337,0.4759997376645696,0.6799580115141594,0.4226826092621034,0.6073408041750636,0.12056665867966786,0.222834937965965,0.397016112656961,0.7412166801977735,0.34790281275124985,0.6447917292272658,0.44362408310987583,0.5697881674348506,0.8098676487372203,0.5422031040526171,0.5748883521620788,0.24259649276591522,0.4533725218161715,0.40396076256773666,0.4853740374822877,0.7206099572609943,0.5040282896029482,0.2684860017850874,0.8141340595611539,0.20908666837033618,0.5130065738047479,0.6704430565352029,0.7817168954473667,0.7285112567382295,0.3644648978886278,0.09427599112410902,0.4796336705512706,0.4489638596204295,0.37637293933748295,0.5156592686054303,0.38237229319350446,0.8592871215882514,0.4648878938016543,0.41941248194386826,0.6645220346053422,0.5823042481320042,0.7164074584105236,0.7243136004956754,0.46610160494172564,0.4168183674436131,0.5359307332344542,0.6313253420222326,0.6642097700446626,0.18270934784103599,0.5924736370303259,0.628895655005095,0.7459189410885256,0.34862500086038334,0.5767876741486689,0.3425313595419718,0.6902746669329436,0.1889189458729773,0.2297089060672279,0.5319235358042177,0.42144931211737496,0.10309111737767879,0.21773751724565024,0.31791162411678786,0.4895514996534847,0.6647373616943685,0.4644503806318844,0.4840898598208294,0.854474066224952,0.5314989374464855,0.3935901892234962,0.3387605401708614,0.5704694608279516,0.4422174703478784,0.18496219603482592,0.7496706556409487,0.5859622392886432,0.42863595416984,0.05123653422465375,0.6066292670502302,0.3423961178193861,0.5616091202803418,0.18789042729133767,0.29877264881014287,0.10286288173114046,0.1420570958407969,0.6208470740520876,0.07560164522657865,0.4245860404194722,0.5552480468922096,0.33543899253816334,0.19183551095274906,0.1835259638760644,0.7005820029626518,0.6556679454788259,0.3728703350793811,0.31880990650398056,0.41985760073340594,0.2517826371223781,0.6425889592567473,0.5883363158737802,0.75276244931914,0.20991243292995782,0.5612175946356757,0.5797393255893497,0.6816533259746611,0.5583282348737163,0.6362959803499126,0.08721925619451736,0.1287951749261032,0.5614323200672561,0.5237014346887363,0.13286607064148043,0.16294532320626004,0.3125384666131807
94,0.4680709699432891,0.42496574773296364,0.5961611390849497,0.4234746007615101,0.343293092806789,0.34164056020591654,0.3323650510185447,0.43163752624512164,0.5895719524212732,0.5042728708331791,0.653441479597146,0.47218140451261675,0.5088695996973525,0.33997825888245226,0.6436980179530284,0.5094045671401297,0.5405208221476553,0.504227982806188,0.5729162984157367,1.0,0.49476999902657004,0.42290792223008067,0.47996245329113735,0.3702944061212702,0.44511653539351015,0.3770742513222407,0.6651102559962334,0.549058073656097,0.40501970149354494,0.4057669858661972,0.3884455449220055,0.38579128416495767,0.3705709185746051,0.37282511881918007,0.4029157010899651,0.47540886439830665,0.4424171604280129,0.4199415877428758,0.46303901668012903,0.5781641958413946,0.3950631080706355,0.4506037813458458,0.6337782086699029,0.4832136742284636,0.59172534846384,0.30134035542801985,0.5196151125079017,0.43861726742135043,0.2392104315482191,0.6094615610893794,0.3313511676593006,0.4261392552924703,0.4952821077777162,0.28101852659411203,0.40227245776262,0.6210630446452361,0.6857896575917197,0.5565623491287046,0.3421695089085858,0.37672076460976067,0.5602832448311412,0.3347275162195512,0.3548213118367186,0.5540454953087438,0.4670789818339398,0.40799977951042354,0.422625985632331,0.330900506964425,0.3686656589271658,0.5490475616598838,0.4525805092192791,0.5394480669122562,0.4028017806598388,0.25661218861621843,0.28576159131489154,0.5211311216829614,0.3255629141129145,0.45402045869878693,0.5523770676133108,0.45020999101348025,0.3718541009042253,0.35902126678774327,0.325065800228011,0.36242311044860687,0.4206990878334723,0.2794478952883582,0.5045256158422647,0.4044497516983066,0.5362120148970488,0.48199279425659025,0.3883699010385605,0.6659312182856825,0.3086582887861357,0.3200319316166866,0.3759944139040668,0.3648653874386108,0.57269031451746,0.45715161296347195,0.40668895037179165,0.3804707917401359,0.5821848574456896,0.40387758032366716,0.30664284242396345,0.513302350061733,0.19842009862886725,0.502554457422608,0.31789403027968655,0.36093706133306436,0.2810859868446075,0.381498406312035,0.39681656350903055,0.3218176605890458,0.32753718766016293,0.3212298494120001,0.31077731898656025,0.3617078017388998,0.32252892506585673,0.37656740309308906,0.45392528574780266,0.5286971851271788,0.44674951991694767,0.3977054927268986,0.3008813368145007,0.3452504651466748,0.4154440248101177,0.3836261949466804,0.5695901773169055,0.4969333450564527,0.49781018039386016,0.4762570329451947,0.43662591119294125,0.5506847399635022,0.6168345590974109,0.5167382078677731,0.546357539798142,0.4323596902151,0.4049175821587409,0.4030777442186527,0.4394437095156085,0.4726716192232709,0.5924938354179172,0.49756137412575163,0.3717460905934964,0.38443361368123374,0.5045025437029065,0.49433340308591234,0.7570464113820683,0.457458419241744,0.3486093383648647,0.4370380744134505,0.6673640649289663,0.750616892237437,0.6204405068700047,0.42895026082248755,0.3827411471612604,0.5908242388514324,0.3182629938795468,0.3808366130251527,0.27251327491133553,0.33195865663809665,0.555756448633956,0.39180476234670814,0.4107478377803878,0.5173199632269104,0.4239856546684161,0.27865775206150284
95,0.49222367399130773,0.43779087871237476,0.5929500266931687,0.5588909811969701,0.5155834030069981,0.510888555459885,0.5672814600102283,0.6678057404327915,0.6884003513401294,0.5495055419114887,0.3058205898761496,0.6454005559443331,0.5536388429138185,0.5332990708239832,0.45381828015350356,0.6454025042229584,0.37716146090423586,0.6135184364812113,0.6156631400156025,0.49476999902657004,1.0,0.5858961594391456,0.45295255073335167,0.31348132738520484,0.4810171173572775,0.44857426601289696,0.6300985748829202,0.4371466869727455,0.5435396158378247,0.5004748179611695,0.4154771946835394,0.29609322026723645,0.490816582936652,0.33283271876168846,0.3357877907422152,0.6357020732709148,0.5886253469873715,0.43314364176008546,0.3950013975732047,0.6156912799288412,0.4602578482834794,0.5829985113832233,0.5172184980258667,0.3178846524752798,0.5559033408032574,0.41159379356171427,0.4173827216427348,0.5552615644439729,0.35806799587767685,0.6286736494712633,0.32172528391458366,0.6562148972871599,0.2915398353792089,0.25661242827828606,0.4325906270300838,0.3727215903889105,0.49613199121088647,0.20948569067315748,0.2891805439248838,0.4767597616024293,0.6121103594298545,0.17711632218075385,0.39682174269238973,0.2917138489076611,0.41183778832996837,0.6799767560586869,0.5883435717303254,0.4457695182896404,0.3934195002009891,0.5352789785422795,0.37076722547398283,0.31923060536850606,0.44669846038702,0.4007437047502531,0.39612071525421905,0.5673983251382722,0.31129952017689305,0.5345311065636018,0.5385469604700353,0.4959577255066947,0.5679066685339846,0.48968716892855507,0.27856683912068386,0.446427356613813,0.5096447490445003,0.22406891545106478,0.495197879034433,0.48487370387331585,0.5473033292935898,0.3901196103636261,0.37823415196692234,0.6301602865841233,0.521783449374901,0.4134066437019293,0.6019041649594353,0.35728841052551524,0.40206802646005546,0.41814203993108734,0.43662922565108503,0.49415662201144883,0.26248316273318756,0.8088564176057835,0.5553446094933401,0.4137810002761917,0.2831098752294343,0.4925394363635329,0.19199268895001148,0.5535246750013286,0.3500916698267067,0.31454897416972943,0.41788199499109274,0.4488084955611183,0.2997300524430334,0.39990831982013053,0.3460399278420795,0.5187076466340617,0.4196794522165202,0.3093465761434697,0.35435325383023636,0.5358637532247308,0.49308143770034424,0.30561289966222543,0.674967605672775,0.7249877105816118,0.612098046542794,0.23436771368627696,0.6093141673195444,0.3720775942063268,0.30385036689517725,0.2373130999166099,0.5580171178307725,0.399045993463999,0.5468456024663764,0.4787087548177052,0.4954568055816667,0.46099684555433285,0.3138419175801489,0.5616460479097597,0.2613445185456972,0.4282548837262909,0.3451470868625113,0.17350944909347932,0.26462988017584277,0.35118605496864475,0.707821376800429,0.472782696856136,0.33151397181623704,0.20146600130429781,0.2797159181583797,0.2621612090974844,0.6588452495520675,0.6307206625722634,0.6084240307654594,0.26103792127384995,0.541324816474747,0.4746117373276766,0.4412474720937293,0.3575767163004592,0.5667030910908593,0.2979443130151764,0.2020756173591875,0.5418960143328029,0.4737924816727436,0.33247603651864943,0.24040667232632296,0.3330659045020914
99,0.44382281416304326,0.42227934985705695,0.5180874900996835,0.5073466713340644,0.49580131526781523,0.5603321269336738,0.623944081428303,0.8393572364900037,0.5657543874035729,0.5511298169656442,0.26737494733395056,0.5774206343523156,0.416442174330227,0.47026274044491667,0.3828993466217444,0.4293525401720054,0.28156612564647904,0.7344271757172729,0.6879667655340914,0.42290792223008067,0.5858961594391456,1.0,0.4370323576490579,0.25785045593672884,0.3716554240769646,0.5965940865115014,0.4920464108432472,0.6480925010750067,0.540524723490026,0.3676971057181306,0.39048038200962953,0.2591651176178147,0.5431247761754503,0.31677797763173754,0.38086212530086294,0.5634083071025195,0.500112275737988,0.4674401729860072,0.27048580921654863,0.7239404220706499,0.27315535372924027,0.5553017080884963,0.36727651146484036,0.563524702193174,0.5453612927155407,0.5450508286200663,0.35184687752345256,0.7778238764065672,0.5278635455659639,0.556350148767907,0.4300172617855593,0.5730339441548591,0.2172577152430667,0.3776558626423436,0.504761998040999,0.3656309622212574,0.5060224649664004,0.17387680618087004,0.3601761243894427,0.551412114174754,0.6223019566705809,0.3443815393326901,0.5572121334929135,0.43397545995450243,0.4604786109158133,0.8077651707230238,0.5415588284318793,0.6548530665458421,0.33274850075216333,0.45595286167089055,0.38146625713727145,0.43597483988863944,0.5662024388882761,0.6762669502013463,0.36623655230664,0.6778307052328831,0.27249373780692177,0.5125840924656601,0.4883957917935391,0.6885581354451049,0.7645833059123965,0.462007424792801,0.31536457501423476,0.3474176819151362,0.44473021902167587,0.3836887726670468,0.31839906567556164,0.43151525332088386,0.6269879540144105,0.269522327458915,0.3952277935771822,0.5326692207758791,0.6113320259588203,0.5363154976969172,0.8032374698195168,0.4620557697238706,0.40676134898718114,0.37292847514991934,0.49773743858609387,0.5133240918908207,0.17385282255142842,0.6237518855464195,0.7154487316341309,0.5907090175463732,0.49532466971738376,0.5158987236911413,0.37141023572340437,0.685605798547277,0.41002103370834364,0.32001760571527205,0.43305775207590624,0.4404554560347023,0.30252361728105354,0.4724573419110661,0.29735900492158446,0.5736053012015363,0.5269856141895919,0.38751488953030344,0.558256465613588,0.687863109562243,0.47471206349925754,0.3437640231556244,0.39189820846469436,0.5840056650471025,0.41474460840127436,0.23041062498253428,0.6173380923716983,0.4623475790865467,0.4554456383110054,0.24295149299931512,0.43242556046956476,0.2537167776714802,0.39826659769689804,0.2630519592538745,0.43422718702361485,0.25496513064145077,0.3806025530085181,0.5158002256963976,0.22337878370597522,0.47054850635985,0.47627543972999004,0.2801443639240324,0.27325806489489485,0.3382971313480243,0.7122738040297198,0.4696198161823694,0.29778269863577644,0.31649876713968667,0.38800659931825743,0.3851564143545254,0.6147699274830449,0.5764710342947195,0.52899137996987,0.3784256400839018,0.3568203470298319,0.4870624772670347,0.5307255640180453,0.5616625905347706,0.6128983566676078,0.32052459203507866,0.15554840050545138,0.5953326552529739,0.3844687242827787,0.2884448365223285,0.24726969856318448,0.5678848120790703
106,0.6341623223667856,0.44938843260402417,0.6426596028843321,0.48501198661396483,0.4162124298225578,0.4886656853964287,0.5273682625338054,0.5367943888895976,0.49437631343352195,0.5467549181002784,0.3991125602201273,0.39169625483339154,0.5935809972894037,0.4641426308009988,0.3155069794757987,0.5144076726940763,0.33798173398723297,0.5018561078020306,0.5089716077758718,0.47996245329113735,0.45295255073335167,0.4370323576490579,1.0,0.33711525948794885,0.4103932004277989,0.4180030960012262,0.41429275257942655,0.4644265066012261,0.47637924773960716,0.4277635765294432,0.43649235084768945,0.3165504959877747,0.4531552164024873,0.33939875820534876,0.40763489783860707,0.6168971731428892,0.4994987131908456,0.5524870640848185,0.4402664331447748,0.4942194326620391,0.33663409726747995,0.5512929290129405,0.46008299533626074,0.36579062620210256,0.619193393013923,0.3833729114202836,0.40245606314662186,0.4947983061893215,0.3768885136256785,0.48122578361536666,0.3518923525684507,0.4841626288011973,0.3623032321220664,0.39079483698769674,0.475338331193055,0.5327143990033786,0.5038686779778028,0.33214556070173507,0.43217375030625504,0.39882936971404,0.4840575010135453,0.3386654412205312,0.4670557195300953,0.3779787241549801,0.41663912812289705,0.4800905031952689,0.5042785317104634,0.46239234492601666,0.32642079903574495,0.45655964019223033,0.3428145793650682,0.48507895916919197,0.4888388784773146,0.43589884648873806,0.39997018551419794,0.38988793843750524,0.3153970237830141,0.5155351279914253,0.4051694476109221,0.4358233250355587,0.45804086023895496,0.4388616544099706,0.3636171368182457,0.43675112857036286,0.6813154072209008,0.35122341962683773,0.4493825837532374,0.4466534957636147,0.49171684872141264,0.3431321606558458,0.5516457013941793,0.46899905602367165,0.6699399852654123,0.4495166252616251,0.4779401990771044,0.5072926309775189,0.3895539981628331,0.5260707468224393,0.6091785555177015,0.5892904743725682,0.3116252091425209,0.5352769821322394,0.5437351886025161,0.5232579935073194,0.5433410295215753,0.602460050531633,0.2924594580383899,0.5785446591430558,0.44977509903667223,0.4514108269786521,0.49567723718126316,0.4701274603015387,0.3613914371092139,0.47138711224642726,0.4030610996047093,0.47690272677170237,0.4801054696504714,0.3509234604809524,0.3911174434137124,0.4747945272057761,0.43262015210644095,0.38459822144013217,0.3914019293554237,0.556289183330255,0.4065866420830442,0.3196985299412456,0.5372876805996363,0.4681932233462216,0.28031455448162157,0.35012912587464196,0.5067108919845091,0.3895521701460728,0.5235941829320421,0.456979776517066,0.34039786956997076,0.3291030466865098,0.3768356258162354,0.479736663112207,0.30149480263183037,0.40939464719715907,0.5360779065454238,0.3628631096550283,0.3158093387866207,0.39024897111688694,0.5469302241906894,0.46711246182399363,0.4135165536482527,0.37790820881679466,0.4374115114994552,0.34094637104813486,0.5086255763333438,0.5531272818547452,0.5111303621278531,0.3455940720580952,0.464693934188207,0.3493428252944617,0.4410587150989731,0.2650630880979169,0.4792996033477317,0.34280078218664933,0.29329861203563573,0.48351071747358576,0.5165736904059173,0.37030702341914834,0.29493365510323677,0.36121136026986633
107,0.4185281265643748,0.455562301180398,0.2234248321956053,0.3272380429843936,0.45741619711809023,0.46039972503991894,0.25079399473618336,0.18795106997173888,0.3297316672133519,0.2367097060405517,0.5585702889957094,0.5551847681922787,0.19469229077391303,0.4555150423540333,0.4932448112372022,0.48487757007329246,0.7392298388373801,0.08760366726105731,0.1263312966499005,0.3702944061212702,0.31348132738520484,0.25785045593672884,0.33711525948794885,1.0,0.4360608836280986,0.26324829234793284,0.3534257594930066,0.5639011517599943,0.47017039269734984,0.499358187105588,0.7051450294921073,0.8250187977092227,0.25694408294865834,0.8167648738222164,0.44941433189134017,0.1898537205033556,0.20316399369958185,0.2416557369044815,0.7421925801240635,0.11657330297659578,0.8953891898444267,0.23162186230599133,0.2847625322493216,0.6611336631277909,0.3278672985182105,0.31539063805044043,0.4447821091898455,0.2792068879624996,0.27848259035862094,0.2214770295146138,0.3813836349652874,0.20150625678608744,0.5696599804040348,0.5849647067138968,0.20689762952726462,0.25499073205760986,0.16409527972125634,0.6421797235921997,0.4919866818414552,0.4791063221948699,0.15356849654871074,0.6362266231844583,0.20268948082658428,0.38466345612811337,0.17066243666425995,0.1544449809043558,0.2748911686419626,0.347981333669412,0.589659142619431,0.4085726717402776,0.5473693286603641,0.3425078825827657,0.14751202079953502,0.3734878577899368,0.7281593598082683,0.15134492473483566,0.7857138570506106,0.24251986901248518,0.2495301876444645,0.1520739612926913,0.18881712888685315,0.4409755473250765,0.8088801189141364,0.29222872527091576,0.3975289101766697,0.6875982451674907,0.37377916164308533,0.5593345910276171,0.15477729265865833,0.4192982325078721,0.4224061647621118,0.2991614603115629,0.17618420134112606,0.22211993558308096,0.1794897450242598,0.42289851346561846,0.49594993596780385,0.2806789524461081,0.20381976664393514,0.16681087106396913,0.6092166989811053,0.173246443972353,0.21896206108345034,0.2555610367839458,0.4241263503312216,0.22006273835379858,0.5877929534261424,0.1444481122329432,0.5830957483281645,0.5727470531789528,0.24534334481513376,0.4053705787377535,0.7562948338523601,0.61217223107864,0.6417151405184431,0.2824726771692394,0.17340223226245588,0.5153748760637363,0.6233856703463896,0.07131826445106396,0.2971428426857048,0.4154458171050574,0.42098535689269834,0.218280571665808,0.6143082604662262,0.6567521275431595,0.1250625390100225,0.20695058698468782,0.48305105706950324,0.7348525625810143,0.4175011299924116,0.6908062256704519,0.1970412878120513,0.7565801022623418,0.6280596606858249,0.7149733931123341,0.575549239853212,0.17462157791292177,0.9309773105548775,0.4293389745216739,0.2555205916767298,0.4574716467874547,0.670565717942782,0.8044241361642597,0.24122998782636065,0.1474114437153068,0.5770069691140312,0.6882620588288584,0.6258953931318954,0.5858860124703879,0.415737166651458,0.36450052676480355,0.2531122177178302,0.6109565618384936,0.2575359857601018,0.33823110319116656,0.19095108739999445,0.34874398383136584,0.3173911071264416,0.8406028375378976,0.7055646594617949,0.17298833205440842,0.2497489062169344,0.7077015626085474,0.77982615025618,0.5472461138437786
109,0.3653478036729264,0.40514683732476175,0.4167104590806787,0.46858032140819217,0.44818717929140767,0.36446569459059963,0.4246756078746992,0.4289383816814415,0.3740230147319858,0.4940916119517818,0.5262978786171777,0.3183868331907884,0.6629664465281857,0.359501870034923,0.4875426190616707,0.3943309749476432,0.5005215271592336,0.44601645795538547,0.49377803374680806,0.44511653539351015,0.4810171173572775,0.3716554240769646,0.4103932004277989,0.4360608836280986,1.0,0.5984366338908382,0.5787051953360307,0.25564331313311683,0.5785610358699393,0.6438220892595201,0.4357018320600493,0.5930500370131311,0.5440419778758208,0.47133284923806074,0.5019377637920275,0.41388641422166095,0.5443236683037682,0.47153244082432,0.4966728857737185,0.5292921299454177,0.4187585341099758,0.41009648521123904,0.5643236316724237,0.3017317614387083,0.4922259153912212,0.3460238854707678,0.41283285005098525,0.2570423843246794,0.605866476524022,0.34360285442089317,0.5972040435676551,0.50747791817893,0.3959608771246538,0.4481905390643405,0.5672440101544884,0.4112140182234989,0.4436708112134461,0.5609137966187402,0.3545419694795973,0.45995298148241326,0.5926136122324064,0.5269784906669694,0.4935718279860213,0.35034116615047817,0.4539074648689192,0.35598497574475474,0.4743305802857748,0.4415218977235751,0.5052939945714117,0.45228201240916516,0.6197903041609971,0.5199296657186308,0.5807109099496754,0.46745669195180056,0.5106452110888724,0.48976066748239966,0.5153699343141214,0.36576300508739845,0.6340245776130529,0.41490456189672975,0.4175212445500802,0.44336310988276517,0.5031678267286356,0.6525066475480195,0.4603090436569609,0.3475818653352166,0.629458498800896,0.5813720217214624,0.3840378392046542,0.6730084990997995,0.46357501779944477,0.6241443319931432,0.3427297178591138,0.468869484796298,0.34858678139654653,0.3055107597973272,0.4587459688263149,0.5310543001143534,0.3666802422890044,0.4485669782739522,0.46177700274308336,0.43926126770106455,0.35145365784926963,0.3058597199318594,0.3534430374039606,0.39406043119025924,0.4839550675818137,0.3590013283388516,0.4874344583097563,0.5294829099190934,0.7120752696761037,0.49074203622845475,0.5112435170675788,0.4578161079275773,0.5269859076580797,0.41430868295593015,0.5511388957887171,0.4770019293508796,0.19315569907559657,0.3469571445657882,0.7003474108848942,0.6970446259153011,0.510368575662871,0.3745536691317344,0.3610011814011038,0.6265761522342401,0.5647261423261603,0.4782311058465186,0.30701090254788327,0.34175182125903214,0.6202525382422339,0.602689820519754,0.5997565518723857,0.40296151668227964,0.2574740239287334,0.3340816703592707,0.429313908704805,0.4912592512571208,0.3945460652405743,0.46157431202789606,0.30083434351716826,0.36189095932105997,0.46487784791720244,0.5392984520730659,0.4945259851165008,0.49501791623406527,0.36751858159128226,0.3990641100557842,0.30395805861259384,0.3842498957516045,0.42663315140735164,0.42039405673360297,0.5294356387599248,0.3203149594530339,0.7213858301686007,0.41822798210758544,0.560537817667109,0.5013215196399456,0.5045619152466745,0.4955485456052733,0.5157679647464957,0.3635674184033346,0.7014814536033009,0.4984713231792893,0.4250892911445779,0.3622171634618574
115,0.3553946596091579,0.3025051181853587,0.43965210102658603,0.5327441018553104,0.4553234152159136,0.5413504753861648,0.6601841221648703,0.6018407984238006,0.47367329997725804,0.528160955176628,0.37442488732757595,0.41353520183348863,0.6209026167297012,0.4968075104712184,0.31676605234339944,0.47756008973568564,0.29381950192052503,0.6892022127637193,0.7209412842147631,0.3770742513222407,0.44857426601289696,0.5965940865115014,0.4180030960012262,0.26324829234793284,0.5984366338908382,1.0,0.4613707992845364,0.41347342324449643,0.5102888625991097,0.5109288976752079,0.30263604677151906,0.404640902493957,0.8424629514027254,0.26622780581275995,0.666003801281339,0.47429675107285757,0.5915766404053335,0.7406788047828881,0.4214980381428206,0.7084704979550913,0.2594889725623094,0.5116515042901524,0.5229847698911041,0.3381773898016547,0.5504450616365724,0.4496187089988323,0.4270614726171282,0.47027331087919744,0.7428082443030013,0.3675421004121386,0.6657101312191591,0.5719784407548716,0.33505239358243794,0.5702313616667555,0.7711944964239958,0.4327898492441068,0.4140728168003657,0.3103449269751596,0.30031985279782525,0.3032489964961014,0.5625177815422716,0.5985537818880808,0.7152843930201931,0.5006402977255362,0.6826529666966815,0.6137079089900586,0.5196487381361715,0.6494580972338299,0.36805993785021784,0.40808925103272137,0.3427752133548377,0.5963339466203493,0.78512415192919,0.6479192626125511,0.3631608941832286,0.642428932134787,0.3432128122637617,0.46247158361970875,0.46612934076935086,0.6545627075506846,0.5369920382029936,0.365597520354434,0.26904466638094443,0.4810057518320387,0.4322926119787695,0.5050982093241607,0.5152502753406334,0.3961887478036506,0.6027719603964405,0.5334730335864613,0.4256918388221489,0.45846518411337556,0.5411411147624525,0.7371602009021944,0.495937408890374,0.5051870165810387,0.30111872667426226,0.5705324298673999,0.5518895570783533,0.6165303516260199,0.333248567547678,0.4623519572610104,0.6327527385797387,0.592250894879055,0.45693387648504635,0.43717842981333643,0.5769876570238303,0.5551797917066622,0.28148152750153843,0.39353367753627955,0.6157059067748526,0.484263189826978,0.26702130462918405,0.2891601379530066,0.4426238377846576,0.36143083365682516,0.7793465429458143,0.5335993226700151,0.3384106060842652,0.6508174191006809,0.6401287063638456,0.5645988913657563,0.4601766846675086,0.5470031537451933,0.46788610588513924,0.39702907190345826,0.5251137196051606,0.6069218598873382,0.3968740465082635,0.15736252953578211,0.5572988932761671,0.42555305308349634,0.546426922140953,0.23261023735133657,0.3022824030913915,0.22255189868813455,0.27390296776602074,0.5105011289171135,0.18202517522785727,0.4840480821208718,0.574212845398652,0.40086819932863715,0.3299820597616565,0.30556903856399625,0.45975975241713063,0.6997113111968698,0.2368843529320424,0.38533093526096507,0.46383346314214047,0.39809612733490296,0.3762265956986296,0.3589302463793021,0.47925277304488567,0.34264828483154086,0.609574519753958,0.40068887724544666,0.7527752800380274,0.5286542072445418,0.6331398689663509,0.273326130349474,0.31196025761780444,0.5933255654531029,0.5404887733018271,0.2937686363765443,0.287909802338584,0.4528092140182873
116,0.3692069679790324,0.48355374999250483,0.5912115843033632,0.43984275599475725,0.39887415584261393,0.4450417190376005,0.4668206375048324,0.5420882626014191,0.38411556819096787,0.4380211129692216,0.4462850856998388,0.3931434315126736,0.565163837209238,0.3264067840650734,0.6627276727260704,0.32992348024148993,0.3720454710032911,0.639914684198245,0.6440159948232946,0.6651102559962334,0.6300985748829202,0.4920464108432472,0.41429275257942655,0.3534257594930066,0.5787051953360307,0.4613707992845364,1.0,0.48523240179006977,0.44264046832985315,0.5581865680672033,0.46963569605949307,0.4555518116192909,0.499736089567822,0.43258382017787644,0.5057313946463577,0.5030777695026656,0.4965427165179298,0.4990584543169373,0.5568522120627173,0.6191250397583867,0.33404371245615416,0.4934841727750362,0.50833321687898,0.45931683658656897,0.5157084651579248,0.30393423378223544,0.39476945470650493,0.5470346503186277,0.42324207366013056,0.5157887360834714,0.530748396523821,0.47945980587724524,0.4759235076503534,0.3238167784549773,0.4396333557281683,0.39763748312043556,0.5775640265502875,0.3825192088663001,0.2914365625746124,0.5733687694588655,0.6472082803864693,0.35153865940574136,0.3979142382330909,0.2656150320760281,0.4457425799970315,0.5590254490567945,0.4323662706900721,0.3159525552222537,0.4421980506574422,0.5160600260555606,0.5865761623071519,0.29070937773343375,0.4704190995709284,0.23677686671817103,0.34106803421100224,0.6176890439614766,0.4040068778581538,0.4400738423560234,0.7289184347236602,0.5988212333604739,0.456537752962448,0.4898525707728053,0.32644455121384724,0.556184751631797,0.5050356210482438,0.32924216020890174,0.6334410791096241,0.40959153501121526,0.6448143903596777,0.5924598187072456,0.42892589424860106,0.7744733927356053,0.3215395327611683,0.4737771661167063,0.46862060462955357,0.41158456911506053,0.6680731062762995,0.5415116396419315,0.43998662830459356,0.4496127170220027,0.5025763991127703,0.4702830931350789,0.368725019682483,0.5795228075950496,0.2813168311839882,0.5233853178491026,0.42287552391561867,0.4032025669614977,0.3502076115079244,0.3538703099543886,0.42862436763668155,0.3963734642827712,0.3927765584150231,0.3888066573369008,0.4754692578653578,0.5262458513644084,0.4099241788467193,0.4650538890434862,0.41694848686806385,0.6384568317634649,0.5465032785265067,0.4844092936813532,0.4485852070608719,0.35037871080984123,0.35111058350588153,0.45703636165371914,0.6954820115795107,0.28754473925933643,0.45501283604829657,0.27452735683724744,0.48179540820619043,0.41636833221191083,0.5154853920425551,0.2584954024379387,0.3228491339002224,0.26177004513163027,0.2989865717576341,0.5211953949837234,0.30548046711402593,0.308916892791169,0.2952421645964388,0.32545273302412125,0.44360518330407567,0.3942124744721811,0.6174371474065288,0.38391755150124196,0.5509540529091386,0.31609995677216224,0.4425076852056785,0.28027920320369115,0.6810739415386442,0.5800214866143685,0.7264629160130159,0.3164795907442103,0.6261052785425392,0.5435250713654154,0.4889680216472754,0.546091632050127,0.40749314218684707,0.358403564324025,0.3992221982242482,0.3254245098017376,0.6367177348102167,0.3547965531912616,0.3696073216250132,0.3469581900673053
117,0.4634134476136672,0.4155199843152273,0.4559165254469369,0.37822156770663107,0.45856575824566403,0.42100681363752834,0.4380300836119102,0.5615084405256962,0.4996844954338771,0.2611372760985821,0.43156487848989966,0.6975997783709158,0.22670556042888293,0.4941907041523801,0.48278394239125766,0.5529572390932482,0.4948447288696355,0.48295528855618186,0.5129698363095325,0.549058073656097,0.4371466869727455,0.6480925010750067,0.4644265066012261,0.5639011517599943,0.25564331313311683,0.41347342324449643,0.48523240179006977,1.0,0.45953018445003846,0.22464366722480048,0.6247247250711325,0.4042699961531501,0.40967144005477185,0.594245182064909,0.5365547127748296,0.35678753923147266,0.28192237540440285,0.4750930901959631,0.41080333449254064,0.49140446779722463,0.5549902162661802,0.3613418026103561,0.25117145143311514,0.8553754436809209,0.5388982591518233,0.33311775546155936,0.36359733931641375,0.6855934804794852,0.33632795491965894,0.38884720126778716,0.414337958550446,0.29723598446390515,0.45852703216801927,0.3764451762312969,0.3649391041970833,0.2932464064268023,0.305620794436572,0.39306559875859,0.4181166813960111,0.5047565238960652,0.3553447289469629,0.6062625727003852,0.38576457713515644,0.4687136212707215,0.2979906651583025,0.5158156813175241,0.3800040003159235,0.46098987421333537,0.4541611491255699,0.4849234129170411,0.4840654512020661,0.46720649763307226,0.3404167637752727,0.4879007487342796,0.3145307188642276,0.4751338132890071,0.36733440103243725,0.37546711383776576,0.3469949521006267,0.46606853067923865,0.4842272015372346,0.36242138983153227,0.5494356015126839,0.15602871612366193,0.35812749469831895,0.46831307256917226,0.3576672263530025,0.46777231884631526,0.5250194212327518,0.3326140856031612,0.5063967439906373,0.4691192613130164,0.3897442393432925,0.3571733904329092,0.5334622530462789,0.3798258114934503,0.5400927639250224,0.2946407966016622,0.3354784345458488,0.33347224028818623,0.42287084408745085,0.36661355796243944,0.4971575440702247,0.5843623237722433,0.5010469983426729,0.41232895626864974,0.5610355479436234,0.40066304885523996,0.41264538239962495,0.4317202004932029,0.1984444602456367,0.17118862606921958,0.5072840766961522,0.5491188302737408,0.2634706539382544,0.33136028816778323,0.39150873603421266,0.5467657127627812,0.797315907518952,0.517733574399375,0.23877996644581928,0.28351329584482277,0.3291193591163182,0.4232780135525692,0.514036293440196,0.39035599837162926,0.34710144622110195,0.25184029408436504,0.4959719359739667,0.5094630272591008,0.21242320765268496,0.30136022888732006,0.18926131727821888,0.4650345350685741,0.682150817911638,0.4914075216153596,0.40845503561914637,0.24945198269431879,0.4925605349144834,0.44095452402421786,0.4445405672116121,0.41588493197578497,0.4885817526662314,0.5753485611831879,0.4731185407039098,0.2685866040712387,0.596302834128181,0.45253892811879376,0.4429725931632029,0.525167761435423,0.6287583037387778,0.5494310925463248,0.42011576441099263,0.5452831600157848,0.219909935972622,0.495850327784892,0.35953561672249157,0.5139777138799054,0.4724950177045739,0.5958951808318085,0.4327371629029327,0.3216284090356136,0.1715270262597448,0.4924523189733083,0.5081491150632496,0.6825633993675058
119,0.5234200074888291,0.49758712572117153,0.44446336119577345,0.5381900587877871,0.42601010591164556,0.5685573522441886,0.6222226626922519,0.5990139173761225,0.43887288830181953,0.5024186655725267,0.40486206254094953,0.4744200561755657,0.6233814270580531,0.41679251317389066,0.2788942208228651,0.5513835037634334,0.5033992772722548,0.4303669312443652,0.47202209682823026,0.40501970149354494,0.5435396158378247,0.540524723490026,0.47637924773960716,0.47017039269734984,0.5785610358699393,0.5102888625991097,0.44264046832985315,0.45953018445003846,1.0,0.5650958883211217,0.6391938239273625,0.4015017020706744,0.45805253612766056,0.5639926627895135,0.38537932401702363,0.5556835579249959,0.5874253990359021,0.47549790475228143,0.4724895714761883,0.45112372673020495,0.4439323637537925,0.47908846792119786,0.4453781804108212,0.3937097671386548,0.4859671860481372,0.4022661414107428,0.35512572905619044,0.5143480507743448,0.40561550205252095,0.5322748494465946,0.31306426837662527,0.527838236396766,0.3715703646537731,0.42826958515209035,0.45434780221905435,0.4820553388744158,0.3501085021120419,0.3129878479774974,0.3264057229318531,0.4482347084081074,0.4979038736870748,0.26288810629142645,0.4775395048175401,0.3890406588197626,0.3809577727255298,0.5325094536158613,0.5362145583378519,0.5203551664877575,0.34223387999816646,0.3672544529278545,0.35325442118966965,0.3151071027440984,0.4955201931950345,0.6069250434044995,0.44044505821701996,0.39838337019708525,0.34199804577464066,0.4290976673792438,0.4677087520157944,0.33182058748238247,0.5244004206049693,0.6737583081308556,0.56990043681139,0.5617816662042445,0.5530019329037379,0.3455165621428187,0.5684155763937417,0.7548935906979304,0.3933161439796898,0.6089621421895537,0.32900417311118035,0.4501608364139781,0.5153851054939151,0.4839193799273582,0.46934628588781435,0.3139228491144876,0.23706639409840113,0.5797331961962507,0.40167026345974854,0.4950128420179821,0.34619735073667335,0.5233631647232176,0.6951076841236402,0.3193327262235523,0.44634639230654255,0.44685121544035555,0.2821469561762632,0.45864777350700403,0.541957721916563,0.29945458702834393,0.5426792098572796,0.4031349880843199,0.5277921771259234,0.7101370878142319,0.37508952092628545,0.4531969754618581,0.4880103334076933,0.2682872047426182,0.400078909870763,0.40079865611478016,0.5596983998217709,0.5571071310385325,0.48110038135300975,0.5526984880441479,0.5030870746972953,0.40501148535672005,0.4661397299756094,0.38013104981372725,0.18904764904924545,0.4726497868459545,0.5851507507571825,0.3896512762064787,0.5533128836109211,0.3857229944093695,0.37462989493712,0.37482709336368514,0.45976639308621137,0.43313121303496593,0.3970299075017781,0.514764314411869,0.4349610529824666,0.2296182620406821,0.33479765578283827,0.7126436084562199,0.6568411860588201,0.40535985298061034,0.29842462079556487,0.30340939026657754,0.2633132437439226,0.4258494314263501,0.6828166269013873,0.6116555146192878,0.4496730289300792,0.287829325863185,0.6133855230243637,0.3337004245672822,0.38117174630157136,0.30261333958079306,0.6282718662743998,0.5730593571574274,0.32410491604179625,0.5024207117754649,0.546156360941417,0.4858887350427027,0.2860939748918624,0.5139901751776637
120,0.3977758897502366,0.4839562986749907,0.5006935254975468,0.5073835448338869,0.42523759581066306,0.7741754628240933,0.5197764789578142,0.458040229410001,0.38709603097140544,0.6294085598999519,0.34492980758571967,0.3000748502627168,0.6302019885331568,0.3562704923585761,0.3515028863466099,0.38841867684908077,0.2792576051178356,0.529760432756689,0.5100994737735663,0.4057669858661972,0.5004748179611695,0.3676971057181306,0.4277635765294432,0.499358187105588,0.6438220892595201,0.5109288976752079,0.5581865680672033,0.22464366722480048,0.5650958883211217,1.0,0.31528009885947084,0.6161662430825925,0.5590115329405004,0.3197619332122309,0.43214223134649815,0.56411745192902,0.6321158835357028,0.4959771834755791,0.637938386906118,0.5165348078493743,0.41961907140696486,0.5513658162067043,0.49151982880272116,0.2011931498695713,0.4552149042360157,0.34882812559893095,0.5093990128370318,0.3943913706073338,0.5311818639865964,0.4473883751894833,0.43615005595684736,0.5585422923940646,0.38488182494696704,0.6268076204493955,0.5067209952180383,0.4615879298671106,0.487891675654735,0.35672832724679615,0.3299168293624282,0.4194420694894498,0.5597732864849451,0.2894209426589177,0.4737747275614255,0.32382016509244493,0.5182098913460368,0.5162275791984297,0.536167342974326,0.42802783596917265,0.40799216954363393,0.386193898283835,0.39865252755718844,0.38191587822174444,0.5738945942263707,0.453452349273525,0.6407107969787276,0.48118994845990126,0.6364748400285837,0.47555653900933953,0.6238214130836615,0.474078297316868,0.4969404734220336,0.5010434664191206,0.2747751451589523,0.6329915122139094,0.4978551579269066,0.5797185693066131,0.5287441207872075,0.44880914289705554,0.4552042908823917,0.6148978769175958,0.3296981982032203,0.5440615105432225,0.44490877857783323,0.48633667273604136,0.41893283519257246,0.6053428753774409,0.35894893184579935,0.5548822485183812,0.47050587720792747,0.5534107869080568,0.3303899197114084,0.501730865167997,0.4780377108447442,0.37060869166446914,0.33253938349717305,0.46512895947091304,0.308156377181774,0.46502875243118935,0.3465242518140448,0.2904690127425098,0.5978429058159176,0.6658215178047999,0.3323764378607039,0.41793334285061357,0.6785952001845992,0.5148615826226084,0.5553622621764425,0.3613324163822741,0.21782484327993348,0.5017772545093836,0.604011578969389,0.5758022323204717,0.4781442505808504,0.46188263568753113,0.5599645823397146,0.3924844542935907,0.573164047941222,0.490497667600799,0.28313155925637157,0.26341121583404814,0.8151156840272277,0.5983823195156734,0.5515023652952072,0.43649072797844923,0.26728046418709384,0.25710989415239327,0.3316651628194122,0.5253675622079677,0.4502512553874423,0.4288996995867339,0.3645654596818935,0.29205819793156595,0.33809260053831214,0.3473395283404569,0.5310512000408669,0.5086007081758457,0.2626837764926401,0.5406495988583465,0.5224532267153915,0.29364395354685213,0.40390838697969733,0.41597164458149766,0.4844526118061431,0.20141826972159504,0.6524091530314315,0.42227709471881963,0.46143070701929223,0.45178120515966746,0.45785909452381013,0.2850421957771332,0.31851789025055466,0.4535820951667484,0.6482071534036095,0.3077033868859716,0.3472703499939797,0.3512081412436647
124,0.5413898045766089,0.4397551348028835,0.42199755284859214,0.3753390296530972,0.35579984488438837,0.3806069497340444,0.42753241812607123,0.2922753217007742,0.2244222054876517,0.26495124763327405,0.6326897318867932,0.48569364384794134,0.3607113837173308,0.4434833343705513,0.49275996525734944,0.4664287788810877,0.6991984683164894,0.1485526866484045,0.18147866403784735,0.3884455449220055,0.4154771946835394,0.39048038200962953,0.43649235084768945,0.7051450294921073,0.4357018320600493,0.30263604677151906,0.46963569605949307,0.6247247250711325,0.6391938239273625,0.31528009885947084,1.0,0.5384006222806696,0.2678091871373878,0.8841351979576675,0.5466290151815153,0.3027080212875104,0.2688525872465432,0.4133938775816548,0.5586624335022703,0.14588793216441315,0.6216036787942821,0.3014952374589949,0.374694673992907,0.6134388539387459,0.36360514565326785,0.44527044378733216,0.42613173085148154,0.4429296723954073,0.278460192008719,0.39035097808923175,0.4187935031481272,0.28627429879184507,0.6015184740041986,0.34689967879870565,0.30340731046674285,0.47475281823304644,0.18728628839686384,0.5312490789562825,0.4856945741535455,0.5309872745037121,0.2474710474100189,0.5499970364110173,0.36988300554519693,0.376399078119509,0.26581098762666877,0.2592610497120393,0.3006901705089735,0.42005501868265605,0.51080698008074,0.41386560330326194,0.43328041303101095,0.2725283105067063,0.24499999968062974,0.42432571064553704,0.4630623728879312,0.20296398617185232,0.5352636235241723,0.2923181778017975,0.2743521785332464,0.22801957839883671,0.2297168650646655,0.665567828857151,0.8376379593959467,0.45927683428551586,0.45501763588685706,0.47608389648382543,0.6053499414182714,0.6659450582733495,0.29108771048358534,0.5030363247236429,0.4856699272837593,0.32180613512807815,0.3300523166785915,0.3505963479307169,0.3341822610879279,0.35268885071981537,0.5327217874602724,0.47216567581416136,0.3310641834900439,0.2524764841897059,0.6605105738956643,0.3173138527979372,0.4670034990737566,0.3511202636810054,0.4751863420178851,0.34057695696806134,0.614104852452132,0.21880823447055833,0.7325697765145771,0.5719108680544949,0.35514635728391436,0.30370602686328513,0.798505474105371,0.7446707174059698,0.452249999692715,0.3302502559917744,0.305660053540487,0.505856450113392,0.5532428365296449,0.21006174976883857,0.4249435248755894,0.4862505258599519,0.43726853983426806,0.33363115279406025,0.42401575007435066,0.6645709880425938,0.25006706559556063,0.19627500173643542,0.3282351924682378,0.7391273561927999,0.232291938154085,0.32896080680296624,0.3053225364598628,0.4762407258892434,0.4926728498311851,0.6362238680854648,0.6289304079370741,0.2704082485842554,0.6243125699666634,0.33715129236138175,0.3711448367537352,0.49939528228524727,0.6428299912346364,0.8124859795127962,0.3720737066289613,0.2046802216373161,0.5390362968600428,0.38598308068913023,0.47531355230327066,0.5457294959334886,0.602997689079472,0.4376063674443441,0.36148262665492004,0.5866970385795941,0.44106348386360306,0.269195519806938,0.3263395959137796,0.2829133845683678,0.41191644709249015,0.8353375842720598,0.6054817220890706,0.2999806909680237,0.40659028003657954,0.631111476629474,0.5751673545643687,0.6498351487596473
125,0.24127920572869102,0.4960041251966584,0.26626130478041266,0.37001569318370375,0.44670016663761736,0.4240564785881816,0.25676464915333225,0.20131972359234218,0.24526506789789831,0.3033818193351149,0.5285410049143874,0.43482819117938587,0.31290469246321057,0.3557142561697728,0.5793935719732671,0.3177165159935408,0.6107659688427757,0.2105879290157978,0.2309086296983793,0.38579128416495767,0.29609322026723645,0.2591651176178147,0.3165504959877747,0.8250187977092227,0.5930500370131311,0.404640902493957,0.4555518116192909,0.4042699961531501,0.4015017020706744,0.6161662430825925,0.5384006222806696,1.0,0.3732881910568867,0.6217213412028628,0.46381654277887224,0.20479101986257453,0.33193279330096104,0.3614694125716582,0.683923767252274,0.24602017432745632,0.7483612156854381,0.27895685696209027,0.44278358883172597,0.4831556048948112,0.3342590246522472,0.38293069215328945,0.5023690615794095,0.24130341113124407,0.4801441417902997,0.23068350947363614,0.48089503036243997,0.30274914798696884,0.549020444020863,0.7042379903396514,0.3393754146104787,0.29993210587344177,0.23264830534970882,0.6349667595908219,0.4444407433076446,0.4546360218371179,0.28609661465059977,0.6278039930955217,0.30305641663493343,0.36757774901901,0.34932089385761467,0.15336218270329838,0.37978261306040695,0.23359568410983295,0.6117485618002845,0.44345443126776063,0.6394327764434913,0.45559465254326503,0.27961728357714644,0.335352606053359,0.6701488320732851,0.25559323494292446,0.8381076794154075,0.27274387631742136,0.3698998305154808,0.2280584664781427,0.2035911966409417,0.36578634954957745,0.6406813640372293,0.4626237192552637,0.43247418080696776,0.6713176620985947,0.41863815178282676,0.38840396652216247,0.24093461987329035,0.5614989221949783,0.5689949595502388,0.44628559348819785,0.18145129219153605,0.3443501420542302,0.19039343744780693,0.46190296422313337,0.5092159840280999,0.3530213669207026,0.20676461430525986,0.2830638954262175,0.6510388447262498,0.22966721735125148,0.21393174985733315,0.32487852667873357,0.4536832215972432,0.2861004661259179,0.6138573689811402,0.17513551976470404,0.4857197819629823,0.6018302699079229,0.39121578957310077,0.5380106723131062,0.6002174103653082,0.5031241563877308,0.719205926048918,0.3051480100988897,0.401610401138461,0.5018582302983408,0.3962504570837589,0.20740898991891496,0.4371383254594762,0.5659921204883993,0.44190593670277745,0.26047424513776596,0.5055514889226538,0.6868121038205173,0.285357357743334,0.27529475616845417,0.48774714118801304,0.5692281971848993,0.5169036481994016,0.726282964192777,0.3443139176708313,0.5986094462104654,0.5057670791419702,0.5722630157562598,0.4361923384074841,0.2861852441941932,0.7947456494894825,0.4054252931419219,0.2824391952108532,0.4991548255107512,0.6676405283753551,0.5816832743566194,0.20888847796614207,0.3126668316878283,0.45912410074890353,0.738936787247161,0.6103359255465421,0.5139398079625517,0.2973241136487945,0.24904156267963384,0.2741736632202461,0.5448755701478889,0.41277804366121773,0.40166308091845854,0.3989320837747983,0.5104909566732526,0.32085830336093124,0.650904829408775,0.6674307451719267,0.21034137501390407,0.4103764985488182,0.5705270449834766,0.7178462863813309,0.48175562575306136
126,0.44867589046733924,0.3583894596216729,0.4716052895860655,0.5253184453839492,0.4450298788278537,0.559581798437718,0.6738383770470462,0.5785905817939854,0.484594216408068,0.5208379509955049,0.3424276093765982,0.40915741353294255,0.6677831380388747,0.4224275288935029,0.276117074466935,0.48162319247064844,0.23304169102256617,0.7322585441382106,0.7217326126452264,0.3705709185746051,0.490816582936652,0.5431247761754503,0.4531552164024873,0.25694408294865834,0.5440419778758208,0.8424629514027254,0.499736089567822,0.40967144005477185,0.45805253612766056,0.5590115329405004,0.2678091871373878,0.3732881910568867,1.0,0.2450057063399439,0.648317328836668,0.5034225495276401,0.5991469688982751,0.7723737689118264,0.46105607818421634,0.709044953261668,0.23207825253319228,0.5409145287695932,0.5414409592222037,0.30455559148288847,0.5447478405727093,0.462752162238682,0.38344492348923603,0.5045410106167092,0.739695658082087,0.3500994956976395,0.6101290542653546,0.5478324155797641,0.30295176470335333,0.5130823964910078,0.78979727484021,0.451942750867419,0.43244216276665265,0.3031199817580217,0.3414096606444235,0.30044551417141874,0.5341255292502223,0.5672154876591898,0.7278193292326245,0.5516375169264358,0.6712111350623606,0.6307418267127243,0.5420723473289523,0.6238586616113493,0.3123323604246301,0.4401321583034341,0.3208594834174303,0.5871910021034286,0.796588887736299,0.5972600148171895,0.3577591775125541,0.6776333026702254,0.39156111863499254,0.4747589749765303,0.47715660742692634,0.669539949277828,0.5396116194736047,0.4119304344800462,0.24022440573878534,0.5388404804459141,0.4691956045573512,0.46232570562861985,0.5563904489077722,0.3528192840432937,0.6752242251760308,0.5174804034766975,0.45734222847407013,0.49439185103896266,0.541874940551742,0.7438338384912422,0.5143378735268203,0.56028850063585,0.3313490045372949,0.5736635008496735,0.5788079459666127,0.6351261558633483,0.3035025537053197,0.48588342720159,0.6521115065536531,0.5762810264732339,0.4580552056741233,0.44718604964293285,0.5413293452237183,0.5404949664111541,0.3252489760006725,0.3722068973954487,0.6335297001835648,0.5066989892587338,0.2618361579217789,0.37458057230033565,0.4095417056498888,0.39673605675235146,0.7720534629199195,0.5767357027825282,0.3769129770742576,0.6911050199189418,0.643041380751695,0.5843707886933023,0.42614661991884556,0.5715763986794123,0.4334727964614502,0.4213643003176044,0.5284297556915489,0.6268771976358052,0.41837492060947223,0.18015608469799155,0.5805279865484155,0.41232031420809034,0.5461800380075299,0.2524026249304583,0.2685561392634878,0.19756970371020696,0.23363353947502244,0.5335895864748076,0.165904899719208,0.49260124984582887,0.5613230819658535,0.41015894717754875,0.2784222536049015,0.2855863155314144,0.469247491753765,0.7027275608921197,0.2389879236472087,0.4140210079243294,0.47373992298878825,0.37370802535393743,0.3644323101309941,0.33280452865375715,0.49914763060089196,0.30414586130314913,0.6161444636438467,0.4369414985783514,0.7502541828340137,0.4800028473615782,0.6381689511576062,0.26059105419434,0.2924814470936824,0.6161596501363684,0.6265954600258172,0.2599607715685203,0.24942349328037683,0.40325159901190993
133,0.476744582818838,0.47766621009787846,0.2445200724337083,0.32729642097737105,0.4072109592732116,0.3382148875350409,0.3787244532459669,0.19689255471155936,0.2625290274876646,0.17154766920125297,0.6013251248523163,0.49820202534862623,0.2911168249097218,0.5059567463885848,0.5323397789710435,0.4564971056827666,0.7664147074429475,0.08160880225893472,0.12087178366360968,0.37282511881918007,0.33283271876168846,0.31677797763173754,0.33939875820534876,0.8167648738222164,0.47133284923806074,0.26622780581275995,0.43258382017787644,0.594245182064909,0.5639926627895135,0.3197619332122309,0.8841351979576675,0.6217213412028628,0.2450057063399439,1.0,0.5046411249843945,0.21767955894787547,0.2032087186481151,0.2864230364119363,0.5573634749710878,0.08700929176837183,0.7346926170455099,0.2650606691646334,0.33178493018231137,0.7118341572948417,0.2783955077023613,0.38618457751674906,0.39564277315417196,0.3454524872550344,0.28340505766935387,0.2804760331718235,0.4595153440707056,0.21124151129304192,0.6323668152018647,0.3811855115687356,0.23890881315944468,0.30613868537700684,0.19580218346375364,0.6494873886120024,0.5081380091536548,0.5688946518705902,0.1802715354614649,0.6439141875222193,0.2206325903575354,0.3410586367044485,0.19449297795915343,0.21275222080683237,0.2317060116227374,0.4409423901111076,0.596817955662064,0.4007764253397485,0.5455783233100782,0.2836788951942011,0.1809657287864809,0.43777593700896517,0.565421478548662,0.135846181602084,0.6012890159474654,0.2607451837465406,0.31228159873101646,0.15019692154689362,0.22572099279937,0.6451523251587786,0.91969017413445,0.42134401179461234,0.42444546538007266,0.5095288882741696,0.5101528620847473,0.6862268333899131,0.1767568275937475,0.5516044066751931,0.4469675247185447,0.32054620186761007,0.23380653287141498,0.28279910000928327,0.2499267067901926,0.32876676008231787,0.5879148993381641,0.41527291016530976,0.2647246581068377,0.16262609625955848,0.6905079697166495,0.2132635843392478,0.3199466845349108,0.3004456982486333,0.4421225943622119,0.23067893259044903,0.6552962210284526,0.15145409672523258,0.7376901410574672,0.5851803124335154,0.3208311276280066,0.27980653232980257,0.9036746622159566,0.7166584553055346,0.4948617507584665,0.37247383305215154,0.21113246222000492,0.5880160137569647,0.6487947975562134,0.11488418856474893,0.3837670597433607,0.4966638073784414,0.4685589129167681,0.23824852565460783,0.44915436855744384,0.7475977709856394,0.19625587321950022,0.18705625546377977,0.4360693795432635,0.8007744181803879,0.203245704197175,0.41237159970149334,0.20800286251354355,0.5601477094607821,0.5870378270821908,0.7294708411686951,0.6534309288397957,0.19625492448549048,0.7616612121906952,0.418737904653772,0.24195042846527867,0.5102164364582118,0.7209456740674469,0.8898896526726259,0.306648090263299,0.12317639549571302,0.5586123509835452,0.45897356761882324,0.48748001218783366,0.639224862116869,0.497488481938695,0.36474045905747937,0.30666447932869484,0.643781417311926,0.35630199431061166,0.295667782145459,0.2610928294775154,0.3474609452758354,0.39815448424829947,0.9684608225621919,0.7315480743925517,0.2034602069028897,0.3846398513265574,0.7504710312091822,0.7085359688149392,0.6952269490502558
137,0.40216867182566723,0.3846955306505315,0.39841919803745685,0.2956145583189024,0.4079971195783828,0.5174583428838497,0.5509433063992759,0.3930743413233365,0.31286424286812264,0.3479386634241309,0.507896953267196,0.42209106112543027,0.46574101186853906,0.4510350369649896,0.4650740316665229,0.45721186763664234,0.4281333557325149,0.49029896176137466,0.5424290984479687,0.4029157010899651,0.3357877907422152,0.38086212530086294,0.40763489783860707,0.44941433189134017,0.5019377637920275,0.666003801281339,0.5057313946463577,0.5365547127748296,0.38537932401702363,0.43214223134649815,0.5466290151815153,0.46381654277887224,0.648317328836668,0.5046411249843945,1.0,0.3179353362266565,0.3936872138777261,0.7054872354681728,0.5574976905510453,0.5007879113513282,0.4272372460207149,0.33190551218562026,0.37495733688080524,0.5730567818162504,0.391243995215656,0.4070889393661933,0.39527537750517655,0.5016596551217084,0.631495769248868,0.21624143938895812,0.7411899702708932,0.4470610046075666,0.5392334609643469,0.48782682717461523,0.6159180786483247,0.42073651698601106,0.28792921628763135,0.46282043622190744,0.31151210050353123,0.25786489714595917,0.32241741519054484,0.7708650500666326,0.6345246924583017,0.568941173474468,0.5232581211685596,0.40993985949072226,0.31758812048383606,0.4890071754298886,0.44674703859555676,0.37966970467707817,0.4222064655312642,0.6037244841776809,0.6392059002672978,0.4595246939672259,0.3407487077883998,0.5201209408598126,0.4560203833899922,0.2576250972003187,0.3524727663230579,0.4895690743352527,0.315156409995348,0.36633941619502536,0.40531207637757677,0.4894420170757727,0.4323991992228749,0.5550393634833299,0.5950629417439628,0.38686703644672793,0.5430030266993842,0.5515778422823218,0.5981102078058104,0.3541655299563869,0.4026241045921029,0.6869431231119709,0.352167814555264,0.4936676239568347,0.4246312087597678,0.4642926709134885,0.5516299956695181,0.49361391633381135,0.5203442966416456,0.23044614414952025,0.5284568330865602,0.5361408127677888,0.4275188067926554,0.3172692409050516,0.7687182688264936,0.2953544094032574,0.30040986017641963,0.4489117242143556,0.37936755894116003,0.32815843896611224,0.4588459851729712,0.4033263905500396,0.4452689928913586,0.23652092036371614,0.6382281495339855,0.7942906552512651,0.4719089054472289,0.5369436914269461,0.4232612152580093,0.46608160475973814,0.38507566484627315,0.39968124677032824,0.4630694047848679,0.5091965698854997,0.30942366424003875,0.5040843038251297,0.46931625786685927,0.40122971921901,0.35991586743940357,0.392948558975334,0.40076485870651657,0.3715565077946911,0.4000836335137855,0.3861640175110025,0.3872600118321029,0.34477538691530685,0.3850303380804767,0.4513339783151312,0.5129823359197399,0.6245583871094191,0.5367192935331992,0.4680032155314914,0.22234397165682382,0.5440124496721109,0.47678791396739545,0.5349436840216257,0.5795783193837545,0.5318815059066038,0.3969808447250245,0.286900403248008,0.4130293969322252,0.46433214683235374,0.5057423703646868,0.5105969974971535,0.697929223228404,0.557890728890716,0.5233374897605365,0.45025224254342,0.51808439710493,0.3875640464589868,0.5266686984213288,0.3594924270976542,0.46445216081840845,0.5824291786828842
139,0.6865776302882332,0.4927520984452125,0.7209166508458726,0.5486611597065507,0.4469480251394927,0.5988158892966094,0.6203606595723409,0.6658790902081906,0.5359187548856104,0.6890250313387258,0.28216857242749815,0.39192736101014075,0.6661032716259138,0.38390852214873966,0.3140040272970125,0.46501151213887926,0.21414766552719688,0.6800099746546122,0.6692897881813014,0.47540886439830665,0.6357020732709148,0.5634083071025195,0.6168971731428892,0.1898537205033556,0.41388641422166095,0.47429675107285757,0.5030777695026656,0.35678753923147266,0.5556835579249959,0.56411745192902,0.3027080212875104,0.20479101986257453,0.5034225495276401,0.21767955894787547,0.3179353362266565,1.0,0.8586794705127827,0.5151177314777474,0.38791136812796934,0.6393931208822445,0.19404260089033024,0.6647095644568088,0.4763132675892878,0.2313095815842971,0.7625197741183438,0.36886575046355863,0.4313557650550468,0.5762768081682748,0.3754604229344464,0.6271173669900985,0.2948450001527534,0.5859976035718137,0.2552925286225112,0.32075210663852727,0.47242801342661717,0.5390955388746058,0.5931909654723445,0.1679641343419079,0.3480339685720262,0.40814356081734426,0.6403436140960297,0.12479362275092248,0.4819319242111877,0.3517796191152998,0.4938066774776006,0.7004131652890733,0.5884553448161931,0.5012509493140291,0.2841660843087358,0.437991262665537,0.27286511711568434,0.3581130921120876,0.5352888320364553,0.43465778043573455,0.3970611041060656,0.5458983539769013,0.22024455425712164,0.5863993261826249,0.558981566680536,0.5538369942350205,0.6084375357033771,0.5112947140116966,0.18060468715261407,0.5016439136277989,0.46051022159141763,0.30996566663021413,0.5355530377812299,0.4919445906674889,0.6121586277232116,0.40536166168845444,0.43687684357059975,0.5778757595263391,0.7655894896144336,0.5052888676915896,0.6350047892709247,0.5665698501508826,0.36275340561894637,0.5847454215471257,0.7223221226647519,0.7018270317149993,0.19323856402328915,0.6450750635511566,0.6458066111897431,0.5458215844328111,0.42889297805365356,0.6794761636441541,0.12911257026963974,0.7533788791626992,0.3477765222405983,0.322717488942194,0.5297046718339762,0.5752210653062042,0.22113056592953742,0.37745282681904946,0.33054051121090455,0.6526689036993178,0.5337582304715995,0.2981444236762919,0.34852124075511864,0.6375473220681489,0.5049105304331227,0.3678779313487749,0.4085048072483381,0.615514908264193,0.3919231726746376,0.1589021615667024,0.6906167908571221,0.45737965065932557,0.23652102808579778,0.20181142058175555,0.6214517310313395,0.3135433410790074,0.5704948901457433,0.3177611160466688,0.25750598417523407,0.18697016423604806,0.29678486345709143,0.8076090702478259,0.1652000133412576,0.40798764419700867,0.48638117118466384,0.2205125890161529,0.192040887963681,0.25470716194107135,0.7124380947279831,0.5174989378250923,0.2977875482739169,0.23393824452948173,0.36680739930861084,0.19472945813337844,0.5748967812015064,0.6148789577016991,0.6729885942867722,0.18812571588107377,0.548840662767651,0.41869985155125833,0.4614177691488715,0.3227576600544836,0.5239830177757694,0.18161571877371613,0.1239622587766904,0.5850636794414278,0.5269714559409913,0.20864133664826673,0.15502109232308842,0.2950930685193355
142,0.4681928503679428,0.4247626127179762,0.5471721009123112,0.6078295914056037,0.47039187689468287,0.5613644147873478,0.6079199252082864,0.609475937027402,0.49712352880951677,0.6484995059113936,0.27987416141418253,0.3351808759381235,0.7083952923321291,0.3725561573285356,0.3154098418046287,0.4321146980143519,0.2725585456079538,0.6412099199160859,0.6222141183230617,0.4424171604280129,0.5886253469873715,0.500112275737988,0.4994987131908456,0.20316399369958185,0.5443236683037682,0.5915766404053335,0.4965427165179298,0.28192237540440285,0.5874253990359021,0.6321158835357028,0.2688525872465432,0.33193279330096104,0.5991469688982751,0.2032087186481151,0.3936872138777261,0.8586794705127827,1.0,0.5304532436201032,0.36906460382776474,0.6498338467359015,0.2236021017925597,0.6413006425950964,0.5753499898445853,0.19655415386236771,0.7702566494823229,0.4356853851100888,0.4435465438209315,0.46618088956890874,0.5136374311047304,0.5367481948822365,0.41790067160231736,0.6357727203961407,0.2681770105741578,0.44067088902276363,0.5879268330609181,0.49593821552762896,0.581777447049451,0.25616090869929864,0.3376202848929283,0.38888605371964974,0.6668274384827557,0.22949480402080202,0.5471329219953899,0.3591717921547684,0.5467617453873178,0.6317143345411552,0.608371075868298,0.4678167546636206,0.3734450228493748,0.4813816885035437,0.34741900074041804,0.4562875405145027,0.5944031586452327,0.5080545404711948,0.38848111228900606,0.5818862827322264,0.3417669653327192,0.5628045899817705,0.5911832500227563,0.5434252184760419,0.5620627928292343,0.45816442343643304,0.21444025859768676,0.5716269337606461,0.4839909692651668,0.2789373531029824,0.5420965864793851,0.45586617869095203,0.5302105842924157,0.5501954861707228,0.3780050557269219,0.5934811144903672,0.6110710699838828,0.5411851892370658,0.5300853093062597,0.4356100445278218,0.31897725158410484,0.5684919977899675,0.5355689076503936,0.6365748678981502,0.2504776827982573,0.6197660316960432,0.6114458997190666,0.4299104163672509,0.3899651884490455,0.5274000288697955,0.24200222966483917,0.5993214503882441,0.3117195607551495,0.3052257232320768,0.6259268486277894,0.5482636919546667,0.2455087878939237,0.381971915682696,0.40997072962470993,0.4981570078479159,0.6416993470954943,0.31723789183483664,0.20329573893571018,0.601242399388564,0.5975598771656172,0.48069999903085503,0.5038630463349643,0.6487326013272153,0.4517903871705857,0.27498269370354744,0.6498510413264427,0.5224352558300663,0.26301811426419364,0.18927111617652323,0.6959233545368437,0.46661885419969196,0.6708470220538496,0.336060783813964,0.24777135521167198,0.18373657762504694,0.30342362058427524,0.8157821208835893,0.1970299820106205,0.4958066768407021,0.45546199698453027,0.2364294594741813,0.23738411745273766,0.273021188994063,0.6722163832343137,0.6206560292982025,0.23831221847504225,0.312716913779976,0.33288120233116514,0.26859332802624764,0.5235597037171077,0.5586734389354808,0.5653287600213429,0.19057855110015345,0.6649003219372734,0.46049023722725263,0.5652527459617425,0.4022140458049418,0.5784514652480914,0.1960380715646879,0.21392023677863659,0.5936954442580931,0.6245064409626855,0.2604531297983439,0.19368723732289633,0.2926010383358433
145,0.44705193638581253,0.42030768137792757,0.5802745541695455,0.4417278281679713,0.45173279770669805,0.596220449823377,0.7337335448012468,0.5510097578702178,0.40705922785725446,0.4959745673033392,0.41082616878905154,0.38454419387608835,0.6885889424632552,0.4251284025883632,0.285027593617838,0.5139192849841606,0.23788116585834446,0.6745730694404698,0.6950857974676197,0.4199415877428758,0.43314364176008546,0.4674401729860072,0.5524870640848185,0.2416557369044815,0.47153244082432,0.7406788047828881,0.4990584543169373,0.4750930901959631,0.47549790475228143,0.4959771834755791,0.4133938775816548,0.3614694125716582,0.7723737689118264,0.2864230364119363,0.7054872354681728,0.5151177314777474,0.5304532436201032,1.0,0.5033187492889627,0.6663077047033978,0.2296322051231963,0.5151470959361792,0.4880489424429052,0.34936191168229236,0.5295457514397202,0.43853617781934484,0.4174651151378744,0.5426443096715226,0.6429102502722297,0.37985032711285405,0.6458973067154339,0.5140509249334992,0.39343251315744243,0.5350362246901581,0.7465604413926683,0.5455726329764079,0.3834320410737584,0.30157078662464326,0.30068786832464434,0.2526155579444871,0.5296775961509937,0.5531678996456616,0.7294298449951988,0.5440584550509564,0.6432149094323982,0.5713581250456414,0.44943542920424523,0.5451652017280502,0.26026561368357937,0.4199589148713943,0.3028525812278827,0.5334476665239141,0.7841816454955193,0.5143175757173474,0.30075960935883733,0.5809081836756254,0.32898519381178154,0.4320103488548699,0.4267731291100696,0.6102886054584281,0.4737671565391941,0.4644761316838478,0.24144169355268108,0.564994953177561,0.5047015585713139,0.49145787090437687,0.6664458523232795,0.3914991449590238,0.7274725620336144,0.5064449721735849,0.5600136492149617,0.4945505257896058,0.6029348793053988,0.7965578396391824,0.5103844030669749,0.5053124827071868,0.3455592135838711,0.6310542823417002,0.6728509480450049,0.6837143175909108,0.37625108809843844,0.4154478392887311,0.7225385827803734,0.6514382831133538,0.47306040175454744,0.49889205060488784,0.551852064505075,0.5096907821096819,0.3345275318670277,0.3361125337402525,0.5491626130951647,0.3978451460654193,0.2584226933864028,0.41253205182336283,0.40689841013216366,0.36036876876395224,0.7843082189944462,0.6215255897184011,0.37328768861192957,0.6904870199681324,0.5780780135764216,0.46656544177896964,0.3436432009422343,0.5454935507051297,0.39571732340630483,0.4199494861144327,0.5227509613523074,0.5954545069422086,0.36913023539093603,0.21948006784464186,0.5278471531482191,0.3167292810362393,0.5496695800067409,0.21241130728402147,0.29906978467336737,0.2123245310286283,0.22242010429843034,0.49624919616441954,0.1692761857223763,0.40872135486911987,0.6859716064958121,0.5105619604227559,0.3196773610737545,0.3131650574664656,0.4058950698110687,0.6708273861563001,0.32746034868518037,0.4115752257779885,0.5182370932562448,0.34910714439770174,0.41876645605796314,0.385744654643287,0.5274806906898498,0.30434526317726535,0.5993703240385168,0.44629779162884664,0.7656295210111901,0.45611602341305557,0.6355478433178854,0.2477618512644559,0.28599714555629285,0.5869603386092311,0.5982990038310305,0.19715335694851577,0.2453863437955222,0.5081923824062786
148,0.46001731145418745,0.38941357061779436,0.4091799389572732,0.360258248787224,0.34996206281218495,0.5883476500687493,0.35950373475870817,0.2753846474990334,0.3493090848611418,0.4578204843813375,0.5718606309792175,0.4588175262364753,0.5163586741428239,0.4025416705812185,0.4602091198907602,0.5089654882727931,0.5010919616752768,0.3637150697772544,0.4199240514149321,0.46303901668012903,0.3950013975732047,0.27048580921654863,0.4402664331447748,0.7421925801240635,0.4966728857737185,0.4214980381428206,0.5568522120627173,0.41080333449254064,0.4724895714761883,0.637938386906118,0.5586624335022703,0.683923767252274,0.46105607818421634,0.5573634749710878,0.5574976905510453,0.38791136812796934,0.36906460382776474,0.5033187492889627,1.0,0.3559552893218672,0.6592174564836208,0.36000628481980157,0.4108182378856523,0.43587952217617154,0.42153244532737605,0.24361149606568455,0.4530792817225551,0.3228352383484659,0.3216200475822351,0.29451784988965657,0.4547746215947767,0.3234607971711364,0.5087551435898359,0.5942644063697953,0.39130269887417424,0.4279116300911354,0.34691445289640205,0.45656334077856753,0.3890190450831661,0.3276706733413625,0.3448571917256861,0.49089554127839424,0.3777927172894112,0.4453661692327332,0.33910977635138567,0.278870954036704,0.31419890997748073,0.3257091586610287,0.40961681762892277,0.40098614682709155,0.45388513022444266,0.3156986389502953,0.3268573360758086,0.24631861993822152,0.601879597713122,0.3650872201777388,0.6844283534229467,0.3577023314987715,0.38756993875573076,0.33539160011389363,0.2042079347311875,0.4251782221645367,0.48626342450668897,0.462347724017747,0.41991187306249883,0.6689437678528587,0.6203572034843281,0.45935720791623846,0.4484020260165945,0.4875198379415215,0.37706362064139975,0.40880959044334025,0.300616994912151,0.41794684184417413,0.21150033706480426,0.5583762759993136,0.4419568204618353,0.4810177518093358,0.459663971855387,0.3837100855711773,0.5266891448358334,0.27938723549345246,0.3285945879415602,0.42850586491198384,0.27883520004498374,0.37250983851633124,0.4958343192444149,0.23489218224056338,0.43975303752984246,0.419978092415805,0.39030381680021153,0.47268594343974835,0.48549422652993807,0.4746862539012776,0.6859655661900335,0.32675574522670614,0.31895225939681476,0.5090109021284739,0.4257340453945819,0.31751609102223505,0.4578362079623782,0.47305321666516387,0.35130050104535304,0.3112586627881306,0.5381238390827771,0.5175111590882899,0.3410160992134496,0.33570111127360963,0.3724560100705658,0.47836369715919524,0.6097229037890619,0.6481759858244902,0.438992900253778,0.5734688103469565,0.3719161608008782,0.4372458798720717,0.4170952193050829,0.3883672980096799,0.6597712101635564,0.3186765589379563,0.38210624140584404,0.4357766961991715,0.505201854383259,0.5667549188352803,0.3551638681893475,0.32376520290791944,0.5170587417955387,0.6079681074892329,0.6886109273330062,0.36981972048691947,0.4783308893186068,0.4466601135715467,0.49831299227412296,0.39882911742068095,0.500406216289812,0.37431580750783006,0.38866073026847836,0.2647779794860038,0.3727219266167472,0.5240533880713392,0.5485973659257201,0.28079752560661,0.4584653126568025,0.45885654769076334,0.5625378097795171,0.33265875234992176
149,0.41015122065286846,0.380960047603508,0.5978233369358225,0.5478084942487956,0.5027080023064419,0.5565394434781508,0.6476883626381646,0.8352141441305199,0.6189631067188046,0.6146769099887378,0.24010819300482697,0.43703362030108794,0.658255137014504,0.4264645263304019,0.34445111262144346,0.4833743548439603,0.15587515336843358,0.9161334074421899,0.9213542922209321,0.5781641958413946,0.6156912799288412,0.7239404220706499,0.4942194326620391,0.11657330297659578,0.5292921299454177,0.7084704979550913,0.6191250397583867,0.49140446779722463,0.45112372673020495,0.5165348078493743,0.14588793216441315,0.24602017432745632,0.709044953261668,0.08700929176837183,0.5007879113513282,0.6393931208822445,0.6498338467359015,0.6663077047033978,0.3559552893218672,1.0,0.1613824880582522,0.6009582918153769,0.4621122606938533,0.4105709123426978,0.6244025718719975,0.36356831455144967,0.3852330423787772,0.5895587424626467,0.6042312451145055,0.538670063839104,0.5171321617764975,0.629223146947473,0.213606539379587,0.4251996579715812,0.7297415510373806,0.39176143126609597,0.6551346046303931,0.16516410313375085,0.23577600236925528,0.43823946111323914,0.810300577892459,0.3579953240952372,0.6410920763548675,0.4398861906626186,0.5665569809276193,0.801980978324459,0.5994741176322308,0.6014302097480397,0.2636120609424183,0.4666998066191014,0.45227588714677625,0.5374204625985741,0.7653613369883101,0.5530357698974938,0.32920249488718883,0.8615564150700815,0.20929276849085873,0.5283746514355318,0.7105869573997224,0.7866033334136,0.7768881001748433,0.3064316382565096,0.11212640441048512,0.4582619716019395,0.4232030421619355,0.3070210681357149,0.44997202586631735,0.3284654989627493,0.8058541071022212,0.43136238709259855,0.41562617147965375,0.68681105580055,0.6072990339750726,0.6127957802518769,0.7450279733571485,0.44287903713933874,0.43299811650487585,0.48208919642774783,0.570810144937868,0.6503783875320147,0.1440921779666459,0.6356743931746243,0.6157622852492816,0.7150290965755826,0.3589929132443494,0.5561527785281636,0.30555291252475447,0.6958620826865752,0.20924257547066086,0.22786845602478245,0.5788977593747271,0.44685115048600166,0.09826937220320295,0.22952751941883984,0.3051776979503957,0.4857981341234558,0.6718056652929112,0.4288389716134847,0.39621170476321577,0.8257223527171639,0.5597152199704891,0.42286373703039015,0.35212764034729815,0.5931343700599825,0.441380361522143,0.19614452818068337,0.7779651425916333,0.6216720722275006,0.38346220173819257,0.02956384677127321,0.6656245267163285,0.40001750813235726,0.5951793825633983,0.2694201955427143,0.32913853442339985,0.07984280433345696,0.10972096885268803,0.6278773861406437,0.07412763937206093,0.4935657980021336,0.503138089316647,0.28495270631295183,0.16055292545520253,0.16693289362284572,0.742999227310222,0.6782663373916249,0.3571545383148945,0.29196135409337376,0.3444557377742309,0.2799693730476061,0.6352161317448577,0.6051170249827025,0.6855531822558701,0.23143585469732156,0.5623977139021132,0.6414272377860268,0.6636652092007098,0.6034413385618288,0.636791399271836,0.08476263804065311,0.12005172701127764,0.5963674568807996,0.5493069020502689,0.16561168132659315,0.16909892739732885,0.3302929491319735
150,0.3801513620810389,0.44673633834747595,0.20262783841697163,0.3233025672289207,0.4506572428099179,0.3639962077393767,0.20287699904252424,0.19824116584426155,0.5056689335284924,0.24081489240885323,0.526593824669595,0.7479686716853,0.1775715289363162,0.612919230587502,0.44746848476147705,0.6730205176282934,0.7026454391642867,0.10860770064705272,0.15420858025625506,0.3950631080706355,0.4602578482834794,0.27315535372924027,0.33663409726747995,0.8953891898444267,0.4187585341099758,0.2594889725623094,0.33404371245615416,0.5549902162661802,0.4439323637537925,0.41961907140696486,0.6216036787942821,0.7483612156854381,0.23207825253319228,0.7346926170455099,0.4272372460207149,0.19404260089033024,0.2236021017925597,0.2296322051231963,0.6592174564836208,0.1613824880582522,1.0,0.2308136699367168,0.24502158604173618,0.6586789436802509,0.34632453526974216,0.28671438896364365,0.3906014577395751,0.2644263003683561,0.25948128660817893,0.19717479216408335,0.35692952521705756,0.2739214160657862,0.5502876805079651,0.5276865849319132,0.22083698846722208,0.232764466908343,0.1916920708788932,0.6132588331772895,0.44738570344033013,0.4091514058455719,0.15938087445512283,0.6006934157202375,0.1839521559305894,0.4241935262480591,0.15079217436709214,0.13971543716293913,0.26996259483495805,0.3078592478049608,0.581872651463206,0.39760320189772563,0.547762874432959,0.36760127282085714,0.16306478717842549,0.3643574891824677,0.619328762649705,0.16620274426113796,0.6933783353310948,0.2395470189651998,0.2492277981918562,0.14854055168385916,0.19397757928715437,0.36527362209234737,0.7447502795151191,0.2627813301379329,0.3834501526510383,0.5864186454298228,0.32693268363513767,0.5093972949547384,0.15055371969222786,0.4214972121492284,0.43168383071965954,0.29805824020752947,0.18423107458385826,0.2214837592377599,0.15532323691027156,0.347367511520284,0.4393833926294368,0.2415124943380324,0.20736808896939599,0.19714870388311623,0.5646525489495544,0.34066932860757465,0.20295126828235727,0.2638654352915586,0.41566399852760916,0.21074986391678371,0.5593620816855884,0.14132855000452038,0.48564987752963407,0.5206796179775788,0.2177512481912078,0.3323717288423546,0.6713635856768252,0.558877193531634,0.5295250157594849,0.2590351215395706,0.18916052828694252,0.48374191860137267,0.5925007143220246,0.08353917050499393,0.27192337960666874,0.4009606042649994,0.5444645155095054,0.4134296487230495,0.750396107226132,0.5803416050760272,0.11255856662430995,0.21489529172976474,0.46619859475030195,0.6962335148941892,0.37705748544979195,0.6624205107344059,0.21401369079395183,0.8617111494525118,0.8096306722991491,0.8535119059422844,0.5189347874762391,0.17152051623252715,0.8637576634337835,0.46027904794048213,0.26368878902391524,0.4398333168082281,0.6387336747093142,0.7539682345691687,0.23112788488286956,0.15314630946249758,0.5820880571986954,0.6698016918395293,0.5767372850969676,0.5816086874129275,0.4262024682621343,0.3869264075847907,0.21734438094430514,0.6205594523409188,0.23219153475460924,0.40136002538323257,0.1920447797571939,0.36965450700728864,0.31570920828690563,0.7749678326326759,0.6833105200271575,0.14992141314466,0.22890973603891338,0.6852904919884202,0.7594526078897633,0.520171878438134
153,0.5619435589578422,0.4326388864203418,0.5694440437318904,0.5821827689898983,0.48186956325722413,0.5813204220617028,0.6059656942809591,0.620062886240174,0.5253144336688756,0.6251856665048919,0.2900986377683221,0.37141659568756014,0.6584515270888561,0.4676192956720286,0.35111246607669283,0.45034989089112465,0.2619125325956817,0.6516491315900628,0.5854904695259961,0.4506037813458458,0.5829985113832233,0.5553017080884963,0.5512929290129405,0.23162186230599133,0.41009648521123904,0.5116515042901524,0.4934841727750362,0.3613418026103561,0.47908846792119786,0.5513658162067043,0.3014952374589949,0.27895685696209027,0.5409145287695932,0.2650606691646334,0.33190551218562026,0.6647095644568088,0.6413006425950964,0.5151470959361792,0.36000628481980157,0.6009582918153769,0.2308136699367168,1.0,0.5794836150366656,0.271314269181759,0.560814551947304,0.45331291460699685,0.4294337179915893,0.5057878574862769,0.4584805705507516,0.6130676175659613,0.3995995138729519,0.5969932463904016,0.2436296797790074,0.3645400983532601,0.5466012785690647,0.4987306904851576,0.6398031522266345,0.2446166786457583,0.4168107237738209,0.4865846515436426,0.627524205761479,0.2257597883216908,0.490530490816614,0.36356444498663054,0.5020043910631798,0.6806377832926828,0.5691704454771838,0.5355411722003567,0.3343029521547838,0.4898580221246843,0.3316691220846416,0.4049414167969374,0.5524135329747354,0.5207242965420238,0.4306236785204716,0.5652567086803831,0.3270819718318002,0.5929351221134609,0.5688507903188709,0.5467564585006224,0.6419265805819321,0.527205634642008,0.23789239544632285,0.5191667342211784,0.47266715253534447,0.35258421611647905,0.46102953032854505,0.43943367162810243,0.5801189238830005,0.4468855551741639,0.3528879664695965,0.5599636064127763,0.6335175356095648,0.468586906854236,0.6418961385508805,0.46684027264511374,0.4320308944086263,0.5745099719751088,0.5779875477894352,0.5658688580183976,0.25900040724105855,0.6632162055129945,0.5852929151699411,0.49926913428913033,0.3895950666301583,0.5614816329723935,0.21912305370637175,0.6599415047048505,0.4355110183904601,0.28180668276635007,0.5753244892147749,0.5689572115560365,0.30301692772662914,0.4110642716434386,0.417137958979069,0.5716983040201136,0.5315433666778677,0.36653624827021336,0.3115968211107359,0.6127167843316669,0.5776175591973967,0.4007781146214714,0.44231698957150767,0.6073779735681953,0.4262963835975189,0.26107845310784017,0.6912284728290697,0.5272172517499789,0.31242727985561336,0.25624722950708073,0.6007367643470665,0.3866856659685357,0.5794098082824789,0.3341931801255667,0.26533515510620065,0.2262060630740949,0.3665434946607642,0.6042262556622371,0.2185286315692258,0.3844387948833844,0.46135827661778783,0.2728564207175904,0.2502352519148332,0.2514657749552489,0.6923057055722777,0.5510549202599719,0.28811610097152707,0.27803215162900086,0.3845467373672464,0.2537550920794427,0.4780900106007272,0.531107403255959,0.577037968129384,0.253203816750685,0.5811788726666762,0.40558083801995315,0.4840698762958768,0.3678247457147713,0.5332566255714503,0.24525072301811504,0.2120044432507172,0.6057880998183041,0.5916503161374873,0.2867774463669839,0.22283043718134832,0.3701576886599233
157,0.43392099560673525,0.34753033604364364,0.5420066088095841,0.5483524886009039,0.39638224586866816,0.41795060182049126,0.4837852158155283,0.3921721108519687,0.43028868909452356,0.5574527017051008,0.5656283188034098,0.2769137720478543,0.6625653369119859,0.36731720879268476,0.6446358534782952,0.31831089376653104,0.5410968035045524,0.4782416712915748,0.45058332862849715,0.6337782086699029,0.5172184980258667,0.36727651146484036,0.46008299533626074,0.2847625322493216,0.5643236316724237,0.5229847698911041,0.50833321687898,0.25117145143311514,0.4453781804108212,0.49151982880272116,0.374694673992907,0.44278358883172597,0.5414409592222037,0.33178493018231137,0.37495733688080524,0.4763132675892878,0.5753499898445853,0.4880489424429052,0.4108182378856523,0.4621122606938533,0.24502158604173618,0.5794836150366656,1.0,0.1619342516819936,0.5023815833608127,0.5887801149742296,0.5427639098660295,0.3027410951717471,0.5065305943757568,0.6127698261775083,0.4779648927951505,0.5472622019858466,0.42402453647993643,0.3850104110582626,0.5598866160775438,0.6877986384624422,0.6675670035757875,0.5693428931642236,0.4411299053614358,0.42734266046780295,0.5416990691218687,0.34393225169230507,0.5113219506553861,0.4919919406310692,0.7002242676483569,0.43806866485401236,0.5744633525721397,0.3913769703928084,0.4343691206587624,0.5930712000411893,0.33001447366463593,0.6032155587013799,0.491180550790998,0.3662797413504861,0.3716505221530946,0.5247511721302743,0.4556588182254837,0.5416997132829795,0.4825173787780219,0.3772803510058773,0.37977970732056804,0.44176489436702876,0.2925501981786612,0.5808482358832605,0.4656767184021181,0.3209544287166006,0.5445221680407382,0.37510852418716567,0.42856293258813194,0.545929356916417,0.3974435623639311,0.5355123726075167,0.43662931189107435,0.4396050699547832,0.4011538828011785,0.422972737993261,0.4622294947199062,0.5815689414628777,0.4563296873440176,0.4834772325628559,0.6216763971638446,0.49442803902009763,0.4066555577945985,0.37924390291855375,0.3214635658009508,0.4918552415158763,0.3452695128378187,0.4524877489950754,0.44139978633648824,0.4661741404717937,0.6091274673597595,0.5414362382295344,0.3480667944339718,0.3339308939750908,0.461427651705699,0.4359170696859845,0.5358972464534391,0.4064039323273877,0.14623552929916567,0.47052605584224877,0.6387517704393939,0.48933557193840593,0.42184455644201047,0.4722021246733935,0.3007110353753687,0.495677825779598,0.6138785684521908,0.670928738880398,0.47146046681741194,0.4395914899439235,0.5476673475291631,0.5328901477827879,0.7689838471701795,0.35250883662543386,0.30150048905395854,0.389529925463971,0.5069965701067173,0.542819901531761,0.36580784922286985,0.4638622942381754,0.6232951355628655,0.5108349050403191,0.36187189874531644,0.2595053178849385,0.4618347877057435,0.7121429190743471,0.4640426838615138,0.3791802042578354,0.2876460456450459,0.40192775142726817,0.34322134693600514,0.5027360135495618,0.4954106493745467,0.35561692165064285,0.6558721357422987,0.44345517804154466,0.5019036155684935,0.3381194688606551,0.40110040151352294,0.31295024226233614,0.5572963653700027,0.6501883301311695,0.6167436273052521,0.4632981016341456,0.3527432529373201,0.2787947796413775
160,0.375333655629632,0.43607753436184704,0.30055331125940515,0.28803361446670117,0.5069399782117934,0.382831901050806,0.38433306307010984,0.4850567827629005,0.4726903798229512,0.17663559498609355,0.4540885403886758,0.6597503394529458,0.10555097973864894,0.544924910158562,0.5219582722827287,0.5304742682468306,0.6020178496856123,0.3725147186004613,0.42230924734963793,0.4832136742284636,0.3178846524752798,0.563524702193174,0.36579062620210256,0.6611336631277909,0.3017317614387083,0.3381773898016547,0.45931683658656897,0.8553754436809209,0.3937097671386548,0.2011931498695713,0.6134388539387459,0.4831556048948112,0.30455559148288847,0.7118341572948417,0.5730567818162504,0.2313095815842971,0.19655415386236771,0.34936191168229236,0.43587952217617154,0.4105709123426978,0.6586789436802509,0.271314269181759,0.1619342516819936,1.0,0.3791612939859672,0.3817890234215862,0.3314068827315241,0.5770504941932806,0.3187806359951846,0.28773783360996935,0.485250743359665,0.24868337546174724,0.537123157567166,0.42957395007426036,0.3352906233528523,0.15956013760412419,0.27035216308629983,0.4964100179982642,0.42949783209763903,0.562340403601204,0.27996050517806476,0.6940881010486079,0.2939783311205821,0.4436561025456814,0.23062334985006522,0.4311042901653808,0.2487708220708436,0.48381489717465725,0.5350784448805769,0.4371237133199206,0.6234476842553136,0.4313842145829156,0.266333219343797,0.4799160524434311,0.39184134891174055,0.43395342044307855,0.4544468915188447,0.2908614902082353,0.36089426179295664,0.40252580380005776,0.47835929669389454,0.3458952860109037,0.6684102612853584,0.15844672476470611,0.37240703021065513,0.4757151158306923,0.2717246688013891,0.4710135782056839,0.44138628267289526,0.3486232969788504,0.4940456151327497,0.3934086845396757,0.26661921079408435,0.32838345829087023,0.46589536026200284,0.3238166981955234,0.5785656322261363,0.196244842912055,0.2794491537955388,0.23782840871536254,0.479950365637805,0.24930635970826254,0.34126102202808795,0.5411394700385528,0.49547455833858883,0.26995260256545256,0.6610241588462935,0.3081150683812416,0.4679781969001938,0.47067753607540164,0.14510171677247963,0.17128475149947647,0.6559949706294639,0.5182043893959147,0.34603093433763527,0.3412892943829172,0.27189422083439296,0.5763823471564687,0.8615897158442704,0.39149417630394234,0.14651774922646602,0.3087587017011463,0.3553462671553733,0.30706305907496656,0.5056325770053987,0.483570551486873,0.24753622401764735,0.30319179980092276,0.6033116669595906,0.615488803292849,0.1456193569343793,0.3718685697698877,0.10792986422871628,0.5398335425718663,0.725326277348747,0.6104275414764837,0.4698203803276473,0.21255713318646988,0.6371552271267451,0.492134550915782,0.2982276820859035,0.5308026394772148,0.6129630806059699,0.6837917092390778,0.3735728657518727,0.195864198617107,0.6413864984195037,0.5409511647987735,0.497375764567346,0.6712231741307726,0.576202821413197,0.4650725866903727,0.33257667181450906,0.6532566195956745,0.1648922961793538,0.5506982396184417,0.3104712246282936,0.6164618757526592,0.4464179348859949,0.7107473111854105,0.5577615810146479,0.2269043587618332,0.1834664126094696,0.6103274304634019,0.645366064231269,0.6880123607020577
162,0.5167159278567091,0.3935495541931011,0.5999339486810661,0.5457395214687545,0.46642393806974436,0.45910756052863666,0.4497178159454297,0.5984671757894954,0.5912859657757193,0.562162354569369,0.42693141210285895,0.4885856945639959,0.5979186468196074,0.4652536348677194,0.36980549091808257,0.5306580567292625,0.3599471658310974,0.5993184317671217,0.6005704302767947,0.59172534846384,0.5559033408032574,0.5453612927155407,0.619193393013923,0.3278672985182105,0.4922259153912212,0.5504450616365724,0.5157084651579248,0.5388982591518233,0.4859671860481372,0.4552149042360157,0.36360514565326785,0.3342590246522472,0.5447478405727093,0.2783955077023613,0.391243995215656,0.7625197741183438,0.7702566494823229,0.5295457514397202,0.42153244532737605,0.6244025718719975,0.34632453526974216,0.560814551947304,0.5023815833608127,0.3791612939859672,1.0,0.27923341610065966,0.4077080516003766,0.4692247264043531,0.40922019314770086,0.49737829881264045,0.33024877871626596,0.4893487363713577,0.29041621764347886,0.32564414957544957,0.5297998877648362,0.49312209917425714,0.560682087988979,0.3459039665340372,0.39018400892301064,0.39647284208503386,0.6377638932870454,0.3584287345815551,0.47492523240352247,0.4131731188842701,0.42012871553045233,0.5194044435428642,0.5675338362387378,0.4658473344579146,0.327798947722434,0.5371315691267935,0.3931871387054499,0.5139669124518125,0.5446084843326187,0.41737982503816384,0.3821241428927291,0.5296878272201189,0.33252270230720127,0.5212235559596072,0.47690260655451444,0.5153174167889066,0.48847722388285447,0.3591014848524801,0.3005483800499107,0.40647626730378383,0.4193578632336308,0.29587566110391333,0.4388180472962475,0.38622654556454794,0.5011702164165884,0.3838410878146567,0.4136402489200163,0.5934315162623538,0.5301343725289143,0.4106175682550409,0.4548959886952993,0.40741855961735324,0.4195494571101773,0.513777103597163,0.475113284968002,0.5129161562738517,0.2910226365613238,0.5728090193260722,0.49381433989485346,0.5452765029596678,0.3836968627112136,0.5296529751375775,0.2673434689155077,0.5397531118336362,0.33402707071954985,0.39531900829175526,0.5504757774559224,0.4181719504825543,0.2773443394434384,0.4282522246406319,0.3578931409547566,0.40216280737050564,0.49576212943080267,0.33006463819335236,0.36233830831494995,0.5276300050735738,0.5574587014638165,0.41351793864470343,0.3717966687676532,0.5192092806546289,0.456045479471357,0.3271612588711825,0.6081282045322207,0.4697471494567154,0.2902100525638315,0.2602185546338547,0.5787770618399499,0.4469639349089368,0.5454856139554872,0.43604733165683823,0.3833951662610492,0.28414608446057354,0.3012922643516832,0.6991184266502315,0.2681239586962228,0.4046286876673373,0.49887887646354034,0.2300303498323194,0.2738414093347912,0.348257338542303,0.6275209503396479,0.47727463148341137,0.46389232818723375,0.30781889301265564,0.3448387941216117,0.2640239443244805,0.5626008869196234,0.612310764027697,0.5359209013913045,0.3257045058581457,0.48008862200081603,0.4113736425442792,0.3964663731952057,0.3551170633117675,0.4379616414012522,0.29956484801266314,0.29883435697223637,0.442383614342289,0.48502128097838115,0.39019143573223536,0.2917043769413401,0.28724664761649665
163,0.3342352233070414,0.43173330854882697,0.34939666488398646,0.4571967781284435,0.4636541062531062,0.4482058474322319,0.5856945039619044,0.5227564689030118,0.41267848121315,0.43903768151902794,0.4070123522200184,0.3145725498236471,0.3200625420902764,0.45349719637551655,0.5022921260578347,0.31294972523878,0.5536528919608946,0.4096187024533522,0.32846317419857785,0.30134035542801985,0.41159379356171427,0.5450508286200663,0.3833729114202836,0.31539063805044043,0.3460238854707678,0.4496187089988323,0.30393423378223544,0.33311775546155936,0.4022661414107428,0.34882812559893095,0.44527044378733216,0.38293069215328945,0.462752162238682,0.38618457751674906,0.4070889393661933,0.36886575046355863,0.4356853851100888,0.43853617781934484,0.24361149606568455,0.36356831455144967,0.28671438896364365,0.45331291460699685,0.5887801149742296,0.3817890234215862,0.27923341610065966,1.0,0.48429031345723206,0.5231308158492329,0.5948995598104388,0.5951516148991325,0.5458362146788384,0.5457197070649842,0.4660550398276216,0.45436518526410163,0.5420582392375752,0.5481545396745213,0.4798720877749064,0.48601840447110145,0.5457013922514917,0.5155554598227224,0.3398882521222226,0.42321468552307995,0.555301249252911,0.5419707954247626,0.7011216913727086,0.5515195934337567,0.5199445188326354,0.5524647526423272,0.5052115343833027,0.4524789165640726,0.34412843020351047,0.5724944947480783,0.5103932290456988,0.626068549123926,0.4291488186371245,0.48752959780912897,0.39733708444364524,0.562687464075976,0.3085055825320287,0.45602989632271834,0.5831411640381601,0.5040362890397725,0.4379652535126437,0.4636996041565514,0.5220997630012364,0.38965327050489457,0.31882093408487283,0.37385857466665573,0.38154548042696246,0.2971414319785112,0.46278702863122334,0.29947035742131095,0.5283810342944537,0.5074854382069065,0.5826045930540269,0.4519864626625284,0.2646863978918148,0.3387285655604397,0.40393466110206144,0.42974833180921357,0.5199049051762623,0.5198652010184641,0.6048035654343923,0.3452314705673536,0.584309512849523,0.362049887814756,0.47969856538232836,0.5137237843807642,0.5463201835496747,0.43241287087681707,0.41221925530552883,0.49745156372946575,0.46118953822313125,0.4273695535048631,0.43085799648465395,0.4923167388204335,0.5117514997616596,0.3803996364489929,0.35499099422695635,0.43885864212109155,0.3518828855585067,0.40507853546650463,0.5553829401059089,0.4889967767318981,0.33800190827831,0.3835975310887869,0.3485002254127976,0.6297315719107054,0.5972446145901488,0.5650016485582356,0.32952159426712857,0.40966919752054354,0.56019815166395,0.33072276779884535,0.40104939287890906,0.4957356991512719,0.6554069142579357,0.5130292920284008,0.4496545589502511,0.619894837103677,0.5461671996997315,0.6338434667426586,0.4099715728535542,0.3553154758042286,0.38934918274616015,0.6879174719157126,0.2878728779887799,0.496473470770861,0.389317228033802,0.6555564611302831,0.273759515441426,0.3843815376749958,0.2744489982624761,0.5600070107412705,0.44546625528014244,0.5280391943699914,0.5975128557795888,0.5176052861014895,0.6094112241863915,0.3973313462847273,0.4478614312352326,0.7920115656542414,0.4476354249730964,0.5342953360775125,0.3974233838965372,0.577106321694405
172,0.39675100451915546,0.6004924618902592,0.4804233630704468,0.6839750651522162,0.36422487056266595,0.4940218418690267,0.4180269303891404,0.3803026692255001,0.3864828981386389,0.46806291490054336,0.4601108786473487,0.33422859756261114,0.4389372275714079,0.37340838440764257,0.45190703343036165,0.3727296997461035,0.41277978757115213,0.37858027858030247,0.38356590731228624,0.5196151125079017,0.4173827216427348,0.35184687752345256,0.40245606314662186,0.4447821091898455,0.41283285005098525,0.4270614726171282,0.39476945470650493,0.36359733931641375,0.35512572905619044,0.5093990128370318,0.42613173085148154,0.5023690615794095,0.38344492348923603,0.39564277315417196,0.39527537750517655,0.4313557650550468,0.4435465438209315,0.4174651151378744,0.4530792817225551,0.3852330423787772,0.3906014577395751,0.4294337179915893,0.5427639098660295,0.3314068827315241,0.4077080516003766,0.48429031345723206,1.0,0.40907393741454584,0.41619240461558954,0.5536640389792836,0.4723492239499037,0.45426377921825845,0.5039446873104703,0.5054934561404951,0.4283107658125964,0.5497105528185982,0.445507665625268,0.45397614773255757,0.4260263080498723,0.3726230948648622,0.45568917221378036,0.4240805257164972,0.44018859992647025,0.4335093161161574,0.5225023985071615,0.40331515197469314,0.48844480140172564,0.4055917692787553,0.44908260494805025,0.47287276130849454,0.34811091309619024,0.4540074352978496,0.4230042489034728,0.42286950754613783,0.4476160489377815,0.42566942250397954,0.497141475520691,0.7266924427629535,0.448134494002277,0.45730498605963826,0.3926663695785231,0.46204402766082747,0.35975027237797647,0.45026259446989475,0.45265727586773374,0.5420755088116551,0.43211169842646907,0.3523050034433594,0.40748734288545996,0.44305813345920486,0.4287345306594529,0.362983753134543,0.43761910040129115,0.3834631020602277,0.45244231431570786,0.5502348971402219,0.49605466768141226,0.49261934143327546,0.42966930401182424,0.424319321324798,0.5404405047658749,0.44598374530948715,0.39597440643736187,0.433502408361647,0.37681127373107426,0.48183027720866584,0.4050708817348298,0.4385505776183001,0.4713242358624779,0.5040338610793242,0.4691815981318917,0.5734132792750584,0.42147528802160883,0.31915993148017896,0.536393341884475,0.43394528447700287,0.42074962062255,0.3487648942844291,0.3435645272422678,0.48324608448396683,0.4637400610799115,0.4807198126414256,0.39576532128388436,0.4107454247319801,0.3923675041623567,0.479130026661764,0.4749749912215676,0.46811705326680514,0.4178419970312302,0.43924832586973395,0.49524158799329865,0.4648542140923447,0.49606122339559056,0.43514015803924255,0.3772629139442787,0.44222777617024944,0.44919160838044764,0.5174454181650077,0.4646464210915929,0.351392242064868,0.4956322962170326,0.4963105374405197,0.4543207698276541,0.32603370894776684,0.35315833244677985,0.5207562445586296,0.43849941603616893,0.4175288699248717,0.49396678496644403,0.4081017164445061,0.39038854255844235,0.4148316931572613,0.4271182994971954,0.44885300556941177,0.44099179229933294,0.34399791593248663,0.45020226631008986,0.3896002290370967,0.3443598423343398,0.3525774357806285,0.451148367487058,0.47918485780353387,0.44046722145337835,0.41073618235671405,0.4298377604078082,0.3787477241134527
173,0.4539091395352193,0.521899302182901,0.5839201303434575,0.44167251845983263,0.46324470607201584,0.598663474719625,0.6490165698117165,0.7533778457724237,0.4725630402923618,0.4654637174061997,0.2439370988668561,0.552258485611836,0.4116000771425208,0.3471706989967146,0.3775321568540847,0.44875547742000677,0.2419235538363697,0.6786438774137611,0.6820696294583423,0.43861726742135043,0.5552615644439729,0.7778238764065672,0.4947983061893215,0.2792068879624996,0.2570423843246794,0.47027331087919744,0.5470346503186277,0.6855934804794852,0.5143480507743448,0.3943913706073338,0.4429296723954073,0.24130341113124407,0.5045410106167092,0.3454524872550344,0.5016596551217084,0.5762768081682748,0.46618088956890874,0.5426443096715226,0.3228352383484659,0.5895587424626467,0.2644263003683561,0.5057878574862769,0.3027410951717471,0.5770504941932806,0.4692247264043531,0.5231308158492329,0.40907393741454584,1.0,0.4581949871239689,0.6190428730566453,0.4036024587474082,0.5430918711494059,0.37620414868223717,0.38067334379946705,0.40576295457466366,0.4398153421345279,0.44897111279965585,0.17310439141186457,0.39918859056878975,0.48794744298829174,0.5114683269714274,0.3223493871721229,0.5511583309231516,0.44749479782863116,0.46460407088160666,0.783318189149963,0.5061118434786057,0.5268052505008486,0.34057604607821224,0.42744484225760104,0.4090189254277144,0.3412364078676135,0.5054096617947864,0.5413371022434932,0.26779301272181655,0.6013858465469921,0.2976611625527993,0.5582244270747045,0.4800809015787435,0.6741516651918816,0.6714249639994924,0.5568285685623421,0.324299191124762,0.4372983746789513,0.5112856004248189,0.4601837256824409,0.4057086126580922,0.45412973093749626,0.6967400348288608,0.34320625341989164,0.4460901513353126,0.5283086193349811,0.5991639891557943,0.6503157833650898,0.7602629993663979,0.48963185271699905,0.41508867901748026,0.4686206850862915,0.5498988026057581,0.5342612698256228,0.22978503999960537,0.5485670613215705,0.739197402360163,0.5955450391835655,0.5142632218826888,0.5790565598973136,0.4207557286606356,0.6267738022496638,0.4023425695681828,0.2912053990614337,0.31940544511150093,0.3815405818497026,0.3769527024302405,0.5207059421426519,0.3122695577765623,0.5400916236730191,0.5559548296477581,0.405064427813902,0.6799224311579903,0.760580096152887,0.34827651223267875,0.3219167635664666,0.44342311944971324,0.5681627631748921,0.4046149368183515,0.2505083055388386,0.5523172474269783,0.3408196683688488,0.48014155760800314,0.34677391484329273,0.3565357507041034,0.15310105358858903,0.3305988239652019,0.22518790827610677,0.4156448772368483,0.3023376238038667,0.4212636681287052,0.5126542563086736,0.24867987334755062,0.41329954085440884,0.5548551178520335,0.3973524620156914,0.3319550033951403,0.36721371979923956,0.6239724479672711,0.41406903554554525,0.3587697959060855,0.3730174117143367,0.4589175725380435,0.37726279488167236,0.6304084227523903,0.5686760700739606,0.5531601120796854,0.34840092156294045,0.37085831539854197,0.48428210110077274,0.5638642718732836,0.5748203844093037,0.5846784972499707,0.3255785488043431,0.1771280985743086,0.5304804088098233,0.3774102733745016,0.2132285686689755,0.24121008536454805,0.5592322158808073
177,0.2847249592500283,0.3937086731424186,0.3670858991637218,0.5300040760273959,0.4659890626464148,0.5008668582811149,0.5501651074551104,0.5489044113190907,0.36380538459511413,0.445823616494618,0.3136447475516811,0.3423767783114048,0.5330698690396154,0.487396338731492,0.4010595011077929,0.3330687393211812,0.28759015746176503,0.6365535441301547,0.5470240088675238,0.2392104315482191,0.35806799587767685,0.5278635455659639,0.3768885136256785,0.27848259035862094,0.605866476524022,0.7428082443030013,0.42324207366013056,0.33632795491965894,0.40561550205252095,0.5311818639865964,0.278460192008719,0.4801441417902997,0.739695658082087,0.28340505766935387,0.631495769248868,0.3754604229344464,0.5136374311047304,0.6429102502722297,0.3216200475822351,0.6042312451145055,0.25948128660817893,0.4584805705507516,0.5065305943757568,0.3187806359951846,0.40922019314770086,0.5948995598104388,0.41619240461558954,0.4581949871239689,1.0,0.35209012653403765,0.7517359057003119,0.5688862569957734,0.33459554163061456,0.548741316511085,0.7241729260624281,0.3998299757528421,0.3983987683079628,0.42711824207318716,0.42435592074008166,0.42251552867356157,0.5191679380916389,0.6403812309982888,0.7755301827476364,0.48083100445473115,0.6391671967513652,0.5396853358086868,0.5344210870071501,0.6095725550030169,0.46717319619940595,0.4100309996955036,0.44381765932278117,0.6533807117482231,0.7807111175018342,0.6160907373505266,0.45808697233430096,0.6411411038460366,0.4564466714516484,0.4159513588449318,0.48227495457852176,0.6414903341008567,0.5821508421515789,0.4122097270872198,0.3456081449838529,0.6199921953403057,0.416108391896743,0.4919235178984444,0.4424127332839264,0.3208464885242394,0.5370301227787126,0.5214163494576469,0.5499266468695545,0.4375788917996257,0.485951468062545,0.6851792175875389,0.5417625281592267,0.4821607179256707,0.3914457511311812,0.49461969533092853,0.4780335751390532,0.6044865045592163,0.3773283342408728,0.46954666272880263,0.611796213148587,0.5377458148995179,0.5653108332577946,0.4296092964993239,0.6164674921787698,0.5226384357631504,0.44244238226430915,0.4899125518626927,0.6256102884920485,0.5450274238123032,0.3902713421979199,0.40779891867837575,0.5070642804791348,0.4854489447024455,0.7792262544808931,0.5907964955724682,0.32610731193233555,0.6357639750480581,0.6218380783051953,0.572822205014451,0.4879131699948807,0.5338042060628119,0.36618662816842773,0.5430420658047295,0.5243451168587014,0.5899579614827467,0.48285830089303194,0.2422716469558277,0.5118364014924663,0.4240404056763277,0.49394500437810357,0.2486568330183409,0.30019921174330466,0.27384546362278667,0.3248116525299604,0.5522829568591824,0.25415655985599134,0.519173194971739,0.4722848788303777,0.4640566430683878,0.404721176549397,0.31837708234969836,0.39546790115685926,0.6431383356775711,0.2382027056606817,0.41827161789567724,0.43517420260927686,0.4630110072014263,0.21952544334825325,0.19201929330494125,0.3723249032453567,0.35249394400360834,0.6095983173874077,0.47385142270351555,0.7832901302532729,0.7025313020880151,0.5932256237599234,0.33562355919257597,0.3621825160653349,0.5857837578332784,0.6209504000019015,0.3090864497640157,0.3459237062012074,0.5864710948795917
178,0.46809938340854984,0.4215061581032888,0.6123085299925239,0.5145986313530645,0.4216294642795646,0.47546178440638764,0.5552333847573654,0.6790814965918428,0.5769375569359088,0.5906987269747519,0.4173365158573964,0.37582366459501293,0.537523858179043,0.35995119486768967,0.5171987216889138,0.40286432034026,0.4122854013512788,0.5669576358967615,0.5758168084406504,0.6094615610893794,0.6286736494712633,0.556350148767907,0.48122578361536666,0.2214770295146138,0.34360285442089317,0.3675421004121386,0.5157887360834714,0.38884720126778716,0.5322748494465946,0.4473883751894833,0.39035097808923175,0.23068350947363614,0.3500994956976395,0.2804760331718235,0.21624143938895812,0.6271173669900985,0.5367481948822365,0.37985032711285405,0.29451784988965657,0.538670063839104,0.19717479216408335,0.6130676175659613,0.6127698261775083,0.28773783360996935,0.49737829881264045,0.5951516148991325,0.5536640389792836,0.6190428730566453,0.35209012653403765,1.0,0.2671050164172177,0.6146552883885605,0.4236822330707103,0.313640841703243,0.4004234818421685,0.6714109718075096,0.7202392892894289,0.3166272824877479,0.46010473336987523,0.6025198571425816,0.6557414975788247,0.09572640793118224,0.4101433785991146,0.4289876877956712,0.572257079071521,0.7112220536400391,0.6267948395795726,0.44279706161259047,0.3383155462150014,0.46745832423995803,0.3609164499158569,0.3925660580567495,0.41857597555989934,0.4321596901024919,0.39094203623137036,0.5487379562486001,0.2306182448446793,0.642843650362046,0.5889419511815353,0.5888894553282324,0.6624356676403989,0.6069110052084015,0.30305913935227036,0.48455149550140664,0.5150657762137949,0.30310409051797715,0.40252557917920795,0.4414466165994999,0.598637778787957,0.3505249596263579,0.2885382340042832,0.49635181708213033,0.5396688126149849,0.4088994899678244,0.7076433643262496,0.3744049227334028,0.43624544360753914,0.49461427386826956,0.44964423735629333,0.4495883399205071,0.41303008845000844,0.7001926316873777,0.5849795161174287,0.49288894897995217,0.3540796724613291,0.6151688226979466,0.13302179556920876,0.6594683831791754,0.49135095602197787,0.283879354791786,0.512971532447712,0.5201915681204147,0.3028493109739624,0.3771681064823321,0.36960859958052183,0.6189309829112117,0.3912109266528951,0.1455285686983511,0.39565287768899515,0.6214036912900166,0.497088019385476,0.3503761954891539,0.44514662007896094,0.5058811691897201,0.3285115502463092,0.23059604523234742,0.6974415234358687,0.5453623928529774,0.4418736489506263,0.43409515529648207,0.48164758988095147,0.36224073666795475,0.6695937827094894,0.3251535929377013,0.3471321205118408,0.34729389248588527,0.5374413588995998,0.653166928637049,0.30668929104018783,0.4581588406112743,0.5694041037826055,0.4049433967407906,0.2560911458229305,0.30119836143355583,0.7139222029538268,0.6099609653269357,0.49513542696783197,0.24553883702114004,0.2430408511761663,0.3846136490201062,0.6333896602029722,0.6850566502058657,0.6073942949511354,0.30426878215911457,0.5024710231293548,0.4529951567540085,0.38457550235674315,0.3971996110997291,0.4718179081497359,0.2538409406702369,0.3011728136885003,0.7416927927104904,0.4631258005012498,0.4363479314418121,0.23325956923113167,0.32635058925913196
189,0.3129657198494199,0.3093606300437215,0.3695066224488982,0.39730202756860444,0.39200403570168385,0.49756809734982527,0.5788860675275014,0.41771416149828977,0.3565789572196437,0.3613187193042646,0.4226849298276868,0.33609864435333825,0.47556722201752055,0.5427475002959778,0.49571808060204653,0.3711449019588843,0.4245862169150188,0.5156532431087509,0.49473132361770056,0.3313511676593006,0.32172528391458366,0.4300172617855593,0.3518923525684507,0.3813836349652874,0.5972040435676551,0.6657101312191591,0.530748396523821,0.414337958550446,0.31306426837662527,0.43615005595684736,0.4187935031481272,0.48089503036243997,0.6101290542653546,0.4595153440707056,0.7411899702708932,0.2948450001527534,0.41790067160231736,0.6458973067154339,0.4547746215947767,0.5171321617764975,0.35692952521705756,0.3995995138729519,0.4779648927951505,0.485250743359665,0.33024877871626596,0.5458362146788384,0.4723492239499037,0.4036024587474082,0.7517359057003119,0.2671050164172177,1.0,0.48007231890159363,0.4810925562176962,0.5503553246546715,0.6826641589497865,0.3391671710857584,0.40332231755738074,0.4776631915625761,0.39500976771014057,0.4133497281993591,0.4044684375182903,0.7428905860285056,0.6702740120016638,0.45185232053056523,0.5669060395687997,0.47024224278655286,0.3299106100729759,0.592039260140709,0.5198054536474321,0.46693792852491434,0.44749917094038283,0.5459455552822337,0.6351081569344101,0.5042114148628978,0.3910787390432666,0.6147691952495267,0.4766057198777554,0.31754085061413745,0.45717093106952056,0.5722763210436799,0.46987388926066587,0.4315799256419796,0.41065672403675924,0.485995538058105,0.4155390613657295,0.5177364238480491,0.535215327683686,0.36299702530368994,0.5096727698458009,0.4947459685019088,0.5798057112063575,0.4430390574918033,0.3860710442538896,0.6360737188716493,0.4510566734854146,0.47451904148331325,0.5240967232994828,0.44869485504072526,0.5262251311829445,0.4825879571005032,0.5144257355161402,0.32196440056897807,0.48894994017229737,0.5075934572603592,0.4580477120287859,0.3367032223619214,0.7499369136958507,0.3905041251951834,0.4505642956822998,0.5154104095948884,0.48475595861990084,0.3953407363822872,0.4855141805962369,0.3090803514862012,0.5668822682152206,0.39870395495856753,0.6028330145376476,0.7314836808664826,0.37564973214713215,0.5189882441300094,0.5495259913555419,0.4663207730600305,0.4568037701942433,0.394375448100292,0.3057521896924596,0.5678325063896302,0.4359797153290097,0.539215182433253,0.5280988864902194,0.3115496974983027,0.3928232793122108,0.4235182715491629,0.42445673677550644,0.31150515088080666,0.30958557534226666,0.3311560438614721,0.3917622567215192,0.48339357343330036,0.35711081516536103,0.4100733652606847,0.40517596912228254,0.5524986470646407,0.5309074811651511,0.3882523725409178,0.29861764085881837,0.559384496832297,0.37111318901122425,0.4217698356357187,0.5241807163115968,0.5071790455425129,0.2570830871628629,0.22759547475172523,0.42198490482390505,0.4505746059448662,0.5963192912167765,0.4252765764912896,0.7536562209628471,0.6141478376690828,0.5943073411853691,0.42175711108615344,0.4716574333922882,0.49878697918727843,0.6100593061984596,0.37789201040164394,0.4597493147840712,0.6213017566380215
198,0.42702893444016976,0.4203708582911895,0.5393115229533426,0.5260178429685427,0.43691818349205636,0.5945446654278446,0.6678968721560847,0.6808424758707979,0.5691717359961671,0.6117499779913095,0.23971142034237064,0.4148144374964432,0.5945509770695672,0.491193966565333,0.3445898225441295,0.5032651368666081,0.27824574269152214,0.611479582918493,0.5981617936836614,0.4261392552924703,0.6562148972871599,0.5730339441548591,0.4841626288011973,0.20150625678608744,0.50747791817893,0.5719784407548716,0.47945980587724524,0.29723598446390515,0.527838236396766,0.5585422923940646,0.28627429879184507,0.30274914798696884,0.5478324155797641,0.21124151129304192,0.4470610046075666,0.5859976035718137,0.6357727203961407,0.5140509249334992,0.3234607971711364,0.629223146947473,0.2739214160657862,0.5969932463904016,0.5472622019858466,0.24868337546174724,0.4893487363713577,0.5457197070649842,0.45426377921825845,0.5430918711494059,0.5688862569957734,0.6146552883885605,0.48007231890159363,1.0,0.3214873377096626,0.40372096261473156,0.5922236937121312,0.4674460760119283,0.5285643648231568,0.19976981918021058,0.3195276615932954,0.4338600486911203,0.5934666216670144,0.24863906178289893,0.5704107127540525,0.36120340492343894,0.5564782312679739,0.6802736496934291,0.5943116524551271,0.5690427336429811,0.33518356336630795,0.43112450555772786,0.2616274011666573,0.4632730701562874,0.6599949713031721,0.5557581733298201,0.4124850564301301,0.6269979785955038,0.2761096865670388,0.5159604456172777,0.5260629368181852,0.5490753860977997,0.6181533383741797,0.5027084417145785,0.21324431968508614,0.5226389990047997,0.5438472386335629,0.3290116917075868,0.4213257393162927,0.40348540650839304,0.5634561137419456,0.4192011809459403,0.4199965644011507,0.49306238194596097,0.6113515418193676,0.5456756950590297,0.6261495604922033,0.4709614168574965,0.2524427969726435,0.4601225499813592,0.5418697400424024,0.602815808383679,0.23198351996312055,0.7092671250366396,0.6573272708172935,0.3921973058773999,0.40158843748941564,0.497742979585009,0.2593727003101736,0.6399847483768455,0.35095457098239896,0.31344790967258473,0.5467904669691412,0.5689875918078734,0.26507482690359224,0.3378687219348907,0.41256160544050546,0.5468619841053564,0.5809282930596888,0.32432810025601644,0.22809397471596332,0.6191194117134126,0.5367405158006808,0.39539744441840535,0.5940619175514964,0.6724288760076684,0.4774160379998066,0.2276703709244222,0.5963466348062985,0.5750656666248707,0.2626133605596369,0.1822665690278122,0.6114592280024104,0.38136966768767333,0.5981719828166212,0.3463943843697478,0.3136771280330952,0.2696148724312,0.34559683316057405,0.6203912488397276,0.19419790281043986,0.4838169411609863,0.4658394815720359,0.33704905917810646,0.23578789424922092,0.25064163557475655,0.6095157052756657,0.645288116731262,0.231992051412777,0.321017192843702,0.2905592688409583,0.3333785695770099,0.5018738397158161,0.48051433550743794,0.4778523955773304,0.26578240153363897,0.5442143229732725,0.4138783079458821,0.5912285839634001,0.45298763185610497,0.6146945139680153,0.189917206185585,0.163600506274592,0.6706473556039314,0.5809777464645716,0.25827618612874065,0.4043674433628033,0.38718441450925056
203,0.3526117608411965,0.4555561998620805,0.38743194347482657,0.2846958876452018,0.5654325051730238,0.3231683118451794,0.32202532077608864,0.20594111448715957,0.2942471324266175,0.263708471655129,0.6047384232979512,0.39683723488119066,0.28056129889307113,0.3717362611216405,0.596451249268158,0.3959223836056074,0.5832476194936203,0.18712113187270307,0.28216468468738337,0.4952821077777162,0.2915398353792089,0.2172577152430667,0.3623032321220664,0.5696599804040348,0.3959608771246538,0.33505239358243794,0.4759235076503534,0.45852703216801927,0.3715703646537731,0.38488182494696704,0.6015184740041986,0.549020444020863,0.30295176470335333,0.6323668152018647,0.5392334609643469,0.2552925286225112,0.2681770105741578,0.39343251315744243,0.5087551435898359,0.213606539379587,0.5502876805079651,0.2436296797790074,0.42402453647993643,0.537123157567166,0.29041621764347886,0.4660550398276216,0.5039446873104703,0.37620414868223717,0.33459554163061456,0.4236822330707103,0.4810925562176962,0.3214873377096626,1.0,0.4548844403968538,0.3365541151005892,0.487819025260801,0.34322747563063016,0.6238422249836968,0.6875091927279922,0.442232875040233,0.24761771563844887,0.5729404090410617,0.30886841942716414,0.44631708105204887,0.46392508681458516,0.22920474064209911,0.2896403436828924,0.2657971744537865,0.5154777909260337,0.3863571753861751,0.5033195083034259,0.3952105306850141,0.2963279430692163,0.2766794365671108,0.385590155816048,0.2730128111712078,0.5025027063123453,0.3297693839472901,0.3740868475139435,0.3168675453758915,0.2190754832019295,0.43918981506961996,0.5783580381022031,0.41523117810558463,0.4682892777880463,0.5369456643493602,0.4785423022859143,0.4404488875848621,0.3592332265530998,0.4950617715127371,0.48557407190958424,0.31013041665385865,0.22874122516749493,0.4260665360739059,0.24548224617884523,0.40480648195286173,0.5059492275872883,0.42501785719461194,0.34191725707657494,0.26951662705921936,0.7336955445649233,0.25191025164610065,0.2744928965524236,0.38918624369527144,0.4328847333002557,0.3872027131661777,0.6228879998139428,0.2153241607238422,0.4542107097610706,0.5135058684333305,0.3263294797883453,0.349228290278203,0.5762067999846453,0.3792046552685455,0.4763775265692863,0.3223119897248119,0.3124279132905649,0.4794437124976493,0.5039696237446735,0.3135199498897091,0.33281772599730913,0.46352192434883865,0.42619101691969585,0.2081253124967288,0.3942937401638601,0.6053017592768237,0.25430284749332777,0.3587710038677022,0.538480591239775,0.6429432475583466,0.2333781125325312,0.4189554424507801,0.36762438972150824,0.42992259850913206,0.5260853830600131,0.6216489363307607,0.53676507340499,0.3200086360275274,0.6215339549473076,0.36998029292187573,0.452321617102732,0.6839956686980815,0.8702915141510437,0.5614383845171141,0.1824915654330466,0.373428831329944,0.6352992041836882,0.5331232379848576,0.4830201316637211,0.5987092400998204,0.3925335445039586,0.3536584149916787,0.35224170670998733,0.8149735930987024,0.3829688367534257,0.41146841292261993,0.3853083593881421,0.44777117824554835,0.2899531541779963,0.575856570285376,0.6908756843661228,0.3108987442967369,0.3662312239028269,0.5934433450636685,0.6265462853923384,0.46336438488030607
209,0.26254996411517084,0.4288882019158238,0.3156230309792373,0.4077181820416541,0.40710137131316954,0.5943712098310993,0.481079444441873,0.37152377271975645,0.38492172679152814,0.4237697305974578,0.36940606393902536,0.3544492191506957,0.40651743919563693,0.43117525365181697,0.3536952746337307,0.38902996293412645,0.32953258209303876,0.43720725021889445,0.4759997376645696,0.28101852659411203,0.25661242827828606,0.3776558626423436,0.39079483698769674,0.5849647067138968,0.4481905390643405,0.5702313616667555,0.3238167784549773,0.3764451762312969,0.42826958515209035,0.6268076204493955,0.34689967879870565,0.7042379903396514,0.5130823964910078,0.3811855115687356,0.48782682717461523,0.32075210663852727,0.44067088902276363,0.5350362246901581,0.5942644063697953,0.4251996579715812,0.5276865849319132,0.3645400983532601,0.3850104110582626,0.42957395007426036,0.32564414957544957,0.45436518526410163,0.5054934561404951,0.38067334379946705,0.548741316511085,0.313640841703243,0.5503553246546715,0.40372096261473156,0.4548844403968538,1.0,0.5467920083061365,0.3875007859169924,0.3300088051654309,0.3977159508494076,0.37128548770890585,0.37917686349973845,0.363995810194743,0.5610828833813818,0.5612332356335126,0.4750764076224756,0.49656234305198066,0.40595556791430293,0.4109574596133493,0.41211521686342795,0.44937308940099635,0.3243953766188967,0.48272785746236396,0.45517525304864137,0.5037541474623721,0.5928080444088099,0.5764546723650643,0.45676460248682593,0.6576737807987916,0.3980305432005807,0.41656521367991417,0.4737970705000146,0.4606216159238949,0.3981982911939227,0.4076110868728887,0.4602767421767065,0.45727998030279726,0.7626825460696751,0.387532869321328,0.3904129001813562,0.4432815582547327,0.5379627586774923,0.45319463111889,0.3388982428205734,0.4042902564316569,0.5642783749248418,0.3913150164655107,0.6186712004937096,0.37912175041145285,0.4330001916880182,0.4287856311703542,0.47741498926226417,0.4187850932761185,0.3264013225023216,0.4310188535583226,0.48649985167806975,0.5742094733348079,0.40992597110716555,0.5999982220489577,0.4277073621967809,0.40205620934795505,0.4489878473189403,0.4368744372629076,0.5888214761626953,0.38941739575375056,0.3967913659981793,0.6370624181929109,0.34872899488278913,0.5845185126924426,0.49136423988708766,0.43229124282922643,0.46139531386153787,0.40794023240015087,0.5172387892335415,0.4302431935574039,0.4251874759309783,0.5453357439020821,0.5211979997198225,0.36594242098161833,0.5075502936660907,0.5535916921475607,0.3870373442244816,0.5889841487188068,0.6015911486571799,0.35095683981249115,0.44781657052979623,0.422376417761282,0.40159797984123013,0.3260357452481802,0.4046329863772724,0.5516818940700026,0.42841192049170107,0.48938736543143535,0.5616718025423818,0.4729864554291313,0.38458902053392896,0.28086339258840304,0.4826878508010155,0.2731595048855743,0.6979008762104202,0.7159693323111909,0.5146560560519896,0.26914501519255674,0.24445380083253293,0.359280782956167,0.4483953985065974,0.45766012266234085,0.36967211787325155,0.5280891450552789,0.5387452384334837,0.4645196217106963,0.39460221460415656,0.43192624603711827,0.40498296545926593,0.3864506141637285,0.33405697860961747,0.5086481408794843,0.5234993494344848
217,0.39871272830139187,0.315408596944224,0.5264710557650639,0.5060509450676527,0.4102534292040215,0.526325721737818,0.6822606885685497,0.5999861115697311,0.46976812452588146,0.5652403082402626,0.3260762209595235,0.35007537503972963,0.685122988314171,0.5102802719850383,0.27452279916086864,0.4911885415302615,0.2507260487716851,0.6953074150320524,0.6799580115141594,0.40227245776262,0.4325906270300838,0.504761998040999,0.475338331193055,0.20689762952726462,0.5672440101544884,0.7711944964239958,0.4396333557281683,0.3649391041970833,0.45434780221905435,0.5067209952180383,0.30340731046674285,0.3393754146104787,0.78979727484021,0.23890881315944468,0.6159180786483247,0.47242801342661717,0.5879268330609181,0.7465604413926683,0.39130269887417424,0.7297415510373806,0.22083698846722208,0.5466012785690647,0.5598866160775438,0.3352906233528523,0.5297998877648362,0.5420582392375752,0.4283107658125964,0.40576295457466366,0.7241729260624281,0.4004234818421685,0.6826641589497865,0.5922236937121312,0.3365541151005892,0.5467920083061365,1.0,0.4928118115011209,0.49960400586354614,0.2892689849233611,0.3164006248705095,0.3525406527008784,0.5906987182332061,0.5771172824400755,0.8125221398246608,0.5306133760424645,0.6627977916142813,0.5860670427093772,0.5104210870763225,0.6726230137550758,0.29990604883920025,0.42411401778745633,0.3284403759765271,0.559105954429806,0.8579526083833819,0.6596793197853927,0.36644507013739513,0.774799004487297,0.3643696751244615,0.4515983197661466,0.5202666156654774,0.6602001390937997,0.6171258165647722,0.4238863997775401,0.2659956716580526,0.5337546900932564,0.432536496091818,0.39328487276985713,0.5085973297839359,0.34593611963996895,0.6178295711272042,0.5522974782120661,0.45599534955397425,0.46064433172608543,0.5806374865331767,0.6879410443063683,0.5639521678141732,0.506596958118152,0.3219738795620394,0.5900330519003193,0.6161633908746251,0.5851179746094664,0.28980166103509464,0.5529629891230858,0.6537914929088712,0.5644841264318208,0.44872891423277467,0.447005326078176,0.5331095119831122,0.5593310909704646,0.38293677981670804,0.3776399351853744,0.6936606305829951,0.5153120881550688,0.2800268020365927,0.30739454856366066,0.4233511578560331,0.41059087464493926,0.7580297292014639,0.5402845061591462,0.29851364855876894,0.6643541877020067,0.6208859236101064,0.58105832880271,0.38599591258161386,0.5609997667492107,0.44020215055935064,0.3950318253544194,0.5727735316340534,0.712308045526392,0.35736920370266834,0.17373974441350298,0.6024765316023624,0.40512201714254625,0.5703089374357173,0.2731153675561945,0.24383760584617425,0.20649790165239984,0.2172739979223447,0.5596709543049208,0.15542314884590605,0.46568937025431345,0.5352525350608104,0.4625327109273719,0.26306911586375453,0.2693304881798337,0.4630108982033312,0.7181178598940114,0.2647841216832719,0.32309072082270507,0.42280288186163817,0.40094627320573806,0.3809978361386407,0.30360638361354036,0.459348691391153,0.36063185622969113,0.6979345216003547,0.4686823184527641,0.7141304729327949,0.5009168989948694,0.6258399396487115,0.22324218650334265,0.2655155716905069,0.6254463772204532,0.6359599929187705,0.25320211375031393,0.25839684691966314,0.44517562530662413
218,0.539800138678404,0.3948535139425352,0.6163686047847615,0.42223771772319363,0.27802183919816303,0.40814109747733185,0.39392289295616734,0.3528894067709479,0.38326234876687937,0.6221652570606663,0.6871772708181004,0.32855570035757264,0.6756125924692247,0.34725288942275195,0.5121544180163129,0.36390758290960146,0.4197314055946175,0.44023071438955497,0.4226826092621034,0.6210630446452361,0.3727215903889105,0.3656309622212574,0.5327143990033786,0.25499073205760986,0.4112140182234989,0.4327898492441068,0.39763748312043556,0.2932464064268023,0.4820553388744158,0.4615879298671106,0.47475281823304644,0.29993210587344177,0.451942750867419,0.30613868537700684,0.42073651698601106,0.5390955388746058,0.49593821552762896,0.5455726329764079,0.4279116300911354,0.39176143126609597,0.232764466908343,0.4987306904851576,0.6877986384624422,0.15956013760412419,0.49312209917425714,0.5481545396745213,0.5497105528185982,0.4398153421345279,0.3998299757528421,0.6714109718075096,0.3391671710857584,0.4674460760119283,0.487819025260801,0.3875007859169924,0.4928118115011209,1.0,0.6653751401631149,0.553267150524088,0.5297581548585902,0.3397509485367645,0.5423806604927188,0.31788789157376657,0.6212433780232374,0.7038206625921618,0.6908004831273873,0.3698613375301764,0.5019482606232604,0.3524482060414253,0.2789141892442404,0.37835372970196646,0.3048067332715183,0.5406875046927284,0.5476161011446448,0.35162231878413275,0.3282704960403285,0.43521222566824513,0.3477212518860456,0.5324289473502122,0.42396665037642817,0.49511615606624837,0.34885725459672384,0.5509458022369784,0.3402735659098612,0.6388632547952982,0.42909515084790617,0.44857961427935106,0.6597873717782292,0.4379296675694499,0.5114156029138865,0.50741511172856,0.3790683687048757,0.40713649056797646,0.5157195324429257,0.5229419219070583,0.40179970922750124,0.534847755479616,0.4229419024948939,0.7204634679474795,0.5751226853099033,0.4885496815646968,0.6090291141722652,0.5048862922212431,0.5406580669060562,0.48393889055973255,0.3762882946029177,0.5847431700741905,0.35422086486642024,0.45876731721465613,0.48556369588333903,0.4140175838894762,0.6696271596550902,0.5089149346963691,0.3246778426533675,0.4731860211774765,0.4098359207061817,0.38162933780730823,0.515431180194774,0.3676464054122621,0.28697419595951135,0.541626034323974,0.5703914871658622,0.5580176199837119,0.34383479884217943,0.43779216102759155,0.28169975907570394,0.4670450921289391,0.566528434761475,0.6591967444740718,0.44766000170384246,0.5385930843526501,0.47881350830742575,0.36527712786542355,0.7327624049758392,0.3851531195458816,0.3373505812325721,0.4234409070564952,0.5835545792231478,0.5275936813075991,0.33834074478277315,0.38518555906758223,0.807462649936721,0.6244644427966936,0.3377697451467495,0.3155618726619379,0.4108212010775367,0.6422099755811398,0.5646960326908803,0.4390342045167339,0.4307294955431628,0.3667154308207624,0.4115345445884583,0.5170151692777691,0.5851239424517107,0.3807858899084351,0.5627814719613703,0.38316520640816953,0.43752807578595865,0.30027623727586106,0.28183227954294987,0.29087375792141046,0.5244637852936287,0.5948911373094755,0.5650977440233247,0.40554020837743343,0.3166667776900698,0.290313335564977
223,0.46856451477934213,0.39629119199025714,0.545409510185427,0.49369749300256793,0.4170385010439327,0.40368743263133666,0.41659183336909705,0.5211990921404086,0.5854970579260449,0.6488609938332351,0.47021399448155515,0.3326521411069765,0.6386386811936521,0.43567476536581445,0.5579716826258372,0.33934932814066593,0.3439431776343841,0.6737656210965375,0.6073408041750636,0.6857896575917197,0.49613199121088647,0.5060224649664004,0.5038686779778028,0.16409527972125634,0.4436708112134461,0.4140728168003657,0.5775640265502875,0.305620794436572,0.3501085021120419,0.487891675654735,0.18728628839686384,0.23264830534970882,0.43244216276665265,0.19580218346375364,0.28792921628763135,0.5931909654723445,0.581777447049451,0.3834320410737584,0.34691445289640205,0.6551346046303931,0.1916920708788932,0.6398031522266345,0.6675670035757875,0.27035216308629983,0.560682087988979,0.4798720877749064,0.445507665625268,0.44897111279965585,0.3983987683079628,0.7202392892894289,0.40332231755738074,0.5285643648231568,0.34322747563063016,0.3300088051654309,0.49960400586354614,0.6653751401631149,1.0,0.46346609009246764,0.4791104894095301,0.5159066359799436,0.7314230233999406,0.19956962831631958,0.44971614804336063,0.5382308999243763,0.5793854449316115,0.5964094807463334,0.5417421152382808,0.4618287614672784,0.3480562012928843,0.5100697070350404,0.5088419380389708,0.47557715931311595,0.4944730999092703,0.3424853822587873,0.41070311507613566,0.6307204791285813,0.32728570385379396,0.6229842942834045,0.7335687275966842,0.6164478365928695,0.6081895126056502,0.44469969229388306,0.2109998412959371,0.5241968874384886,0.42912263132365,0.24982133292698655,0.451917400798885,0.3873718646538647,0.551951866817771,0.416038725486666,0.2569156206911963,0.6357588914483161,0.5117486922382541,0.38714215790507245,0.5392864643253881,0.43902498302834736,0.5697453318642711,0.5669714637837981,0.5306137454347551,0.4611843983768751,0.3823530084256486,0.6320217346552062,0.3962379646756665,0.5557164127614426,0.2888233016638376,0.5831030954972156,0.18354287066615882,0.6000985002744779,0.3722920416791468,0.2829068582899149,0.6184496439868894,0.479649697793075,0.2532590831378635,0.27844097319959205,0.4420470454133356,0.6016241534036892,0.41487507259083956,0.29618642423304575,0.3157503356376707,0.6149107375953973,0.5359811909952776,0.4159753975857892,0.41071335072946064,0.4722771223708851,0.298884903085386,0.31133754098368893,0.7983101423855068,0.6479336171091284,0.5259548922136444,0.35252233343223816,0.5518396267008164,0.4567197923096684,0.6895376935178172,0.3869943513819831,0.32930007753828816,0.30519094606931807,0.4649946740434616,0.6397123062042664,0.2754718422018466,0.47158936340558877,0.5306943017722662,0.41574361142656935,0.23857868920084857,0.20485816284012176,0.6940255022805112,0.6183603213879988,0.5740876729440214,0.3739064058847183,0.35383823318419716,0.3494159088580794,0.48293156484144784,0.6253279276972343,0.7092566467502457,0.33260605871689936,0.5493134305055195,0.6001558439928911,0.39097022365813144,0.5034368022786592,0.36721601093375134,0.19835870121403945,0.3977960387007859,0.5941491425500129,0.616884603362572,0.42398759600406843,0.28567840313487186,0.19699986874532754
224,0.3452613978158715,0.42135350749264683,0.23532310247837324,0.3361387306181627,0.40846638075714203,0.18163186061889575,0.11603536601650608,0.07354399591549372,0.3201730186459031,0.2736618141738779,0.81139607858004,0.38878215656175746,0.2920233019204379,0.38833342911530716,0.7160291485560036,0.35136977558868415,0.7949972716299624,0.14055898252864912,0.12056665867966786,0.5565623491287046,0.20948569067315748,0.17387680618087004,0.33214556070173507,0.6421797235921997,0.5609137966187402,0.3103449269751596,0.3825192088663001,0.39306559875859,0.3129878479774974,0.35672832724679615,0.5312490789562825,0.6349667595908219,0.3031199817580217,0.6494873886120024,0.46282043622190744,0.1679641343419079,0.25616090869929864,0.30157078662464326,0.45656334077856753,0.16516410313375085,0.6132588331772895,0.2446166786457583,0.5693428931642236,0.4964100179982642,0.3459039665340372,0.48601840447110145,0.45397614773255757,0.17310439141186457,0.42711824207318716,0.3166272824877479,0.4776631915625761,0.19976981918021058,0.6238422249836968,0.3977159508494076,0.2892689849233611,0.553267150524088,0.46346609009246764,1.0,0.6195256634507776,0.43023979768128356,0.29185850973871486,0.6690573968128204,0.3015552928562101,0.5854681448369442,0.4638889898310431,0.05212107853997966,0.35170186299930417,0.25842452484633993,0.6404900302086239,0.5116723861626834,0.6501263263394358,0.6355298098071145,0.2635047401366308,0.28687367695028776,0.4695581940186772,0.20314423548378338,0.6135876869212309,0.3272672752021968,0.36363686640089177,0.23541738743101495,0.15154725435808242,0.332822466400756,0.6774554106301003,0.41587894059910574,0.36964557178510676,0.4933212221829234,0.4482986019982774,0.44244409150628533,0.17961276758630682,0.49329838062335024,0.47114590627465214,0.4099380243166233,0.14379577208280514,0.26885960854968005,0.09812211970425364,0.2974401632541823,0.5560461920774162,0.3724445701613336,0.22069405058059344,0.2084380043537667,0.8474443984445579,0.18657106943691593,0.11038713949613015,0.2773438465519098,0.42853348435442107,0.3030635782169395,0.6287083934740274,0.12284079327844188,0.5368142946350176,0.6367437574459212,0.4343530016790653,0.33215896356104047,0.6653554708173213,0.4944753210629051,0.5100323430763739,0.30112509471031695,0.2933272681499985,0.5351771101538751,0.42997280870297255,0.16706093898560886,0.41408274852763,0.5841341723123554,0.46558972159616935,0.17125405918257616,0.34378824542958164,0.7825450797530912,0.24471561176341305,0.4723956396489126,0.644461045215289,0.8051329024868048,0.28919565980108164,0.6618919293585188,0.4696277450392024,0.6375775109215875,0.5994399601752777,0.7311600294411384,0.7071286307261408,0.24084060192264387,0.7674180532948441,0.5413835722484268,0.47551649004572016,0.7181286872158418,0.6865409820862831,0.6201404665842595,0.1589306683795067,0.40952914214234803,0.7401377765688771,0.6456021972066588,0.40741401141178296,0.6866987375882663,0.2426557309677722,0.40949830491321054,0.3004543280213239,0.6451046940684544,0.3643380845346208,0.5374244610576964,0.3030492065633529,0.4611476672633003,0.19978707705986593,0.693647349205593,0.939819294868126,0.3068442590887622,0.409939360013251,0.8119044428687273,0.7427971943426765,0.4271238769242667
226,0.4477508373476186,0.4056168596788182,0.3447147145394572,0.3999900922728824,0.6076469192760293,0.30973771651102383,0.30311233219980604,0.27746567428914165,0.3754654023413534,0.38110636424879907,0.5367343571382589,0.37437042554400957,0.3460193049676057,0.49068270666426106,0.5084671778380898,0.35796407157208754,0.5073183317494528,0.28294332497744723,0.222834937965965,0.3421695089085858,0.2891805439248838,0.3601761243894427,0.43217375030625504,0.4919866818414552,0.3545419694795973,0.30031985279782525,0.2914365625746124,0.4181166813960111,0.3264057229318531,0.3299168293624282,0.4856945741535455,0.4444407433076446,0.3414096606444235,0.5081380091536548,0.31151210050353123,0.3480339685720262,0.3376202848929283,0.30068786832464434,0.3890190450831661,0.23577600236925528,0.44738570344033013,0.4168107237738209,0.4411299053614358,0.42949783209763903,0.39018400892301064,0.5457013922514917,0.4260263080498723,0.39918859056878975,0.42435592074008166,0.46010473336987523,0.39500976771014057,0.3195276615932954,0.6875091927279922,0.37128548770890585,0.3164006248705095,0.5297581548585902,0.4791104894095301,0.6195256634507776,1.0,0.5853936506286679,0.3492072519581872,0.4804913787817723,0.4278057549198047,0.47422475804391945,0.46864481757528986,0.2996724480539845,0.4355459336578728,0.4199107933257723,0.5225357172038718,0.46029051639204166,0.5098888398634266,0.42296260404887087,0.2863826004430447,0.3603625427580332,0.4923048331158031,0.31559311157930015,0.5149865038879221,0.49653784022841435,0.3768647162036753,0.41610770772976036,0.39121323182477996,0.47979407660242784,0.6130887891689336,0.42159212128140944,0.3467860282140205,0.481635533920531,0.38292885626978995,0.43705557649311777,0.34619326041394993,0.3415383320930593,0.4172259986836989,0.3414496519809875,0.37770556198683136,0.34985661101800847,0.4027393794799229,0.4475281098780839,0.5163616144911692,0.42792663119482477,0.34275108589404446,0.30677135567453323,0.5306773963607239,0.4380782205772893,0.34456730881106945,0.3946511005172464,0.5473469817610204,0.4536487125109584,0.49045317382062303,0.4101948517531384,0.6488991740158252,0.5522913422530549,0.5116280618103152,0.43415200269467324,0.6069309526918578,0.5330237057319154,0.5235831617991692,0.4413233673267439,0.3578911515229122,0.40746188812202905,0.4888125938666896,0.31596969221352644,0.3955523364804341,0.46873097523807195,0.5498125399697198,0.3757052216394121,0.3115361831560588,0.5541373348566546,0.3661868627498752,0.4040912902436273,0.5024095234170575,0.6148457863430378,0.2940752625810976,0.39154880642152473,0.3514522992751463,0.49312674022099257,0.43836063542521925,0.5667618346605717,0.7028437294165705,0.407542257403124,0.5398509569385641,0.4097060370945982,0.43680957095500994,0.5463218866934034,0.7416149343960987,0.45854148504995873,0.37470085299943257,0.33579092827268625,0.48802593512857506,0.4643293830446117,0.4290521004789158,0.5154331669912955,0.2705618638427441,0.34795561541474695,0.3648398703148915,0.7589040986529473,0.3673829294635518,0.3289931761288882,0.36562140629585305,0.4327196360526898,0.33455281831203504,0.5630839616335725,0.5512952115080395,0.4415814590281917,0.36384365200495106,0.5678756941355613,0.5389732922598356,0.42039981353934436
228,0.4256247216144531,0.48591681463301567,0.4208896613447797,0.4607087498849045,0.4763613248936195,0.3690084499395311,0.4519903918983516,0.5424122365400265,0.4345193161409492,0.378547097351249,0.328938136001849,0.3977717149518193,0.3649006637611004,0.5088743199433614,0.5516555328820578,0.27701824644843276,0.45137516278895967,0.42554854260844993,0.397016112656961,0.37672076460976067,0.4767597616024293,0.551412114174754,0.39882936971404,0.4791063221948699,0.45995298148241326,0.3032489964961014,0.5733687694588655,0.5047565238960652,0.4482347084081074,0.4194420694894498,0.5309872745037121,0.4546360218371179,0.30044551417141874,0.5688946518705902,0.25786489714595917,0.40814356081734426,0.38888605371964974,0.2526155579444871,0.3276706733413625,0.43823946111323914,0.4091514058455719,0.4865846515436426,0.42734266046780295,0.562340403601204,0.39647284208503386,0.5155554598227224,0.3726230948648622,0.48794744298829174,0.42251552867356157,0.6025198571425816,0.4133497281993591,0.4338600486911203,0.442232875040233,0.37917686349973845,0.3525406527008784,0.3397509485367645,0.5159066359799436,0.43023979768128356,0.5853936506286679,1.0,0.606987189111352,0.3863175266712342,0.3179133733153877,0.20025390413192432,0.3690722236561824,0.5976777101818369,0.49494682360945863,0.4719359918810274,0.5193274918832673,0.42810130201547925,0.6535096481403961,0.3028747004205226,0.3331684430888786,0.4915425552005534,0.60874152202694,0.510053909286604,0.46426294527132395,0.5121439140832166,0.6387020127358787,0.49434062476803575,0.6740638836047788,0.6030185961154155,0.6119221260256493,0.45721305660660094,0.4347813750284637,0.37981728774023116,0.3485680795631923,0.5153767934092498,0.4479958823314443,0.44432049677385066,0.3460264989633365,0.5220950592520295,0.3727447610782802,0.24932988880223883,0.6434994059833563,0.3755645129284638,0.636095665804939,0.4017859562952155,0.25585963716985416,0.28357779740330924,0.4215460828882318,0.6015877206117188,0.3736679647018402,0.45394532242164704,0.49394902584948697,0.5112075976059485,0.35897103868617086,0.5592906371285878,0.680789429610838,0.4538068262407892,0.5273787354415752,0.45580825222075655,0.640319234572438,0.5008291418148223,0.4567033018901967,0.6341926327245865,0.3094522221021828,0.34536324163864107,0.5405520535682145,0.4421685473254463,0.45690712423852997,0.5159658520495815,0.5661664444070327,0.36333581390928704,0.3490691648778551,0.509681048825358,0.6111378980258136,0.337633878459724,0.47495536379377,0.4859398152719764,0.35459811854394285,0.32691202837584804,0.3102988290940164,0.36472650891557845,0.4108281146094041,0.43852724825376044,0.519243289392374,0.5233520577628188,0.4332757121804015,0.3557972408347027,0.1901831088356445,0.34707866251566133,0.46647740566415785,0.5215775818107035,0.6559985845001162,0.26319076759334986,0.4173389111313852,0.28442119679231415,0.298144290071352,0.4323215479306098,0.5314075038907021,0.4288552920615092,0.5347243270194921,0.4462929676429832,0.44306221627026343,0.3363531476487306,0.32807383342723495,0.5891672401408846,0.4477918708791815,0.5812167524044742,0.37624030472383946,0.4263520436347761,0.47142671971762395,0.5201585946413421,0.4598427066885361,0.47893068981343456
229,0.4215584469768142,0.4006254420116389,0.6573327091316805,0.5601444352948834,0.44289191003509815,0.4372252551375997,0.4823951778853644,0.7251108414779315,0.5177707116832078,0.6302139462057204,0.3067149165188481,0.3336357430670587,0.7626349543537173,0.3730900434717505,0.451784790885298,0.33591211726933856,0.190569117218025,0.7920703227733283,0.7412166801977735,0.5602832448311412,0.6121103594298545,0.6223019566705809,0.4840575010135453,0.15356849654871074,0.5926136122324064,0.5625177815422716,0.6472082803864693,0.3553447289469629,0.4979038736870748,0.5597732864849451,0.2474710474100189,0.28609661465059977,0.5341255292502223,0.1802715354614649,0.32241741519054484,0.6403436140960297,0.6668274384827557,0.5296775961509937,0.3448571917256861,0.810300577892459,0.15938087445512283,0.627524205761479,0.5416990691218687,0.27996050517806476,0.6377638932870454,0.3398882521222226,0.45568917221378036,0.5114683269714274,0.5191679380916389,0.6557414975788247,0.4044684375182903,0.5934666216670144,0.24761771563844887,0.363995810194743,0.5906987182332061,0.5423806604927188,0.7314230233999406,0.29185850973871486,0.3492072519581872,0.606987189111352,1.0,0.2293529526299961,0.5719387516758193,0.3164235745648737,0.508970296680681,0.7133964534082899,0.615454652749357,0.4379273821270839,0.2887092388088105,0.4609138634077017,0.57363112911955,0.4123566503252315,0.645654978515545,0.4470523629699971,0.4034370048556399,0.7642123383759343,0.2983737665269369,0.6079662204778635,0.8184812204076992,0.745227201270515,0.71213531216083,0.4751882689103172,0.22195373080948447,0.6522039798190509,0.48083926976904984,0.2729703169411823,0.560393432435849,0.4075998681880809,0.724058953293133,0.5576503521769612,0.3377277756005676,0.760473109045807,0.5716991942414383,0.5049772502260897,0.6712741705256183,0.38429319818761726,0.5626814849577546,0.6459159018648553,0.5009371177323028,0.5804871896685246,0.2571919891682321,0.7323638087680153,0.5178007655804335,0.6278710284404294,0.3411474498469298,0.6515218135300336,0.19157966299451565,0.6797014957927783,0.3874332323077735,0.3498185515084915,0.7576979918635546,0.5612293821111176,0.24057643512140772,0.34107508465769665,0.458405717566739,0.6004254788020064,0.5642111856638894,0.286846443074551,0.2788550120867221,0.7510779325518416,0.6952737493974281,0.5970993242798733,0.4520301892932973,0.532974095979099,0.3292477839727136,0.3737542116362367,0.9031357576113079,0.51188998607395,0.34403062516648075,0.11720115465835204,0.7119769720432183,0.36977638575285726,0.656867065935139,0.25590189708468813,0.23256961037875348,0.14047396964163644,0.2650086516654944,0.6905685131171031,0.12002151375570186,0.3369664475597252,0.42197777546650017,0.20556590301682337,0.22833635210448053,0.2346139236177641,0.8212806253583622,0.5511282331999616,0.40404822360735637,0.1867761037075809,0.259481744756303,0.14372160204100182,0.6290713507506605,0.5817343878604289,0.7770700331206915,0.1780610866289667,0.6802902329367977,0.4899797905817499,0.5203607999448173,0.5635611721765362,0.48783285935025045,0.18790619200988798,0.19883448122352923,0.5017959646728671,0.6833915213208286,0.21565094493831904,0.18978224331574248,0.20925127959984804
232,0.3146743800880276,0.3458136311015317,0.25662009016853804,0.29084259674456314,0.47776757005875825,0.29795596006039937,0.36113615007450617,0.2590553842739303,0.31830791541007397,0.17099541735332519,0.5661724256400587,0.4772094090677153,0.27960554910672053,0.5231274854230981,0.5144882685974611,0.43892092420750717,0.5634950785863344,0.325381813302024,0.34790281275124985,0.3347275162195512,0.17711632218075385,0.3443815393326901,0.3386654412205312,0.6362266231844583,0.5269784906669694,0.5985537818880808,0.35153865940574136,0.6062625727003852,0.26288810629142645,0.2894209426589177,0.5499970364110173,0.6278039930955217,0.5672154876591898,0.6439141875222193,0.7708650500666326,0.12479362275092248,0.22949480402080202,0.5531678996456616,0.49089554127839424,0.3579953240952372,0.6006934157202375,0.2257597883216908,0.34393225169230507,0.6940881010486079,0.3584287345815551,0.42321468552307995,0.4240805257164972,0.3223493871721229,0.6403812309982888,0.09572640793118224,0.7428905860285056,0.24863906178289893,0.5729404090410617,0.5610828833813818,0.5771172824400755,0.31788789157376657,0.19956962831631958,0.6690573968128204,0.4804913787817723,0.3863175266712342,0.2293529526299961,1.0,0.529798497199074,0.5484131379060136,0.4195859887698068,0.2140684244967056,0.2801590569004656,0.47306648444024535,0.5624448466038503,0.4292832577607257,0.5831291605837476,0.6416268171499564,0.5000196502789258,0.5096838819341254,0.44087394934265695,0.4030522954937228,0.5979816065515489,0.23890534210049727,0.27565242691266906,0.40373645509963063,0.2723055402257369,0.26896063576843326,0.6415085979683584,0.36822163109750244,0.33468159751425286,0.6566985522324668,0.4332539432199084,0.3522185370994302,0.3592010636478664,0.48373485906240227,0.5999165962276076,0.305183465161859,0.2639718666904078,0.5259656180510272,0.28804936172530154,0.43146542337219607,0.55853792692737,0.3864901948023678,0.3598285179360794,0.3141007569518472,0.6383502386798092,0.15027514031517267,0.31628801572797816,0.4846121102746596,0.5309744671946616,0.2673969426131131,0.9071901454511905,0.22151128769388578,0.4902630261030578,0.658873393431904,0.41560478272720486,0.3303522437138471,0.6165615556476696,0.46111369380915207,0.46664573464745984,0.19929685499217342,0.5284020127740415,0.8093503370521478,0.6045913798165146,0.34755797327572174,0.4314722140288083,0.5275143371729851,0.384671752235993,0.26157916880670173,0.42876255000864216,0.7488983027933807,0.20018096753075837,0.4728316554959886,0.618686284267083,0.5540143137875578,0.23152811768537424,0.4840327518770682,0.24156561540604982,0.4908232712100177,0.5546796440631825,0.5880162169414003,0.45988977666843006,0.22612023830225597,0.5695972840200842,0.412628000098647,0.450042329820295,0.6875749881575703,0.6915460214535019,0.579815999982107,0.09033825383188865,0.41672204344770875,0.5496435810383445,0.5874778467731194,0.5802605470228871,0.6117286638501105,0.22278319465964533,0.1747182053910999,0.2675147872153772,0.6438372862640434,0.37663377629271017,0.42722417546825575,0.556819174966128,0.5829075591060142,0.39015609490370406,0.6598535591354509,0.710008560667398,0.2611958416157488,0.3615099513704301,0.5478027679145124,0.6773489170439891,0.6491023205923494
234,0.43060577439537984,0.34473489339034774,0.5583637058435974,0.4716916088832256,0.3381091008391623,0.5467881512755137,0.614212653966075,0.5834704419097902,0.37586315555948724,0.5676389939063068,0.39848753201361486,0.3560681693166005,0.6777380285851009,0.46690379938385906,0.30267782936007537,0.46053358244186016,0.19600359536280287,0.6845132486173586,0.6447917292272658,0.3548213118367186,0.39682174269238973,0.5572121334929135,0.4670557195300953,0.20268948082658428,0.4935718279860213,0.7152843930201931,0.3979142382330909,0.38576457713515644,0.4775395048175401,0.4737747275614255,0.36988300554519693,0.30305641663493343,0.7278193292326245,0.2206325903575354,0.6345246924583017,0.4819319242111877,0.5471329219953899,0.7294298449951988,0.3777927172894112,0.6410920763548675,0.1839521559305894,0.490530490816614,0.5113219506553861,0.2939783311205821,0.47492523240352247,0.555301249252911,0.44018859992647025,0.5511583309231516,0.7755301827476364,0.4101433785991146,0.6702740120016638,0.5704107127540525,0.30886841942716414,0.5612332356335126,0.8125221398246608,0.6212433780232374,0.44971614804336063,0.3015552928562101,0.4278057549198047,0.3179133733153877,0.5719387516758193,0.529798497199074,1.0,0.580217463240789,0.6653463965293971,0.555351069472247,0.5124310209600001,0.6266344246299984,0.27364319327996695,0.3823007411577638,0.30463713565861666,0.52724589591469,0.8102156102462714,0.6092035639614566,0.2913012380447943,0.7413028955043566,0.39063461264439553,0.44304044335492326,0.4522959070636482,0.7132656924057201,0.5752303823119115,0.5020384012557939,0.2895413021576109,0.6208175873334968,0.427253530441991,0.5162398234935215,0.5829322662813499,0.3805086603569444,0.6812922917168824,0.5224676362518786,0.5092755111659014,0.45190416290887336,0.587484815332121,0.7940322680389984,0.6017266898420706,0.5912383110000734,0.33081811085156476,0.658537540178234,0.6388017978754443,0.6559394494006465,0.32576574387310675,0.5023776703120115,0.7197712636925446,0.6296096839776184,0.5034129420462286,0.5115606559827547,0.5861228916210587,0.5733449546372736,0.42623920389564934,0.4331457749228831,0.6688170769477993,0.5299349630121345,0.30609388188169634,0.4007060489729366,0.47460797511324543,0.3956681919543225,0.7698551314166042,0.5691198605524108,0.35237211347447067,0.7334503465081055,0.5941565966984617,0.5740578309390475,0.40048677005891553,0.5962354159410324,0.3620366596492202,0.45841429471110173,0.5518603621798742,0.6499458388597094,0.4225362780263229,0.20501043152295867,0.5271337576759991,0.2810147881546817,0.5389548835312925,0.1986671550694094,0.2457169377568735,0.22703083372293853,0.3318538508613842,0.5403875050120667,0.14167834312772565,0.4019231517990701,0.6876284071708134,0.5094027505219259,0.28083600988046653,0.2723311707365451,0.43169090651402187,0.6469404035850828,0.24997457902811335,0.34681937037063015,0.490658200176865,0.32586863705634617,0.3420369051761857,0.28146186937880746,0.49886703653412257,0.3332514670980179,0.6470858762465723,0.4334877707780143,0.7434386744160585,0.5414594157390269,0.5837461335548313,0.23658738985537975,0.23967726363444802,0.5798243667512095,0.5911767474716488,0.15500345298191634,0.23257121673408654,0.5037095422817555
237,0.4325287478566699,0.3603434363803302,0.3574315986007891,0.3675282219687418,0.3376350340934287,0.3557614825455309,0.36241736272098185,0.32181815351758686,0.5049465980323269,0.47079955070439194,0.6840818103780302,0.5649985230243932,0.4078008014278305,0.4119876266054775,0.44195174350865113,0.47830377059363155,0.48633367946726813,0.4635619549641843,0.44362408310987583,0.5540454953087438,0.2917138489076611,0.43397545995450243,0.3779787241549801,0.38466345612811337,0.35034116615047817,0.5006402977255362,0.2656150320760281,0.4687136212707215,0.3890406588197626,0.32382016509244493,0.376399078119509,0.36757774901901,0.5516375169264358,0.3410586367044485,0.568941173474468,0.3517796191152998,0.3591717921547684,0.5440584550509564,0.4453661692327332,0.4398861906626186,0.4241935262480591,0.36356444498663054,0.4919919406310692,0.4436561025456814,0.4131731188842701,0.5419707954247626,0.4335093161161574,0.44749479782863116,0.48083100445473115,0.4289876877956712,0.45185232053056523,0.36120340492343894,0.44631708105204887,0.4750764076224756,0.5306133760424645,0.7038206625921618,0.5382308999243763,0.5854681448369442,0.47422475804391945,0.20025390413192432,0.3164235745648737,0.5484131379060136,0.580217463240789,1.0,0.6241924188687002,0.33202579836171664,0.3756214894394444,0.4408677391343968,0.39025892744344837,0.39363910296413296,0.374772683259329,0.658437837906868,0.5405843962685082,0.46582853047854356,0.30602392332328116,0.4493253529111438,0.3738238721604913,0.42931213793917894,0.31538886988949844,0.4641184040520714,0.35614743519347747,0.3472427301532312,0.3805922334262425,0.3936290661680186,0.3500357635186745,0.49646212730601325,0.4563586228971124,0.38879263193757796,0.47417357615995404,0.4138897006163523,0.44833529719174464,0.29055910440850835,0.4264087205549394,0.5334130786842712,0.3336831605408458,0.4693260500394597,0.3398377637902099,0.44113330973721077,0.5013586710597778,0.4485884667752308,0.5278889193315499,0.3073913443475289,0.486486056869595,0.4584623139135557,0.4151382081974425,0.37428353147855253,0.5389791571067257,0.34574642258661004,0.32326782579428803,0.3975567682587715,0.4320997331279619,0.3240654420705007,0.32087462013239504,0.47088187018588734,0.34247033138701455,0.2694941257090866,0.5122138068836444,0.5823272667558748,0.509507460916922,0.4385830400315203,0.36647011944832864,0.4350421930328777,0.2729530643584392,0.43875650991820647,0.4410850923124734,0.4121141965744295,0.3221642593240752,0.6795313673464447,0.614930134045216,0.6300949691221438,0.35543136667307973,0.4720109041272074,0.54074978804104,0.5021725378003503,0.5652322819726869,0.5330357190575112,0.5157404537266137,0.3884675172420335,0.49045760705769487,0.5969581431565911,0.7501653007732514,0.7085535897725079,0.40013079930959405,0.42154332083794677,0.2509422793532061,0.6112472851230215,0.5938518845615879,0.6626483942489338,0.5244176158042019,0.6200584619081545,0.3228278930797672,0.4412656219745569,0.3718300188592447,0.546303161183728,0.3409598853536885,0.6014184134737219,0.4771197617341988,0.4729425433350968,0.36864775787449544,0.38671517589078996,0.6145815334339452,0.5442324858067094,0.3461535736156028,0.5130696085336198,0.47817080271126444,0.47535540845054847
243,0.3136910382677113,0.3730786593387716,0.4761230306767451,0.4947112685726752,0.3689627778662733,0.5178622944510552,0.6137862726188626,0.5184516419348738,0.41872914904523917,0.5965303486272165,0.5430284020590688,0.28909912320648157,0.550417176539974,0.36869046865863886,0.5381097675926121,0.3308735359591152,0.353733894437576,0.6190591315853405,0.5697881674348506,0.4670789818339398,0.41183778832996837,0.4604786109158133,0.41663912812289705,0.17066243666425995,0.4539074648689192,0.6826529666966815,0.4457425799970315,0.2979906651583025,0.3809577727255298,0.5182098913460368,0.26581098762666877,0.34932089385761467,0.6712111350623606,0.19449297795915343,0.5232581211685596,0.4938066774776006,0.5467617453873178,0.6432149094323982,0.33910977635138567,0.5665569809276193,0.15079217436709214,0.5020043910631798,0.7002242676483569,0.23062334985006522,0.42012871553045233,0.7011216913727086,0.5225023985071615,0.46460407088160666,0.6391671967513652,0.572257079071521,0.5669060395687997,0.5564782312679739,0.46392508681458516,0.49656234305198066,0.6627977916142813,0.6908004831273873,0.5793854449316115,0.4638889898310431,0.46864481757528986,0.3690722236561824,0.508970296680681,0.4195859887698068,0.6653463965293971,0.6241924188687002,1.0,0.5490492896241737,0.5607954837200281,0.5065700959727971,0.4114874452673526,0.38591371806211516,0.26842714684493607,0.6147629297668372,0.6925388503666277,0.4624773455054274,0.35805382717460854,0.6055830475033273,0.2958242342769038,0.5857207535442281,0.4578291246472571,0.6079478998808789,0.5318874604282262,0.4078012403036697,0.1864745391366659,0.48119616095683204,0.4531375961227702,0.424130225662127,0.47130715569230724,0.3029733469792589,0.5719997206050553,0.4805505463362088,0.42278791777176494,0.40290445384578233,0.5433213928876246,0.6089091367441817,0.5173347893073098,0.5152610311278316,0.32728725869968256,0.535623315362659,0.5654870152613488,0.5735343663809926,0.5409410175056861,0.5004081150761339,0.586589412982342,0.5364620003168868,0.4637168079923337,0.44918269230560404,0.4816891966972582,0.5295293612234381,0.34362221593300124,0.33235295255707165,0.5348144956091214,0.4951140037642966,0.2356471572511677,0.24680087386228614,0.44248723006240875,0.428442572235885,0.689537696150039,0.45832238966134586,0.2437466011145878,0.6346630772913887,0.4962180556763179,0.49331315048258584,0.4368287047617694,0.5165800775135059,0.378226126243592,0.3410509893174332,0.5389743446596188,0.7424359149714403,0.5243374846005923,0.3303841193922661,0.48646554771507255,0.4010174342423421,0.7109358029954724,0.25923014436495506,0.3162709073198515,0.3050072285970269,0.44788582159126333,0.5680929868919857,0.26664171236634077,0.5804512078475019,0.6989069723819819,0.6180056415646367,0.3314511112650561,0.17020769896150384,0.396025784361028,0.809516288077081,0.3616624499017574,0.44000602985904436,0.3889953107785442,0.545256943562676,0.2962697392634312,0.41145979375802066,0.43190478776909824,0.3954745451797395,0.5484795046802052,0.5099121804216648,0.6683740090203096,0.49672143526036444,0.50841298825288,0.15756660369047143,0.42131455595417305,0.7728555898341776,0.5316397897303917,0.35208511517853114,0.3024923128609278,0.41505981561496663
246,0.4817217373890096,0.42696702338579584,0.5723758957396661,0.5634768318736343,0.5339872587402569,0.6840301015895263,0.808973870409764,0.9066494153817638,0.6076445104709205,0.6037091238116518,0.0993412163026287,0.4540539913085843,0.5637697487090878,0.4654191821296454,0.31418755507083096,0.43514872863433196,0.17753472316823776,0.8300724218836805,0.8098676487372203,0.40799977951042354,0.6799767560586869,0.8077651707230238,0.4800905031952689,0.1544449809043558,0.35598497574475474,0.6137079089900586,0.5590254490567945,0.5158156813175241,0.5325094536158613,0.5162275791984297,0.2592610497120393,0.15336218270329838,0.6307418267127243,0.21275222080683237,0.40993985949072226,0.7004131652890733,0.6317143345411552,0.5713581250456414,0.278870954036704,0.801980978324459,0.13971543716293913,0.6806377832926828,0.43806866485401236,0.4311042901653808,0.5194044435428642,0.5515195934337567,0.40331515197469314,0.783318189149963,0.5396853358086868,0.7112220536400391,0.47024224278655286,0.6802736496934291,0.22920474064209911,0.40595556791430293,0.5860670427093772,0.3698613375301764,0.5964094807463334,0.05212107853997966,0.2996724480539845,0.5976777101818369,0.7133964534082899,0.2140684244967056,0.555351069472247,0.33202579836171664,0.5490492896241737,1.0,0.5996533695556685,0.6784802325968583,0.2929769265469305,0.4329505937118716,0.326270595145812,0.38866144591982366,0.6432033303360029,0.6788199792211442,0.3890879122142019,0.7725376465527751,0.1971416463512559,0.6269250968993864,0.632512782562176,0.7593845787664695,0.8911178692602733,0.5645368221292861,0.17336108971295006,0.44599456164408935,0.5268164994681153,0.32916586467779085,0.38255563480931176,0.45515405488477506,0.7464059109943941,0.3347905215842184,0.3299806217388307,0.5644240446683341,0.6894848348147993,0.59579109975919,0.8847708957593972,0.48783835583246354,0.3844580704932915,0.4682037526528924,0.5945522140567965,0.61329779376661,0.09012169990079238,0.7222352959216001,0.7752943805762291,0.637111846187965,0.4346146361695692,0.584409764971713,0.22229745345650964,0.8121077400062153,0.375467646220907,0.1837624523607116,0.48122304946042915,0.5221689654365705,0.24211701728029209,0.3373191774117493,0.3208903684744352,0.6531777623742986,0.6013585379495816,0.3411592630271999,0.5115896191769888,0.8021158760667149,0.492424569167877,0.3324400907331162,0.47318465495422657,0.6600121876809382,0.4138666236523803,0.11930730875416885,0.7303182135027776,0.5229199410875375,0.3926550911779224,0.1336653825906081,0.542137584228317,0.2390414930251009,0.48018762096454404,0.19138543333336622,0.30108835111622645,0.1436809786822596,0.28319386673077557,0.6712157715270155,0.10271912821049928,0.4646083583204178,0.44808705404165905,0.23847872438394546,0.1608915738334167,0.23045531948172837,0.8121091909835687,0.6028917483599494,0.22044730645598412,0.20632241802830342,0.3408999046822292,0.29936743628688156,0.616296998000659,0.5764089579189173,0.6465323044040252,0.2137869262889025,0.514021781215247,0.47245117696418654,0.5949797126628411,0.5483470226763951,0.7328900944080897,0.1761452455127324,0.022623720121289305,0.7403905863177213,0.5030635345145498,0.1815186826309893,0.11415307486785475,0.4651729464564517
249,0.4306601912053642,0.45857349833215116,0.5270075116877542,0.5933970907764397,0.5298504792150242,0.501421565193215,0.5310943362565612,0.6460939908806863,0.5007234120967401,0.5625918926583949,0.3235312694419366,0.3745450952807874,0.5574559914111303,0.3862145700529571,0.3863369803702734,0.41123287142822956,0.3643368026808972,0.5892824332504221,0.5422031040526171,0.422625985632331,0.5883435717303254,0.5415588284318793,0.5042785317104634,0.2748911686419626,0.4743305802857748,0.5196487381361715,0.4323662706900721,0.3800040003159235,0.5362145583378519,0.536167342974326,0.3006901705089735,0.37978261306040695,0.5420723473289523,0.2317060116227374,0.31758812048383606,0.5884553448161931,0.608371075868298,0.44943542920424523,0.31419890997748073,0.5994741176322308,0.26996259483495805,0.5691704454771838,0.5744633525721397,0.2487708220708436,0.5675338362387378,0.5199445188326354,0.48844480140172564,0.5061118434786057,0.5344210870071501,0.6267948395795726,0.3299106100729759,0.5943116524551271,0.2896403436828924,0.4109574596133493,0.5104210870763225,0.5019482606232604,0.5417421152382808,0.35170186299930417,0.4355459336578728,0.49494682360945863,0.615454652749357,0.2801590569004656,0.5124310209600001,0.3756214894394444,0.5607954837200281,0.5996533695556685,1.0,0.4533121878268681,0.4131001568765198,0.48477055132216756,0.39881259714440576,0.524387758248831,0.5494606920293471,0.5334169308304367,0.42794724080170665,0.5737972240738817,0.3657448750206602,0.605471485108807,0.5075487312859528,0.5274763684384671,0.6028141902957384,0.4101928431236923,0.28064293591380435,0.48191840851092727,0.5173960155034915,0.34863009838077813,0.37712124243322986,0.37817102332932606,0.46893123993985997,0.402451392673735,0.40879595910935074,0.5310916226023625,0.595686167404193,0.4308336947057089,0.584371345105577,0.45782019239002414,0.32501464490672183,0.46315335041377614,0.4276805423937855,0.5788735684961144,0.32857503013088285,0.6533618261818412,0.5592042770218164,0.4677753108268615,0.4667491322199979,0.5679825254481824,0.22965669480577044,0.6255716301591048,0.4114389786904087,0.35697701283505856,0.5529366494443508,0.549541780600198,0.2742037408894042,0.4272621602068622,0.3775343300290105,0.5059701582449596,0.5735157668399655,0.2690523013860574,0.26343940732552007,0.5874111956708246,0.5626125620719744,0.48614944902538454,0.4820600862175144,0.587263981090221,0.40802917032211616,0.32504740676817945,0.6113475996288043,0.5340382434382149,0.3550011457848349,0.29923730300437745,0.611831401523268,0.4542821803485007,0.5964611158967149,0.37395520934748894,0.35551558084668655,0.3016197130439198,0.39206333189988707,0.5703826411860352,0.27239212669990454,0.4969374900422775,0.4996521180189625,0.3023798671993366,0.2727766217599645,0.267861907703245,0.61367602210676,0.6074772049544833,0.3066539034324679,0.3226196183603145,0.2847050341083126,0.3144762433083723,0.46727439175938235,0.5346589889130904,0.4646284688395878,0.31885409331709524,0.5057595079180657,0.4563867855202499,0.462244655220559,0.466572149641561,0.52041634227598,0.26823270060485505,0.2680439800576601,0.6214886227144181,0.4949569117419806,0.36608145360311906,0.25778065899941943,0.3592107314704982
251,0.5488987271368535,0.3319987847481908,0.3940422772791316,0.5603052166159851,0.4338174931543807,0.6415627883045747,0.7541618945643158,0.637628646794554,0.5608163681255932,0.5519646912594824,0.3118896594383774,0.4088186509016305,0.5225202653102261,0.6539303817772333,0.1919952273254666,0.5456040606177435,0.36703219420268535,0.5874117659595707,0.5748883521620788,0.330900506964425,0.4457695182896404,0.6548530665458421,0.46239234492601666,0.347981333669412,0.4415218977235751,0.6494580972338299,0.3159525552222537,0.46098987421333537,0.5203551664877575,0.42802783596917265,0.42005501868265605,0.23359568410983295,0.6238586616113493,0.4409423901111076,0.4890071754298886,0.5012509493140291,0.4678167546636206,0.5451652017280502,0.3257091586610287,0.6014302097480397,0.3078592478049608,0.5355411722003567,0.3913769703928084,0.48381489717465725,0.4658473344579146,0.5524647526423272,0.4055917692787553,0.5268052505008486,0.6095725550030169,0.44279706161259047,0.592039260140709,0.5690427336429811,0.2657971744537865,0.41211521686342795,0.6726230137550758,0.3524482060414253,0.4618287614672784,0.25842452484633993,0.4199107933257723,0.4719359918810274,0.4379273821270839,0.47306648444024535,0.6266344246299984,0.4408677391343968,0.5065700959727971,0.6784802325968583,0.4533121878268681,1.0,0.3561167478779774,0.3889763479508658,0.21348035466626364,0.4259489373694812,0.7010087123327314,0.7462392172376675,0.5300023181687028,0.5971752529956527,0.3098405343470375,0.47212236408149,0.42284511406389014,0.5772495766798079,0.7202756663021179,0.5902860579154159,0.4628587994417098,0.40788371364523907,0.3874078907686933,0.4041091233785013,0.3587026821992511,0.5352386115040513,0.4604376426144078,0.3370629455285723,0.304309494570172,0.3627785591379484,0.6188266299801095,0.5319481406283992,0.6434096600012614,0.48867260872520046,0.3134163858230421,0.43742437757696184,0.596793144166031,0.5090984581986817,0.1996718196888455,0.5379671538468994,0.6992169379924351,0.4901546146313226,0.4500805085183046,0.3464922852520063,0.44082282041422827,0.6256457617527797,0.5675300675047832,0.3478786538072783,0.5535160029219667,0.409969384278134,0.486143886403297,0.4776615324030834,0.36367620122206845,0.5688707697669994,0.5321081702362737,0.49100958466560474,0.5104006913741403,0.5249840489966358,0.4951736675249697,0.3925293678289653,0.4627007622987133,0.5596192218970668,0.49839760596787824,0.32609248648654376,0.46737096951769064,0.6145846381821447,0.3440417733018819,0.3227556523233678,0.4847576558700367,0.33428676779778616,0.39940071156198576,0.37158655641769084,0.3377889324507132,0.32578543999076665,0.4216709619877317,0.5225672102802174,0.27980156764840386,0.5846292023677309,0.4674509099718591,0.3543717877402292,0.24962305754860278,0.4643308939109625,0.5950684279179179,0.5484862823496449,0.2293655261789661,0.3111862934446332,0.42485614336876343,0.5049078836739904,0.4747216161112285,0.4090371461896493,0.38362811454791884,0.4281845770202439,0.4251835840685493,0.3631616562456297,0.5724644706706711,0.40510460365086004,0.6976420231157306,0.435668844886852,0.22201908885060156,0.6809484137189874,0.49231637314180937,0.4097093467748066,0.29327690331166045,0.6001872273381355
253,0.29763374752175853,0.45163308189719464,0.26803574626762156,0.4496133075911001,0.48562029465695683,0.31413172368463926,0.3014276495111445,0.28238323338876636,0.3688995266177931,0.30138560044514595,0.5104559212894592,0.4343698106867895,0.250707299588082,0.40369541434208844,0.6091043092230626,0.3372630926863386,0.6481421799961454,0.2828992215102282,0.24259649276591522,0.3686656589271658,0.3934195002009891,0.33274850075216333,0.32642079903574495,0.589659142619431,0.5052939945714117,0.36805993785021784,0.4421980506574422,0.4541611491255699,0.34223387999816646,0.40799216954363393,0.51080698008074,0.6117485618002845,0.3123323604246301,0.596817955662064,0.44674703859555676,0.2841660843087358,0.3734450228493748,0.26026561368357937,0.40961681762892277,0.2636120609424183,0.581872651463206,0.3343029521547838,0.4343691206587624,0.5350784448805769,0.327798947722434,0.5052115343833027,0.44908260494805025,0.34057604607821224,0.46717319619940595,0.3383155462150014,0.5198054536474321,0.33518356336630795,0.5154777909260337,0.44937308940099635,0.29990604883920025,0.2789141892442404,0.3480562012928843,0.6404900302086239,0.5225357172038718,0.5193274918832673,0.2887092388088105,0.5624448466038503,0.27364319327996695,0.39025892744344837,0.4114874452673526,0.2929769265469305,0.4131001568765198,0.3561167478779774,1.0,0.5236430802847949,0.5909384344165591,0.49167939396748034,0.2513237111133053,0.38405292129335633,0.5268647439962978,0.31396845867723566,0.5771172488109416,0.40588343019314777,0.40856645459675134,0.31873309194660226,0.3301478321633931,0.35939180857059927,0.6101635358341073,0.3650438953805284,0.3855543132934329,0.4320435902575833,0.3461434891435421,0.4135142064841147,0.22050081653132808,0.4663378890400048,0.5020312989557333,0.45093736989534605,0.2974416121091096,0.29413892604570846,0.3197425833639952,0.3353109996764519,0.511945316398405,0.2593776020675878,0.2631495972832241,0.3019132732786276,0.590004966303937,0.33358591458618136,0.2444061000825004,0.3278106464539574,0.4751933498797075,0.3148567833170783,0.5838548889761686,0.27151672751513145,0.47484268891229664,0.5685303373578109,0.32097470063595357,0.34731785612335203,0.6218778297963492,0.47538815686270064,0.49386550209567515,0.405386152981001,0.38000105988435806,0.5135930888016222,0.4419491241845618,0.2522435973636049,0.33518406994269256,0.43994669378391776,0.5475290886324247,0.3596273741012197,0.44689236014092804,0.5667428618574852,0.3029515514113286,0.3215774037376564,0.5416441944830032,0.6233032016973419,0.3235664658759816,0.5568930084873789,0.35616210244663044,0.5478942695308457,0.5302663512646222,0.5890604326208836,0.5767146455701387,0.34389748358724426,0.6497656416205642,0.5433162757843043,0.2548486684123678,0.48010835756075637,0.6332726231964964,0.5250491000178221,0.3404614656743764,0.3551596734873055,0.48044328590262886,0.5454166586700246,0.4430233260315288,0.6041949836284,0.34373570380986573,0.40281645391951876,0.28738543655386617,0.5590897276827311,0.366551589445298,0.4822763404895563,0.42287823899613025,0.5457586317117626,0.3983218515652505,0.6264719598459543,0.649841613117043,0.36252143617562604,0.3629836095287725,0.6329714197725491,0.6485449880116159,0.5138126163694274
254,0.4387166423338218,0.3553061007960051,0.49003164735814186,0.5096780370647478,0.48327519818784215,0.41372568728612436,0.36935763681706246,0.4387632361401218,0.5009950866413935,0.6357679364667728,0.4614284860023241,0.4187121158880983,0.41882131367535613,0.3694412601959042,0.5368180643535565,0.38929463193521696,0.5151027901959684,0.472334285588072,0.4533725218161715,0.5490475616598838,0.5352789785422795,0.45595286167089055,0.45655964019223033,0.4085726717402776,0.45228201240916516,0.40808925103272137,0.5160600260555606,0.4849234129170411,0.3672544529278545,0.386193898283835,0.41386560330326194,0.44345443126776063,0.4401321583034341,0.4007764253397485,0.37966970467707817,0.437991262665537,0.4813816885035437,0.4199589148713943,0.40098614682709155,0.4666998066191014,0.39760320189772563,0.4898580221246843,0.5930712000411893,0.4371237133199206,0.5371315691267935,0.4524789165640726,0.47287276130849454,0.42744484225760104,0.4100309996955036,0.46745832423995803,0.46693792852491434,0.43112450555772786,0.3863571753861751,0.3243953766188967,0.42411401778745633,0.37835372970196646,0.5100697070350404,0.5116723861626834,0.46029051639204166,0.42810130201547925,0.4609138634077017,0.4292832577607257,0.3823007411577638,0.39363910296413296,0.38591371806211516,0.4329505937118716,0.48477055132216756,0.3889763479508658,0.5236430802847949,1.0,0.4613514269970347,0.5420312414436976,0.3523560162822501,0.34592524429002947,0.378062795373843,0.4592399263867116,0.4635346583519313,0.4822775370600679,0.44567306513843563,0.3955844886540389,0.3699487683142936,0.38470070924866573,0.38748769094335783,0.3893240738457273,0.448484301951558,0.35509925978719953,0.4264604747864342,0.3693963042309161,0.4214556162429143,0.3563332228549706,0.4957233438255131,0.6088435290633983,0.39571655430255837,0.39582418450991785,0.4408628402603827,0.39792189154391966,0.5077825959312136,0.4232149125254645,0.36676186856773874,0.3811796611185615,0.5024881080797791,0.4590777951544951,0.35991135229060345,0.40002766882457674,0.3909189297525404,0.44273092220484656,0.41123118064763076,0.4059536385038309,0.4274621820228482,0.5049437782505204,0.4209197619182806,0.40489208080998007,0.41446176803121143,0.38455705473385504,0.44063474347748954,0.45558692000754514,0.3915081625011312,0.4209703074719514,0.3904458341445308,0.40546980602647076,0.48581486476900626,0.3828493738319647,0.47945585687904857,0.4334033573572763,0.3968161296351689,0.43974563759252194,0.5035779077286232,0.411706046777678,0.4457654015883107,0.41911348479947785,0.44317360643439363,0.5036456055368823,0.5113103003260141,0.450086075712394,0.39926628877703674,0.4339891337674977,0.4556752530956284,0.45695321502744346,0.43986804460384354,0.40539580201395153,0.4102159652781523,0.39281466427668366,0.44529563335602246,0.35498833862407864,0.48860295612947935,0.4765719006058593,0.5061993188120704,0.41227291205727645,0.40191327287606204,0.37154780296700474,0.4381399687321291,0.5299883744405056,0.4786784740564538,0.4405320644327859,0.4801666680396211,0.4921228223438123,0.46114420278020835,0.38921898874751387,0.4362469937803469,0.4053384906424618,0.47099067377763226,0.4620744363926621,0.4496990288492293,0.4875780335849475,0.444590302943712,0.3803499272335219
264,0.24941950226103982,0.5464145794590805,0.3513822648360859,0.3439524355379079,0.5257995321153934,0.17593933669698048,0.17107250195091286,0.34576943197707183,0.35381306636055254,0.26176099695925226,0.48033302640954467,0.4402148445104124,0.3614354265405157,0.35291933158401895,0.644848477636273,0.31077774634771393,0.506336686676999,0.42561220016490503,0.40396076256773666,0.4525805092192791,0.37076722547398283,0.38146625713727145,0.3428145793650682,0.5473693286603641,0.6197903041609971,0.3427752133548377,0.5865761623071519,0.4840654512020661,0.35325442118966965,0.39865252755718844,0.43328041303101095,0.6394327764434913,0.3208594834174303,0.5455783233100782,0.4222064655312642,0.27286511711568434,0.34741900074041804,0.3028525812278827,0.45388513022444266,0.45227588714677625,0.547762874432959,0.3316691220846416,0.33001447366463593,0.6234476842553136,0.3931871387054499,0.34412843020351047,0.34811091309619024,0.4090189254277144,0.44381765932278117,0.3609164499158569,0.44749917094038283,0.2616274011666573,0.5033195083034259,0.48272785746236396,0.3284403759765271,0.3048067332715183,0.5088419380389708,0.6501263263394358,0.5098888398634266,0.6535096481403961,0.57363112911955,0.5831291605837476,0.30463713565861666,0.374772683259329,0.26842714684493607,0.326270595145812,0.39881259714440576,0.21348035466626364,0.5909384344165591,0.4613514269970347,1.0,0.40448546633093896,0.2734806599412548,0.33030633541597354,0.48404372761978753,0.45841738958149236,0.610673781115571,0.3974303391745664,0.6749984979823578,0.47925116445658555,0.4354671874381354,0.3464938979773402,0.6166805321832519,0.5105804578332387,0.4338344188304152,0.43274261208422987,0.4346047688275167,0.4168440910816795,0.45185001869954067,0.5619698235519115,0.45439361346732376,0.6515171842760445,0.21486141768110917,0.3264071046552889,0.36541562880300116,0.2745887041068205,0.7124692349231931,0.38600643455299594,0.20183438195051884,0.2605038859406266,0.5224631721342075,0.37675160839021615,0.1412451217054844,0.47927368398383974,0.43702340612744495,0.4269572625944855,0.5455386791778056,0.29793826200153817,0.4867895161425835,0.5596495081532681,0.46489347111286483,0.3749165983835029,0.6095442131393675,0.5188122902475721,0.5387850036300192,0.4238083417626317,0.3516280079904185,0.46030713673223556,0.5590333440361218,0.37690747442880723,0.4223930585262239,0.607342928362769,0.5036683713546483,0.246095790977088,0.3391718220963403,0.6858176150032791,0.507749098290828,0.2965474663566118,0.6241063018704115,0.5474376127987681,0.35757843615882323,0.526067596294804,0.31512992545534746,0.4743882058926845,0.5211085160679496,0.5379617224653884,0.4550156017656194,0.4082467573557212,0.5595943084985269,0.38754970250543064,0.21310696282511116,0.46264928522775695,0.6187035903950291,0.5742307312239878,0.4538424201090565,0.23296823858541577,0.5926464768982818,0.5229637728985415,0.40439483235899254,0.46671120338692745,0.4461220545225647,0.3916470568979505,0.5282365525756859,0.5168549003909486,0.4841314559761458,0.5871559943174189,0.3527502369992802,0.7254804832773066,0.2882685921285867,0.6189482176596564,0.6338720730917032,0.14393426025796052,0.4408422158668933,0.566669984657688,0.6163971846860112,0.39101597258288046
265,0.3689609966733478,0.2956273130772987,0.3420602943275006,0.44119758371537504,0.4892395378007839,0.42024149318880943,0.4206480775610233,0.47381645545655465,0.574104124328136,0.4481242579470721,0.5396352252852437,0.40256902355297675,0.40900633638586614,0.4548568842302939,0.515009115667414,0.39278554340169075,0.5683353437727616,0.48370671015829,0.4853740374822877,0.5394480669122562,0.31923060536850606,0.43597483988863944,0.48507895916919197,0.3425078825827657,0.5199296657186308,0.5963339466203493,0.29070937773343375,0.46720649763307226,0.3151071027440984,0.38191587822174444,0.2725283105067063,0.45559465254326503,0.5871910021034286,0.2836788951942011,0.6037244841776809,0.3581130921120876,0.4562875405145027,0.5334476665239141,0.3156986389502953,0.5374204625985741,0.36760127282085714,0.4049414167969374,0.6032155587013799,0.4313842145829156,0.5139669124518125,0.5724944947480783,0.4540074352978496,0.3412364078676135,0.6533807117482231,0.3925660580567495,0.5459455552822337,0.4632730701562874,0.3952105306850141,0.45517525304864137,0.559105954429806,0.5406875046927284,0.47557715931311595,0.6355298098071145,0.42296260404887087,0.3028747004205226,0.4123566503252315,0.6416268171499564,0.52724589591469,0.658437837906868,0.6147629297668372,0.38866144591982366,0.524387758248831,0.4259489373694812,0.49167939396748034,0.5420312414436976,0.40448546633093896,1.0,0.6052009618404062,0.5375720078193044,0.3864807671162337,0.4418806552933843,0.3850688426317786,0.41324875514628395,0.3150476777933009,0.43376284307822155,0.4002804187141078,0.20115667294968803,0.3040308029744515,0.36520272863027936,0.3816535278512697,0.40155990830342225,0.3697938689719768,0.27333527358637866,0.4205334814875098,0.41951531825574023,0.5837971343729773,0.39893944076709387,0.4430380727927212,0.5201613379369777,0.41884026971316807,0.4258694567168354,0.32608958331773097,0.3742848684829094,0.35977558026920453,0.4931046438110269,0.5630380117877649,0.3652764847294883,0.44623853292426197,0.44981759878438077,0.47868305850072856,0.35454537939046993,0.4968297047129583,0.4114100558447618,0.2795877184848963,0.46200916036517004,0.48020510093227464,0.3855482462373516,0.2848883855920474,0.3540782111470472,0.3438615052264713,0.2585515491763681,0.5988773403774583,0.5749755036367636,0.35048932322655096,0.45331065295867,0.46552836904451594,0.4627862724752156,0.3639096831320639,0.47522524521353743,0.406577941283781,0.4020046794651476,0.36731235664193784,0.7335417880379818,0.531081911469807,0.4694965214948228,0.4521975980557625,0.6055187712941899,0.6320853757288187,0.5194291989286157,0.5088195365480859,0.42894129012159465,0.47734096146078014,0.36822197154248953,0.4520006190008011,0.6618788397362703,0.6317644061533645,0.6242935336846639,0.4093874499476817,0.3022967079544078,0.31133460881320374,0.74511763294864,0.4997584900788109,0.6012914061989005,0.41271353883089446,0.559162851058598,0.25670455855810165,0.47981809446039936,0.3292427331475817,0.47058276568043444,0.4314945116565389,0.601979862205035,0.6051579371935094,0.4931555498898688,0.49003481942533045,0.33527397084423777,0.5895916372722803,0.6132841071620624,0.4205131088170873,0.5626334448316097,0.4500675929905894,0.49730696791109325
266,0.4382231587433642,0.37532022648375923,0.5184663448260367,0.5245529110346947,0.4098836500432733,0.6036299740264861,0.7078189683684455,0.6648271242186619,0.45989415017277413,0.5950830726060827,0.294275766535109,0.3175826588782369,0.7164256585675234,0.45649114873446617,0.23807627209796156,0.4458823623334953,0.1589736572713186,0.7473444958438615,0.7206099572609943,0.4028017806598388,0.44669846038702,0.5662024388882761,0.4888388784773146,0.14751202079953502,0.5807109099496754,0.78512415192919,0.4704190995709284,0.3404167637752727,0.4955201931950345,0.5738945942263707,0.24499999968062974,0.27961728357714644,0.796588887736299,0.1809657287864809,0.6392059002672978,0.5352888320364553,0.5944031586452327,0.7841816454955193,0.3268573360758086,0.7653613369883101,0.16306478717842549,0.5524135329747354,0.491180550790998,0.266333219343797,0.5446084843326187,0.5103932290456988,0.4230042489034728,0.5054096617947864,0.7807111175018342,0.41857597555989934,0.6351081569344101,0.6599949713031721,0.2963279430692163,0.5037541474623721,0.8579526083833819,0.5476161011446448,0.4944730999092703,0.2635047401366308,0.2863826004430447,0.3331684430888786,0.645654978515545,0.5000196502789258,0.8102156102462714,0.5405843962685082,0.6925388503666277,0.6432033303360029,0.5494606920293471,0.7010087123327314,0.2513237111133053,0.3523560162822501,0.2734806599412548,0.6052009618404062,1.0,0.6804210472898036,0.39506680143804823,0.7282168269214941,0.2649098865165741,0.4794273455969877,0.5439534084751916,0.6965944016362864,0.6626749459946895,0.4608727574194094,0.1920153293342497,0.646693254241395,0.48212546062274314,0.43411018175763805,0.5323727850088145,0.4015523765516739,0.6658732035016587,0.5559063823285209,0.44828352827436435,0.48995859493251814,0.6546322495327135,0.7531080891832687,0.6103063752670703,0.5415643308689159,0.281358871411007,0.6289318527594757,0.6485088654369607,0.6931743508665968,0.26185808548888684,0.5683606502157319,0.7388482390410955,0.5953321452752958,0.45581157658462634,0.4978526346437899,0.4731068478864233,0.6214326923267209,0.33820485212976514,0.3045026359266181,0.7106086758369159,0.521854422038841,0.21352594170046946,0.36223263398540895,0.3629030218848016,0.474036449625993,0.8125870503706192,0.5638289631403433,0.2924999510786989,0.755442230475998,0.65372402980185,0.5878669151427371,0.40577433942899094,0.5738043566324318,0.4554561820313021,0.36331075425356585,0.6282434607833938,0.7136807785363828,0.3301193683032579,0.11874026539444421,0.6639277113049404,0.35646444963244817,0.6130184301277738,0.21549703712711976,0.22266888581452504,0.13038840458003131,0.22897816217271597,0.5910653514612496,0.09882385573348748,0.48922626737313213,0.6233686311766602,0.4382800594397517,0.21213211037691176,0.2382561597962709,0.514563521527751,0.7362768918831208,0.2209589637861974,0.3571897861751394,0.4451271578994075,0.3279933780741915,0.4128255025983675,0.3517823179704678,0.5267074289712432,0.2848324407279413,0.6394785892249781,0.46720910375254654,0.7800897930330104,0.5337882612731648,0.6361073246740665,0.17424188972984356,0.19760540246210218,0.6436296083000789,0.7005658843979319,0.17558426927671805,0.18956432536039428,0.49094727881674705
270,0.42459364500269015,0.4136366277600141,0.3040008379709133,0.5235516689744943,0.47956590081517797,0.5720680879753997,0.7199634954639627,0.6625352904054803,0.506248020398861,0.4584298183689596,0.23937935694702428,0.4285623993168678,0.4294356019162851,0.5475748995088763,0.14385037250671678,0.5195312441771283,0.3743808398616737,0.5045035156112743,0.5040282896029482,0.25661218861621843,0.4007437047502531,0.6762669502013463,0.43589884648873806,0.3734878577899368,0.46745669195180056,0.6479192626125511,0.23677686671817103,0.4879007487342796,0.6069250434044995,0.453452349273525,0.42432571064553704,0.335352606053359,0.5972600148171895,0.43777593700896517,0.4595246939672259,0.43465778043573455,0.5080545404711948,0.5143175757173474,0.24631861993822152,0.5530357698974938,0.3643574891824677,0.5207242965420238,0.3662797413504861,0.4799160524434311,0.41737982503816384,0.626068549123926,0.42286950754613783,0.5413371022434932,0.6160907373505266,0.4321596901024919,0.5042114148628978,0.5557581733298201,0.2766794365671108,0.5928080444088099,0.6596793197853927,0.35162231878413275,0.3424853822587873,0.28687367695028776,0.3603625427580332,0.4915425552005534,0.4470523629699971,0.5096838819341254,0.6092035639614566,0.46582853047854356,0.4624773455054274,0.6788199792211442,0.5334169308304367,0.7462392172376675,0.38405292129335633,0.34592524429002947,0.33030633541597354,0.5375720078193044,0.6804210472898036,1.0,0.48180525846115607,0.5318142007667751,0.3553722057108913,0.4959400074311694,0.4451700486017295,0.5532358691837514,0.7411643054438888,0.5312230140225485,0.48064285841672094,0.42305706155858513,0.5171630087305124,0.49966979333829264,0.28891738436217346,0.5536943656711484,0.4250181654121482,0.45124673971372736,0.3589214929787699,0.3104227715569577,0.6131366208439,0.5521650449179396,0.6593756235151942,0.4750653489547416,0.24818605724017406,0.4151619189155389,0.4486122898001882,0.5027490339126275,0.21807661106509335,0.526230942204854,0.6949745875590172,0.4261448217083038,0.6195953925610345,0.39953522516990525,0.46874380818435657,0.6302645179746008,0.5351421355679165,0.3553672178290679,0.5272413468756116,0.5003584992251425,0.4713928233457978,0.528249598393934,0.32742976429648535,0.4737726158147869,0.6227123102849178,0.46379889558801274,0.49199141488807224,0.49806260101068045,0.49506288510146995,0.5242409158775846,0.4816496186924691,0.5992174813473881,0.5346733276407343,0.3664384666397894,0.3944259219557451,0.5838274801639595,0.38107572309944443,0.3878947106809491,0.4744309922684314,0.3858106706163896,0.39198556069724777,0.3554801241033795,0.4329683252471933,0.35724207194112745,0.43713820839619033,0.4301498685441317,0.32009261852769033,0.5967590962791386,0.4900208285101726,0.41810499904264997,0.3133205137601816,0.48438695732090753,0.5237342522819171,0.5666745914295755,0.14192370009139033,0.4009788755417405,0.40841641432736486,0.5464843940556074,0.4352528539061071,0.40324564674251206,0.2942488237461442,0.4291661361537437,0.44993446228927364,0.37236662887502214,0.553619210259696,0.4636792324496428,0.7037575375270864,0.4556168887018609,0.25287154378312676,0.6369055951230465,0.42956834956431295,0.3995706678746521,0.3085364387352333,0.6732523233520813
272,0.443188511356488,0.48147073473557167,0.28633208095594165,0.46761552693599007,0.5043028998068444,0.5744845655538102,0.43223759106898785,0.37259238536940176,0.43362993099542496,0.4775526684972081,0.3851551954253159,0.4051979281575784,0.39285701553046626,0.45800490427892104,0.3842152305479371,0.39494607317873676,0.5104439077733334,0.3264998195076506,0.2684860017850874,0.28576159131489154,0.39612071525421905,0.36623655230664,0.39997018551419794,0.7281593598082683,0.5106452110888724,0.3631608941832286,0.34106803421100224,0.3145307188642276,0.44044505821701996,0.6407107969787276,0.4630623728879312,0.6701488320732851,0.3577591775125541,0.565421478548662,0.3407487077883998,0.3970611041060656,0.38848111228900606,0.30075960935883733,0.601879597713122,0.32920249488718883,0.619328762649705,0.4306236785204716,0.3716505221530946,0.39184134891174055,0.3821241428927291,0.4291488186371245,0.4476160489377815,0.26779301272181655,0.45808697233430096,0.39094203623137036,0.3910787390432666,0.4124850564301301,0.385590155816048,0.5764546723650643,0.36644507013739513,0.3282704960403285,0.41070311507613566,0.4695581940186772,0.4923048331158031,0.60874152202694,0.4034370048556399,0.44087394934265695,0.2913012380447943,0.30602392332328116,0.35805382717460854,0.3890879122142019,0.42794724080170665,0.5300023181687028,0.5268647439962978,0.378062795373843,0.48404372761978753,0.3864807671162337,0.39506680143804823,0.48180525846115607,1.0,0.2929670348784607,0.6439226961029543,0.4278895957840552,0.43726022822892885,0.3012136655481183,0.4516699523626151,0.5083152248549807,0.5968760368196538,0.4377818130354759,0.40928919861583046,0.5658402880448048,0.3939632678159053,0.5337532910251686,0.23772700097315158,0.42421526742360827,0.3124594917902672,0.3670988448113204,0.4088288236481029,0.28101239781729964,0.3832771618805416,0.48132520979441634,0.4251474874768146,0.3838802607287387,0.3297762299051871,0.3250327804646287,0.3908383303364812,0.4316935447250576,0.39479253132512854,0.3035258850753178,0.4092558963404652,0.33518152945301727,0.38172682566001387,0.4129468802298653,0.5842158571075629,0.4380987521413588,0.4814049956166949,0.5623747847577091,0.5985829555418776,0.5143652123876254,0.6398189061387518,0.5146494628223608,0.35523415869455527,0.417357412605635,0.3931638370983079,0.24426423738588893,0.4524030674941981,0.4205394544890002,0.5075933847329754,0.3873426367177017,0.6011560761990901,0.4821684254046522,0.3984017942397557,0.401017525465991,0.38857568431105993,0.5048952277084614,0.640284443384913,0.6528288758769494,0.3995972031837268,0.6369380409080221,0.3999152403863173,0.45895742263423434,0.4615584709092079,0.4335518033138607,0.6776121044041958,0.5168764825680703,0.22852848654112862,0.30954609846653997,0.43596167122700946,0.5367922584288509,0.47398728332616236,0.34832715529465696,0.3524247297106281,0.5419651475160774,0.571052193334041,0.4715816563061158,0.4018995408003098,0.35156378039813363,0.39031105120370846,0.4322909070253286,0.40645270605902917,0.30218507186616433,0.3263409741745896,0.4114238501467321,0.4399714208689438,0.597918158708349,0.44758035153965414,0.4413596169899868,0.44707304191298214,0.5539593768170727,0.5520216602815473,0.4518863700295582
280,0.37451197896885957,0.3736826943744739,0.6152538807295066,0.49892061486511236,0.4466415437914786,0.4928086595137178,0.5664217767296399,0.75172055184701,0.5297849167184365,0.5649056574259024,0.24955820927148908,0.4266167547166411,0.6022207994259476,0.4605469392337421,0.4610071773261651,0.3971807624072141,0.18409940419285742,0.8501597263412493,0.8141340595611539,0.5211311216829614,0.5673983251382722,0.6778307052328831,0.38988793843750524,0.15134492473483566,0.48976066748239966,0.642428932134787,0.6176890439614766,0.4751338132890071,0.39838337019708525,0.48118994845990126,0.20296398617185232,0.25559323494292446,0.6776333026702254,0.135846181602084,0.5201209408598126,0.5458983539769013,0.5818862827322264,0.5809081836756254,0.3650872201777388,0.8615564150700815,0.16620274426113796,0.5652567086803831,0.5247511721302743,0.43395342044307855,0.5296878272201189,0.48752959780912897,0.42566942250397954,0.6013858465469921,0.6411411038460366,0.5487379562486001,0.6147691952495267,0.6269979785955038,0.2730128111712078,0.45676460248682593,0.774799004487297,0.43521222566824513,0.6307204791285813,0.20314423548378338,0.31559311157930015,0.510053909286604,0.7642123383759343,0.4030522954937228,0.7413028955043566,0.4493253529111438,0.6055830475033273,0.7725376465527751,0.5737972240738817,0.5971752529956527,0.31396845867723566,0.4592399263867116,0.45841738958149236,0.4418806552933843,0.7282168269214941,0.5318142007667751,0.2929670348784607,1.0,0.31348268706270044,0.5383846599148838,0.6711070321069588,0.8022948117991109,0.7750832086140154,0.3860364836603803,0.15596056990245255,0.49318331249395897,0.4187836971770357,0.3670414610993912,0.43716688856553276,0.289020064893192,0.7666041119025797,0.44906144889897637,0.39287889067125403,0.6632657299032614,0.5353014807380276,0.576207275648821,0.7217338209104476,0.48942340245942995,0.4838804474766636,0.46974676618156963,0.5823329159619577,0.5979046573075246,0.22393886911452315,0.6376277715645082,0.5726657978857027,0.6943877868105619,0.3899373846860422,0.5612948652169581,0.3893383274883915,0.672184474902199,0.30152369443478433,0.34226326032636345,0.5745771789860817,0.48756165505684806,0.21088596474058482,0.24590012376184303,0.3571036494537972,0.5359878071683881,0.6263787404557165,0.44211730103805,0.390546441092139,0.8264777396440761,0.5171494435694747,0.46651051699014645,0.3952648464116546,0.5388514806213565,0.389161681734565,0.2870372063339993,0.7417483547277539,0.6000774710350492,0.4871816060313004,0.09593691879177467,0.5658914618516301,0.33254844623965923,0.5092700022280967,0.21763272092195637,0.2958074132008643,0.16497228758873214,0.20612880217233426,0.6642785286925545,0.1137816461554302,0.38472714456291035,0.46506257502855014,0.3429436096508732,0.2171107971879831,0.16304497773317822,0.6537655688256753,0.60865466981894,0.3505866564983096,0.27846590850959446,0.349701800771979,0.28189512509943854,0.5236838292139269,0.4533913866542345,0.6395960401195788,0.28796158957911144,0.5870668981605721,0.5668553292964118,0.6359618283578565,0.6687950571068412,0.5808897525703057,0.12923496912965438,0.1706005683966327,0.5735004110040076,0.5450947546257758,0.1576816683532673,0.22024284835038943,0.3473943602832552
284,0.34306705623024436,0.5007578415292425,0.3240664216965534,0.379849773966603,0.47629693585298566,0.5021151694949744,0.2534333262751847,0.15803883033319766,0.24685076878616088,0.35306299176070205,0.5268264986201169,0.41582774140152856,0.35322211747209475,0.4178043055706063,0.5006745322059027,0.33772862094721134,0.5285434064840016,0.21986506457615884,0.20908666837033618,0.3255629141129145,0.31129952017689305,0.27249373780692177,0.3153970237830141,0.7857138570506106,0.5153699343141214,0.3432128122637617,0.4040068778581538,0.36733440103243725,0.34199804577464066,0.6364748400285837,0.5352636235241723,0.8381076794154075,0.39156111863499254,0.6012890159474654,0.4560203833899922,0.22024455425712164,0.3417669653327192,0.32898519381178154,0.6844283534229467,0.20929276849085873,0.6933783353310948,0.3270819718318002,0.4556588182254837,0.4544468915188447,0.33252270230720127,0.39733708444364524,0.497141475520691,0.2976611625527993,0.4564466714516484,0.2306182448446793,0.4766057198777554,0.2761096865670388,0.5025027063123453,0.6576737807987916,0.3643696751244615,0.3477212518860456,0.32728570385379396,0.6135876869212309,0.5149865038879221,0.46426294527132395,0.2983737665269369,0.5979816065515489,0.39063461264439553,0.3738238721604913,0.2958242342769038,0.1971416463512559,0.3657448750206602,0.3098405343470375,0.5771172488109416,0.4635346583519313,0.610673781115571,0.3850688426317786,0.2649098865165741,0.3553722057108913,0.6439226961029543,0.31348268706270044,1.0,0.3217887200907715,0.4096394843795367,0.2976464762942102,0.2510559127913861,0.4266394902703602,0.6119051610613842,0.5361758767268886,0.4474282144712645,0.6921945618427465,0.41511182514832295,0.3638591768540914,0.2240204418185678,0.5189848604234464,0.4465005942031187,0.4012123529601641,0.2206344879543242,0.3660669559494215,0.26630062647944347,0.5670193554883575,0.5635537254766798,0.41578768954182765,0.28635979327868044,0.3024485585098056,0.5542930833418489,0.26057205368930286,0.22550951281010517,0.2900392701859275,0.41927222684639165,0.3572958833248886,0.6186135518926745,0.23601476977608865,0.5276635586992282,0.6163109392872878,0.4492991670033495,0.5958087390751039,0.6222503835923328,0.5453213160955594,0.7855706344727734,0.39394425332463223,0.40821123787925545,0.5036130818220506,0.43366782493326983,0.26594199273492397,0.5074580915502425,0.5498463017597396,0.4487529016775217,0.32261711394791487,0.48269393250286396,0.7306185243991896,0.30302593828844826,0.36285925888110965,0.5086652373220574,0.5780877971790657,0.5032618228872864,0.6221413779260712,0.26981136546496326,0.5848329561900055,0.4558953610827886,0.5994801693956614,0.5252285528017605,0.3232092033582683,0.7513860004546551,0.32787929652489545,0.31034503067583397,0.5090738595730193,0.63227713129399,0.5508521981886854,0.2187827293907842,0.24588150168423017,0.4438528741287362,0.6735909368999742,0.6530515350093952,0.4432173378989942,0.233678140253925,0.2042760016480007,0.26780383789080986,0.5345546140465783,0.4508472700628091,0.4053343042405267,0.378677148863401,0.49949836599785336,0.2530736149377971,0.625705298520547,0.6486335552980904,0.21765448276855703,0.4629080141820816,0.5184476243890666,0.6707570358513593,0.4437918336871701
286,0.425963611718012,0.6292714043990795,0.5132729508600419,0.8260594994472765,0.4773826532928212,0.4527858532401998,0.4901969247964184,0.5848112290735774,0.5129772690151826,0.5437816011661029,0.33108914475964335,0.3430484291954339,0.5461306926670846,0.39606295315719864,0.38808420986712955,0.3876155212568616,0.30491730991285526,0.5995083647568837,0.5130065738047479,0.45402045869878693,0.5345311065636018,0.5125840924656601,0.5155351279914253,0.24251986901248518,0.36576300508739845,0.46247158361970875,0.4400738423560234,0.37546711383776576,0.4290976673792438,0.47555653900933953,0.2923181778017975,0.27274387631742136,0.4747589749765303,0.2607451837465406,0.2576250972003187,0.5863993261826249,0.5628045899817705,0.4320103488548699,0.3577023314987715,0.5283746514355318,0.2395470189651998,0.5929351221134609,0.5416997132829795,0.2908614902082353,0.5212235559596072,0.562687464075976,0.7266924427629535,0.5582244270747045,0.4159513588449318,0.642843650362046,0.31754085061413745,0.5159604456172777,0.3297693839472901,0.3980305432005807,0.4515983197661466,0.5324289473502122,0.6229842942834045,0.3272672752021968,0.49653784022841435,0.5121439140832166,0.6079662204778635,0.23890534210049727,0.44304044335492326,0.42931213793917894,0.5857207535442281,0.6269250968993864,0.605471485108807,0.47212236408149,0.40588343019314777,0.4822775370600679,0.3974303391745664,0.41324875514628395,0.4794273455969877,0.4959400074311694,0.4278895957840552,0.5383846599148838,0.3217887200907715,1.0,0.5381087836403289,0.5357965619406168,0.6045629113442099,0.47043450676765164,0.28602996048385176,0.48097746564487864,0.47512146068719957,0.3511476677134364,0.39515773484343225,0.37991907819681836,0.49403462328334935,0.3936976105672312,0.30208490606554583,0.50871991336022,0.6188221893293063,0.41178569302039225,0.5812267467387875,0.48202022660151767,0.39896810052333187,0.5475095078768554,0.48275254863577854,0.5166305250160849,0.3155632693740697,0.6558640647071408,0.5059208228185738,0.5051920569317098,0.4489462268833228,0.5839000239385175,0.23774523050315902,0.6232190014994078,0.4447997386985079,0.3396195896943597,0.530244177832574,0.5279190414933932,0.3217493045627845,0.385784344499399,0.3978796681023349,0.5707165413487325,0.47521088523046806,0.21073842269516332,0.3444126304161328,0.5640831359537667,0.484185134990587,0.4755376999646511,0.5215077288631687,0.5639577338953187,0.4286620036259923,0.29882028902909075,0.6128577457895062,0.49456714672711033,0.42142411224219833,0.3505915430618212,0.5240177710597572,0.37836007933970806,0.5907367742353098,0.32409550264203874,0.318837719721812,0.3361092965083158,0.4532552038940534,0.6235350005015817,0.2678053544410073,0.432892073501189,0.4908572357125591,0.32683154527410574,0.2777765701957085,0.25869638796661787,0.6518864491352685,0.546360027719389,0.31323822098597937,0.3071676423278828,0.3718028114986841,0.33149334828394417,0.45625622783213193,0.553494177198378,0.5335401405267017,0.3687320111277127,0.5313808308545326,0.4162458585950134,0.46610879538747707,0.4136813588068471,0.493902939051822,0.26695377102064693,0.28279048564055176,0.5926252246374367,0.4774759731068723,0.35001555960027614,0.2662034379280435,0.3469156028946428
288,0.36380632482081426,0.505125168525751,0.5166192891218215,0.4941070488134635,0.41559622018724734,0.43833374129310493,0.46092276493965195,0.5645681458575884,0.45752796668700924,0.5415283463860806,0.3247819953967169,0.318447518211717,0.6401766762833234,0.34914332220691396,0.4992094742036213,0.326984752742285,0.21892318267668182,0.6930727077588821,0.6704430565352029,0.5523770676133108,0.5385469604700353,0.4883957917935391,0.4051694476109221,0.2495301876444645,0.6340245776130529,0.46612934076935086,0.7289184347236602,0.3469949521006267,0.4677087520157944,0.6238214130836615,0.2743521785332464,0.3698998305154808,0.47715660742692634,0.31228159873101646,0.3524727663230579,0.558981566680536,0.5911832500227563,0.4267731291100696,0.38756993875573076,0.7105869573997224,0.2492277981918562,0.5688507903188709,0.4825173787780219,0.36089426179295664,0.47690260655451444,0.3085055825320287,0.448134494002277,0.4800809015787435,0.48227495457852176,0.5889419511815353,0.45717093106952056,0.5260629368181852,0.3740868475139435,0.41656521367991417,0.5202666156654774,0.42396665037642817,0.7335687275966842,0.36363686640089177,0.3768647162036753,0.6387020127358787,0.8184812204076992,0.27565242691266906,0.4522959070636482,0.31538886988949844,0.4578291246472571,0.632512782562176,0.5075487312859528,0.42284511406389014,0.40856645459675134,0.44567306513843563,0.6749984979823578,0.3150476777933009,0.5439534084751916,0.4451700486017295,0.43726022822892885,0.6711070321069588,0.4096394843795367,0.5381087836403289,1.0,0.7110308693926376,0.6908169539129616,0.5324079404027079,0.3114859771481647,0.6565485842317065,0.5085706656186543,0.35207412516511316,0.50191359618361,0.44079633253233974,0.6649056350347984,0.6276880918449895,0.29395793834860817,0.7136331913186205,0.43354254294567574,0.4578236093084497,0.5865798411491897,0.3995633307429925,0.6550332882871742,0.5773056110670578,0.44297313836502183,0.4720936236123171,0.3037864758844727,0.6111841017892011,0.3712058171236863,0.5526417316032737,0.30469028884036065,0.5637090936209144,0.30324583485695705,0.5635216946464281,0.4134850540633479,0.3086510660632283,0.6504095746019447,0.5008420143591674,0.37509568502447654,0.3243520219466368,0.5545116980627389,0.6512832090761267,0.4977295238750604,0.3458231969762132,0.38495213750804924,0.6579551946394226,0.5997800197694116,0.5940271816372251,0.4674856797237563,0.44287129967998823,0.3447009674513244,0.44998469810403124,0.8322602680195917,0.4643526957255797,0.3962450896707935,0.23629834718355433,0.6032138031179101,0.36991661161272343,0.5204941386318519,0.27330587369390946,0.27943839620599675,0.2295588856121797,0.3357235489271479,0.6352566073350006,0.23768401525432734,0.3788702715801041,0.3111269502170389,0.3261032193778427,0.3389878965529276,0.30918522977376667,0.7176691280844386,0.44798733158047244,0.43971850550484615,0.31526691358711467,0.3340254681080108,0.3067215481355825,0.5697498857093509,0.5036478042591777,0.7312713572953187,0.24944473852984614,0.6425901484903034,0.5195434549109321,0.46369185196216933,0.6495422442528,0.40643964129482846,0.2887264896210141,0.31265761592739166,0.4030964910307067,0.6770666950201589,0.31477007752078456,0.30811506313061454,0.2507293301241613
291,0.36902205266702626,0.3921668448939147,0.5786040005921465,0.475017845141045,0.3729539021660212,0.5210208005750963,0.5658928984998611,0.7139826666663531,0.5053410604025711,0.5631654653020771,0.2923067308857732,0.3992822687575044,0.5777351691158056,0.4052952509161354,0.39448285248726,0.38586702349932145,0.1181601031192781,0.8368762630173654,0.7817168954473667,0.45020999101348025,0.4959577255066947,0.6885581354451049,0.4358233250355587,0.1520739612926913,0.41490456189672975,0.6545627075506846,0.5988212333604739,0.46606853067923865,0.33182058748238247,0.474078297316868,0.22801957839883671,0.2280584664781427,0.669539949277828,0.15019692154689362,0.4895690743352527,0.5538369942350205,0.5434252184760419,0.6102886054584281,0.33539160011389363,0.7866033334136,0.14854055168385916,0.5467564585006224,0.3772803510058773,0.40252580380005776,0.5153174167889066,0.45602989632271834,0.45730498605963826,0.6741516651918816,0.6414903341008567,0.5888894553282324,0.5722763210436799,0.5490753860977997,0.3168675453758915,0.4737970705000146,0.6602001390937997,0.49511615606624837,0.6164478365928695,0.23541738743101495,0.41610770772976036,0.49434062476803575,0.745227201270515,0.40373645509963063,0.7132656924057201,0.4641184040520714,0.6079478998808789,0.7593845787664695,0.5274763684384671,0.5772495766798079,0.31873309194660226,0.3955844886540389,0.47925116445658555,0.43376284307822155,0.6965944016362864,0.5532358691837514,0.3012136655481183,0.8022948117991109,0.2976464762942102,0.5357965619406168,0.7110308693926376,1.0,0.7278056087772041,0.4355692718755376,0.1990651423523506,0.49334186698232685,0.43112715155193293,0.45744878811190104,0.466219486064275,0.2721419071024984,0.8281922034399998,0.390772662410993,0.3710313956466821,0.5758041078640179,0.5598797612744705,0.6868888518560916,0.7421921565607771,0.5544180944198699,0.5352437433675605,0.5153165335744754,0.610070210263266,0.5649064841125969,0.2422265545043282,0.6291282527862494,0.577437617369027,0.772068895623388,0.45485306698454664,0.6013645789208798,0.4561614312149747,0.6599750877167113,0.3526141634823089,0.34529557658220295,0.5750202855807233,0.49362685685637203,0.20780860333504958,0.29233190772704803,0.45022068411742866,0.5522040141884079,0.6369745501428293,0.46062714196571714,0.5169994321485619,0.8273101510309775,0.5306352951098628,0.4778224243750562,0.41846153534737424,0.510285446142539,0.3031941871749293,0.3493440353575435,0.7296580160756079,0.5412601043390965,0.543139724731746,0.12951693711433915,0.5018971957578627,0.274923686407576,0.4738875159165472,0.2135814087151436,0.31004962578893236,0.17074397572468056,0.3207826577623544,0.6249356772149687,0.10999023939805898,0.3732668379813815,0.5534293360784259,0.40674433612835675,0.266135566888138,0.1746581201839477,0.6366237882800647,0.5682480719860403,0.385538799201247,0.3044083317529289,0.4541488235352944,0.2873862809713008,0.5093424634959788,0.4382719597330138,0.6674227735742098,0.2828581977607327,0.5438898940117262,0.5107321264452748,0.6577142384731548,0.6330198824205848,0.48289461431159364,0.13712562347880092,0.1922234213358402,0.5697594808862935,0.5135323550890081,0.14129610083666716,0.2253349517806074,0.36153340353184266
292,0.42747794820858154,0.43902644402476276,0.4832122778183471,0.5787920800439725,0.5399041068768095,0.597137345688174,0.7133438614678094,0.8564723462598636,0.5998762176121712,0.5712573057779768,0.12012172379470755,0.42639010388241827,0.4914666032321334,0.5380259173180368,0.3040765375004568,0.4597407265432917,0.20188018774570035,0.7530373994760655,0.7285112567382295,0.3718541009042253,0.5679066685339846,0.7645833059123965,0.45804086023895496,0.18881712888685315,0.4175212445500802,0.5369920382029936,0.456537752962448,0.4842272015372346,0.5244004206049693,0.4969404734220336,0.2297168650646655,0.2035911966409417,0.5396116194736047,0.22572099279937,0.315156409995348,0.6084375357033771,0.5620627928292343,0.4737671565391941,0.2042079347311875,0.7768881001748433,0.19397757928715437,0.6419265805819321,0.37977970732056804,0.47835929669389454,0.48847722388285447,0.5831411640381601,0.3926663695785231,0.6714249639994924,0.5821508421515789,0.6624356676403989,0.46987388926066587,0.6181533383741797,0.2190754832019295,0.4606216159238949,0.6171258165647722,0.34885725459672384,0.6081895126056502,0.15154725435808242,0.39121323182477996,0.6740638836047788,0.71213531216083,0.2723055402257369,0.5752303823119115,0.35614743519347747,0.5318874604282262,0.8911178692602733,0.6028141902957384,0.7202756663021179,0.3301478321633931,0.3699487683142936,0.4354671874381354,0.4002804187141078,0.6626749459946895,0.7411643054438888,0.4516699523626151,0.7750832086140154,0.2510559127913861,0.6045629113442099,0.6908169539129616,0.7278056087772041,1.0,0.523204388860055,0.277058728114249,0.4679438609743033,0.47976824916480687,0.3229848340348078,0.2659339625652619,0.4434992195685077,0.660593250414088,0.36350014757807314,0.2930635247750828,0.5341806494710825,0.6411426109460583,0.4834793412207977,0.869902247162382,0.4302166998016876,0.4215915643269582,0.4008621760234863,0.49011936831713643,0.5656434443384453,0.07777854274018609,0.7340916872629693,0.6923994092450436,0.578751925457855,0.49986158272652004,0.5397498498567357,0.24581455598289595,0.8182951439704793,0.4802098854806305,0.21514898186807072,0.5447717818337027,0.5163641774518896,0.31817563709114155,0.3707303411748948,0.3637001759679236,0.6620476871986181,0.5786350302096328,0.3152326161731086,0.5125756530027821,0.7355107483151047,0.47027377109820834,0.4131872772759355,0.4709652382548949,0.6090532112175323,0.4297176839249767,0.1956074186571775,0.7052832230063601,0.607058524575289,0.42260588413021793,0.19541802321099666,0.5329523965953672,0.28573800496897717,0.4197006722643468,0.2607187217598016,0.3426248406085889,0.20898601217484705,0.3245156808011716,0.6651814536805795,0.1654358532400879,0.5097034231623354,0.39497417189943634,0.2810986631302483,0.19916660186542876,0.2765668474185012,0.7708561095440315,0.5510980750016777,0.20971173851692576,0.2410644088042947,0.29533092639363273,0.39602887701082273,0.5444759881517975,0.510870593548447,0.5448172316784167,0.2969043059446064,0.4732510610575369,0.4709428042817139,0.5327829129656168,0.6383607035510784,0.6873720289205869,0.2380120599895414,0.06860747695809523,0.6926509747777767,0.48619889276312617,0.26865409440101484,0.18522666820586703,0.4894886290743735
293,0.5602890587837057,0.5112118881733537,0.4403189701191895,0.47872913328766953,0.3155820023142699,0.5439779197665793,0.6336225237180059,0.44975306145488914,0.3555308442418212,0.4795852740028872,0.3861297708298312,0.36622059574805593,0.6151194705059204,0.43578473493599257,0.33886850240071964,0.3765966403356298,0.4023161833998643,0.3923718180929454,0.3644648978886278,0.35902126678774327,0.48968716892855507,0.462007424792801,0.4388616544099706,0.4409755473250765,0.44336310988276517,0.365597520354434,0.4898525707728053,0.36242138983153227,0.6737583081308556,0.5010434664191206,0.665567828857151,0.36578634954957745,0.4119304344800462,0.6451523251587786,0.36633941619502536,0.5112947140116966,0.45816442343643304,0.4644761316838478,0.4251782221645367,0.3064316382565096,0.36527362209234737,0.527205634642008,0.44176489436702876,0.3458952860109037,0.3591014848524801,0.5040362890397725,0.46204402766082747,0.5568285685623421,0.4122097270872198,0.6069110052084015,0.4315799256419796,0.5027084417145785,0.43918981506961996,0.3981982911939227,0.4238863997775401,0.5509458022369784,0.44469969229388306,0.332822466400756,0.47979407660242784,0.6030185961154155,0.4751882689103172,0.26896063576843326,0.5020384012557939,0.3472427301532312,0.4078012403036697,0.5645368221292861,0.4101928431236923,0.5902860579154159,0.35939180857059927,0.38470070924866573,0.3464938979773402,0.20115667294968803,0.4608727574194094,0.5312230140225485,0.5083152248549807,0.3860364836603803,0.4266394902703602,0.47043450676765164,0.5324079404027079,0.4355692718755376,0.523204388860055,1.0,0.6163616878199429,0.6946655573569395,0.5360711092325403,0.43336764543589523,0.5635909447473263,0.6577128167676347,0.4432463774986845,0.60541089260461,0.3664661902651518,0.40972363300274994,0.5157414490450113,0.5187749435187643,0.56081029417061,0.468965750350892,0.4588433146479727,0.6719721077387316,0.5042694835978438,0.4162341731835533,0.44885524736502247,0.5354348082661401,0.6506379317446533,0.3756917326338938,0.4440405944035157,0.45616183228063517,0.3637755778298574,0.4804831279048233,0.7832971890676446,0.36596747673793784,0.5699008030757838,0.5177513054813221,0.6976766204981115,0.6566997272558319,0.5055457799753671,0.612036944661479,0.38879252918839813,0.3829242034556388,0.46925858644163176,0.42088676309972506,0.5843859109360405,0.5938940448383462,0.5035857426883177,0.46341396034478377,0.3747465142902574,0.5306183473369079,0.525155359769834,0.3487493297092348,0.2760398671486258,0.5108802621676228,0.4376486805027259,0.2204988280956655,0.4271320199017633,0.28689835941908376,0.2661072897662451,0.4277787846319551,0.5514722956143552,0.5287623549321027,0.39058715771831165,0.3584158016849851,0.41472159314385915,0.4062744340249957,0.37620191447130147,0.5901271973158869,0.5714763883421918,0.29572085417371086,0.2830070626348663,0.2790379296921396,0.45861935533141907,0.3948134024206521,0.5202274195823029,0.37337668580863026,0.49853987813744416,0.3819583791692134,0.559231636164838,0.18720817033566192,0.43231535661372505,0.31237598477164275,0.571349587071317,0.5901056183493583,0.3335598136598774,0.5033197480549629,0.6190685148637588,0.4576598916345597,0.3355147792767895,0.5654451114298693
294,0.43734311557210426,0.45447002575991696,0.22155114431080408,0.3671045982333672,0.404424603580406,0.22796758823331448,0.30368422616052027,0.21707891847351346,0.27675569115755594,0.1796522968173789,0.5801001114473685,0.5013872272944215,0.2833840058109302,0.4893374335629963,0.4529771805074886,0.4667912557491789,0.7609701087872741,0.07538541096975135,0.09427599112410902,0.325065800228011,0.27856683912068386,0.31536457501423476,0.3636171368182457,0.8088801189141364,0.5031678267286356,0.26904466638094443,0.32644455121384724,0.5494356015126839,0.56990043681139,0.2747751451589523,0.8376379593959467,0.6406813640372293,0.24022440573878534,0.91969017413445,0.40531207637757677,0.18060468715261407,0.21444025859768676,0.24144169355268108,0.48626342450668897,0.11212640441048512,0.7447502795151191,0.23789239544632285,0.2925501981786612,0.6684102612853584,0.3005483800499107,0.4379652535126437,0.35975027237797647,0.324299191124762,0.3456081449838529,0.30305913935227036,0.41065672403675924,0.21324431968508614,0.5783580381022031,0.4076110868728887,0.2659956716580526,0.3402735659098612,0.2109998412959371,0.6774554106301003,0.6130887891689336,0.6119221260256493,0.22195373080948447,0.6415085979683584,0.2895413021576109,0.3805922334262425,0.1864745391366659,0.17336108971295006,0.28064293591380435,0.4628587994417098,0.6101635358341073,0.38748769094335783,0.6166805321832519,0.3040308029744515,0.1920153293342497,0.48064285841672094,0.5968760368196538,0.15596056990245255,0.6119051610613842,0.28602996048385176,0.3114859771481647,0.1990651423523506,0.277058728114249,0.6163616878199429,1.0,0.43782685146723826,0.3914512394785733,0.49437224647208167,0.42768210052990896,0.6731670144931259,0.16519557940653995,0.5080011838211251,0.44865823469593746,0.3122907124530956,0.22345695943542737,0.27463503334473166,0.2706195267158884,0.26610307377364506,0.5401218353354713,0.37528873813568026,0.19729229162481868,0.15552361901262157,0.6335016463614354,0.26880975671338636,0.3128384289918201,0.2814841668939071,0.5410664956437942,0.26241989278720645,0.6459732790569456,0.18659822963979145,0.8090110760279812,0.6435191520882083,0.4140629685076628,0.2987987571264956,0.9194178252211376,0.7492123010350125,0.49793581452194535,0.3433707343944379,0.23089685806512852,0.48490847998840836,0.6427665127813604,0.08077619633309072,0.39640514634238744,0.5617398456851604,0.5186240843780419,0.2657323822441973,0.4489353326440376,0.7645343437577237,0.19416352775276435,0.2071083196218897,0.446312945206278,0.8146932584846328,0.2285755315160021,0.4641284148725884,0.23452904704152056,0.6064700340311542,0.5862862853950448,0.7477486504146786,0.6966096931822904,0.22636806929457337,0.7629261542423833,0.4663961249393639,0.2661388999288155,0.49943609410255363,0.6868967073421475,0.896357030811403,0.3403407284208297,0.1398531486196744,0.5509305936476525,0.4953409090953428,0.436581373450743,0.6512914063358012,0.48036365197685327,0.34833821155397127,0.25573863829511034,0.6668978272298274,0.3495190500959378,0.28423205618422687,0.2787891149146974,0.3854691512233105,0.40651661299164277,0.9705201580637566,0.7125503463167823,0.23177293788168202,0.35528491554427205,0.7724377331725492,0.7135408723641976,0.6152058974116352
295,0.42532905159330536,0.5068515938431019,0.49591934263826803,0.4809519454716823,0.3781153031167038,0.4432546807274866,0.4886345469598427,0.3973386454510468,0.2574266398039331,0.513225311893234,0.40035825273428016,0.22198621768733648,0.7958614432721824,0.3380342611269437,0.42295452721601595,0.2902038424604153,0.27573394547732594,0.5101322922067437,0.4796336705512706,0.36242311044860687,0.446427356613813,0.3474176819151362,0.43675112857036286,0.29222872527091576,0.6525066475480195,0.4810057518320387,0.556184751631797,0.15602871612366193,0.5617816662042445,0.6329915122139094,0.45927683428551586,0.4626237192552637,0.5388404804459141,0.42134401179461234,0.4894420170757727,0.5016439136277989,0.5716269337606461,0.564994953177561,0.462347724017747,0.4582619716019395,0.2627813301379329,0.5191667342211784,0.5808482358832605,0.15844672476470611,0.40647626730378383,0.4636996041565514,0.45026259446989475,0.4372983746789513,0.6199921953403057,0.48455149550140664,0.485995538058105,0.5226389990047997,0.41523117810558463,0.4602767421767065,0.5337546900932564,0.6388632547952982,0.5241968874384886,0.41587894059910574,0.42159212128140944,0.45721305660660094,0.6522039798190509,0.36822163109750244,0.6208175873334968,0.3936290661680186,0.48119616095683204,0.44599456164408935,0.48191840851092727,0.40788371364523907,0.3650438953805284,0.3893240738457273,0.5105804578332387,0.36520272863027936,0.646693254241395,0.42305706155858513,0.4377818130354759,0.49318331249395897,0.5361758767268886,0.48097746564487864,0.6565485842317065,0.49334186698232685,0.4679438609743033,0.6946655573569395,0.43782685146723826,1.0,0.5398078336134005,0.44523313633631617,0.6958078612781824,0.4930860450107155,0.528932839587365,0.7408483115411468,0.4440014318866262,0.5610627138200793,0.5087167159844431,0.6676974476927806,0.46755492646835484,0.4849591008599502,0.49969044531173323,0.785413382669867,0.5337224847828983,0.5742080350978014,0.4650671154583301,0.5119958771034654,0.551443530497927,0.4511896916955398,0.3843669005430935,0.5413747781154905,0.4361690828999174,0.4569834825078258,0.5721588299898649,0.42433033480758114,0.7676911106056232,0.6033558786989885,0.48084509163023553,0.5623149338388359,0.5750488209279949,0.5270866725897172,0.6514625321716891,0.48685251052278117,0.2503512188776057,0.5511070794257431,0.7476228561415528,0.7345563630371429,0.48977656791632385,0.4630100607165501,0.30855884725315885,0.6441524092904916,0.6713529861646306,0.49314079332926664,0.3353955505191282,0.36712415787030783,0.6092869100485809,0.3291790819680818,0.6092360728552952,0.2350451565583223,0.1577031209900749,0.3126668595689075,0.4460260887577715,0.5981813283183828,0.28055419497491463,0.31718848007564693,0.49844541956298516,0.46056585865594274,0.4118246731154281,0.40054271232105965,0.5086685332251514,0.4799902311544557,0.29424933300221945,0.3638513872009815,0.4550888128608408,0.25044263734662087,0.3742488280639662,0.294481653301951,0.5915402735226427,0.27264097892791006,0.7687364677545648,0.3730420971902182,0.6289631779841092,0.49090802385418564,0.4823936271217279,0.41550401300435524,0.4099577667794771,0.4390077240684695,0.8054286034939886,0.28856467645102074,0.3131835155473513,0.36269292673288883
300,0.40676994062653915,0.5405687872390099,0.4627221548417409,0.42159776574702823,0.4871984888661023,0.48756848264391306,0.5555993930793526,0.5279060100979505,0.42126078121258004,0.43842577705818964,0.3539183675179338,0.34199214880789297,0.49041156363391797,0.3610357441609048,0.37077945264758205,0.4395494908370895,0.41269614071254157,0.4312267551341247,0.4489638596204295,0.4206990878334723,0.5096447490445003,0.44473021902167587,0.6813154072209008,0.3975289101766697,0.4603090436569609,0.4322926119787695,0.5050356210482438,0.35812749469831895,0.5530019329037379,0.4978551579269066,0.45501763588685706,0.43247418080696776,0.4691956045573512,0.42444546538007266,0.4323991992228749,0.46051022159141763,0.4839909692651668,0.5047015585713139,0.41991187306249883,0.4232030421619355,0.3834501526510383,0.47266715253534447,0.4656767184021181,0.37240703021065513,0.4193578632336308,0.5220997630012364,0.45265727586773374,0.5112856004248189,0.416108391896743,0.5150657762137949,0.4155390613657295,0.5438472386335629,0.4682892777880463,0.45727998030279726,0.432536496091818,0.42909515084790617,0.42912263132365,0.36964557178510676,0.3467860282140205,0.4347813750284637,0.48083926976904984,0.33468159751425286,0.427253530441991,0.3500357635186745,0.4531375961227702,0.5268164994681153,0.5173960155034915,0.3874078907686933,0.3855543132934329,0.448484301951558,0.4338344188304152,0.3816535278512697,0.48212546062274314,0.5171630087305124,0.40928919861583046,0.4187836971770357,0.4474282144712645,0.47512146068719957,0.5085706656186543,0.43112715155193293,0.47976824916480687,0.5360711092325403,0.3914512394785733,0.5398078336134005,1.0,0.4086263618652647,0.44726803942869825,0.49365380698732264,0.48947736775396433,0.44806325634151456,0.42916893375569665,0.47519435048453346,0.49346176704506317,0.5093207951395258,0.49003775710753594,0.4046803951406861,0.3781466168683889,0.49529453813471386,0.429190363909309,0.48582529495136895,0.4188049694753793,0.4683034541862917,0.5253086140796276,0.38702524993627385,0.4201334894667173,0.4671888031947896,0.3639518456462178,0.47094828600224864,0.44941510926567485,0.357055463944713,0.4112320507474533,0.5146083859512595,0.4312322291440003,0.4326217999970564,0.4887703227027384,0.49854180186237673,0.4472441666193258,0.3380770487259685,0.3549184545445446,0.47081311698821937,0.505578762945876,0.4725739244891637,0.4740977043221246,0.48906304005722295,0.4343001469330027,0.4247595664707054,0.4546059749103244,0.46629148787325314,0.3903580120847387,0.39641668914642003,0.4882033181986276,0.39098849678731784,0.5185643679559573,0.34618868928061186,0.3515573235574229,0.3962528564040095,0.45973502570690805,0.4753392840518594,0.3798380177295708,0.44854802968287166,0.4434567126218391,0.4395549610042811,0.41359169188871736,0.4510620219813054,0.48307931845126384,0.48859702006358974,0.35805691731280864,0.4351147822863254,0.39567911713971615,0.3992619337275426,0.47995057943509334,0.4378025745791905,0.4543669575125358,0.40095237577685494,0.4979447930154058,0.45358443676114124,0.44814010616163336,0.43477580598039167,0.5356113190017504,0.40419286944619437,0.3534892842129672,0.480078678213222,0.5680513424543272,0.4249289528346917,0.3478594194641914,0.4428834172500402
302,0.36310024316998274,0.43843006868956097,0.3418298068085902,0.28419528236138375,0.3601664397265677,0.5909148799690789,0.37729307689934544,0.2826780160179436,0.27280863133767363,0.36509125457398883,0.4798717191328248,0.41409824227053926,0.31827158398474387,0.4101327731800305,0.40959746557707094,0.3818161010842329,0.34202267504286615,0.361388141928173,0.37637293933748295,0.2794478952883582,0.22406891545106478,0.3836887726670468,0.35122341962683773,0.6875982451674907,0.3475818653352166,0.5050982093241607,0.32924216020890174,0.46831307256917226,0.3455165621428187,0.5797185693066131,0.47608389648382543,0.6713176620985947,0.46232570562861985,0.5095288882741696,0.5550393634833299,0.30996566663021413,0.2789373531029824,0.49145787090437687,0.6689437678528587,0.3070210681357149,0.5864186454298228,0.35258421611647905,0.3209544287166006,0.4757151158306923,0.29587566110391333,0.38965327050489457,0.5420755088116551,0.4601837256824409,0.4919235178984444,0.30310409051797715,0.5177364238480491,0.3290116917075868,0.5369456643493602,0.7626825460696751,0.39328487276985713,0.44857961427935106,0.24982133292698655,0.4933212221829234,0.481635533920531,0.37981728774023116,0.2729703169411823,0.6566985522324668,0.5162398234935215,0.49646212730601325,0.424130225662127,0.32916586467779085,0.34863009838077813,0.4041091233785013,0.4320435902575833,0.35509925978719953,0.43274261208422987,0.40155990830342225,0.43411018175763805,0.49966979333829264,0.5658402880448048,0.3670414610993912,0.6921945618427465,0.3511476677134364,0.35207412516511316,0.45744878811190104,0.3229848340348078,0.43336764543589523,0.49437224647208167,0.44523313633631617,0.4086263618652647,1.0,0.4060644199401998,0.3911978574624906,0.4714982784995576,0.47375367672286517,0.43464249094013635,0.2909107277817116,0.3491059476465345,0.553920062797621,0.38185338560766935,0.6887699979814539,0.4622185381358234,0.47387927631277843,0.45755926657864987,0.3895105112731657,0.5334246440172155,0.23937530616939348,0.39186549104754953,0.5043334964073307,0.5019663089820869,0.4110707025500726,0.6819083546637497,0.3408732715651194,0.4612700884470291,0.5018070085354491,0.3914598871149943,0.5707606298849948,0.49845735013672987,0.42194009550504563,0.6535914290157748,0.358284124873415,0.4707251561868753,0.6136646096730882,0.5664447892947191,0.44971427243591067,0.4157598342102835,0.5167326554484132,0.3892862183425391,0.31151488046829756,0.5304404719407301,0.5927677095483042,0.30108084423876935,0.4061304601223652,0.5446337649125057,0.4922285281934022,0.4637115051906507,0.47551283694101243,0.24745652487801548,0.4491250168314306,0.448166817761016,0.49971880108255673,0.47917727557362616,0.33004151083053546,0.6282754587854736,0.2745907025401102,0.5737178586201128,0.6285022330874537,0.5751708116984305,0.43956650063062774,0.1822268095732023,0.3584925060693084,0.42777141614641306,0.7007231588807759,0.7617583977809285,0.44888447595808934,0.22339100801750214,0.2097275027462864,0.3367008776745168,0.5040133891595966,0.3525858723408273,0.3273098054567319,0.4830751665657456,0.4561738795005835,0.3241274076733426,0.4902485926895176,0.5202827442061426,0.3023020661731124,0.32692480179132355,0.35570748510789907,0.5987012716237698,0.5267788963216742
307,0.5911551477487204,0.3723610269434733,0.5900967078591509,0.421485761199619,0.33416100466383625,0.464370036445207,0.4905152372380422,0.3414276053392459,0.24818101253507538,0.5043754644444367,0.584014498219223,0.31403769298929063,0.7694540476922154,0.330610904231655,0.4551555054174647,0.41758757132985413,0.39112005293813523,0.47865704320593083,0.5156592686054303,0.5045256158422647,0.495197879034433,0.31839906567556164,0.4493825837532374,0.37377916164308533,0.629458498800896,0.5152502753406334,0.6334410791096241,0.3576672263530025,0.5684155763937417,0.5287441207872075,0.6053499414182714,0.41863815178282676,0.5563904489077722,0.5101528620847473,0.5950629417439628,0.5355530377812299,0.5420965864793851,0.6664458523232795,0.6203572034843281,0.44997202586631735,0.32693268363513767,0.46102953032854505,0.5445221680407382,0.2717246688013891,0.4388180472962475,0.31882093408487283,0.43211169842646907,0.4057086126580922,0.4424127332839264,0.40252557917920795,0.535215327683686,0.4213257393162927,0.4785423022859143,0.387532869321328,0.5085973297839359,0.6597873717782292,0.451917400798885,0.4482986019982774,0.38292885626978995,0.3485680795631923,0.560393432435849,0.4332539432199084,0.5829322662813499,0.4563586228971124,0.47130715569230724,0.38255563480931176,0.37712124243322986,0.3587026821992511,0.3461434891435421,0.4264604747864342,0.4346047688275167,0.3697938689719768,0.5323727850088145,0.28891738436217346,0.3939632678159053,0.43716688856553276,0.41511182514832295,0.39515773484343225,0.50191359618361,0.466219486064275,0.2659339625652619,0.5635909447473263,0.42768210052990896,0.6958078612781824,0.44726803942869825,0.4060644199401998,1.0,0.6592225632091236,0.5854018086157753,0.7016972498640266,0.46363024558882693,0.5904837643150791,0.45910352942185256,0.6509732701391213,0.34143190688465264,0.45448262612751866,0.5290483770595161,0.7922829402358298,0.5894724345655207,0.5085961056410305,0.5525426876748456,0.4140019853046421,0.5029346594307061,0.4901490242612364,0.3058960191249947,0.5251345407343455,0.502724178412631,0.35111051278777405,0.4512575708307354,0.44680313573994257,0.6470637117348684,0.4234763518644683,0.43732263235846214,0.5055097386657088,0.4743127396783089,0.36798839671229916,0.5843021532631414,0.5935698096925361,0.3094998564027227,0.5280814693556704,0.6478586833711959,0.6003010514851415,0.4354942745082362,0.41853735822328275,0.3282038106990798,0.5903244193574582,0.5674003010697974,0.37461147651517845,0.3149813875174717,0.38033463518704835,0.5379892868110017,0.4013948514351475,0.601693196163544,0.30930760496923815,0.22409346675411673,0.3022447425833181,0.39129379589960367,0.4862299408950971,0.3095055573545018,0.28535332582262385,0.512825276906324,0.43124085575406085,0.4371345712020597,0.4915155426210076,0.465748557886537,0.47200406302783743,0.4654822285878087,0.3154192085594839,0.5242833319600985,0.23437481805462634,0.5522999987477698,0.4449665883170896,0.7461668922927037,0.27979409713779907,0.7469571525547076,0.3573985656479871,0.5893510722001583,0.33928876576960226,0.44053826095704585,0.4532540200179255,0.45908698943452053,0.38238127192046867,0.6802651122738137,0.3187431853064692,0.3420523806460676,0.3986195141803923
308,0.6224386435270977,0.40800773814998237,0.38073940565094105,0.42939715734844236,0.4214528438366518,0.4738704351923674,0.5352944765915794,0.43437343986965843,0.3589257068640805,0.4493543434369851,0.4759132824478373,0.44679119875327156,0.5296655106377555,0.4137670588957538,0.3157107341368983,0.5393918848175445,0.5444071477338992,0.2883067099505068,0.38237229319350446,0.4044497516983066,0.48487370387331585,0.43151525332088386,0.4466534957636147,0.5593345910276171,0.5813720217214624,0.3961887478036506,0.40959153501121526,0.46777231884631526,0.7548935906979304,0.44880914289705554,0.6659450582733495,0.38840396652216247,0.3528192840432937,0.6862268333899131,0.38686703644672793,0.4919445906674889,0.45586617869095203,0.3914991449590238,0.45935720791623846,0.3284654989627493,0.5093972949547384,0.43943367162810243,0.37510852418716567,0.4710135782056839,0.38622654556454794,0.37385857466665573,0.3523050034433594,0.45412973093749626,0.3208464885242394,0.4414466165994999,0.36299702530368994,0.40348540650839304,0.4404488875848621,0.3904129001813562,0.34593611963996895,0.4379296675694499,0.3873718646538647,0.44244409150628533,0.43705557649311777,0.5153767934092498,0.4075998681880809,0.3522185370994302,0.3805086603569444,0.38879263193757796,0.3029733469792589,0.45515405488477506,0.37817102332932606,0.5352386115040513,0.4135142064841147,0.3693963042309161,0.4168440910816795,0.27333527358637866,0.4015523765516739,0.5536943656711484,0.5337532910251686,0.289020064893192,0.3638591768540914,0.37991907819681836,0.44079633253233974,0.2721419071024984,0.4434992195685077,0.6577128167676347,0.6731670144931259,0.4930860450107155,0.49365380698732264,0.3911978574624906,0.6592225632091236,1.0,0.34562662138406186,0.5757557750325373,0.34867002802521013,0.45507907399210434,0.4462571004800763,0.4374469129921103,0.42153435565802505,0.3176345674875364,0.4103648203100396,0.5661742163233825,0.4164820930537884,0.395705829889785,0.4024595877906298,0.4114536180772226,0.5500493349389995,0.3123747273595766,0.4482095547173899,0.46089812102315575,0.38165969201597677,0.4194264654317501,0.6243638775886808,0.3834854913196297,0.5186547107859145,0.35416836406983104,0.6953429926786888,0.6277122322318225,0.3542911078439185,0.4328377046022054,0.4123777171993627,0.4520897228494559,0.5175865807671969,0.32284719056468314,0.4513077223052655,0.4904734601318389,0.5450451379828489,0.44948041105203695,0.5025679151892832,0.49531281895940765,0.4148831732625289,0.27352280662443995,0.2749745734320963,0.5658507048662884,0.43542120400629264,0.43220599330630033,0.4164249555256387,0.4493537204300087,0.3772054729778241,0.4651489093911912,0.5612497300011972,0.3720106070573901,0.4963095011200657,0.45788555926429886,0.3770986034050545,0.3409504206289561,0.4327306075365338,0.7521181668581061,0.5596376310406914,0.3188837312238494,0.41145917680139144,0.34145792544063935,0.4106402382094415,0.474333056498504,0.6130361761552215,0.5340196963900135,0.579842181470247,0.38949835815222467,0.5193800846699539,0.2900203482343652,0.38331974989621387,0.2995196395680919,0.5869093996491364,0.6928854906499212,0.4192353808037861,0.4181498422552001,0.4829868932903348,0.5598723048863524,0.4122252847347183,0.5394837325222874
311,0.4303376272318511,0.3976394556987617,0.6497978260779167,0.41442636675841754,0.3774867682362947,0.5267254357965853,0.6092701627914298,0.7264971731306877,0.4988402759492867,0.539738765451848,0.3038329095705903,0.40488414057788513,0.6252922938270168,0.3605330257056952,0.42432985628712905,0.4446551323514592,0.10621820157325534,0.8355199832993867,0.8592871215882514,0.5362120148970488,0.5473033292935898,0.6269879540144105,0.49171684872141264,0.15477729265865833,0.3840378392046542,0.6027719603964405,0.6448143903596777,0.5250194212327518,0.3933161439796898,0.4552042908823917,0.29108771048358534,0.24093461987329035,0.6752242251760308,0.1767568275937475,0.5430030266993842,0.6121586277232116,0.5302105842924157,0.7274725620336144,0.4484020260165945,0.8058541071022212,0.15055371969222786,0.5801189238830005,0.42856293258813194,0.44138628267289526,0.5011702164165884,0.38154548042696246,0.40748734288545996,0.6967400348288608,0.5370301227787126,0.598637778787957,0.5096727698458009,0.5634561137419456,0.3592332265530998,0.4432815582547327,0.6178295711272042,0.5114156029138865,0.551951866817771,0.17961276758630682,0.34619326041394993,0.4479958823314443,0.724058953293133,0.3592010636478664,0.6812922917168824,0.47417357615995404,0.5719997206050553,0.7464059109943941,0.46893123993985997,0.4604376426144078,0.22050081653132808,0.4214556162429143,0.45185001869954067,0.4205334814875098,0.6658732035016587,0.4250181654121482,0.23772700097315158,0.7666041119025797,0.2240204418185678,0.49403462328334935,0.6649056350347984,0.8281922034399998,0.660593250414088,0.4432463774986845,0.16519557940653995,0.528932839587365,0.48947736775396433,0.4714982784995576,0.5854018086157753,0.34562662138406186,1.0,0.4657553158733708,0.46908242603521316,0.6286615967528938,0.5430478256422713,0.7184260877742077,0.7370211361110377,0.4982398071368741,0.5164350996209224,0.5489702993830607,0.6021123840263394,0.6158213769829773,0.2841778203108104,0.5724526624810593,0.6290848303096832,0.7874262892789581,0.38055818091276983,0.6051263485845623,0.40466344216658345,0.6237556896832693,0.2977666037382927,0.2868733498416568,0.49557431924472806,0.44003736661453,0.18950552116727398,0.2774750149992863,0.4281377940676718,0.4741614827134899,0.6194021983829372,0.4954675167411995,0.5321730834978854,0.8481795635025173,0.4930686897238322,0.4429708854483284,0.362741861010502,0.5229084236579596,0.3302794145285506,0.2728682322429735,0.7144841109046107,0.5256500502211487,0.45218414075761887,0.13124760124344093,0.5168040722773506,0.2457117653247819,0.5052125106992211,0.18100255826472636,0.2899718126236714,0.14084664745131986,0.23431701648505107,0.6211201715461899,0.11650347730329334,0.351212767935182,0.5884025818892944,0.4735139380855636,0.27248024554453487,0.1873530368365817,0.6412273425187413,0.5778207731013323,0.4206707027995827,0.350289045098115,0.47046663216023343,0.27101115103823237,0.5886234945724479,0.49443115526349546,0.7519141249507376,0.2485922857150119,0.5644545397740195,0.5480420413147455,0.6715799397033626,0.5680427216778737,0.5540004185008164,0.1416268612297176,0.16982356144796348,0.5311179096228659,0.5104332553605551,0.12629292186154994,0.20756327360010046,0.35861265168863155
313,0.3637790600587929,0.4682814833165331,0.40046212102269896,0.4460752436611093,0.3079182232915787,0.40255003799197697,0.44741573616636543,0.314725685870649,0.26663762624089177,0.4197541714858778,0.46534731757651593,0.2833595521327735,0.6828427671124833,0.3486898633777113,0.440073401045828,0.3500117857870888,0.38171178257347804,0.4536623222787325,0.4648878938016543,0.48199279425659025,0.3901196103636261,0.269522327458915,0.3431321606558458,0.4192982325078721,0.6730084990997995,0.5334730335864613,0.5924598187072456,0.3326140856031612,0.6089621421895537,0.6148978769175958,0.5030363247236429,0.5614989221949783,0.5174804034766975,0.5516044066751931,0.5515778422823218,0.40536166168845444,0.5501954861707228,0.5064449721735849,0.4875198379415215,0.43136238709259855,0.4214972121492284,0.4468855551741639,0.545929356916417,0.3486232969788504,0.3838410878146567,0.2971414319785112,0.44305813345920486,0.34320625341989164,0.5214163494576469,0.3505249596263579,0.4947459685019088,0.4192011809459403,0.4950617715127371,0.5379627586774923,0.5522974782120661,0.50741511172856,0.416038725486666,0.49329838062335024,0.3415383320930593,0.44432049677385066,0.5576503521769612,0.48373485906240227,0.5224676362518786,0.4138897006163523,0.4805505463362088,0.3347905215842184,0.402451392673735,0.3370629455285723,0.4663378890400048,0.3563332228549706,0.5619698235519115,0.41951531825574023,0.5559063823285209,0.45124673971372736,0.42421526742360827,0.44906144889897637,0.5189848604234464,0.3936976105672312,0.6276880918449895,0.390772662410993,0.36350014757807314,0.60541089260461,0.5080011838211251,0.7408483115411468,0.44806325634151456,0.47375367672286517,0.7016972498640266,0.5757557750325373,0.4657553158733708,1.0,0.4347521908129659,0.5552583442074774,0.3620325254117523,0.5705897098698707,0.31467368121658224,0.4046067954570487,0.4972414374016739,0.706661679273952,0.4045996836160968,0.4935557218638379,0.569901063678208,0.37334124489464465,0.3985538047190677,0.42991556657350394,0.3999883055121536,0.41701055275589594,0.525972446150163,0.304057855567072,0.44519742529768536,0.412947392707396,0.618095790904964,0.44988889137773924,0.5600262506897813,0.5133040152202025,0.5090536949345508,0.3777106327405897,0.5833203489154886,0.5561487864869811,0.3216803377240208,0.4784687887889396,0.6291565033182351,0.7781463345473825,0.45625289911755473,0.4089355541501687,0.4937120161748786,0.6318443734903739,0.5137180509479955,0.41496696860797994,0.3522034738364383,0.4353899497331799,0.5640937435988829,0.4589256253379862,0.5429559032632196,0.31368771099621895,0.3277886600125236,0.3706985002422276,0.38018649669441495,0.4209158349192245,0.4065697502937091,0.4284479124667887,0.4114978256593487,0.43490630462153,0.49555893692270603,0.522506022559902,0.4381773555211669,0.4011659945311604,0.3681238824680464,0.42722431416090145,0.4658128675051604,0.4147111274374104,0.4644535206706684,0.34023182765025595,0.48761284452805453,0.35856561635255535,0.7557525814407244,0.40890152355779025,0.5394570836983124,0.4784387084488091,0.4702050456505931,0.5229936632411515,0.53182387396034,0.2684235340796204,0.6635766426007474,0.41620312224889333,0.44388018453390465,0.4740055468496555
314,0.552652511496896,0.5357104994993267,0.5981692795327891,0.3460809565206091,0.4214709929412751,0.3549704736272901,0.41374085495991375,0.3961502752321886,0.3395284505507138,0.3278256382725153,0.4652663567809614,0.41726848078165146,0.3892306003947543,0.3902203658525883,0.49020181969748416,0.3621704013570254,0.4330020500026115,0.39117911080492596,0.41941248194386826,0.3883699010385605,0.37823415196692234,0.3952277935771822,0.5516457013941793,0.4224061647621118,0.46357501779944477,0.4256918388221489,0.42892589424860106,0.5063967439906373,0.32900417311118035,0.3296981982032203,0.4856699272837593,0.5689949595502388,0.45734222847407013,0.4469675247185447,0.5981102078058104,0.43687684357059975,0.3780050557269219,0.5600136492149617,0.37706362064139975,0.41562617147965375,0.43168383071965954,0.3528879664695965,0.3974435623639311,0.4940456151327497,0.4136402489200163,0.46278702863122334,0.4287345306594529,0.4460901513353126,0.5499266468695545,0.2885382340042832,0.5798057112063575,0.4199965644011507,0.48557407190958424,0.45319463111889,0.45599534955397425,0.3790683687048757,0.2569156206911963,0.47114590627465214,0.4172259986836989,0.3460264989633365,0.3377277756005676,0.5999165962276076,0.5092755111659014,0.44833529719174464,0.42278791777176494,0.3299806217388307,0.40879595910935074,0.304309494570172,0.5020312989557333,0.4957233438255131,0.45439361346732376,0.5837971343729773,0.44828352827436435,0.3589214929787699,0.3124594917902672,0.39287889067125403,0.4465005942031187,0.30208490606554583,0.29395793834860817,0.3710313956466821,0.2930635247750828,0.3664661902651518,0.44865823469593746,0.4440014318866262,0.42916893375569665,0.43464249094013635,0.46363024558882693,0.34867002802521013,0.46908242603521316,0.4347521908129659,1.0,0.4276213700721978,0.5920014813888967,0.556253846787053,0.41263549468161786,0.5661185923924942,0.42021433000555286,0.3806424109250712,0.5972050531933989,0.653240374697803,0.5336492876605757,0.31857442771057076,0.4536828691094844,0.48282323015566664,0.7322851271519014,0.6004529645707841,0.5929037684299534,0.5046374708741734,0.386373255273495,0.7554177850483983,0.36773864627731445,0.5375133792695916,0.4411493979715829,0.43059796737135014,0.4256566040613363,0.43842346903757173,0.528041940323372,0.5937592043251074,0.411195721908318,0.42576036589630195,0.37855799810065516,0.41243782605556345,0.4028475448007611,0.42849390117124286,0.3364015008905265,0.5031748174852411,0.3358200882168151,0.3555032944688402,0.3975773275145292,0.4086810384119396,0.3490994972372234,0.3914743380385585,0.38949102579541217,0.3774555276844942,0.43361132363854904,0.41218147067209787,0.33777669685138245,0.3455367407780493,0.4371367413186085,0.4036527898485427,0.4346315108313876,0.5581311459073579,0.5363281135784327,0.4032544918484789,0.2577605550855333,0.4341381276070902,0.42081946163122674,0.5127337454020819,0.49489340991142167,0.48414666564646547,0.3372322676047048,0.30744284965831004,0.34614677375594866,0.493881082538675,0.4020633488085469,0.4537068991962073,0.6013528446685574,0.5224175837968185,0.5247178626126267,0.4485777586336874,0.46000239683329835,0.3555174667630361,0.4373553524784408,0.41237211914946337,0.4880318404486607,0.5506513916273026
315,0.4086538276113609,0.48246489638714096,0.6419083609125957,0.5006204386064119,0.48689584365718247,0.3740479016289943,0.390947927805102,0.5555990102241901,0.45670053387543136,0.5051363572850158,0.39414151061013714,0.4026634203907915,0.6434567337910169,0.2940496950235821,0.5957889850344876,0.3728077256935379,0.3385501848429394,0.6669937279436047,0.6645220346053422,0.6659312182856825,0.6301602865841233,0.5326692207758791,0.46899905602367165,0.2991614603115629,0.6241443319931432,0.45846518411337556,0.7744733927356053,0.4691192613130164,0.4501608364139781,0.5440615105432225,0.32180613512807815,0.44628559348819785,0.49439185103896266,0.32054620186761007,0.3541655299563869,0.5778757595263391,0.5934811144903672,0.4945505257896058,0.40880959044334025,0.68681105580055,0.29805824020752947,0.5599636064127763,0.5355123726075167,0.3934086845396757,0.5934315162623538,0.29947035742131095,0.362983753134543,0.5283086193349811,0.4375788917996257,0.49635181708213033,0.4430390574918033,0.49306238194596097,0.31013041665385865,0.3388982428205734,0.46064433172608543,0.40713649056797646,0.6357588914483161,0.4099380243166233,0.3414496519809875,0.5220950592520295,0.760473109045807,0.305183465161859,0.45190416290887336,0.29055910440850835,0.40290445384578233,0.5644240446683341,0.5310916226023625,0.3627785591379484,0.45093736989534605,0.6088435290633983,0.6515171842760445,0.39893944076709387,0.48995859493251814,0.3104227715569577,0.3670988448113204,0.6632657299032614,0.4012123529601641,0.50871991336022,0.7136331913186205,0.5758041078640179,0.5341806494710825,0.40972363300274994,0.3122907124530956,0.5610627138200793,0.47519435048453346,0.2909107277817116,0.5904837643150791,0.45507907399210434,0.6286615967528938,0.5552583442074774,0.4276213700721978,1.0,0.4363152741841434,0.45006253480040004,0.5145123050555906,0.37377732874904573,0.6268465038791465,0.5537881235918483,0.4408006333368867,0.4979032242329081,0.3578024101568205,0.542180638364304,0.4057258513415718,0.5476739212811201,0.31318668683330697,0.5459830024622476,0.32072854110078536,0.4900431298929373,0.29679888097129553,0.42014025990564763,0.5466426215457569,0.39308891776168675,0.34708240113237954,0.4047956319572342,0.42871499534624385,0.5365899891892876,0.5028906298323812,0.4169877146545736,0.38548135678277434,0.6241523189441971,0.5475227672499929,0.5277432840776762,0.5125853446978385,0.4195787555937064,0.3467386948456623,0.4307095926936555,0.7658865793656877,0.3507968544322615,0.42053819713765334,0.2339326570284862,0.5720729353915495,0.48291601295256975,0.5393315510316792,0.331168563241121,0.3339125055612763,0.25820995009418707,0.3097148539108699,0.536810447978521,0.27397135331155553,0.3600683319263775,0.3675017461535982,0.2469284699312828,0.3525915205365905,0.3474762982215249,0.7085280321081466,0.4188621728309716,0.4816249368232965,0.3471594104546905,0.33861051490616034,0.19251232210440028,0.5925495522601449,0.6114637427641723,0.7467307979124826,0.2795842178102982,0.6247626082359397,0.5754612337347909,0.5313052138756548,0.5592738465099882,0.42734491457850554,0.332916795084955,0.3399491775330584,0.3558316262230533,0.591045474952382,0.3195009524422905,0.3296392858136339,0.2926025793985967
316,0.7388215490150745,0.5201249659176366,0.7237008124751001,0.5591937425193585,0.46758877527166204,0.6023871417952037,0.7086245891467194,0.6851285121010988,0.4931377076428202,0.6214605691421697,0.22049089661345267,0.3433557983143366,0.6392565322840994,0.4496148070857607,0.19365067522635732,0.4528551273772182,0.19405996588753563,0.6437977685676941,0.5823042481320042,0.3086582887861357,0.521783449374901,0.6113320259588203,0.6699399852654123,0.17618420134112606,0.3427297178591138,0.5411411147624525,0.3215395327611683,0.3897442393432925,0.5153851054939151,0.44490877857783323,0.3300523166785915,0.18145129219153605,0.541874940551742,0.23380653287141498,0.4026241045921029,0.7655894896144336,0.6110710699838828,0.6029348793053988,0.300616994912151,0.6072990339750726,0.18423107458385826,0.6335175356095648,0.43662931189107435,0.26661921079408435,0.5301343725289143,0.5283810342944537,0.43761910040129115,0.5991639891557943,0.485951468062545,0.5396688126149849,0.3860710442538896,0.6113515418193676,0.22874122516749493,0.4042902564316569,0.5806374865331767,0.5157195324429257,0.5117486922382541,0.14379577208280514,0.37770556198683136,0.3727447610782802,0.5716991942414383,0.2639718666904078,0.587484815332121,0.4264087205549394,0.5433213928876246,0.6894848348147993,0.595686167404193,0.6188266299801095,0.2974416121091096,0.39571655430255837,0.21486141768110917,0.4430380727927212,0.6546322495327135,0.6131366208439,0.4088288236481029,0.5353014807380276,0.2206344879543242,0.6188221893293063,0.43354254294567574,0.5598797612744705,0.6411426109460583,0.5157414490450113,0.22345695943542737,0.5087167159844431,0.49346176704506317,0.3491059476465345,0.45910352942185256,0.4462571004800763,0.5430478256422713,0.3620325254117523,0.5920014813888967,0.4363152741841434,1.0,0.5878751326593508,0.6839688175516161,0.6794681270926843,0.2675443707354427,0.5862394196027578,0.8521913278176696,0.8347825624401899,0.15428650583068568,0.636240870558372,0.7526463409950894,0.5178420020751051,0.6712436894918188,0.7164883232112016,0.2513190448470897,0.8726469055841138,0.40768557197554933,0.45017428566241163,0.5388586861798442,0.6703661133798045,0.25745239557852084,0.4337160003517959,0.3303581405143885,0.7010510746095404,0.6457383488019839,0.3812634613141652,0.3309707206217878,0.621297523869058,0.481277205143328,0.3890965351846785,0.4268266836593483,0.6853759525619818,0.418292330509062,0.2041946200603397,0.5845663718638759,0.5383148403356476,0.2482330630324171,0.22809166000261366,0.5855407456832734,0.2617705575721342,0.5401353813619844,0.29250727745136756,0.24239077530581804,0.1942412431783886,0.34498533502972284,0.5797501327605146,0.14788505986589673,0.460706220888662,0.565785336968958,0.3044631315878138,0.18785965831348428,0.2543597598925695,0.6284754387645887,0.5798621914390758,0.17958783038222903,0.27913460943778623,0.42805045600816427,0.2827866334319911,0.46202123474834444,0.48682225963691966,0.5064693608060831,0.2942897394318767,0.507908175429835,0.38196985093768765,0.5746400024529352,0.3554668111067792,0.6352196653784532,0.22291125447341475,0.10586263072355111,0.664149192069601,0.5308031056355978,0.20051675149413084,0.15776706006650787,0.46665789908191935
317,0.40255278613386175,0.377181884615634,0.4937900924332578,0.4082473638433787,0.39753024412736104,0.5798330595839921,0.69467631647781,0.5823776873688068,0.384278477479598,0.490412506059418,0.36003897539208424,0.35918250910167315,0.6608518677130744,0.37141444020747655,0.3052905991548089,0.42613357787169326,0.1973921371661241,0.6733264901228864,0.7164074584105236,0.3200319316166866,0.4134066437019293,0.5363154976969172,0.4495166252616251,0.22211993558308096,0.468869484796298,0.7371602009021944,0.4737771661167063,0.3571733904329092,0.4839193799273582,0.48633667273604136,0.3505963479307169,0.3443501420542302,0.7438338384912422,0.28279910000928327,0.6869431231119709,0.5052888676915896,0.5411851892370658,0.7965578396391824,0.41794684184417413,0.6127957802518769,0.2214837592377599,0.468586906854236,0.4396050699547832,0.32838345829087023,0.4106175682550409,0.5074854382069065,0.3834631020602277,0.6503157833650898,0.6851792175875389,0.4088994899678244,0.6360737188716493,0.5456756950590297,0.4260665360739059,0.5642783749248418,0.6879410443063683,0.5229419219070583,0.38714215790507245,0.26885960854968005,0.34985661101800847,0.24932988880223883,0.5049772502260897,0.5259656180510272,0.7940322680389984,0.5334130786842712,0.6089091367441817,0.59579109975919,0.4308336947057089,0.5319481406283992,0.29413892604570846,0.39582418450991785,0.3264071046552889,0.5201613379369777,0.7531080891832687,0.5521650449179396,0.28101239781729964,0.576207275648821,0.3660669559494215,0.41178569302039225,0.4578236093084497,0.6868888518560916,0.4834793412207977,0.5187749435187643,0.27463503334473166,0.6676974476927806,0.5093207951395258,0.553920062797621,0.6509732701391213,0.4374469129921103,0.7184260877742077,0.5705897098698707,0.556253846787053,0.45006253480040004,0.5878751326593508,1.0,0.5853368698720838,0.5284896255016459,0.31756922074959415,0.7059060104413628,0.6665509683776751,0.6742978088864104,0.3719555795679673,0.4011026038944954,0.7222540193488152,0.6215624352421052,0.5149114636651149,0.52588793127305,0.622359255074588,0.5181281686539909,0.32356322624229844,0.33765701459971015,0.5756067883402853,0.46135362092389476,0.27157416931750267,0.38821419369326915,0.463420492480073,0.36276543166766295,0.7905641731555277,0.6334917239818791,0.43579019467279745,0.7082392246198075,0.5729294296040248,0.5100944842966038,0.42611528743404165,0.5441390394395826,0.37054004885141,0.4257081919086778,0.4996162604509574,0.5472542738416956,0.4621184165254172,0.23515173203159392,0.518334073627465,0.27821393384538345,0.5428607676013502,0.14367189891349932,0.24818186801381165,0.23465309054295025,0.3382178499398787,0.4850807310531994,0.19475623240993123,0.41493610954639704,0.6971711141128031,0.5588830657539561,0.3537656404458555,0.28451757657678206,0.3923209287361681,0.6485678553596819,0.27419604433589845,0.4276478515951495,0.6104530075902497,0.33287516094219677,0.3744394920104641,0.31406188157726217,0.5517235545280554,0.31769545956640477,0.6522365522646355,0.4589413682933654,0.8265302994061164,0.5291891337275088,0.6501223409944308,0.26098496986679054,0.29009349687522,0.5643674967226293,0.579027108831592,0.16870248343570313,0.2605824049431751,0.4856413154588419
318,0.4803405413114479,0.4333913959345161,0.5782373515120864,0.5236754340469405,0.506622220996087,0.6187925939976469,0.7349485920783949,0.8705210683460001,0.5574804854247761,0.5571816593142629,0.18328197482272263,0.42670186999847204,0.5124436061521042,0.4517248588315754,0.3530523930911617,0.41006099204438473,0.18064472062423917,0.7636561983506522,0.7243136004956754,0.3759944139040668,0.6019041649594353,0.8032374698195168,0.4779401990771044,0.1794897450242598,0.34858678139654653,0.495937408890374,0.46862060462955357,0.5334622530462789,0.46934628588781435,0.41893283519257246,0.3341822610879279,0.19039343744780693,0.5143378735268203,0.2499267067901926,0.352167814555264,0.6350047892709247,0.5300853093062597,0.5103844030669749,0.21150033706480426,0.7450279733571485,0.15532323691027156,0.6418961385508805,0.4011538828011785,0.46589536026200284,0.4548959886952993,0.5826045930540269,0.45244231431570786,0.7602629993663979,0.5417625281592267,0.7076433643262496,0.4510566734854146,0.6261495604922033,0.24548224617884523,0.3913150164655107,0.5639521678141732,0.40179970922750124,0.5392864643253881,0.09812211970425364,0.4027393794799229,0.6434994059833563,0.6712741705256183,0.28804936172530154,0.6017266898420706,0.3336831605408458,0.5173347893073098,0.8847708957593972,0.584371345105577,0.6434096600012614,0.3197425833639952,0.4408628402603827,0.36541562880300116,0.41884026971316807,0.6103063752670703,0.6593756235151942,0.3832771618805416,0.7217338209104476,0.26630062647944347,0.5812267467387875,0.5865798411491897,0.7421921565607771,0.869902247162382,0.56081029417061,0.2706195267158884,0.46755492646835484,0.49003775710753594,0.38185338560766935,0.34143190688465264,0.42153435565802505,0.7370211361110377,0.31467368121658224,0.41263549468161786,0.5145123050555906,0.6839688175516161,0.5853368698720838,1.0,0.48468617667904074,0.47305994991592637,0.48293666906527677,0.541397846911967,0.5464535829810424,0.16474402655782733,0.7175761097056603,0.7320857863475578,0.6189141243212999,0.48773020638155473,0.6071148707468903,0.3017756404557484,0.783837620367194,0.5135086193085225,0.2698413825918119,0.5081948288463564,0.5476921588839802,0.3080490633096017,0.39740964191341227,0.34191516726371435,0.6085830031994588,0.5852926327661307,0.3849374966553224,0.5391611188445271,0.7798035803398649,0.4879098056895709,0.37633940010608635,0.43999348249017833,0.6349112391498957,0.3553065539760618,0.21572330259084577,0.7121082046100055,0.517342594823979,0.39220790214545725,0.21512545372971187,0.478724572391727,0.17858274547333625,0.4282384680771267,0.20627972339003753,0.3002881642031434,0.1954914569003286,0.36912386975863887,0.637745336982112,0.1461559263106963,0.3937498843107446,0.4593941354489975,0.3548769805992495,0.2378693094563488,0.23170610716974274,0.742215960148243,0.5366058904721045,0.24711053201876781,0.20913441715381315,0.35199017145099104,0.3097447847140394,0.5621298239224546,0.5048259555557115,0.593429813837902,0.30423257041155083,0.47752901755441657,0.4673608740835839,0.6089251651613536,0.5448868650655729,0.6558113184054991,0.23577558059372034,0.06777155242889586,0.6931825642641266,0.46040796008101015,0.18456478593370634,0.17542406559357826,0.5270727182105808
319,0.6201972966719704,0.4952587062601045,0.6416163810300493,0.3814541733006913,0.3370064581828836,0.6839562599191592,0.5056057797678638,0.38074352979054715,0.3608557559607797,0.5440618844586629,0.356882211408853,0.3427171508322968,0.46259737939748746,0.44713099879860574,0.33776008200271385,0.34652844813645983,0.21675155255124523,0.48836069839131463,0.46610160494172564,0.3648653874386108,0.35728841052551524,0.4620557697238706,0.5072926309775189,0.42289851346561846,0.3055107597973272,0.5051870165810387,0.41158456911506053,0.3798258114934503,0.3139228491144876,0.6053428753774409,0.35268885071981537,0.46190296422313337,0.56028850063585,0.32876676008231787,0.4936676239568347,0.5665698501508826,0.4356100445278218,0.5053124827071868,0.5583762759993136,0.44287903713933874,0.347367511520284,0.46684027264511374,0.422972737993261,0.3238166981955234,0.40741855961735324,0.4519864626625284,0.5502348971402219,0.48963185271699905,0.4821607179256707,0.3744049227334028,0.47451904148331325,0.4709614168574965,0.40480648195286173,0.6186712004937096,0.506596958118152,0.534847755479616,0.43902498302834736,0.2974401632541823,0.4475281098780839,0.3755645129284638,0.38429319818761726,0.43146542337219607,0.5912383110000734,0.4693260500394597,0.5152610311278316,0.48783835583246354,0.45782019239002414,0.48867260872520046,0.3353109996764519,0.39792189154391966,0.2745887041068205,0.4258694567168354,0.5415643308689159,0.4750653489547416,0.48132520979441634,0.48942340245942995,0.5670193554883575,0.48202022660151767,0.3995633307429925,0.5544180944198699,0.4302166998016876,0.468965750350892,0.26610307377364506,0.4849591008599502,0.4046803951406861,0.6887699979814539,0.45448262612751866,0.3176345674875364,0.4982398071368741,0.4046067954570487,0.5661185923924942,0.37377732874904573,0.6794681270926843,0.5284896255016459,0.48468617667904074,1.0,0.42378935507892523,0.5504870615885676,0.7396378782659738,0.6539606552662485,0.35281028979964957,0.43028460176668265,0.5064533177797471,0.5463192464115966,0.6053515648918508,0.6604369161655426,0.46527437191830645,0.6610752703831746,0.3895400011159506,0.5727718618274034,0.4854948219310071,0.7544639726710294,0.32687659481899256,0.366544912923777,0.5658475089728937,0.6283684327943243,0.5303481662824192,0.5101736148127753,0.4358016615678505,0.578927941042607,0.4521685603005412,0.47134841721616283,0.41596587380349426,0.4336800156439079,0.3895696097553567,0.4106158034349424,0.4633201950462383,0.4970491581845389,0.414446305011692,0.30318743991349567,0.5049523462991756,0.3524132219171354,0.33183660737364096,0.366320433865583,0.31900898739363104,0.32651766792673775,0.38665472814937185,0.4745031574234275,0.3617593248523461,0.2751189401610785,0.532263398188261,0.5010951562945205,0.3731620831649945,0.2453546277135801,0.3319867845813439,0.4500546061226717,0.29305135920527997,0.5074596420022985,0.6746331484713004,0.3054002206011711,0.2640918418417522,0.2588412878574114,0.4521778902685816,0.4183162705077625,0.4421286239388964,0.3098366406086456,0.5394078579852021,0.42103419940610887,0.3597627300539371,0.27950453224197636,0.2998338751821905,0.46528633518790014,0.4426511797964001,0.21085261780862669,0.37018548028614373,0.4588623169915509
320,0.4355545136667917,0.4221261562235508,0.5182430312342898,0.36659984949550295,0.4421831777817963,0.26988165661085795,0.2726017410182039,0.327940413235729,0.32333729717152304,0.32230487582821565,0.5167552436047989,0.42243178135976467,0.433337363054791,0.4302074246705102,0.6922408210902724,0.28367420111568353,0.4212537327724042,0.4528961271539714,0.4168183674436131,0.57269031451746,0.40206802646005546,0.40676134898718114,0.3895539981628331,0.49594993596780385,0.4587459688263149,0.30111872667426226,0.6680731062762995,0.5400927639250224,0.23706639409840113,0.35894893184579935,0.5327217874602724,0.5092159840280999,0.3313490045372949,0.5879148993381641,0.4246312087597678,0.36275340561894637,0.31897725158410484,0.3455592135838711,0.4419568204618353,0.43299811650487585,0.4393833926294368,0.4320308944086263,0.4622294947199062,0.5785656322261363,0.4195494571101773,0.2646863978918148,0.49605466768141226,0.41508867901748026,0.3914457511311812,0.43624544360753914,0.5240967232994828,0.2524427969726435,0.5059492275872883,0.37912175041145285,0.3219738795620394,0.4229419024948939,0.5697453318642711,0.5560461920774162,0.5163616144911692,0.636095665804939,0.5626814849577546,0.55853792692737,0.33081811085156476,0.3398377637902099,0.32728725869968256,0.3844580704932915,0.32501464490672183,0.3134163858230421,0.511945316398405,0.5077825959312136,0.7124692349231931,0.32608958331773097,0.281358871411007,0.24818605724017406,0.4251474874768146,0.4838804474766636,0.5635537254766798,0.39896810052333187,0.6550332882871742,0.5352437433675605,0.4215915643269582,0.4588433146479727,0.5401218353354713,0.49969044531173323,0.3781466168683889,0.4622185381358234,0.5290483770595161,0.4103648203100396,0.5164350996209224,0.4972414374016739,0.42021433000555286,0.6268465038791465,0.2675443707354427,0.31756922074959415,0.47305994991592637,0.42378935507892523,1.0,0.5426978862513879,0.3765939549481726,0.2807789926142888,0.5834099340814242,0.38603051655129716,0.20434330605007456,0.6103913851573246,0.34743588536804226,0.5366537327811222,0.564783152028599,0.37640631222245924,0.5905946514398573,0.5876959103066737,0.49645183214091926,0.4307827578847414,0.5779800504327212,0.43630233532533835,0.5199373813387895,0.4865132938860998,0.3551959444937012,0.5805901640254632,0.5829789670006815,0.5035842104153501,0.5380787602757326,0.4833243697510542,0.36981044205717867,0.27674794703874395,0.2688208602538059,0.6841106844985683,0.6557697806337317,0.3214864902628906,0.5911567186594353,0.47868671604338486,0.29239565771746495,0.36439877092814127,0.2848948046409512,0.4265747083421725,0.4476864169220939,0.5000940628116652,0.4601573327168472,0.4521596624659919,0.4466332120679838,0.18050604145873228,0.32234917741519176,0.47861094519808567,0.6147781618616199,0.4394841927548552,0.4477584996826786,0.24658624752500613,0.6957684568669468,0.3562563065245436,0.5163868862610288,0.3404631246648987,0.4751709553807951,0.39132391906004493,0.6648280227193917,0.474027341537076,0.45611216137108457,0.4118817370103095,0.39214084600385407,0.5771368323758845,0.1900783290513758,0.5433307101527295,0.5786453156169011,0.2147433866325214,0.5105197771928816,0.42734331879998283,0.5456219931031325,0.42039633203168675
321,0.575077212399016,0.3967057668318632,0.5980806892806748,0.4925263217369725,0.3538660522368252,0.49047460435596585,0.5322787642456828,0.43302252634774085,0.31644443015107165,0.560022671648319,0.45851655648377854,0.29104479386235127,0.8468527618393362,0.39480169557973943,0.3402274754908764,0.38575284804811344,0.23696905273562938,0.5592546845115076,0.5359307332344542,0.45715161296347195,0.41814203993108734,0.37292847514991934,0.5260707468224393,0.2806789524461081,0.5310543001143534,0.5705324298673999,0.5415116396419315,0.2946407966016622,0.5797331961962507,0.5548822485183812,0.47216567581416136,0.3530213669207026,0.5736635008496735,0.41527291016530976,0.4642926709134885,0.5847454215471257,0.5684919977899675,0.6310542823417002,0.4810177518093358,0.48208919642774783,0.2415124943380324,0.5745099719751088,0.5815689414628777,0.196244842912055,0.513777103597163,0.3387285655604397,0.49261934143327546,0.4686206850862915,0.49461969533092853,0.49461427386826956,0.44869485504072526,0.4601225499813592,0.42501785719461194,0.4330001916880182,0.5900330519003193,0.7204634679474795,0.5669714637837981,0.3724445701613336,0.42792663119482477,0.4017859562952155,0.6459159018648553,0.3864901948023678,0.658537540178234,0.44113330973721077,0.535623315362659,0.4682037526528924,0.46315335041377614,0.43742437757696184,0.2593776020675878,0.4232149125254645,0.38600643455299594,0.3742848684829094,0.6289318527594757,0.4151619189155389,0.3838802607287387,0.46974676618156963,0.41578768954182765,0.5475095078768554,0.5773056110670578,0.5153165335744754,0.4008621760234863,0.6719721077387316,0.37528873813568026,0.785413382669867,0.49529453813471386,0.47387927631277843,0.7922829402358298,0.5661742163233825,0.5489702993830607,0.706661679273952,0.3806424109250712,0.5537881235918483,0.5862394196027578,0.7059060104413628,0.48293666906527677,0.5504870615885676,0.5426978862513879,1.0,0.6317434599966781,0.5490227526654604,0.46984019980163794,0.5080679010106789,0.5663693491619852,0.5602604847691408,0.35975216506155466,0.624329266280887,0.42219774092142215,0.5035528863921854,0.5325405769140286,0.37565468897085297,0.7899627696871666,0.5719988246046551,0.4147154054433333,0.4776909693043526,0.4946784535823178,0.46842016241331597,0.6121408989472628,0.46720884257619333,0.3196725357209871,0.6221346691201627,0.7482853639497368,0.708426008458354,0.40095880926393523,0.48475802717499894,0.3473923373518294,0.5718541699637476,0.6978595108031849,0.47321888298950926,0.2815491053731864,0.33765055378768005,0.5955069815508037,0.26775786379194,0.6154331137255991,0.21649584877624195,0.165233384244822,0.287368188326673,0.39109816247312834,0.5534889830141188,0.20807694172623156,0.20540853039611404,0.6035153758548859,0.4082649253029247,0.3573829168651561,0.39129556182588643,0.5264730014121044,0.4989764016124486,0.38947778538151956,0.25323136778665134,0.5342191923804276,0.13958625200366198,0.44678844023742537,0.3838801347286491,0.6936984246864384,0.2903357466096222,0.7868518455930378,0.2920294171783301,0.574778686320448,0.3518355627681358,0.424774462664811,0.3777396730973447,0.3685413750104578,0.43351472945818936,0.7512604103459544,0.25623177219622495,0.2643778528318362,0.3813029856626267
322,0.7635447701366476,0.4906687364730774,0.7827700446182608,0.42572418905704207,0.35830349107558035,0.5992026002136057,0.6352927751249585,0.5136654886793143,0.41592229825640803,0.6273559207023872,0.37775277470533736,0.3655438875582985,0.6664885516194646,0.4319848581368054,0.2932043956204273,0.4634773920013655,0.18857682293632222,0.6450905042539264,0.6313253420222326,0.40668895037179165,0.43662922565108503,0.49773743858609387,0.6091785555177015,0.20381976664393514,0.3666802422890044,0.5518895570783533,0.43998662830459356,0.3354784345458488,0.40167026345974854,0.47050587720792747,0.3310641834900439,0.20676461430525986,0.5788079459666127,0.2647246581068377,0.5516299956695181,0.7223221226647519,0.5355689076503936,0.6728509480450049,0.459663971855387,0.570810144937868,0.20736808896939599,0.5779875477894352,0.4563296873440176,0.2794491537955388,0.475113284968002,0.40393466110206144,0.42966930401182424,0.5498988026057581,0.4780335751390532,0.44964423735629333,0.5262251311829445,0.5418697400424024,0.34191725707657494,0.4287856311703542,0.6161633908746251,0.5751226853099033,0.5306137454347551,0.22069405058059344,0.34275108589404446,0.25585963716985416,0.5009371177323028,0.3598285179360794,0.6388017978754443,0.5013586710597778,0.5654870152613488,0.5945522140567965,0.4276805423937855,0.596793144166031,0.2631495972832241,0.36676186856773874,0.20183438195051884,0.35977558026920453,0.6485088654369607,0.4486122898001882,0.3297762299051871,0.5823329159619577,0.28635979327868044,0.48275254863577854,0.44297313836502183,0.610070210263266,0.49011936831713643,0.5042694835978438,0.19729229162481868,0.5337224847828983,0.429190363909309,0.45755926657864987,0.5894724345655207,0.4164820930537884,0.6021123840263394,0.4045996836160968,0.5972050531933989,0.4408006333368867,0.8521913278176696,0.6665509683776751,0.541397846911967,0.7396378782659738,0.3765939549481726,0.6317434599966781,1.0,0.8132993951029232,0.2778910247742109,0.48141095935805833,0.6343588116471108,0.6065005617940575,0.5640760150731168,0.7067127670976008,0.40318087348272813,0.750151816855807,0.3478832617584998,0.5004574407443455,0.5191276433656348,0.6318159526709717,0.2474414886270641,0.34606467471512636,0.3706891646971332,0.6811667093594564,0.6102632680835656,0.536416763772914,0.3715987456205424,0.6562171948025695,0.5045719996474171,0.3652377803565577,0.31775664799060566,0.5304185110100118,0.37246371202082595,0.3078019104925934,0.5838608740897201,0.5513035824739838,0.35116700254562094,0.2262638768584471,0.5171231770498173,0.2737227877693815,0.5086643761319439,0.27153182874016973,0.23623994423470027,0.22099480326229606,0.3109692256792094,0.5561830703790478,0.16803856934399783,0.34101448565473613,0.6167728592579187,0.4273518261984227,0.26878959263676605,0.25047397094753665,0.47092737991571765,0.5558874685026318,0.34215811904986765,0.312909547742772,0.5207897390005901,0.2584017702523198,0.42318986656218294,0.40314534919118344,0.586299212100058,0.28684306129445886,0.5117379229049666,0.3876169384800687,0.5900091605141875,0.34036235312649876,0.47809137763553966,0.19547958719967778,0.2315975697122249,0.5556119059636161,0.5537741601943745,0.13641115666755071,0.23356077660725916,0.3817304986923773
324,0.628747169799732,0.5028595269340377,0.7391947581620075,0.5404630939652273,0.45653786569507415,0.5767059930082903,0.6409645829428531,0.6281385322561429,0.46116378685966863,0.6040160247633066,0.26399120141656285,0.363385064148516,0.6616622076741743,0.4076932910066403,0.2566329206581286,0.45896225495067555,0.17388345956777126,0.6795676187357609,0.6642097700446626,0.3804707917401359,0.49415662201144883,0.5133240918908207,0.5892904743725682,0.16681087106396913,0.4485669782739522,0.6165303516260199,0.4496127170220027,0.33347224028818623,0.4950128420179821,0.5534107869080568,0.2524764841897059,0.2830638954262175,0.6351261558633483,0.16262609625955848,0.49361391633381135,0.7018270317149993,0.6365748678981502,0.6837143175909108,0.3837100855711773,0.6503783875320147,0.19714870388311623,0.5658688580183976,0.4834772325628559,0.23782840871536254,0.5129161562738517,0.42974833180921357,0.424319321324798,0.5342612698256228,0.6044865045592163,0.4495883399205071,0.4825879571005032,0.602815808383679,0.26951662705921936,0.47741498926226417,0.5851179746094664,0.4885496815646968,0.4611843983768751,0.2084380043537667,0.30677135567453323,0.28357779740330924,0.5804871896685246,0.3141007569518472,0.6559394494006465,0.4485884667752308,0.5735343663809926,0.61329779376661,0.5788735684961144,0.5090984581986817,0.3019132732786276,0.3811796611185615,0.2605038859406266,0.4931046438110269,0.6931743508665968,0.5027490339126275,0.3250327804646287,0.5979046573075246,0.3024485585098056,0.5166305250160849,0.4720936236123171,0.5649064841125969,0.5656434443384453,0.4162341731835533,0.15552361901262157,0.5742080350978014,0.48582529495136895,0.3895105112731657,0.5085961056410305,0.395705829889785,0.6158213769829773,0.4935557218638379,0.653240374697803,0.4979032242329081,0.8347825624401899,0.6742978088864104,0.5464535829810424,0.6539606552662485,0.2807789926142888,0.5490227526654604,0.8132993951029232,1.0,0.22762660388927974,0.5079368061545363,0.6995112467708189,0.5395593525584523,0.6442121291456948,0.7286368205689151,0.3195012275030722,0.796546211246778,0.26367108829570046,0.47683198163181084,0.5373157887076092,0.636359184244762,0.1863255627568355,0.3902453050772765,0.398563289874974,0.6365735359989295,0.7323678896281555,0.4472774320003772,0.26141759989221414,0.686486806612906,0.5699776352848841,0.4200068635395162,0.38957433768959865,0.654795181799197,0.4278434097800462,0.2588630063049244,0.5772598857046825,0.5702292531026814,0.3236207855186481,0.15889169417152144,0.6259211966077842,0.3706642633812455,0.5908787132130484,0.24413030174169803,0.27927725315498486,0.18088471928237318,0.24923179708498766,0.5879435090193423,0.15467996092252306,0.46870226366624224,0.5850346224991914,0.32557245631036924,0.23828671732635026,0.21091666435461673,0.5337062001349869,0.6324363215920302,0.2349481653634065,0.3650312188788704,0.4453289725874288,0.2576757234716229,0.43012091662783203,0.4510274411805241,0.5023986174317974,0.24140779149219593,0.5754968604613222,0.4657771549241554,0.6570536331967147,0.47481351677131617,0.6253582738155922,0.15891745141804384,0.1778701731582617,0.5952837332095853,0.5615462961988085,0.18689918856827015,0.18109118395205145,0.37904257512645556
334,0.33324703747750184,0.3979007230106878,0.3292675587528774,0.3091442556036663,0.31407376803015574,0.2280112246702729,0.20206560328145773,0.11263210633803379,0.27085330800976115,0.24547350868259563,0.8083245340176999,0.3561249083438725,0.3257812359022929,0.33755147118119283,0.77989720683924,0.2892322822848263,0.7719784389685935,0.1680229945474348,0.18270934784103599,0.5821848574456896,0.26248316273318756,0.17385282255142842,0.3116252091425209,0.6092166989811053,0.46177700274308336,0.333248567547678,0.5025763991127703,0.42287084408745085,0.34619735073667335,0.3303899197114084,0.6605105738956643,0.6510388447262498,0.3035025537053197,0.6905079697166495,0.5203442966416456,0.19323856402328915,0.2504776827982573,0.37625108809843844,0.5266891448358334,0.1440921779666459,0.5646525489495544,0.25900040724105855,0.6216763971638446,0.479950365637805,0.2910226365613238,0.5199049051762623,0.5404405047658749,0.22978503999960537,0.3773283342408728,0.41303008845000844,0.5144257355161402,0.23198351996312055,0.7336955445649233,0.4187850932761185,0.28980166103509464,0.6090291141722652,0.3823530084256486,0.8474443984445579,0.5306773963607239,0.4215460828882318,0.2571919891682321,0.6383502386798092,0.32576574387310675,0.5278889193315499,0.5409410175056861,0.09012169990079238,0.32857503013088285,0.1996718196888455,0.590004966303937,0.5024881080797791,0.5224631721342075,0.5630380117877649,0.26185808548888684,0.21807661106509335,0.3908383303364812,0.22393886911452315,0.5542930833418489,0.3155632693740697,0.3037864758844727,0.2422265545043282,0.07777854274018609,0.44885524736502247,0.6335016463614354,0.4650671154583301,0.4188049694753793,0.5334246440172155,0.5525426876748456,0.4024595877906298,0.2841778203108104,0.569901063678208,0.5336492876605757,0.3578024101568205,0.15428650583068568,0.3719555795679673,0.16474402655782733,0.35281028979964957,0.5834099340814242,0.46984019980163794,0.2778910247742109,0.22762660388927974,1.0,0.1851818226772232,0.1808491024862069,0.3818753419641147,0.40377755980287355,0.3118397103791271,0.6744230922864114,0.10197545982951214,0.5482776607003579,0.6037201393146345,0.3497323828910194,0.34253315026382675,0.6237051189498757,0.4633517415882134,0.48442272581367396,0.2680288470016908,0.2807515800251079,0.5625175709499848,0.4038867102419273,0.23300901850107644,0.43723798607083486,0.5448589059013278,0.37344892339713576,0.16139214631680987,0.33317338350884373,0.743483986632547,0.27069779712677394,0.40601550497938255,0.6464817891450403,0.7764014407901372,0.24148759188019647,0.5573042673546943,0.5396016299471289,0.49543714691398255,0.5528430430672578,0.6865479163156248,0.6755819490734633,0.2672148707264163,0.723797635451162,0.42259107645352634,0.5356849713168468,0.7477091010682562,0.702935557350651,0.5685325396157199,0.14523125640357176,0.44800444841195153,0.7332969665448632,0.5910061620449008,0.5029310011413004,0.6215812983252298,0.3280458966393703,0.40566735266022613,0.3436408848607728,0.6294850136714212,0.42522365766947845,0.47835070117142764,0.3722575063397371,0.369257374519867,0.23784331802456704,0.6525987028651787,0.905022556403768,0.33677988700815686,0.42118370688360907,0.724642853992758,0.7091483010763232,0.4904590723042263
335,0.4971585602647058,0.4003644961497352,0.5867660101619704,0.6242541279983188,0.44319953579218846,0.49648280204398665,0.5502415781956222,0.7092724260546376,0.686787024254174,0.6277839617237604,0.2283890221593784,0.528182874544052,0.6168331389750763,0.612991097361318,0.3444985091892243,0.5641766233080554,0.22637595638108998,0.6594124775428012,0.5924736370303259,0.40387758032366716,0.8088564176057835,0.6237518855464195,0.5352769821322394,0.173246443972353,0.43926126770106455,0.4623519572610104,0.4702830931350789,0.36661355796243944,0.5233631647232176,0.501730865167997,0.3173138527979372,0.22966721735125148,0.48588342720159,0.2132635843392478,0.23044614414952025,0.6450750635511566,0.6197660316960432,0.4154478392887311,0.27938723549345246,0.6356743931746243,0.34066932860757465,0.6632162055129945,0.49442803902009763,0.24930635970826254,0.5728090193260722,0.5198652010184641,0.44598374530948715,0.5485670613215705,0.46954666272880263,0.7001926316873777,0.32196440056897807,0.7092671250366396,0.25191025164610065,0.3264013225023216,0.5529629891230858,0.5048862922212431,0.6320217346552062,0.18657106943691593,0.4380782205772893,0.6015877206117188,0.7323638087680153,0.15027514031517267,0.5023776703120115,0.3073913443475289,0.5004081150761339,0.7222352959216001,0.6533618261818412,0.5379671538468994,0.33358591458618136,0.4590777951544951,0.37675160839021615,0.3652764847294883,0.5683606502157319,0.526230942204854,0.4316935447250576,0.6376277715645082,0.26057205368930286,0.6558640647071408,0.6111841017892011,0.6291282527862494,0.7340916872629693,0.5354348082661401,0.26880975671338636,0.5119958771034654,0.4683034541862917,0.23937530616939348,0.4140019853046421,0.4114536180772226,0.5724526624810593,0.37334124489464465,0.31857442771057076,0.542180638364304,0.636240870558372,0.4011026038944954,0.7175761097056603,0.43028460176668265,0.38603051655129716,0.5080679010106789,0.48141095935805833,0.5079368061545363,0.1851818226772232,1.0,0.5989639774172231,0.4856753013641574,0.4261744966121528,0.6081637148782109,0.13903618223802183,0.7032686622618729,0.498593874431933,0.31610408940067536,0.6386694806025143,0.577535114905597,0.2809011903465571,0.40191821046992937,0.3981235424055808,0.6231040533203761,0.4959396983327108,0.17493824755766268,0.2904411686959181,0.6215548808004201,0.5699704275312281,0.48244839066524264,0.7037649393951915,0.7859947365064059,0.5197701307271217,0.2449784270135743,0.7358196385692573,0.4789616609382262,0.25818578619431165,0.20507675356361776,0.5986678287448879,0.3175432024169015,0.5665089235352052,0.4325410299387807,0.39661672105437656,0.38299488808585663,0.3585028688166278,0.7052855901461441,0.15061541270316237,0.35841097642613695,0.37738072811211004,0.20108890839483606,0.19826491224804343,0.2425975996576612,0.7850405324395024,0.5342851722533983,0.24740055365016173,0.17202222843136883,0.25089596842500417,0.2319972531880874,0.5587662345071286,0.532223142627714,0.5981327778685126,0.26019268942577073,0.5672926349742321,0.3523932564329546,0.46990266634916456,0.41449730470390744,0.5381282000608184,0.21838180037343816,0.11373908998874996,0.6266501940472763,0.5627108609546123,0.26182787678929104,0.1713431795063522,0.3075190624742072
347,0.5234965927168669,0.439849945545034,0.5468931125909761,0.5403220233486611,0.4498757096722865,0.6993028578806171,0.8563192762237015,0.7760910020656153,0.4783517300418907,0.6052406040812908,0.2366334144071362,0.47207433230935286,0.6285917575577776,0.46406488749809227,0.1944699484925657,0.5302803082121172,0.23854652646212715,0.6459163748483003,0.628895655005095,0.30664284242396345,0.5553446094933401,0.7154487316341309,0.5437351886025161,0.21896206108345034,0.35145365784926963,0.6327527385797387,0.368725019682483,0.4971575440702247,0.6951076841236402,0.4780377108447442,0.4670034990737566,0.21393174985733315,0.6521115065536531,0.3199466845349108,0.5284568330865602,0.6458066111897431,0.6114458997190666,0.7225385827803734,0.3285945879415602,0.6157622852492816,0.20295126828235727,0.5852929151699411,0.4066555577945985,0.34126102202808795,0.49381433989485346,0.6048035654343923,0.39597440643736187,0.739197402360163,0.611796213148587,0.5849795161174287,0.48894994017229737,0.6573272708172935,0.2744928965524236,0.4310188535583226,0.6537914929088712,0.5406580669060562,0.3962379646756665,0.11038713949613015,0.34456730881106945,0.3736679647018402,0.5178007655804335,0.31628801572797816,0.7197712636925446,0.486486056869595,0.586589412982342,0.7752943805762291,0.5592042770218164,0.6992169379924351,0.2444061000825004,0.35991135229060345,0.1412451217054844,0.44623853292426197,0.7388482390410955,0.6949745875590172,0.39479253132512854,0.5726657978857027,0.22550951281010517,0.5059208228185738,0.3712058171236863,0.577437617369027,0.6923994092450436,0.6506379317446533,0.3128384289918201,0.551443530497927,0.5253086140796276,0.39186549104754953,0.5029346594307061,0.5500493349389995,0.6290848303096832,0.3985538047190677,0.4536828691094844,0.4057258513415718,0.7526463409950894,0.7222540193488152,0.7320857863475578,0.5064533177797471,0.20434330605007456,0.5663693491619852,0.6343588116471108,0.6995112467708189,0.1808491024862069,0.5989639774172231,1.0,0.509840612993799,0.5228694240667398,0.5168808815817563,0.35547976798397807,0.6804862980742942,0.46248128350215595,0.2415341758396206,0.5338309435756252,0.46707617832964166,0.31535121377758624,0.5740291951790228,0.34556805100242066,0.49633103421327773,0.7370166625640291,0.4389484872774484,0.43067725875428814,0.6894796790077731,0.531038154414159,0.37396333774251606,0.45058854428815265,0.7357506146336186,0.4516290581618912,0.19829690496139574,0.52837178735752,0.5309716095138719,0.25971699224299694,0.2576452813039273,0.5400708258422562,0.21715155486674254,0.5352335028502312,0.2443868684190159,0.29581300345133676,0.20756662653386676,0.3590148569336551,0.5598276897804082,0.168495098830028,0.5391175860960047,0.6196528475274202,0.33443190044087556,0.21110297570266323,0.3782526016588669,0.6197587885507413,0.6199836771909372,0.15570016147075794,0.2838781495645861,0.4212507680948977,0.38172783789590936,0.5414672987345226,0.4845063226155493,0.4702805036828077,0.2764568753245109,0.5444161621163777,0.3755837584493744,0.675140999035581,0.40794782220511705,0.7852282466334424,0.29851035674814835,0.08567734544387778,0.7715032468575482,0.5290213938312774,0.2373776652434138,0.12556047552436309,0.6031281584871808
348,0.40971274659158285,0.4023967273314854,0.5575716429429785,0.41008730672069427,0.4123485637926815,0.4498231754005386,0.5065251362750086,0.640498419921788,0.4610009212541577,0.46905881524823123,0.36914205673473854,0.4643436746545039,0.5295780739586704,0.4959545783769857,0.4374768256868308,0.4257866903811756,0.21149574366204738,0.7610904741657627,0.7459189410885256,0.513302350061733,0.4137810002761917,0.5907090175463732,0.5232579935073194,0.2555610367839458,0.3058597199318594,0.592250894879055,0.5795228075950496,0.5843623237722433,0.3193327262235523,0.37060869166446914,0.3511202636810054,0.32487852667873357,0.5762810264732339,0.3004456982486333,0.5361408127677888,0.5458215844328111,0.4299104163672509,0.6514382831133538,0.42850586491198384,0.7150290965755826,0.2638654352915586,0.49926913428913033,0.37924390291855375,0.5411394700385528,0.5452765029596678,0.3452314705673536,0.433502408361647,0.5955450391835655,0.5377458148995179,0.49288894897995217,0.5075934572603592,0.3921973058773999,0.38918624369527144,0.48649985167806975,0.5644841264318208,0.48393889055973255,0.5557164127614426,0.2773438465519098,0.3946511005172464,0.45394532242164704,0.6278710284404294,0.4846121102746596,0.6296096839776184,0.4584623139135557,0.5364620003168868,0.637111846187965,0.4677753108268615,0.4901546146313226,0.3278106464539574,0.40002766882457674,0.47927368398383974,0.44981759878438077,0.5953321452752958,0.4261448217083038,0.3035258850753178,0.6943877868105619,0.2900392701859275,0.5051920569317098,0.5526417316032737,0.772068895623388,0.578751925457855,0.3756917326338938,0.2814841668939071,0.4511896916955398,0.38702524993627385,0.5043334964073307,0.4901490242612364,0.3123747273595766,0.7874262892789581,0.42991556657350394,0.48282323015566664,0.5476739212811201,0.5178420020751051,0.6215624352421052,0.6189141243212999,0.5463192464115966,0.6103913851573246,0.5602604847691408,0.6065005617940575,0.5395593525584523,0.3818753419641147,0.4856753013641574,0.509840612993799,1.0,0.45380552377244576,0.5808660198264648,0.4845567915360839,0.5571563490406586,0.3390144228707806,0.34270997172069184,0.4657778044423202,0.3732489686010106,0.2616485496959436,0.3048580179628532,0.35471785709877046,0.44421956600492535,0.5821101116453303,0.5330284247547569,0.6048801180730635,0.7644624294522919,0.42806780624408913,0.40960304858113583,0.2552493937809689,0.47689542175792016,0.3622420355597671,0.37190563747527805,0.6712644623814402,0.46891403638643725,0.5454258020464378,0.2327750013102467,0.4006509118876244,0.23534256990969998,0.41115486943652235,0.26883424246797233,0.4378952049856686,0.27369247797703977,0.2154370980043196,0.5014856955685201,0.21122913990295875,0.3554054877000095,0.5789686131663021,0.46188210541741564,0.35085169017656237,0.24389810632152392,0.5574396987208494,0.4869335597195892,0.5000478793099832,0.338370218409702,0.5721762472419861,0.3088256229052699,0.5231009126048055,0.4513577255004504,0.6687290934596285,0.3808458352013784,0.44455454705321096,0.5208607063333777,0.5561568044591125,0.5929704612083105,0.4573639542856207,0.26864633552729766,0.2811037620770708,0.40993944247756003,0.4185742463549795,0.21732778101905104,0.32956685374197087,0.4372741131620097
349,0.5298289473952625,0.5214319928902695,0.5071763583937151,0.444378285845313,0.42936032923196205,0.399936655880001,0.46302138282007727,0.4492952813976574,0.33114341155502847,0.3041893178291008,0.3425513577962064,0.4059952031708025,0.28750615600327273,0.4583371293618277,0.3379520461939827,0.35882490795992306,0.3802397115643904,0.3574188570182601,0.34862500086038334,0.19842009862886725,0.2831098752294343,0.49532466971738376,0.5433410295215753,0.4241263503312216,0.3534430374039606,0.45693387648504635,0.2813168311839882,0.5010469983426729,0.44634639230654255,0.33253938349717305,0.4751863420178851,0.4536832215972432,0.4580552056741233,0.4421225943622119,0.4275188067926554,0.42889297805365356,0.3899651884490455,0.47306040175454744,0.27883520004498374,0.3589929132443494,0.41566399852760916,0.3895950666301583,0.3214635658009508,0.49547455833858883,0.3836968627112136,0.584309512849523,0.37681127373107426,0.5142632218826888,0.5653108332577946,0.3540796724613291,0.4580477120287859,0.40158843748941564,0.4328847333002557,0.5742094733348079,0.44872891423277467,0.3762882946029177,0.2888233016638376,0.42853348435442107,0.5473469817610204,0.49394902584948697,0.3411474498469298,0.5309744671946616,0.5034129420462286,0.4151382081974425,0.4637168079923337,0.4346146361695692,0.4667491322199979,0.4500805085183046,0.4751933498797075,0.3909189297525404,0.43702340612744495,0.47868305850072856,0.45581157658462634,0.6195953925610345,0.4092558963404652,0.3899373846860422,0.41927222684639165,0.4489462268833228,0.30469028884036065,0.45485306698454664,0.49986158272652004,0.4440405944035157,0.5410664956437942,0.3843669005430935,0.4201334894667173,0.5019663089820869,0.3058960191249947,0.4482095547173899,0.38055818091276983,0.3999883055121536,0.7322851271519014,0.31318668683330697,0.6712436894918188,0.5149114636651149,0.48773020638155473,0.6053515648918508,0.34743588536804226,0.35975216506155466,0.5640760150731168,0.6442121291456948,0.40377755980287355,0.4261744966121528,0.5228694240667398,0.45380552377244576,1.0,0.6445394894132583,0.5432870402074916,0.6667896738399988,0.5369488012804562,0.6948171354712784,0.41689084215858024,0.5827389960338478,0.5209369308198408,0.5579291209438713,0.3976869134389056,0.5733788317873518,0.5538122332922646,0.42394308891401067,0.49951048262865144,0.41383260866767635,0.327458449853404,0.4724171093750129,0.5431159093099238,0.48146560285631973,0.37138009832429975,0.48267811232058844,0.3189980449101364,0.35646268001272785,0.4824616228643537,0.4622976142531048,0.3064028815279558,0.35156090424929076,0.2948303191995785,0.35084187351708407,0.4610918196316304,0.4564064467383089,0.47589143556099656,0.3800185464540061,0.4246345961929149,0.4493745543043106,0.4398686376882174,0.49126687235807087,0.47815660883552263,0.45843643127354916,0.3449849394991036,0.406451628990143,0.2942123870514709,0.47905255305574257,0.465032337598254,0.5617018729603087,0.2987120516490241,0.2987836947213381,0.25697439572609493,0.5232001325378111,0.38470767140409584,0.3183831806442128,0.516333483755313,0.512408458936989,0.5156722623096528,0.5048242019794869,0.3905614144696776,0.46472217182394704,0.35012475348633937,0.42254308982014466,0.4433374739035981,0.5803801545918117
350,0.703899447541092,0.5285533835558115,0.8156777488237626,0.5072426961808388,0.43846762127158867,0.42497742227732216,0.4505462316147748,0.546365633981825,0.41183023505733085,0.5413615679129165,0.3679405388928537,0.38166080674412395,0.6008505948260591,0.3451329157255261,0.3964620561421314,0.3695577401236959,0.18389080396217605,0.570854430074627,0.5767876741486689,0.502554457422608,0.4925394363635329,0.5158987236911413,0.602460050531633,0.22006273835379858,0.39406043119025924,0.43717842981333643,0.5233853178491026,0.41232895626864974,0.44685121544035555,0.46512895947091304,0.34057695696806134,0.2861004661259179,0.44718604964293285,0.23067893259044903,0.3172692409050516,0.6794761636441541,0.5274000288697955,0.49889205060488784,0.37250983851633124,0.5561527785281636,0.21074986391678371,0.5614816329723935,0.4918552415158763,0.26995260256545256,0.5296529751375775,0.362049887814756,0.48183027720866584,0.5790565598973136,0.4296092964993239,0.6151688226979466,0.3367032223619214,0.497742979585009,0.3872027131661777,0.40992597110716555,0.447005326078176,0.5847431700741905,0.5831030954972156,0.3030635782169395,0.4536487125109584,0.5112075976059485,0.6515218135300336,0.2673969426131131,0.5115606559827547,0.37428353147855253,0.44918269230560404,0.584409764971713,0.5679825254481824,0.3464922852520063,0.3148567833170783,0.44273092220484656,0.4269572625944855,0.35454537939046993,0.4978526346437899,0.39953522516990525,0.33518152945301727,0.5612948652169581,0.3572958833248886,0.5839000239385175,0.5637090936209144,0.6013645789208798,0.5397498498567357,0.45616183228063517,0.26241989278720645,0.5413747781154905,0.4671888031947896,0.4110707025500726,0.5251345407343455,0.46089812102315575,0.6051263485845623,0.41701055275589594,0.6004529645707841,0.5459830024622476,0.7164883232112016,0.52588793127305,0.6071148707468903,0.6604369161655426,0.5366537327811222,0.624329266280887,0.7067127670976008,0.7286368205689151,0.3118397103791271,0.6081637148782109,0.5168808815817563,0.5808660198264648,0.6445394894132583,1.0,0.28849945487404827,0.7986135169952095,0.43363220230681665,0.5928320386960366,0.6266244284803002,0.7113252719115385,0.27145888314336675,0.4134862723338183,0.3614944973791592,0.6870265656892035,0.5420051753091268,0.31479994542324785,0.3832586517603413,0.6761191117003902,0.5771378907462528,0.4806584882451334,0.45188291953881193,0.5043345223779733,0.29100782123731833,0.39709424705236995,0.6765787930929226,0.3999066757789511,0.37247789683036026,0.2782083282549834,0.4886117881816251,0.2782202223622059,0.4762951208243656,0.24859008170046032,0.2715848773366337,0.25936147001834997,0.33607304071138366,0.5822914313662981,0.1803205196782778,0.19048554685507035,0.5329530753349385,0.3745488673183396,0.3222633236127816,0.24585524877704606,0.5714259925158546,0.45505713161007755,0.39821186445075735,0.22803869625359513,0.39701843184845875,0.17102147019189984,0.48991373979006625,0.49212727453008864,0.6824116901600787,0.2753661116542978,0.5401428485061227,0.32560183951081034,0.49494018118666017,0.4620792629344328,0.3801605248866851,0.2297634352418763,0.24738491158152637,0.4674741500038858,0.49014831149614857,0.20360377308704697,0.23656416341354064,0.2907790094968791
351,0.2863820817202635,0.38094199016196223,0.2864403599408007,0.2827247826323186,0.39074273609400223,0.3295389837752203,0.36951234355225654,0.22262745123303007,0.20083668038274316,0.1885417344712246,0.6042497804866417,0.4560628643849641,0.27655764761470114,0.4198739609041118,0.5356301195457942,0.41750452843500685,0.513846771000043,0.32635244583691153,0.3425313595419718,0.31789403027968655,0.19199268895001148,0.37141023572340437,0.2924594580383899,0.5877929534261424,0.4839550675818137,0.5769876570238303,0.42287552391561867,0.5610355479436234,0.2821469561762632,0.308156377181774,0.614104852452132,0.6138573689811402,0.5413293452237183,0.6552962210284526,0.7687182688264936,0.12911257026963974,0.24200222966483917,0.551852064505075,0.4958343192444149,0.30555291252475447,0.5593620816855884,0.21912305370637175,0.3452695128378187,0.6610241588462935,0.2673434689155077,0.47969856538232836,0.4050708817348298,0.4207557286606356,0.6164674921787698,0.13302179556920876,0.7499369136958507,0.2593727003101736,0.6228879998139428,0.5999982220489577,0.5331095119831122,0.35422086486642024,0.18354287066615882,0.6287083934740274,0.49045317382062303,0.35897103868617086,0.19157966299451565,0.9071901454511905,0.5861228916210587,0.5389791571067257,0.4816891966972582,0.22229745345650964,0.22965669480577044,0.44082282041422827,0.5838548889761686,0.41123118064763076,0.5455386791778056,0.4968297047129583,0.4731068478864233,0.46874380818435657,0.38172682566001387,0.3893383274883915,0.6186135518926745,0.23774523050315902,0.30324583485695705,0.4561614312149747,0.24581455598289595,0.3637755778298574,0.6459732790569456,0.4361690828999174,0.3639518456462178,0.6819083546637497,0.502724178412631,0.38165969201597677,0.40466344216658345,0.525972446150163,0.5929037684299534,0.32072854110078536,0.2513190448470897,0.622359255074588,0.3017756404557484,0.46527437191830645,0.564783152028599,0.42219774092142215,0.40318087348272813,0.3195012275030722,0.6744230922864114,0.13903618223802183,0.35547976798397807,0.4845567915360839,0.5432870402074916,0.28849945487404827,1.0,0.19685404792537836,0.5043916875606392,0.6488689597259826,0.3750237743664691,0.3420617419441044,0.6163908325470183,0.4564474708040982,0.5101848229267721,0.24780262563860794,0.5661733818321976,0.7962017472004284,0.6015705189441922,0.39986010209767,0.41646813734492405,0.5331537030012268,0.41769605738055543,0.26848894749547103,0.4117888514031345,0.7665125825139882,0.20826605888974484,0.3959469297865715,0.6578617234575304,0.5607920597452057,0.18665378032763388,0.40475345196489365,0.23637691574480502,0.37956862402191177,0.5211923583250606,0.5686023869323718,0.5136583277184578,0.2383969659205994,0.5561083918961051,0.38245331301526875,0.5040536543225957,0.7372215786768812,0.7296165957636911,0.5540505850341064,0.07683083242277268,0.389476758985232,0.5164358134430194,0.6025507946030837,0.645429245258476,0.6378472261161183,0.26473903970319945,0.15610644937367374,0.2823740673263257,0.6514348598696247,0.4044924764101948,0.42747730283657515,0.6244028509923728,0.613315853044529,0.38005723407780856,0.6432770411913659,0.6990902283969307,0.2638292988531415,0.39118417564116414,0.46418110292428255,0.6693347125245557,0.6680815884695125
352,0.6919850677566323,0.48079403862166864,0.7427204163377922,0.5674152369140364,0.5290314475797008,0.5822706497104984,0.6727126365716853,0.7676796721267106,0.5629356868635043,0.615828656695916,0.15189436584586852,0.38286015240432547,0.5418537813383193,0.4979180177799535,0.26132348844839837,0.42753738110103867,0.16384741840392109,0.6921377680974798,0.6902746669329436,0.36093706133306436,0.5535246750013286,0.685605798547277,0.5785446591430558,0.1444481122329432,0.3590013283388516,0.5551797917066622,0.4032025669614977,0.40066304885523996,0.45864777350700403,0.46502875243118935,0.21880823447055833,0.17513551976470404,0.5404949664111541,0.15145409672523258,0.2953544094032574,0.7533788791626992,0.5993214503882441,0.5096907821096819,0.23489218224056338,0.6958620826865752,0.14132855000452038,0.6599415047048505,0.4524877489950754,0.3081150683812416,0.5397531118336362,0.5137237843807642,0.4385505776183001,0.6267738022496638,0.5226384357631504,0.6594683831791754,0.3905041251951834,0.6399847483768455,0.2153241607238422,0.4277073621967809,0.5593310909704646,0.45876731721465613,0.6000985002744779,0.12284079327844188,0.4101948517531384,0.5592906371285878,0.6797014957927783,0.22151128769388578,0.5733449546372736,0.34574642258661004,0.5295293612234381,0.8121077400062153,0.6255716301591048,0.6256457617527797,0.27151672751513145,0.4059536385038309,0.29793826200153817,0.4114100558447618,0.6214326923267209,0.6302645179746008,0.4129468802298653,0.672184474902199,0.23601476977608865,0.6232190014994078,0.5635216946464281,0.6599750877167113,0.8182951439704793,0.4804831279048233,0.18659822963979145,0.4569834825078258,0.47094828600224864,0.3408732715651194,0.35111051278777405,0.4194264654317501,0.6237556896832693,0.304057855567072,0.5046374708741734,0.4900431298929373,0.8726469055841138,0.5181281686539909,0.783837620367194,0.6610752703831746,0.37640631222245924,0.5035528863921854,0.750151816855807,0.796546211246778,0.10197545982951214,0.7032686622618729,0.6804862980742942,0.5571563490406586,0.6667896738399988,0.7986135169952095,0.19685404792537836,1.0,0.41529608056398604,0.46555111307514085,0.5777436684721706,0.7314778556401633,0.21714679253879154,0.31975549795513847,0.332787851923285,0.7944839793581082,0.5900032998492305,0.28020735959872567,0.3984151523035977,0.7198907403964971,0.5208111339036706,0.36322038788133576,0.456533338003931,0.6317012135088105,0.37219164878243083,0.17303348867541843,0.6938109283464114,0.5659312083386778,0.34734013180691037,0.15215471619727436,0.5424588313275165,0.2600202654590819,0.4558753577174138,0.2256424680633843,0.27372177242986373,0.17999935528069616,0.31402710155010666,0.6590522691385536,0.10606205285520023,0.3884134004124059,0.48205801984774765,0.26354538396668853,0.17921391188216618,0.1847301261115125,0.702626955701905,0.5868442099726763,0.21304062790080763,0.20842113474086327,0.3304826968003214,0.24496213161996822,0.482920127941057,0.4996134717546402,0.5823744492907599,0.2561568168160686,0.47721163652529935,0.3642441837480865,0.5273077704254489,0.5064509653201485,0.5944400188521557,0.15755441723890876,0.05389203244204417,0.6881813881711687,0.4738868883790042,0.18114348796716828,0.14230059400065065,0.3781882798595053
353,0.5306780429184315,0.40330678945131615,0.3456580194166916,0.49833500815558684,0.37657712981303093,0.38036993038543165,0.46616906109630374,0.3738348972162698,0.30290920394682863,0.35232313182706765,0.4663452608886954,0.3645295653514953,0.4608962685066742,0.4713392404789597,0.4143468555771545,0.3888531652191509,0.5593851492914601,0.2651796353964908,0.1889189458729773,0.2810859868446075,0.3500916698267067,0.41002103370834364,0.44977509903667223,0.5830957483281645,0.4874344583097563,0.28148152750153843,0.3502076115079244,0.41264538239962495,0.541957721916563,0.3465242518140448,0.7325697765145771,0.4857197819629823,0.3252489760006725,0.7376901410574672,0.30040986017641963,0.3477765222405983,0.3117195607551495,0.3345275318670277,0.43975303752984246,0.20924257547066086,0.48564987752963407,0.4355110183904601,0.44139978633648824,0.4679781969001938,0.33402707071954985,0.5463201835496747,0.4713242358624779,0.4023425695681828,0.44244238226430915,0.49135095602197787,0.4505642956822998,0.35095457098239896,0.4542107097610706,0.40205620934795505,0.38293677981670804,0.48556369588333903,0.3722920416791468,0.5368142946350176,0.6488991740158252,0.680789429610838,0.3874332323077735,0.4902630261030578,0.42623920389564934,0.32326782579428803,0.34362221593300124,0.375467646220907,0.4114389786904087,0.5675300675047832,0.47484268891229664,0.4274621820228482,0.4867895161425835,0.2795877184848963,0.33820485212976514,0.5351421355679165,0.5842158571075629,0.30152369443478433,0.5276635586992282,0.4447997386985079,0.4134850540633479,0.3526141634823089,0.4802098854806305,0.7832971890676446,0.8090110760279812,0.5721588299898649,0.44941510926567485,0.4612700884470291,0.4512575708307354,0.6243638775886808,0.2977666037382927,0.44519742529768536,0.386373255273495,0.29679888097129553,0.40768557197554933,0.32356322624229844,0.5135086193085225,0.3895400011159506,0.5905946514398573,0.5325405769140286,0.3478832617584998,0.26367108829570046,0.5482776607003579,0.498593874431933,0.46248128350215595,0.3390144228707806,0.5369488012804562,0.43363220230681665,0.5043916875606392,0.41529608056398604,1.0,0.5676377301405816,0.5865132281638161,0.5264425874138516,0.8332544493552617,0.7052268611545923,0.5171576401207396,0.5323779651347282,0.31371694612012463,0.4077693399754506,0.5100028801198194,0.2734117404808329,0.5776166938155438,0.595490331537432,0.5104754940943144,0.38164785117838296,0.30549410259201326,0.7196904674829275,0.43471178655955844,0.3338097593561046,0.36036265595667155,0.6447411685862072,0.3372299679553665,0.3267637615689703,0.3439517085866821,0.4429325035736905,0.33857443263425385,0.5617952170661282,0.6566006096787582,0.46267041375309165,0.521998992311272,0.3228233710253926,0.3334116488958907,0.4791272662588465,0.5438801988314252,0.660833077794932,0.4752031793866771,0.2626435531474728,0.3897746338316321,0.31120348684136157,0.4135836110261988,0.47820837923876525,0.4251854170442231,0.3180540025311554,0.39540092554028405,0.5251811278685411,0.46408481073648866,0.15002070001932485,0.3573293531459832,0.3169297091938045,0.45881490063555275,0.7501500469714582,0.5004260956042572,0.43982487849878626,0.5296545964085893,0.5710553678790549,0.4949552897306664,0.5816226021429893
354,0.5773096679891413,0.4831207692442087,0.5972112922859842,0.3692065834305458,0.4141560983304293,0.2028784388618563,0.20630972974086542,0.2050041494679531,0.2832177844063017,0.274896446827696,0.5746884322899677,0.39691334811770285,0.3308295739882986,0.4140779736460467,0.569023205602922,0.3135444539833136,0.5588415016031564,0.22597342146761004,0.2297089060672279,0.381498406312035,0.31454897416972943,0.32001760571527205,0.4514108269786521,0.5727470531789528,0.5294829099190934,0.39353367753627955,0.3538703099543886,0.4317202004932029,0.29945458702834393,0.2904690127425098,0.5719108680544949,0.6018302699079229,0.3722068973954487,0.5851803124335154,0.4489117242143556,0.322717488942194,0.3052257232320768,0.3361125337402525,0.419978092415805,0.22786845602478245,0.5206796179775788,0.28180668276635007,0.4661741404717937,0.47067753607540164,0.39531900829175526,0.43241287087681707,0.5040338610793242,0.2912053990614337,0.4899125518626927,0.283879354791786,0.5154104095948884,0.31344790967258473,0.5135058684333305,0.4489878473189403,0.3776399351853744,0.4140175838894762,0.2829068582899149,0.6367437574459212,0.5522913422530549,0.4538068262407892,0.3498185515084915,0.658873393431904,0.4331457749228831,0.3975567682587715,0.33235295255707165,0.1837624523607116,0.35697701283505856,0.3478786538072783,0.5685303373578109,0.5049437782505204,0.5596495081532681,0.46200916036517004,0.3045026359266181,0.3553672178290679,0.4380987521413588,0.34226326032636345,0.6163109392872878,0.3396195896943597,0.3086510660632283,0.34529557658220295,0.21514898186807072,0.36596747673793784,0.6435191520882083,0.42433033480758114,0.357055463944713,0.5018070085354491,0.44680313573994257,0.3834854913196297,0.2868733498416568,0.412947392707396,0.7554177850483983,0.42014025990564763,0.45017428566241163,0.33765701459971015,0.2698413825918119,0.5727718618274034,0.5876959103066737,0.37565468897085297,0.5004574407443455,0.47683198163181084,0.6037201393146345,0.31610408940067536,0.2415341758396206,0.34270997172069184,0.6948171354712784,0.5928320386960366,0.6488689597259826,0.46555111307514085,0.5676377301405816,1.0,0.48801608095629995,0.6230707675319236,0.6119077887910271,0.49338219688895946,0.5177128893377441,0.5491510353071137,0.3732534139902639,0.49864378003400434,0.4351838918793589,0.2727485887180805,0.4759397153893151,0.5203602970090759,0.5008089135261476,0.29435618940393027,0.29219396195167324,0.7355512797637349,0.33198960068193106,0.3231193934393287,0.5032075182458204,0.5415914726890995,0.28531106360630165,0.4692911379414354,0.30177013198121644,0.4706062935991431,0.4544392625613895,0.5954248794447158,0.526186161327462,0.35155688794457396,0.5456395189049041,0.28537540475603473,0.36063747993624506,0.5178814980227505,0.6451232548551455,0.5333776636825637,0.23786535248047888,0.3152121279070189,0.5171177770986821,0.46256772206349916,0.41956398544982165,0.45349268339852933,0.28615281103785956,0.2558813619732296,0.3397973307013772,0.559831542662828,0.4007369869009983,0.3060761192743466,0.44051171589663285,0.4653464920858633,0.2535589829842502,0.6199887227771478,0.6351819291329033,0.25385896193221125,0.4050936985751573,0.5112754606763937,0.6075985703713718,0.4342469931619557
355,0.5203395605032423,0.31835788388880604,0.545417249903521,0.5340191224691978,0.3913580419087352,0.42110347865295983,0.49183647491893745,0.4651565457901268,0.37876817751779196,0.6137995528779372,0.4488045043404877,0.26698425223217587,0.8328352236613128,0.4537187758418149,0.3274182838084929,0.3462701343444209,0.2597142635949663,0.5467314792270329,0.5319235358042177,0.39681656350903055,0.41788199499109274,0.43305775207590624,0.49567723718126316,0.24534334481513376,0.7120752696761037,0.6157059067748526,0.42862436763668155,0.1984444602456367,0.5426792098572796,0.5978429058159176,0.35514635728391436,0.39121578957310077,0.6335297001835648,0.3208311276280066,0.37936755894116003,0.5297046718339762,0.6259268486277894,0.5491626130951647,0.39030381680021153,0.5788977593747271,0.2177512481912078,0.5753244892147749,0.6091274673597595,0.14510171677247963,0.5504757774559224,0.41221925530552883,0.4691815981318917,0.31940544511150093,0.6256102884920485,0.512971532447712,0.48475595861990084,0.5467904669691412,0.3263294797883453,0.4368744372629076,0.6936606305829951,0.6696271596550902,0.6184496439868894,0.4343530016790653,0.5116280618103152,0.5273787354415752,0.7576979918635546,0.41560478272720486,0.6688170769477993,0.4320997331279619,0.5348144956091214,0.48122304946042915,0.5529366494443508,0.5535160029219667,0.32097470063595357,0.4209197619182806,0.46489347111286483,0.48020510093227464,0.7106086758369159,0.5272413468756116,0.4814049956166949,0.5745771789860817,0.4492991670033495,0.530244177832574,0.6504095746019447,0.5750202855807233,0.5447717818337027,0.5699008030757838,0.4140629685076628,0.7676911106056232,0.4112320507474533,0.3914598871149943,0.6470637117348684,0.5186547107859145,0.49557431924472806,0.618095790904964,0.36773864627731445,0.5466426215457569,0.5388586861798442,0.5756067883402853,0.5081948288463564,0.4854948219310071,0.49645183214091926,0.7899627696871666,0.5191276433656348,0.5373157887076092,0.3497323828910194,0.6386694806025143,0.5338309435756252,0.4657778044423202,0.41689084215858024,0.6266244284803002,0.3750237743664691,0.5777436684721706,0.5865132281638161,0.48801608095629995,1.0,0.6470451651261433,0.3935814592161119,0.49683617762299553,0.502257811521145,0.5214451677023528,0.6570891001374397,0.41194897794529756,0.20562527138507952,0.5772017250337629,0.8227896882729084,0.7646277732487541,0.4936082401355991,0.5104435638903105,0.30686531792013394,0.5825548201860092,0.7371471899433322,0.6089845804934664,0.2594133055767374,0.27718759829664497,0.6664839869536658,0.3867528284452941,0.63395416060778,0.29186408726251845,0.14852387570124237,0.2581369092521209,0.40249697147858876,0.6216101894091716,0.19538599178749289,0.2921381839956998,0.4814802200673031,0.3651689351344007,0.3111747454227697,0.35251362540956965,0.5806678007170586,0.5846100707976636,0.31525380633345457,0.250355988723877,0.3363475292961482,0.19888093996372222,0.38997903075575263,0.3486036857081702,0.6213594788478012,0.26469573548510233,0.750795571624461,0.26524760554087873,0.6050443948453187,0.4354118679683274,0.4606945528179886,0.35389860032145626,0.3460883775916411,0.52602745046775,0.7775382900359828,0.322579935529933,0.2667166315369054,0.27361266361816494
356,0.5885191839875799,0.5104500531827343,0.6319573377838452,0.5062191273430222,0.46425581441386604,0.5778972645344636,0.4804721214055825,0.47571229549314087,0.33947069895059917,0.5649267221126459,0.311557664278359,0.26098268039475625,0.548746689633528,0.3630390508575306,0.37341479188043286,0.2958223526594387,0.2493554109464617,0.46838052398145286,0.42144931211737496,0.3218176605890458,0.4488084955611183,0.4404554560347023,0.4701274603015387,0.4053705787377535,0.49074203622845475,0.484263189826978,0.3963734642827712,0.17118862606921958,0.4031349880843199,0.6658215178047999,0.30370602686328513,0.5380106723131062,0.5066989892587338,0.27980653232980257,0.32815843896611224,0.5752210653062042,0.5482636919546667,0.3978451460654193,0.47268594343974835,0.44685115048600166,0.3323717288423546,0.5689572115560365,0.5414362382295344,0.17128475149947647,0.4181719504825543,0.49745156372946575,0.5734132792750584,0.3815405818497026,0.5450274238123032,0.5201915681204147,0.3953407363822872,0.5689875918078734,0.349228290278203,0.5888214761626953,0.5153120881550688,0.5089149346963691,0.479649697793075,0.33215896356104047,0.43415200269467324,0.45580825222075655,0.5612293821111176,0.3303522437138471,0.5299349630121345,0.3240654420705007,0.4951140037642966,0.5221689654365705,0.549541780600198,0.409969384278134,0.34731785612335203,0.40489208080998007,0.3749165983835029,0.3855482462373516,0.521854422038841,0.5003584992251425,0.5623747847577091,0.48756165505684806,0.5958087390751039,0.5279190414933932,0.5008420143591674,0.49362685685637203,0.5163641774518896,0.5177513054813221,0.2987987571264956,0.6033558786989885,0.5146083859512595,0.5707606298849948,0.4234763518644683,0.35416836406983104,0.44003736661453,0.44988889137773924,0.5375133792695916,0.39308891776168675,0.6703661133798045,0.46135362092389476,0.5476921588839802,0.7544639726710294,0.4307827578847414,0.5719988246046551,0.6318159526709717,0.636359184244762,0.34253315026382675,0.577535114905597,0.46707617832964166,0.3732489686010106,0.5827389960338478,0.7113252719115385,0.3420617419441044,0.7314778556401633,0.5264425874138516,0.6230707675319236,0.6470451651261433,1.0,0.361396630227483,0.3576959076186089,0.6276355716865751,0.6876992469532661,0.5100058783081325,0.3120704763254738,0.23942291038998864,0.523838993656569,0.649108550047764,0.5869905981425609,0.4773341128430458,0.4870292150905873,0.39566552810603295,0.47198670597926606,0.5689717775444196,0.49870088674873436,0.34489616221094044,0.27031861276050434,0.6440277420729952,0.4796128334949724,0.47897709791693766,0.34025144131380813,0.20112253138172226,0.30047519799251005,0.38671782148886996,0.5829231261306261,0.359316058114198,0.23613462502103866,0.4218931998886353,0.3922171018593379,0.3678802601585364,0.24942080335845335,0.45029271660446707,0.5172482631421864,0.23817713770631482,0.3868000955658695,0.4945254526215948,0.2423627412528397,0.29152825772932467,0.2854177592351882,0.44908289970420423,0.31834719773658166,0.5462403754508272,0.2742272192877717,0.48433727462996734,0.4119020299344745,0.3856496823106792,0.2662372354116018,0.2918301988062787,0.49561808714164024,0.5698053179775545,0.24608957705665013,0.3351339866473806,0.3260583663496949
364,0.44418763694954605,0.4951417133948451,0.22481062458321904,0.3750785982043528,0.3977467110495777,0.3134748790839489,0.3596571189162444,0.21838881568331495,0.27309721473776505,0.21442946708331156,0.5268066480233407,0.43713977514357705,0.31036775696609986,0.46951978458878596,0.5020263858320004,0.42115160913472255,0.710086082030776,0.11302274181409139,0.10309111737767879,0.32753718766016293,0.2997300524430334,0.30252361728105354,0.3613914371092139,0.7562948338523601,0.5112435170675788,0.26702130462918405,0.3927765584150231,0.5072840766961522,0.5277921771259234,0.3323764378607039,0.798505474105371,0.6002174103653082,0.2618361579217789,0.9036746622159566,0.4588459851729712,0.22113056592953742,0.2455087878939237,0.2584226933864028,0.48549422652993807,0.09826937220320295,0.6713635856768252,0.30301692772662914,0.3480667944339718,0.6559949706294639,0.2773443394434384,0.46118953822313125,0.42147528802160883,0.3769527024302405,0.3902713421979199,0.3028493109739624,0.4855141805962369,0.26507482690359224,0.5762067999846453,0.38941739575375056,0.2800268020365927,0.3246778426533675,0.2532590831378635,0.6653554708173213,0.6069309526918578,0.640319234572438,0.24057643512140772,0.6165615556476696,0.30609388188169634,0.32087462013239504,0.2356471572511677,0.24211701728029209,0.2742037408894042,0.486143886403297,0.6218778297963492,0.41446176803121143,0.6095442131393675,0.2848883855920474,0.21352594170046946,0.4713928233457978,0.5985829555418776,0.21088596474058482,0.6222503835923328,0.3217493045627845,0.37509568502447654,0.20780860333504958,0.31817563709114155,0.6976766204981115,0.9194178252211376,0.48084509163023553,0.4312322291440003,0.49845735013672987,0.43732263235846214,0.6953429926786888,0.18950552116727398,0.5600262506897813,0.4411493979715829,0.34708240113237954,0.25745239557852084,0.27157416931750267,0.3080490633096017,0.32687659481899256,0.5779800504327212,0.4147154054433333,0.2474414886270641,0.1863255627568355,0.6237051189498757,0.2809011903465571,0.31535121377758624,0.2616485496959436,0.5209369308198408,0.27145888314336675,0.6163908325470183,0.21714679253879154,0.8332544493552617,0.6119077887910271,0.3935814592161119,0.361396630227483,1.0,0.7086084265213642,0.5237273354533514,0.42166686365035355,0.2568568381647053,0.5172906929957046,0.6166904384196987,0.1463353648432585,0.38973313647598146,0.5803309754607515,0.5644486436627838,0.28188592190786005,0.40618848785147654,0.7694822920727127,0.2290180881780065,0.2096146053556949,0.4129487068290123,0.780300875288919,0.2318145050690263,0.4183240545047104,0.2100911410680834,0.5441539259523445,0.48416821777113883,0.6913909590710252,0.6954080968979143,0.2800989773758965,0.7173294376515191,0.4267502185755387,0.21500161287282593,0.5129080830622734,0.6686378386809003,0.8414186018473141,0.343870243020454,0.11459335357690593,0.5049290942980544,0.46628443618385584,0.4530873397109243,0.6535434433221081,0.42647475767214904,0.322867969917914,0.28276332182942676,0.6255322445234678,0.38676359412023664,0.25750068391981284,0.30959952019421344,0.3932313057375679,0.42649570212947474,0.9218762601930335,0.6726258258605414,0.24338594554407006,0.4311190961468527,0.7317704582361386,0.6666742540048703,0.6241141540840263
375,0.5020591338815271,0.5391846518004917,0.37773656064416117,0.45848768989181254,0.4273001897241453,0.44005087418252076,0.4487587399795522,0.3784994841538195,0.34149186136242127,0.34805609363495704,0.523208544019203,0.5217222074410165,0.47298528267645545,0.4348623039931254,0.3841915990869161,0.4368294320673173,0.5716081741395291,0.28111621383870145,0.21773751724565024,0.3212298494120001,0.39990831982013053,0.4724573419110661,0.47138711224642726,0.61217223107864,0.4578161079275773,0.2891601379530066,0.3888066573369008,0.5491188302737408,0.7101370878142319,0.41793334285061357,0.7446707174059698,0.5031241563877308,0.37458057230033565,0.7166584553055346,0.4033263905500396,0.37745282681904946,0.381971915682696,0.41253205182336283,0.4746862539012776,0.22952751941883984,0.558877193531634,0.4110642716434386,0.3339308939750908,0.5182043893959147,0.4282522246406319,0.4273695535048631,0.31915993148017896,0.5207059421426519,0.40779891867837575,0.3771681064823321,0.3090803514862012,0.3378687219348907,0.3792046552685455,0.3967913659981793,0.30739454856366066,0.4731860211774765,0.27844097319959205,0.4944753210629051,0.5330237057319154,0.5008291418148223,0.34107508465769665,0.46111369380915207,0.4007060489729366,0.47088187018588734,0.24680087386228614,0.3373191774117493,0.4272621602068622,0.4776615324030834,0.47538815686270064,0.38455705473385504,0.5188122902475721,0.3540782111470472,0.36223263398540895,0.528249598393934,0.5143652123876254,0.24590012376184303,0.5453213160955594,0.385784344499399,0.3243520219466368,0.29233190772704803,0.3707303411748948,0.6566997272558319,0.7492123010350125,0.5623149338388359,0.4326217999970564,0.42194009550504563,0.5055097386657088,0.6277122322318225,0.2774750149992863,0.5133040152202025,0.43059796737135014,0.4047956319572342,0.4337160003517959,0.38821419369326915,0.39740964191341227,0.366544912923777,0.43630233532533835,0.4776909693043526,0.34606467471512636,0.3902453050772765,0.4633517415882134,0.40191821046992937,0.5740291951790228,0.3048580179628532,0.5579291209438713,0.4134862723338183,0.4564474708040982,0.31975549795513847,0.7052268611545923,0.49338219688895946,0.49683617762299553,0.3576959076186089,0.7086084265213642,1.0,0.40416028107969004,0.4108928377039244,0.43056397776201605,0.48542187572304735,0.546610223335364,0.2834596973294735,0.4892149186779309,0.5180178377077344,0.4889857051021126,0.4833129879763809,0.4119741881362533,0.6030465739943456,0.33017632922031814,0.27532774155671913,0.36136180841527876,0.7047868915006451,0.3793815791069407,0.38681875031647883,0.3468620721445308,0.5222759846767551,0.4964716324417409,0.5544898170422667,0.5992510422256161,0.31479947356667143,0.5671976920326619,0.4622908116338861,0.3788082988004715,0.3698737784393736,0.49667091903422167,0.7700096144302209,0.47768396129748525,0.21704724792589605,0.3970940784837663,0.4427012061224386,0.4261483169844772,0.47790181145105604,0.5179451877873367,0.47227104405000797,0.3203016474703454,0.45525996418379344,0.4416899847005511,0.33278170731693374,0.3274003945424998,0.33275344513232485,0.4414290009469555,0.7697969342747168,0.5247408917652763,0.3691945553328804,0.44980852837599905,0.5749858213184589,0.4717396155385829,0.6384481281717007
376,0.28326087770570385,0.4134572737249935,0.36918627727315934,0.410609236637521,0.37154392784153994,0.5732656504781717,0.3755136568923532,0.2910738609458225,0.2777502841437294,0.4603320577726466,0.4724549158697008,0.2856127808296085,0.48802343284120964,0.45706149297412235,0.5121100103340009,0.31865698750761734,0.3869934664206861,0.3589837282810448,0.31791162411678786,0.31077731898656025,0.3460399278420795,0.29735900492158446,0.4030610996047093,0.6417151405184431,0.5269859076580797,0.4426238377846576,0.4754692578653578,0.2634706539382544,0.37508952092628545,0.6785952001845992,0.452249999692715,0.719205926048918,0.4095417056498888,0.4948617507584665,0.4452689928913586,0.33054051121090455,0.40997072962470993,0.40689841013216366,0.6859655661900335,0.3051776979503957,0.5295250157594849,0.417137958979069,0.461427651705699,0.34603093433763527,0.3578931409547566,0.43085799648465395,0.536393341884475,0.3122695577765623,0.5070642804791348,0.36960859958052183,0.5668822682152206,0.41256160544050546,0.4763775265692863,0.6370624181929109,0.4233511578560331,0.4098359207061817,0.4420470454133356,0.5100323430763739,0.5235831617991692,0.4567033018901967,0.458405717566739,0.46664573464745984,0.47460797511324543,0.34247033138701455,0.44248723006240875,0.3208903684744352,0.3775343300290105,0.36367620122206845,0.49386550209567515,0.44063474347748954,0.5387850036300192,0.3438615052264713,0.3629030218848016,0.32742976429648535,0.6398189061387518,0.3571036494537972,0.7855706344727734,0.3978796681023349,0.5545116980627389,0.45022068411742866,0.3637001759679236,0.5055457799753671,0.49793581452194535,0.5750488209279949,0.4887703227027384,0.6535914290157748,0.4743127396783089,0.3542911078439185,0.4281377940676718,0.5090536949345508,0.4256566040613363,0.42871499534624385,0.3303581405143885,0.463420492480073,0.34191516726371435,0.5658475089728937,0.5199373813387895,0.4946784535823178,0.3706891646971332,0.398563289874974,0.48442272581367396,0.3981235424055808,0.34556805100242066,0.35471785709877046,0.3976869134389056,0.3614944973791592,0.5101848229267721,0.332787851923285,0.5171576401207396,0.5177128893377441,0.502257811521145,0.6276355716865751,0.5237273354533514,0.40416028107969004,1.0,0.45878137850613065,0.40354801683399993,0.41661517702323886,0.3391213783060206,0.3501785410329009,0.52567259343215,0.5511843782372412,0.5402037504595482,0.37575935542291244,0.4050403611433224,0.5879115591822391,0.468212560125871,0.41206838575308213,0.4237693868852949,0.40094062400795594,0.6213953137571114,0.5773129930571758,0.422195980441749,0.490064520375301,0.2942605661713007,0.44072223194611576,0.5356968925553377,0.5044506920921714,0.6124787122949149,0.3471742939350758,0.32019657579527067,0.45134256346789847,0.5614649572881935,0.4262489009240988,0.36111240352869695,0.3840306179276529,0.3895177173608805,0.5994189088735599,0.6439143003301936,0.4187388393152478,0.26753340498252204,0.21975661277157205,0.40211262415544347,0.43327291377358723,0.576672760235519,0.34344517958108917,0.45826667187789655,0.49828651001142354,0.3602302515578829,0.4842171103431609,0.4956060845416632,0.35962046759383137,0.5766408798733195,0.4615462765299913,0.54192674194964,0.3632701213046458
377,0.6420953937190316,0.5886684066998054,0.6555875591810902,0.5121295432190704,0.4613907193232024,0.5136720152252205,0.5102258969829937,0.5531281895299401,0.4485049497050255,0.5365743922636607,0.2487550084806947,0.3557978911673019,0.4722563032464822,0.43731269092836633,0.41096681392282103,0.3055574520533926,0.2856374214283628,0.5711690917686459,0.4895514996534847,0.3617078017388998,0.5187076466340617,0.5736053012015363,0.47690272677170237,0.2824726771692394,0.41430868295593015,0.36143083365682516,0.5262458513644084,0.33136028816778323,0.4531969754618581,0.5148615826226084,0.3302502559917744,0.3051480100988897,0.39673605675235146,0.37247383305215154,0.23652092036371614,0.6526689036993178,0.4981570078479159,0.36036876876395224,0.32675574522670614,0.4857981341234558,0.2590351215395706,0.5716983040201136,0.4359170696859845,0.3412892943829172,0.40216280737050564,0.4923167388204335,0.43394528447700287,0.5400916236730191,0.4854489447024455,0.6189309829112117,0.39870395495856753,0.5468619841053564,0.3223119897248119,0.34872899488278913,0.41059087464493926,0.38162933780730823,0.6016241534036892,0.30112509471031695,0.4413233673267439,0.6341926327245865,0.6004254788020064,0.19929685499217342,0.3956681919543225,0.2694941257090866,0.428442572235885,0.6531777623742986,0.5059701582449596,0.5688707697669994,0.405386152981001,0.45558692000754514,0.4238083417626317,0.2585515491763681,0.474036449625993,0.4737726158147869,0.5146494628223608,0.5359878071683881,0.39394425332463223,0.5707165413487325,0.6512832090761267,0.5522040141884079,0.6620476871986181,0.612036944661479,0.3433707343944379,0.5270866725897172,0.49854180186237673,0.358284124873415,0.36798839671229916,0.4328377046022054,0.4741614827134899,0.3777106327405897,0.43842346903757173,0.5365899891892876,0.7010510746095404,0.36276543166766295,0.6085830031994588,0.6283684327943243,0.4865132938860998,0.46842016241331597,0.6811667093594564,0.6365735359989295,0.2680288470016908,0.6231040533203761,0.49633103421327773,0.44421956600492535,0.5733788317873518,0.6870265656892035,0.24780262563860794,0.7944839793581082,0.5323779651347282,0.5491510353071137,0.5214451677023528,0.6876992469532661,0.42166686365035355,0.4108928377039244,0.45878137850613065,1.0,0.39459187152875325,0.26396991127595615,0.41720151051837856,0.5677649963294769,0.5143094549751785,0.43233936652716415,0.48957824722370646,0.4670471184171522,0.33048829055525597,0.36853398449165303,0.6707020710484827,0.4296515962642424,0.41007537153072005,0.312130987456099,0.47737525937359715,0.29294564282226765,0.41901561232195716,0.2755359539381977,0.2923934700181942,0.3163610284997578,0.42339149125811415,0.6410306737107845,0.2886112622612078,0.38801162159153757,0.30412052060597905,0.2823726596944447,0.3287825767309807,0.3590426417259457,0.6625658576732141,0.3956994031580539,0.3195694205959119,0.2649383433083746,0.31729793666551315,0.3098233058126806,0.4671267918288511,0.43057223685118057,0.5507352105708485,0.3092993524518661,0.47254967600420933,0.42070109010621815,0.41187606055083237,0.5070089376973319,0.43969379623524896,0.35046215376901046,0.24557369893207476,0.5346357204985765,0.5796509454511197,0.32083381184189763,0.3033700777362538,0.41398112350273886
379,0.37220262008481575,0.4174099783469511,0.5045189843394636,0.530007040018843,0.46679253516367447,0.5745105682877237,0.6887255204309117,0.5839425704247778,0.34224999294000924,0.5512629457541991,0.32067260920729557,0.36433868140628034,0.6670086222640441,0.3712363771436983,0.2973917242230021,0.4304856523087097,0.18208609010960192,0.6816535381926482,0.6647373616943685,0.32252892506585673,0.4196794522165202,0.5269856141895919,0.4801054696504714,0.17340223226245588,0.5511388957887171,0.7793465429458143,0.4099241788467193,0.39150873603421266,0.4880103334076933,0.5553622621764425,0.305660053540487,0.401610401138461,0.7720534629199195,0.21113246222000492,0.6382281495339855,0.5337582304715995,0.6416993470954943,0.7843082189944462,0.31895225939681476,0.6718056652929112,0.18916052828694252,0.5315433666778677,0.5358972464534391,0.27189422083439296,0.49576212943080267,0.5117514997616596,0.42074962062255,0.5559548296477581,0.7792262544808931,0.3912109266528951,0.6028330145376476,0.5809282930596888,0.3124279132905649,0.5845185126924426,0.7580297292014639,0.515431180194774,0.41487507259083956,0.2933272681499985,0.3578911515229122,0.3094522221021828,0.5642111856638894,0.5284020127740415,0.7698551314166042,0.5122138068836444,0.689537696150039,0.6013585379495816,0.5735157668399655,0.5321081702362737,0.38000105988435806,0.3915081625011312,0.3516280079904185,0.5988773403774583,0.8125870503706192,0.6227123102849178,0.35523415869455527,0.6263787404557165,0.40821123787925545,0.47521088523046806,0.4977295238750604,0.6369745501428293,0.5786350302096328,0.38879252918839813,0.23089685806512852,0.6514625321716891,0.4472441666193258,0.4707251561868753,0.5843021532631414,0.4123777171993627,0.6194021983829372,0.5833203489154886,0.528041940323372,0.5028906298323812,0.6457383488019839,0.7905641731555277,0.5852926327661307,0.5303481662824192,0.3551959444937012,0.6121408989472628,0.6102632680835656,0.7323678896281555,0.2807515800251079,0.4959396983327108,0.7370166625640291,0.5821101116453303,0.5538122332922646,0.5420051753091268,0.5661733818321976,0.5900032998492305,0.31371694612012463,0.3732534139902639,0.6570891001374397,0.5100058783081325,0.2568568381647053,0.43056397776201605,0.40354801683399993,0.39459187152875325,1.0,0.6054809447356639,0.31994922171796725,0.7475743443598777,0.6262384008238966,0.5550599675024259,0.4560821108318161,0.6767228415913719,0.38257030687415683,0.4233906258171817,0.5812964705474318,0.6083485096027474,0.37317041803623197,0.19864232492697864,0.5677210178385449,0.3510972863432894,0.5297868595800039,0.22542309031812607,0.27749310048300024,0.18548732181270744,0.26538905857115686,0.5317113079521036,0.14807394652060327,0.481756058676057,0.6484615752865803,0.4759561745513962,0.3218988196940044,0.23646497210894962,0.42112631240619514,0.6830025581569272,0.21580527700513236,0.4008186642371455,0.4661865966186477,0.37142886466721475,0.335712728232329,0.32082490919278733,0.4754725279822247,0.2842006528919235,0.6358574446130733,0.4609696164299447,0.808860446983751,0.5986005850960042,0.5966244782374575,0.22222641256015135,0.2612744150180395,0.6202098312335725,0.6082567659507028,0.1478963725059376,0.22695793642252465,0.49673280221349936
383,0.4333792205053474,0.353672458430577,0.33451101999110244,0.2557765845513778,0.4068548201875124,0.44071589240537606,0.5129370136323397,0.2969397295813902,0.32453373815428677,0.3266561507855601,0.540328565454874,0.45386345379498183,0.43206222101210956,0.47015546728720103,0.5083762596475455,0.4150879135622071,0.44432616367006955,0.4465524957212792,0.4644503806318844,0.37656740309308906,0.3093465761434697,0.38751488953030344,0.3509234604809524,0.5153748760637363,0.4770019293508796,0.5335993226700151,0.4650538890434862,0.5467657127627812,0.2682872047426182,0.3613324163822741,0.505856450113392,0.5018582302983408,0.5767357027825282,0.5880160137569647,0.7942906552512651,0.2981444236762919,0.31723789183483664,0.6215255897184011,0.5090109021284739,0.4288389716134847,0.48374191860137267,0.36653624827021336,0.4064039323273877,0.5763823471564687,0.33006463819335236,0.3803996364489929,0.3487648942844291,0.405064427813902,0.5907964955724682,0.1455285686983511,0.7314836808664826,0.32432810025601644,0.4794437124976493,0.49136423988708766,0.5402845061591462,0.3676464054122621,0.29618642423304575,0.5351771101538751,0.40746188812202905,0.34536324163864107,0.286846443074551,0.8093503370521478,0.5691198605524108,0.5823272667558748,0.45832238966134586,0.3411592630271999,0.2690523013860574,0.49100958466560474,0.5135930888016222,0.4209703074719514,0.46030713673223556,0.5749755036367636,0.5638289631403433,0.46379889558801274,0.417357412605635,0.44211730103805,0.5036130818220506,0.21073842269516332,0.3458231969762132,0.46062714196571714,0.3152326161731086,0.3829242034556388,0.48490847998840836,0.48685251052278117,0.3380770487259685,0.6136646096730882,0.5935698096925361,0.4520897228494559,0.4954675167411995,0.5561487864869811,0.5937592043251074,0.4169877146545736,0.3812634613141652,0.6334917239818791,0.3849374966553224,0.5101736148127753,0.5805901640254632,0.46720884257619333,0.536416763772914,0.4472774320003772,0.5625175709499848,0.17493824755766268,0.4389484872774484,0.5330284247547569,0.42394308891401067,0.31479994542324785,0.7962017472004284,0.28020735959872567,0.4077693399754506,0.49864378003400434,0.41194897794529756,0.3120704763254738,0.5172906929957046,0.48542187572304735,0.41661517702323886,0.26396991127595615,0.6054809447356639,1.0,0.56945390860259,0.46318262073951055,0.4542659624099502,0.42623756306275884,0.34231889967696705,0.3590395533787496,0.4204093101201667,0.6152351601230005,0.337455257449243,0.4726103218628436,0.5521520471148436,0.46824636744915726,0.3229760383099197,0.40696934234958515,0.2901559165447643,0.4222124770729619,0.4605631777922691,0.44903234071663567,0.4134158573326305,0.26494514469277347,0.4708679790461838,0.4117414505303257,0.5084985182594428,0.6570219045053514,0.5867691105465596,0.4703948487708665,0.18485336791575727,0.4269393852611872,0.4968255254075105,0.552172701703351,0.6365474001645826,0.489156600293135,0.2872070302961207,0.23814877410272223,0.42032460199294064,0.49311310258257607,0.41685913107424927,0.4814118568540364,0.6561234726377334,0.5200656903696589,0.46299214352290463,0.5470228181992748,0.5814726990589841,0.3481204930132285,0.44701501900747,0.38403020570012947,0.5630343308459181,0.6589057805347667
384,0.4599086284218198,0.46638560524556455,0.33315341442022817,0.3112342945272467,0.4706519299522642,0.4068735101558895,0.4175268783394567,0.472896255834618,0.47725397268029385,0.23383480560390854,0.41002574906155415,0.6832349126783137,0.1712414804501698,0.48854231720197994,0.4399187706531401,0.5389296640777866,0.4728113556601844,0.42043415736323614,0.4840898598208294,0.45392528574780266,0.35435325383023636,0.558256465613588,0.3911174434137124,0.6233856703463896,0.19315569907559657,0.3384106060842652,0.41694848686806385,0.797315907518952,0.400078909870763,0.21782484327993348,0.5532428365296449,0.3962504570837589,0.3769129770742576,0.6487947975562134,0.4719089054472289,0.34852124075511864,0.20329573893571018,0.37328768861192957,0.4257340453945819,0.39621170476321577,0.5925007143220246,0.3115968211107359,0.14623552929916567,0.8615897158442704,0.36233830831494995,0.35499099422695635,0.3435645272422678,0.6799224311579903,0.32610731193233555,0.39565287768899515,0.37564973214713215,0.22809397471596332,0.5039696237446735,0.43229124282922643,0.29851364855876894,0.28697419595951135,0.3157503356376707,0.42997280870297255,0.4888125938666896,0.5405520535682145,0.2788550120867221,0.6045913798165146,0.35237211347447067,0.509507460916922,0.2437466011145878,0.5115896191769888,0.26343940732552007,0.5104006913741403,0.4419491241845618,0.3904458341445308,0.5590333440361218,0.35048932322655096,0.2924999510786989,0.49199141488807224,0.3931638370983079,0.390546441092139,0.43366782493326983,0.3444126304161328,0.38495213750804924,0.5169994321485619,0.5125756530027821,0.46925858644163176,0.6427665127813604,0.2503512188776057,0.3549184545445446,0.5664447892947191,0.3094998564027227,0.5175865807671969,0.5321730834978854,0.3216803377240208,0.411195721908318,0.38548135678277434,0.3309707206217878,0.43579019467279745,0.5391611188445271,0.4358016615678505,0.5829789670006815,0.3196725357209871,0.3715987456205424,0.26141759989221414,0.4038867102419273,0.2904411686959181,0.43067725875428814,0.6048801180730635,0.49951048262865144,0.3832586517603413,0.6015705189441922,0.3984151523035977,0.5100028801198194,0.4351838918793589,0.20562527138507952,0.23942291038998864,0.6166904384196987,0.546610223335364,0.3391213783060206,0.41720151051837856,0.31994922171796725,0.56945390860259,1.0,0.4622766304075391,0.1889936207988018,0.32935475160986727,0.37123113823274945,0.3361015277925047,0.4513871348682857,0.47671959971815636,0.30517645403871674,0.28913974812623255,0.6365682890143329,0.6111283869405926,0.13982791955594584,0.28161654664453273,0.07238908508284213,0.49034530614738747,0.6902374669885394,0.6081047346711335,0.4752285005083107,0.2694706044163706,0.5696007215762213,0.4308569019029186,0.43617895852731625,0.5468395148046272,0.5449261565987015,0.6514711600917626,0.39780134518956467,0.18478701362426664,0.6153203337641184,0.5008336500424821,0.545401277628457,0.5768104818380329,0.5381616617269285,0.4432735981243783,0.44840285601424745,0.5820615997151928,0.17726147901962597,0.4785612659435202,0.32410428411966274,0.5370220505014215,0.38504892177725364,0.6636429925924479,0.4915540465235786,0.28689304226870566,0.16110013017420138,0.4989676847138785,0.5730287461824393,0.6293567045035432
386,0.44347530986497297,0.41992776351487054,0.6774131293282455,0.4796509908619098,0.4352794414419038,0.6097852349038448,0.6499708862903408,0.7569995381017949,0.45931616808616726,0.5865845865253346,0.25186594303369164,0.40198180267625944,0.6400886458515068,0.38552907999553676,0.3923938412308584,0.4094054965458518,0.05284717431006781,0.8769101673011039,0.854474066224952,0.5286971851271788,0.5358637532247308,0.687863109562243,0.4747945272057761,0.07131826445106396,0.3469571445657882,0.6508174191006809,0.6384568317634649,0.517733574399375,0.40079865611478016,0.5017772545093836,0.21006174976883857,0.20740898991891496,0.6911050199189418,0.11488418856474893,0.5369436914269461,0.6375473220681489,0.601242399388564,0.6904870199681324,0.31751609102223505,0.8257223527171639,0.08353917050499393,0.6127167843316669,0.47052605584224877,0.39149417630394234,0.5276300050735738,0.43885864212109155,0.48324608448396683,0.760580096152887,0.6357639750480581,0.6214036912900166,0.5189882441300094,0.6191194117134126,0.3135199498897091,0.46139531386153787,0.6643541877020067,0.541626034323974,0.6149107375953973,0.16706093898560886,0.31596969221352644,0.4421685473254463,0.7510779325518416,0.34755797327572174,0.7334503465081055,0.4385830400315203,0.6346630772913887,0.8021158760667149,0.5874111956708246,0.5249840489966358,0.2522435973636049,0.40546980602647076,0.37690747442880723,0.45331065295867,0.755442230475998,0.49806260101068045,0.24426423738588893,0.8264777396440761,0.26594199273492397,0.5640831359537667,0.6579551946394226,0.8273101510309775,0.7355107483151047,0.42088676309972506,0.08077619633309072,0.5511070794257431,0.47081311698821937,0.44971427243591067,0.5280814693556704,0.32284719056468314,0.8481795635025173,0.4784687887889396,0.42576036589630195,0.6241523189441971,0.621297523869058,0.7082392246198075,0.7798035803398649,0.578927941042607,0.5035842104153501,0.6221346691201627,0.6562171948025695,0.686486806612906,0.23300901850107644,0.6215548808004201,0.6894796790077731,0.7644624294522919,0.41383260866767635,0.6761191117003902,0.39986010209767,0.7198907403964971,0.2734117404808329,0.2727485887180805,0.5772017250337629,0.523838993656569,0.1463353648432585,0.2834596973294735,0.3501785410329009,0.5677649963294769,0.7475743443598777,0.46318262073951055,0.4622766304075391,1.0,0.5446766026875758,0.45010363509380535,0.36849957892203794,0.6057076290994876,0.361252402514082,0.2839199730077219,0.7847262473939552,0.5694478645292482,0.45209876676702554,0.08962061080316328,0.5438947604720242,0.21545519292589732,0.5058171317855981,0.12437393559833149,0.28547363073682885,0.10842287354386076,0.19731272725640453,0.64265492818144,0.041578104612953574,0.3373361899927466,0.6036850158436968,0.39737220715629235,0.23859566076973282,0.11414298311031555,0.6223808852506267,0.6290083933455703,0.36382976299939207,0.27405358628024834,0.43706755967212757,0.22133650570399654,0.5574667497629389,0.469437298275981,0.7036827219310859,0.23336225595892102,0.5463905597734876,0.538178654479712,0.6985366037497588,0.6556224182817091,0.5206400403827679,0.08264969223623263,0.12415021269008725,0.5863844106869378,0.578274710802704,0.048440056006447525,0.14865007558452487,0.4040331494301021
388,0.4879180286770088,0.3514675080434442,0.5526105702855699,0.5825203669239113,0.4407402158865212,0.4613522903641188,0.5325630986395542,0.49781924683813417,0.4006177924965017,0.5755889344542505,0.43526207525934824,0.2782842598913582,0.7957320821158973,0.38598465626166617,0.35446265377429365,0.37518333422611316,0.3347192757479305,0.5641534565708866,0.5314989374464855,0.44674951991694767,0.49308143770034424,0.47471206349925754,0.43262015210644095,0.2971428426857048,0.7003474108848942,0.6401287063638456,0.5465032785265067,0.23877996644581928,0.5596983998217709,0.604011578969389,0.4249435248755894,0.4371383254594762,0.643041380751695,0.3837670597433607,0.4232612152580093,0.5049105304331227,0.5975598771656172,0.5780780135764216,0.4578362079623782,0.5597152199704891,0.27192337960666874,0.5776175591973967,0.6387517704393939,0.14651774922646602,0.5574587014638165,0.3518828855585067,0.4637400610799115,0.34827651223267875,0.6218380783051953,0.497088019385476,0.5495259913555419,0.5367405158006808,0.33281772599730913,0.40794023240015087,0.6208859236101064,0.5703914871658622,0.5359811909952776,0.41408274852763,0.3955523364804341,0.45690712423852997,0.6952737493974281,0.4314722140288083,0.5941565966984617,0.36647011944832864,0.4962180556763179,0.492424569167877,0.5626125620719744,0.4951736675249697,0.33518406994269256,0.48581486476900626,0.4223930585262239,0.46552836904451594,0.65372402980185,0.49506288510146995,0.4524030674941981,0.5171494435694747,0.5074580915502425,0.484185134990587,0.5997800197694116,0.5306352951098628,0.47027377109820834,0.5843859109360405,0.39640514634238744,0.7476228561415528,0.505578762945876,0.4157598342102835,0.6478586833711959,0.4513077223052655,0.4930686897238322,0.6291565033182351,0.37855799810065516,0.5475227672499929,0.481277205143328,0.5729294296040248,0.4879098056895709,0.4521685603005412,0.5380787602757326,0.7482853639497368,0.5045719996474171,0.5699776352848841,0.43723798607083486,0.5699704275312281,0.531038154414159,0.42806780624408913,0.327458449853404,0.5771378907462528,0.41646813734492405,0.5208111339036706,0.5776166938155438,0.4759397153893151,0.8227896882729084,0.649108550047764,0.38973313647598146,0.4892149186779309,0.52567259343215,0.5143094549751785,0.6262384008238966,0.4542659624099502,0.1889936207988018,0.5446766026875758,1.0,0.7017592711170422,0.42292384607225175,0.5022793749777332,0.32914107977244145,0.610727523117705,0.7006555654497116,0.5596500272741096,0.2713653727717179,0.2638199477328593,0.6644252459865185,0.4479718816402962,0.6503347166101583,0.2815648201399265,0.18024188126256843,0.2632396941100431,0.38306569147088276,0.6052148752263399,0.22394819181874864,0.26608121928471024,0.49662411195743233,0.32307718337497127,0.3754984731532873,0.36905908286321576,0.5747660019225047,0.5661429296017082,0.35679198917198635,0.23685000841584325,0.3726826694454329,0.17443466104763056,0.43962034575957737,0.4136866054464969,0.5651103283051575,0.2731769331562205,0.750419366295374,0.2879228371348114,0.6072043459692525,0.3798181708897177,0.4676201339286058,0.3640760090198285,0.3899912271089347,0.5106121012583678,0.7791672175405974,0.32198043087261713,0.27724689426989824,0.371456517655611
389,0.380509184521446,0.4326113581882296,0.38223330931585586,0.4794100743615317,0.33457685835805595,0.3243330024690718,0.3493671052337041,0.32444220423363723,0.24934961066908132,0.42173557620670665,0.49585380278519275,0.26843495216563895,0.64628126586855,0.3500586390117263,0.38766230257324863,0.3140555005463233,0.3674643473436851,0.41146435524814706,0.3935901892234962,0.3977054927268986,0.30561289966222543,0.3437640231556244,0.38459822144013217,0.4154458171050574,0.6970446259153011,0.5645988913657563,0.4844092936813532,0.28351329584482277,0.5571071310385325,0.5758022323204717,0.4862505258599519,0.5659921204883993,0.5843707886933023,0.4966638073784414,0.46608160475973814,0.3678779313487749,0.48069999903085503,0.46656544177896964,0.47305321666516387,0.42286373703039015,0.4009606042649994,0.4007781146214714,0.48933557193840593,0.3087587017011463,0.41351793864470343,0.40507853546650463,0.4807198126414256,0.3219167635664666,0.572822205014451,0.3503761954891539,0.4663207730600305,0.39539744441840535,0.46352192434883865,0.5172387892335415,0.58105832880271,0.5580176199837119,0.4159753975857892,0.5841341723123554,0.46873097523807195,0.5159658520495815,0.5970993242798733,0.5275143371729851,0.5740578309390475,0.4350421930328777,0.49331315048258584,0.3324400907331162,0.48614944902538454,0.3925293678289653,0.43994669378391776,0.3828493738319647,0.607342928362769,0.4627862724752156,0.5878669151427371,0.5242409158775846,0.4205394544890002,0.46651051699014645,0.5498463017597396,0.4755376999646511,0.5940271816372251,0.4778224243750562,0.4131872772759355,0.5938940448383462,0.5617398456851604,0.7345563630371429,0.4725739244891637,0.5167326554484132,0.6003010514851415,0.4904734601318389,0.4429708854483284,0.7781463345473825,0.41243782605556345,0.5277432840776762,0.3890965351846785,0.5100944842966038,0.37633940010608635,0.47134841721616283,0.4833243697510542,0.708426008458354,0.3652377803565577,0.4200068635395162,0.5448589059013278,0.48244839066524264,0.37396333774251606,0.40960304858113583,0.4724171093750129,0.4806584882451334,0.5331537030012268,0.36322038788133576,0.595490331537432,0.5203602970090759,0.7646277732487541,0.5869905981425609,0.5803309754607515,0.5180178377077344,0.5511843782372412,0.43233936652716415,0.5550599675024259,0.42623756306275884,0.32935475160986727,0.45010363509380535,0.7017592711170422,1.0,0.5151629695107359,0.37564286427611443,0.3608310949788577,0.7252127091062488,0.5328905215304223,0.44652790110497387,0.3472691056946777,0.45687986195629915,0.5329981768300813,0.4423017904199982,0.4958876906228723,0.32364923086603237,0.2655329364873142,0.40720367236096305,0.47625575969651335,0.4981041041471933,0.3831445059651754,0.3096809725645047,0.4155923035193763,0.4895046247036694,0.4879498915429188,0.5151529390115368,0.423187638026871,0.4161370282188246,0.35523896510973973,0.42509704750680016,0.4359629882313198,0.36043648816393625,0.35111183014374703,0.2749208282568284,0.4651743912872731,0.4298089366291954,0.695590286488028,0.33226178234652454,0.5472538442731407,0.47334924947476387,0.40184842995311537,0.5349920504616423,0.5341093996793327,0.31992771183339086,0.7000593089035387,0.4496126458547467,0.4513091015797892,0.3991881615787937
394,0.3497478804076478,0.44315936965788993,0.350164594035961,0.4951468688004751,0.44824375285326196,0.418224895591175,0.468650496575625,0.40449344559511524,0.545806843122014,0.3904442234477405,0.3566527910229854,0.4754188919679888,0.4189673527069899,0.6175281875194519,0.45894373490810964,0.5441778833764477,0.436533270312567,0.35743340008574465,0.3387605401708614,0.3008813368145007,0.674967605672775,0.39189820846469436,0.3914019293554237,0.42098535689269834,0.510368575662871,0.4601766846675086,0.4485852070608719,0.3291193591163182,0.48110038135300975,0.4781442505808504,0.43726853983426806,0.44190593670277745,0.42614661991884556,0.4685589129167681,0.38507566484627315,0.4085048072483381,0.5038630463349643,0.3436432009422343,0.35130050104535304,0.35212764034729815,0.5444645155095054,0.44231698957150767,0.42184455644201047,0.3553462671553733,0.3717966687676532,0.5553829401059089,0.39576532128388436,0.44342311944971324,0.4879131699948807,0.44514662007896094,0.4568037701942433,0.5940619175514964,0.42619101691969585,0.4302431935574039,0.38599591258161386,0.34383479884217943,0.41071335072946064,0.46558972159616935,0.5498125399697198,0.5661664444070327,0.4520301892932973,0.384671752235993,0.40048677005891553,0.2729530643584392,0.4368287047617694,0.47318465495422657,0.4820600862175144,0.4627007622987133,0.5475290886324247,0.47945585687904857,0.5036683713546483,0.3639096831320639,0.40577433942899094,0.4816496186924691,0.5075933847329754,0.3952648464116546,0.4487529016775217,0.5215077288631687,0.4674856797237563,0.41846153534737424,0.4709652382548949,0.5035857426883177,0.5186240843780419,0.48977656791632385,0.4740977043221246,0.3892862183425391,0.4354942745082362,0.5450451379828489,0.362741861010502,0.45625289911755473,0.4028475448007611,0.5125853446978385,0.4268266836593483,0.42611528743404165,0.43999348249017833,0.41596587380349426,0.36981044205717867,0.40095880926393523,0.31775664799060566,0.38957433768959865,0.37344892339713576,0.7037649393951915,0.45058854428815265,0.2552493937809689,0.5431159093099238,0.45188291953881193,0.41769605738055543,0.456533338003931,0.5104754940943144,0.5008089135261476,0.4936082401355991,0.4773341128430458,0.5644486436627838,0.4889857051021126,0.5402037504595482,0.48957824722370646,0.4560821108318161,0.34231889967696705,0.37123113823274945,0.36849957892203794,0.42292384607225175,0.5151629695107359,1.0,0.6429519252011866,0.5403108917495445,0.47277404954787394,0.40024070266020717,0.3083784989784174,0.37554328665363745,0.4169352170671448,0.42820490170967573,0.4424382079993141,0.39745246871089923,0.537794443115845,0.48643379358158956,0.6129516414388534,0.554663178315692,0.4806159671245816,0.40943171703605996,0.4470734299519644,0.27799276049117505,0.371144050931377,0.46782777099723816,0.46774951146323174,0.4914056098926505,0.4004584497326085,0.2588375875247639,0.3823857863247928,0.337470389436047,0.4716306198901177,0.3686025802198871,0.3695183421394489,0.41188682966664925,0.4242802947162183,0.5504523436542844,0.3319763486514559,0.5069467721726242,0.4707947564032886,0.5140180292232248,0.49557472285202625,0.38318054425597536,0.4868913393253782,0.47386972555426876,0.4709770312667665,0.40845121847400734,0.4288909910586073
396,0.4813635702205732,0.4113987200025975,0.48815426652942306,0.5983068160663161,0.4707693520835622,0.5819044168310004,0.677021156525272,0.6724082470555358,0.6909414120101369,0.5999928431515607,0.24646534361343947,0.6150845563357715,0.5962350317348907,0.6645068944216396,0.2030788768711012,0.6828768896479924,0.23369992404570938,0.6232692107361276,0.5704694608279516,0.3452504651466748,0.7249877105816118,0.5840056650471025,0.556289183330255,0.218280571665808,0.3745536691317344,0.5470031537451933,0.35037871080984123,0.4232780135525692,0.5526984880441479,0.46188263568753113,0.33363115279406025,0.26047424513776596,0.5715763986794123,0.23824852565460783,0.39968124677032824,0.615514908264193,0.6487326013272153,0.5454935507051297,0.3112586627881306,0.5931343700599825,0.4134296487230495,0.6073779735681953,0.4722021246733935,0.30706305907496656,0.5192092806546289,0.4889967767318981,0.4107454247319801,0.5681627631748921,0.5338042060628119,0.5058811691897201,0.394375448100292,0.6724288760076684,0.2081253124967288,0.4251874759309783,0.5609997667492107,0.43779216102759155,0.4722771223708851,0.17125405918257616,0.3757052216394121,0.36333581390928704,0.532974095979099,0.26157916880670173,0.5962354159410324,0.43875650991820647,0.5165800775135059,0.6600121876809382,0.587263981090221,0.5596192218970668,0.3596273741012197,0.4334033573572763,0.246095790977088,0.47522524521353743,0.5738043566324318,0.5992174813473881,0.3873426367177017,0.5388514806213565,0.32261711394791487,0.5639577338953187,0.44287129967998823,0.510285446142539,0.6090532112175323,0.46341396034478377,0.2657323822441973,0.4630100607165501,0.48906304005722295,0.31151488046829756,0.41853735822328275,0.44948041105203695,0.5229084236579596,0.4089355541501687,0.42849390117124286,0.4195787555937064,0.6853759525619818,0.5441390394395826,0.6349112391498957,0.4336800156439079,0.27674794703874395,0.48475802717499894,0.5304185110100118,0.654795181799197,0.16139214631680987,0.7859947365064059,0.7357506146336186,0.47689542175792016,0.48146560285631973,0.5043345223779733,0.26848894749547103,0.6317012135088105,0.38164785117838296,0.29435618940393027,0.5104435638903105,0.4870292150905873,0.28188592190786005,0.4833129879763809,0.37575935542291244,0.4670471184171522,0.6767228415913719,0.3590395533787496,0.3361015277925047,0.6057076290994876,0.5022793749777332,0.37564286427611443,0.6429519252011866,1.0,0.6420341389286517,0.2044557028256177,0.5479516121419336,0.502947477123528,0.2591243978341109,0.2480587070565042,0.5678924316813804,0.3288372332936683,0.5324673922126372,0.5098583690743872,0.5036248628360301,0.4208937093538856,0.3064744077311553,0.5442556238759857,0.2061906691943416,0.5339207051505588,0.49070631723964464,0.25646168962301197,0.22337792064365636,0.3004760591864286,0.6160387346653398,0.5481384600751021,0.19161445189306786,0.3194705837289018,0.38999336630280523,0.34304447373181285,0.47201942326972857,0.49147606229489976,0.4322633537612724,0.27220308335049725,0.5072808596272185,0.4357725509007765,0.5557096513222742,0.4046056849624201,0.6517246447613918,0.26012854755398335,0.1438066211218631,0.6286531452485146,0.518598927120823,0.2542259127636233,0.1885444537673042,0.4577694614710995
397,0.4361853549268586,0.4143948152475363,0.3415078664976568,0.4646981922142152,0.4619588987230524,0.5668434339070596,0.4447641016391668,0.45835874812347155,0.6279730063415467,0.4549836425465368,0.36201876818055334,0.6662957783879491,0.3501797435121222,0.6178634743851416,0.24451559907196116,0.7407400260850556,0.4328212258982068,0.41068822525456233,0.4422174703478784,0.4154440248101177,0.612098046542794,0.41474460840127436,0.4065866420830442,0.6143082604662262,0.3610011814011038,0.46788610588513924,0.35111058350588153,0.514036293440196,0.5030870746972953,0.5599645823397146,0.42401575007435066,0.5055514889226538,0.4334727964614502,0.44915436855744384,0.4630694047848679,0.3919231726746376,0.4517903871705857,0.39571732340630483,0.5381238390827771,0.441380361522143,0.750396107226132,0.4262963835975189,0.3007110353753687,0.5056325770053987,0.456045479471357,0.33800190827831,0.3923675041623567,0.4046149368183515,0.36618662816842773,0.3285115502463092,0.3057521896924596,0.4774160379998066,0.3942937401638601,0.5453357439020821,0.44020215055935064,0.28169975907570394,0.298884903085386,0.34378824542958164,0.3115361831560588,0.3490691648778551,0.3292477839727136,0.42876255000864216,0.3620366596492202,0.4410850923124734,0.378226126243592,0.4138666236523803,0.40802917032211616,0.49839760596787824,0.44689236014092804,0.3968161296351689,0.3391718220963403,0.406577941283781,0.4554561820313021,0.5346733276407343,0.6011560761990901,0.389161681734565,0.48269393250286396,0.4286620036259923,0.3447009674513244,0.3031941871749293,0.4297176839249767,0.3747465142902574,0.4489353326440376,0.30855884725315885,0.4343001469330027,0.5304404719407301,0.3282038106990798,0.5025679151892832,0.3302794145285506,0.4937120161748786,0.3364015008905265,0.3467386948456623,0.418292330509062,0.37054004885141,0.3553065539760618,0.3895696097553567,0.2688208602538059,0.3473923373518294,0.37246371202082595,0.4278434097800462,0.33317338350884373,0.5197701307271217,0.4516290581618912,0.3622420355597671,0.37138009832429975,0.29100782123731833,0.4117888514031345,0.37219164878243083,0.30549410259201326,0.29219396195167324,0.30686531792013394,0.39566552810603295,0.40618848785147654,0.4119741881362533,0.4050403611433224,0.33048829055525597,0.38257030687415683,0.4204093101201667,0.4513871348682857,0.361252402514082,0.32914107977244145,0.3608310949788577,0.5403108917495445,0.6420341389286517,1.0,0.2835671138878021,0.2769005202244027,0.4124629725484412,0.3484226655590206,0.41802661557508713,0.574843195197998,0.6012387711310487,0.4109153312579338,0.6926229743120693,0.6630393317921812,0.5969625597740497,0.32214901948525293,0.3249965315652763,0.5707573035145009,0.5719559290024769,0.3850837008504736,0.2985926517156473,0.37494650945439667,0.5039497588975783,0.4418271350288735,0.3950783580841012,0.35527923929706373,0.5551597968541762,0.5457738133046055,0.49652845331694,0.5447479371782267,0.46449628267332926,0.2961770363164164,0.4441041010141675,0.3491278228088751,0.46583671150424155,0.3617177566492584,0.3407878789064761,0.5372925473846323,0.44904959772036257,0.3770871820233985,0.37503535675996214,0.3061658664736722,0.48155757433243485,0.49359712121398114,0.49114716099501077
403,0.38066981703750763,0.4673072578143356,0.3190399965062142,0.3753311839162472,0.39236698093452055,0.2329426107406175,0.2197774781942883,0.10665110907785795,0.17178053092081658,0.21388081882482202,0.6504312403936698,0.35410941910465216,0.45330360451721863,0.37072076289206596,0.5747889806443286,0.3288976535863804,0.579077235832657,0.20964857774500759,0.18496219603482592,0.3836261949466804,0.23436771368627696,0.23041062498253428,0.3196985299412456,0.6567521275431595,0.6265761522342401,0.39702907190345826,0.45703636165371914,0.39035599837162926,0.40501148535672005,0.3924844542935907,0.6645709880425938,0.6868121038205173,0.4213643003176044,0.7475977709856394,0.5091965698854997,0.1589021615667024,0.27498269370354744,0.4199494861144327,0.5175111590882899,0.19614452818068337,0.5803416050760272,0.26107845310784017,0.495677825779598,0.483570551486873,0.3271612588711825,0.3835975310887869,0.479130026661764,0.2505083055388386,0.5430420658047295,0.23059604523234742,0.5678325063896302,0.2276703709244222,0.6053017592768237,0.5211979997198225,0.3950318253544194,0.4670450921289391,0.31133754098368893,0.7825450797530912,0.5541373348566546,0.509681048825358,0.3737542116362367,0.7488983027933807,0.45841429471110173,0.4121141965744295,0.3410509893174332,0.11930730875416885,0.32504740676817945,0.32609248648654376,0.5667428618574852,0.43974563759252194,0.6858176150032791,0.4020046794651476,0.36331075425356585,0.3664384666397894,0.4821684254046522,0.2870372063339993,0.7306185243991896,0.29882028902909075,0.44998469810403124,0.3493440353575435,0.1956074186571775,0.5306183473369079,0.7645343437577237,0.6441524092904916,0.4247595664707054,0.5927677095483042,0.5903244193574582,0.49531281895940765,0.2728682322429735,0.6318443734903739,0.5031748174852411,0.4307095926936555,0.2041946200603397,0.4257081919086778,0.21572330259084577,0.4106158034349424,0.6841106844985683,0.5718541699637476,0.3078019104925934,0.2588630063049244,0.743483986632547,0.2449784270135743,0.19829690496139574,0.37190563747527805,0.48267811232058844,0.39709424705236995,0.7665125825139882,0.17303348867541843,0.7196904674829275,0.7355512797637349,0.5825548201860092,0.47198670597926606,0.7694822920727127,0.6030465739943456,0.5879115591822391,0.36853398449165303,0.4233906258171817,0.6152351601230005,0.47671959971815636,0.2839199730077219,0.610727523117705,0.7252127091062488,0.47277404954787394,0.2044557028256177,0.2835671138878021,1.0,0.3715293401953924,0.33504224167720886,0.5367646761450438,0.647958437536462,0.3140232520482042,0.4644651362170549,0.31823155171087425,0.44164463296752243,0.4390224313864084,0.6289966240559093,0.5511314952276836,0.31130013125921824,0.6004396255949227,0.2536753816960272,0.4003247057746279,0.625728425768765,0.718996917924131,0.6746498723003342,0.19838010920863397,0.2549350938472669,0.5543653961818209,0.4852014173615699,0.4895903416773603,0.4799975362007111,0.267916310746362,0.18861662145146624,0.3837339443750957,0.5742951134436913,0.500595336866887,0.29468998111866734,0.4356907260383609,0.5064708716013382,0.22619138148906312,0.7680747086611237,0.7788484972296431,0.161983930072797,0.5631504499692523,0.5668991183924882,0.6690077776887249,0.5146672879169361
404,0.47850843880100097,0.4108779684689797,0.7033289498145388,0.5610537403503183,0.4421457256090209,0.4855880798320738,0.5324063791891608,0.6914550983422522,0.47662525459262706,0.6557903057239394,0.29799852274555105,0.3347466885006214,0.7820757310921846,0.3749057735124668,0.48618139540438055,0.30181357536300607,0.13828677151378732,0.8131715931174104,0.7496706556409487,0.5695901773169055,0.6093141673195444,0.6173380923716983,0.5372876805996363,0.1250625390100225,0.5647261423261603,0.5251137196051606,0.6954820115795107,0.34710144622110195,0.4661397299756094,0.573164047941222,0.25006706559556063,0.285357357743334,0.5284297556915489,0.19625587321950022,0.30942366424003875,0.6906167908571221,0.6498510413264427,0.5227509613523074,0.3410160992134496,0.7779651425916333,0.11255856662430995,0.6912284728290697,0.6138785684521908,0.24753622401764735,0.6081282045322207,0.3485002254127976,0.4749749912215676,0.5523172474269783,0.5243451168587014,0.6974415234358687,0.4359797153290097,0.5963466348062985,0.25430284749332777,0.36594242098161833,0.5727735316340534,0.566528434761475,0.7983101423855068,0.24471561176341305,0.3661868627498752,0.6111378980258136,0.9031357576113079,0.20018096753075837,0.5518603621798742,0.3221642593240752,0.5389743446596188,0.7303182135027776,0.6113475996288043,0.46737096951769064,0.3029515514113286,0.5035779077286232,0.507749098290828,0.36731235664193784,0.6282434607833938,0.3944259219557451,0.3984017942397557,0.7417483547277539,0.30302593828844826,0.6128577457895062,0.8322602680195917,0.7296580160756079,0.7052832230063601,0.525155359769834,0.19416352775276435,0.6713529861646306,0.4546059749103244,0.30108084423876935,0.5674003010697974,0.4148831732625289,0.7144841109046107,0.5137180509479955,0.3358200882168151,0.7658865793656877,0.5845663718638759,0.4996162604509574,0.7121082046100055,0.4633201950462383,0.6557697806337317,0.6978595108031849,0.5838608740897201,0.5772598857046825,0.27069779712677394,0.7358196385692573,0.52837178735752,0.6712644623814402,0.3189980449101364,0.6765787930929226,0.20826605888974484,0.6938109283464114,0.43471178655955844,0.33198960068193106,0.7371471899433322,0.5689717775444196,0.2290180881780065,0.33017632922031814,0.468212560125871,0.6707020710484827,0.5812964705474318,0.337455257449243,0.30517645403871674,0.7847262473939552,0.7006555654497116,0.5328905215304223,0.40024070266020717,0.5479516121419336,0.2769005202244027,0.3715293401953924,1.0,0.5073951565434476,0.3619563252642418,0.11737406570457923,0.6555179286484314,0.30885649761449596,0.6249919309016001,0.21887216630006012,0.19130472738709325,0.1380885581333846,0.28212109583592565,0.7368818903354454,0.08657749503379672,0.2619610420428353,0.4434551360999981,0.22842584783960893,0.24098344697119242,0.17440098390662837,0.8060612287333664,0.5507076547077491,0.4116711043259453,0.19159447840109572,0.3325001630499843,0.10695856663824248,0.5767166693765753,0.5392704291609758,0.8320880023331985,0.1618589507756745,0.6729514834106733,0.4348197295288066,0.5500707826549036,0.5505169836758412,0.42420511632432295,0.17540665360012525,0.18508753866020067,0.5336484169146417,0.7337228904231377,0.16518311394904117,0.17270034302023785,0.24248997802706782
405,0.4215951578561799,0.32812675518097084,0.4495317492093466,0.44773656915147875,0.47778864294785806,0.5366161441580376,0.5940305491646912,0.5274622579321787,0.58153224428407,0.6128008462335952,0.49277108666986036,0.31498411477314114,0.5772736541969259,0.5228670593826257,0.3839633529217616,0.45840399427865086,0.4047113005983384,0.5838862948069576,0.5859622392886432,0.4969333450564527,0.3720775942063268,0.4623475790865467,0.4681932233462216,0.20695058698468782,0.4782311058465186,0.6069218598873382,0.28754473925933643,0.25184029408436504,0.38013104981372725,0.490497667600799,0.19627500173643542,0.27529475616845417,0.6268771976358052,0.18705625546377977,0.5040843038251297,0.45737965065932557,0.5224352558300663,0.5954545069422086,0.33570111127360963,0.6216720722275006,0.21489529172976474,0.5272172517499789,0.670928738880398,0.30319179980092276,0.4697471494567154,0.6297315719107054,0.46811705326680514,0.3408196683688488,0.5899579614827467,0.5453623928529774,0.539215182433253,0.5750656666248707,0.3587710038677022,0.5075502936660907,0.712308045526392,0.6591967444740718,0.6479336171091284,0.4723956396489126,0.4040912902436273,0.337633878459724,0.51188998607395,0.4728316554959886,0.6499458388597094,0.6795313673464447,0.7424359149714403,0.5229199410875375,0.5340382434382149,0.6145846381821447,0.3215774037376564,0.411706046777678,0.2965474663566118,0.7335417880379818,0.7136807785363828,0.5838274801639595,0.401017525465991,0.6000774710350492,0.36285925888110965,0.49456714672711033,0.4643526957255797,0.5412601043390965,0.607058524575289,0.3487493297092348,0.2071083196218897,0.49314079332926664,0.46629148787325314,0.4061304601223652,0.37461147651517845,0.27352280662443995,0.5256500502211487,0.41496696860797994,0.3555032944688402,0.3507968544322615,0.5383148403356476,0.5472542738416956,0.517342594823979,0.4970491581845389,0.3214864902628906,0.47321888298950926,0.5513035824739838,0.5702292531026814,0.40601550497938255,0.4789616609382262,0.5309716095138719,0.46891403638643725,0.35646268001272785,0.3999066757789511,0.3959469297865715,0.5659312083386778,0.3338097593561046,0.3231193934393287,0.6089845804934664,0.49870088674873436,0.2096146053556949,0.27532774155671913,0.41206838575308213,0.4296515962642424,0.6083485096027474,0.4726103218628436,0.28913974812623255,0.5694478645292482,0.5596500272741096,0.44652790110497387,0.3083784989784174,0.502947477123528,0.4124629725484412,0.33504224167720886,0.5073951565434476,1.0,0.5309505856094021,0.3699497122608766,0.5416616604490175,0.49830251497762124,0.7004093019790161,0.41032050363828787,0.3770167945094284,0.35766839797640926,0.45525649092102477,0.5473428874401285,0.29773313748354835,0.6189079887656161,0.7166331628662705,0.6367881662432366,0.2598932730576582,0.23019978397644955,0.407621612663805,0.8271951793152691,0.42237470998364607,0.48570628748534705,0.3695958330262109,0.5165544633625566,0.29602472399661184,0.4515205028542153,0.40056863900898976,0.39098459019645937,0.49408661382591,0.568451140343787,0.5688609815166806,0.46141665618086686,0.510546546494645,0.180043641813598,0.4431857335755014,0.7493572448596623,0.5621969432530318,0.4256502559466474,0.3068615218111112,0.3901306001928967
406,0.22869308186307397,0.45705272589991497,0.3389961312333336,0.30601876056179456,0.4888989756881977,0.2677175407077026,0.2766343906754695,0.3514566421285188,0.44662525437478995,0.2643147735554775,0.5447612099938844,0.47840420855908256,0.19485515895976452,0.3913874367513311,0.7053150882208564,0.3056486521209593,0.5539605943122836,0.4547030560261507,0.42863595416984,0.49781018039386016,0.30385036689517725,0.4554456383110054,0.28031455448162157,0.48305105706950324,0.30701090254788327,0.3968740465082635,0.45501283604829657,0.4959719359739667,0.18904764904924545,0.28313155925637157,0.3282351924682378,0.48774714118801304,0.41837492060947223,0.4360693795432635,0.46931625786685927,0.23652102808579778,0.26301811426419364,0.36913023539093603,0.3724560100705658,0.38346220173819257,0.46619859475030195,0.31242727985561336,0.47146046681741194,0.6033116669595906,0.2902100525638315,0.5972446145901488,0.4178419970312302,0.48014155760800314,0.48285830089303194,0.4418736489506263,0.5280988864902194,0.2626133605596369,0.538480591239775,0.5535916921475607,0.35736920370266834,0.44766000170384246,0.5259548922136444,0.644461045215289,0.5024095234170575,0.47495536379377,0.34403062516648075,0.618686284267083,0.4225362780263229,0.614930134045216,0.5243374846005923,0.3926550911779224,0.3550011457848349,0.3440417733018819,0.5416441944830032,0.4457654015883107,0.6241063018704115,0.531081911469807,0.3301193683032579,0.38107572309944443,0.38857568431105993,0.4871816060313004,0.5086652373220574,0.42142411224219833,0.3962450896707935,0.543139724731746,0.42260588413021793,0.2760398671486258,0.446312945206278,0.3353955505191282,0.3903580120847387,0.5446337649125057,0.3149813875174717,0.2749745734320963,0.45218414075761887,0.3522034738364383,0.3975773275145292,0.42053819713765334,0.2482330630324171,0.4621184165254172,0.39220790214545725,0.414446305011692,0.5911567186594353,0.2815491053731864,0.35116700254562094,0.3236207855186481,0.6464817891450403,0.25818578619431165,0.25971699224299694,0.5454258020464378,0.4824616228643537,0.37247789683036026,0.6578617234575304,0.34734013180691037,0.36036265595667155,0.5032075182458204,0.2594133055767374,0.34489616221094044,0.4129487068290123,0.36136180841527876,0.4237693868852949,0.41007537153072005,0.37317041803623197,0.5521520471148436,0.6365682890143329,0.45209876676702554,0.2713653727717179,0.3472691056946777,0.37554328665363745,0.2591243978341109,0.3484226655590206,0.5367646761450438,0.3619563252642418,0.5309505856094021,1.0,0.6208294047658699,0.18039278918510215,0.5109391153707664,0.3980673440772179,0.43873157025208914,0.6505364520108954,0.6164457061267962,0.5857865829919253,0.36009060915046853,0.5802510877810513,0.5126165990248217,0.5691508480265378,0.6637743470294322,0.5617538115229327,0.39365446253728237,0.25927009605905005,0.5130274605264763,0.6545122533637683,0.633570894053191,0.5332951804325621,0.6193751513449978,0.28352115534061295,0.3994217822617468,0.43105264323897596,0.584171344505994,0.29062050509762266,0.6588815360440725,0.4027719409298711,0.6651352882168233,0.3011836460011848,0.4621546727417555,0.7035386765864188,0.4182774988325564,0.28035333624240355,0.5216715968551698,0.607451877531314,0.4680954634950915
411,0.4394449979280539,0.5030675164841467,0.222996176710882,0.3169857431496008,0.40379576091653435,0.25004631752870166,0.23468998896207593,0.13082476331402293,0.36752864497359056,0.23540179483707763,0.7410759049816842,0.5087416619222358,0.1945080916244586,0.4156299015144218,0.5941956499314156,0.427096691887736,0.8561105831727638,0.04730183467930181,0.05123653422465375,0.4762570329451947,0.2373130999166099,0.24295149299931512,0.35012912587464196,0.7348525625810143,0.34175182125903214,0.15736252953578211,0.27452735683724744,0.5094630272591008,0.4726497868459545,0.26341121583404814,0.7391273561927999,0.5692281971848993,0.18015608469799155,0.8007744181803879,0.40122971921901,0.20181142058175555,0.18927111617652323,0.21948006784464186,0.47836369715919524,0.02956384677127321,0.6962335148941892,0.25624722950708073,0.4395914899439235,0.615488803292849,0.2602185546338547,0.5650016485582356,0.43924832586973395,0.34677391484329273,0.2422716469558277,0.43409515529648207,0.3115496974983027,0.1822665690278122,0.6429432475583466,0.3870373442244816,0.17373974441350298,0.5385930843526501,0.35252233343223816,0.8051329024868048,0.6148457863430378,0.4859398152719764,0.11720115465835204,0.5540143137875578,0.20501043152295867,0.6300949691221438,0.3303841193922661,0.1336653825906081,0.29923730300437745,0.3227556523233678,0.6233032016973419,0.41911348479947785,0.5474376127987681,0.4694965214948228,0.11874026539444421,0.3878947106809491,0.5048952277084614,0.09593691879177467,0.5780877971790657,0.3505915430618212,0.23629834718355433,0.12951693711433915,0.19541802321099666,0.5108802621676228,0.8146932584846328,0.36712415787030783,0.39641668914642003,0.4922285281934022,0.38033463518704835,0.5658507048662884,0.13124760124344093,0.4353899497331799,0.4086810384119396,0.2339326570284862,0.22809166000261366,0.23515173203159392,0.21512545372971187,0.30318743991349567,0.47868671604338486,0.33765055378768005,0.2262638768584471,0.15889169417152144,0.7764014407901372,0.20507675356361776,0.2576452813039273,0.2327750013102467,0.4622976142531048,0.2782083282549834,0.5607920597452057,0.15215471619727436,0.6447411685862072,0.5415914726890995,0.27718759829664497,0.27031861276050434,0.780300875288919,0.7047868915006451,0.40094062400795594,0.312130987456099,0.19864232492697864,0.46824636744915726,0.6111283869405926,0.08962061080316328,0.2638199477328593,0.45687986195629915,0.4169352170671448,0.2480587070565042,0.41802661557508713,0.647958437536462,0.11737406570457923,0.3699497122608766,0.6208294047658699,1.0,0.16602193220064584,0.5276384666703704,0.36048385860105997,0.6622533767213781,0.6784262836253414,0.8230762370614744,0.8021233857508001,0.21267728024810054,0.849219249093336,0.5601406434367429,0.4635625447670908,0.6888782729179084,0.6636805768851054,0.780191786454898,0.22111232367622705,0.29467564259710943,0.6938434778524992,0.6413301392761467,0.45804957217784265,0.7616300030878351,0.38498748699908747,0.48653105952117504,0.2218279373285988,0.6955381085546304,0.2598050679166246,0.47304688798072636,0.1854374302822846,0.34975153798836517,0.2788490925147252,0.8356256594587829,0.8716638980444346,0.3657409807555056,0.2706392831043332,0.8487799425617525,0.7285487937198023,0.5630947634709889
413,0.45779965258888133,0.39514645898144996,0.5082236655063846,0.5901747205814762,0.4268312478023669,0.7016117077598854,0.5432972242130059,0.5914207615109219,0.5166777702136379,0.7129123545322082,0.2990544757745488,0.28558827297402384,0.7722856053398663,0.3717069255282705,0.26475364450947414,0.43588385078394665,0.2636942077702572,0.6445289600459958,0.6066292670502302,0.43662591119294125,0.5580171178307725,0.43242556046956476,0.5067108919845091,0.4175011299924116,0.6202525382422339,0.5572988932761671,0.48179540820619043,0.21242320765268496,0.5851507507571825,0.8151156840272277,0.232291938154085,0.5169036481994016,0.5805279865484155,0.203245704197175,0.35991586743940357,0.6214517310313395,0.6959233545368437,0.5278471531482191,0.6097229037890619,0.6656245267163285,0.37705748544979195,0.6007367643470665,0.5476673475291631,0.1456193569343793,0.5787770618399499,0.32952159426712857,0.49524158799329865,0.3565357507041034,0.5118364014924663,0.48164758988095147,0.3928232793122108,0.6114592280024104,0.2333781125325312,0.5889841487188068,0.6024765316023624,0.47881350830742575,0.5518396267008164,0.28919565980108164,0.2940752625810976,0.35459811854394285,0.7119769720432183,0.23152811768537424,0.5271337576759991,0.35543136667307973,0.48646554771507255,0.542137584228317,0.611831401523268,0.4847576558700367,0.3235664658759816,0.44317360643439363,0.35757843615882323,0.4521975980557625,0.6639277113049404,0.4744309922684314,0.640284443384913,0.5658914618516301,0.5032618228872864,0.5240177710597572,0.6032138031179101,0.5018971957578627,0.5329523965953672,0.4376486805027259,0.2285755315160021,0.6092869100485809,0.4882033181986276,0.4637115051906507,0.5379892868110017,0.43542120400629264,0.5168040722773506,0.5640937435988829,0.3490994972372234,0.5720729353915495,0.5855407456832734,0.518334073627465,0.478724572391727,0.5049523462991756,0.29239565771746495,0.5955069815508037,0.5171231770498173,0.6259211966077842,0.24148759188019647,0.5986678287448879,0.5400708258422562,0.4006509118876244,0.3064028815279558,0.4886117881816251,0.18665378032763388,0.5424588313275165,0.3372299679553665,0.28531106360630165,0.6664839869536658,0.6440277420729952,0.2318145050690263,0.3793815791069407,0.6213953137571114,0.47737525937359715,0.5677210178385449,0.3229760383099197,0.13982791955594584,0.5438947604720242,0.6644252459865185,0.5329981768300813,0.42820490170967573,0.5678924316813804,0.574843195197998,0.3140232520482042,0.6555179286484314,0.5416616604490175,0.18039278918510215,0.16602193220064584,1.0,0.6794016422900193,0.7006921884854989,0.4874231917796774,0.19639459146069319,0.1511629678663522,0.24344969436604985,0.6040844184220224,0.37901988910905254,0.48993230516960473,0.42074743760450617,0.19800525294167778,0.21027270138275506,0.2912581871275324,0.6680371689638018,0.5888927322303531,0.25986186347474816,0.46588490418592676,0.49757721191065757,0.21499497022281147,0.5272583844997958,0.5298759938838703,0.5586820268714953,0.18592021464281328,0.6784642964465163,0.454188760259119,0.522558091460749,0.3534073506103475,0.5632093742229745,0.21587887729917343,0.22487318714626742,0.5325280521984199,0.6795160009703922,0.27705965311190756,0.27309692158561005,0.2427619631119935
414,0.33786998273608326,0.35204008193840197,0.2806384926732042,0.46482119223162066,0.47204861518317076,0.43572178212951385,0.26563891569686826,0.30600444324079124,0.48233581765928235,0.4641686455409371,0.5520391746218443,0.36324691941525467,0.39893011875971074,0.35050413860872,0.5046133246168294,0.4546944528166427,0.6737878155044107,0.31080618183748165,0.3423961178193861,0.5506847399635022,0.399045993463999,0.2537167776714802,0.3895521701460728,0.6908062256704519,0.602689820519754,0.42555305308349634,0.41636833221191083,0.30136022888732006,0.3896512762064787,0.5983823195156734,0.32896080680296624,0.726282964192777,0.41232031420809034,0.41237159970149334,0.392948558975334,0.3135433410790074,0.46661885419969196,0.3167292810362393,0.6481759858244902,0.40001750813235726,0.6624205107344059,0.3866856659685357,0.5328901477827879,0.3718685697698877,0.4469639349089368,0.40966919752054354,0.4648542140923447,0.15310105358858903,0.4240404056763277,0.36224073666795475,0.4235182715491629,0.38136966768767333,0.4189554424507801,0.6015911486571799,0.40512201714254625,0.36527712786542355,0.4567197923096684,0.6618919293585188,0.39154880642152473,0.32691202837584804,0.36977638575285726,0.4840327518770682,0.2810147881546817,0.4720109041272074,0.4010174342423421,0.2390414930251009,0.4542821803485007,0.33428676779778616,0.5568930084873789,0.5036456055368823,0.526067596294804,0.6055187712941899,0.35646444963244817,0.3858106706163896,0.6528288758769494,0.33254844623965923,0.6221413779260712,0.37836007933970806,0.36991661161272343,0.274923686407576,0.28573800496897717,0.2204988280956655,0.4641284148725884,0.3291790819680818,0.39098849678731784,0.47551283694101243,0.4013948514351475,0.43220599330630033,0.2457117653247819,0.4589256253379862,0.3914743380385585,0.48291601295256975,0.2617705575721342,0.27821393384538345,0.17858274547333625,0.3524132219171354,0.36439877092814127,0.26775786379194,0.2737227877693815,0.3706642633812455,0.5573042673546943,0.3175432024169015,0.21715155486674254,0.23534256990969998,0.35156090424929076,0.2782202223622059,0.40475345196489365,0.2600202654590819,0.3267637615689703,0.4692911379414354,0.3867528284452941,0.4796128334949724,0.4183240545047104,0.38681875031647883,0.5773129930571758,0.29294564282226765,0.3510972863432894,0.40696934234958515,0.28161654664453273,0.21545519292589732,0.4479718816402962,0.4423017904199982,0.4424382079993141,0.3288372332936683,0.6012387711310487,0.4644651362170549,0.30885649761449596,0.49830251497762124,0.5109391153707664,0.5276384666703704,0.6794016422900193,1.0,0.6138810470224831,0.746677287227608,0.4932935767803176,0.4899899321060086,0.4797166682298267,0.3714656714090896,0.7515070935453094,0.6214474453673882,0.382738310313921,0.41952688071178823,0.46167650000239285,0.5182596317044932,0.36969237662808946,0.5413545524631628,0.5481143582303762,0.696947271726596,0.5354007405694813,0.5508055135090666,0.41705083121081454,0.5645790214560261,0.3540494666345664,0.46448562913294755,0.4459299644022444,0.563699448438187,0.3779727499515242,0.34429057873490826,0.40007768693605283,0.4661747591830022,0.6575736497477835,0.4271561335009231,0.41354071371106826,0.659242959360796,0.6082435595566973,0.31873952399908395
415,0.42288466676235836,0.34797908649704035,0.5433699017938765,0.5730710947636218,0.370922288811312,0.4494687294707278,0.49984809433563354,0.5560247760186853,0.5222048603110074,0.6569737318006077,0.5550313178865982,0.2571785436836169,0.7713318349082319,0.29204571866123186,0.4877039176413963,0.39108005051206024,0.47486273856378935,0.5995523958502179,0.5616091202803418,0.6168345590974109,0.5468456024663764,0.39826659769689804,0.5235941829320421,0.1970412878120513,0.5997565518723857,0.546426922140953,0.5154853920425551,0.18926131727821888,0.5533128836109211,0.5515023652952072,0.3053225364598628,0.3443139176708313,0.5461800380075299,0.20800286251354355,0.40076485870651657,0.5704948901457433,0.6708470220538496,0.5496695800067409,0.438992900253778,0.5951793825633983,0.21401369079395183,0.5794098082824789,0.7689838471701795,0.10792986422871628,0.5454856139554872,0.56019815166395,0.49606122339559056,0.3305988239652019,0.49394500437810357,0.6695937827094894,0.42445673677550644,0.5981719828166212,0.36762438972150824,0.35095683981249115,0.5703089374357173,0.7327624049758392,0.6895376935178172,0.4696277450392024,0.3514522992751463,0.3102988290940164,0.656867065935139,0.24156561540604982,0.5389548835312925,0.54074978804104,0.7109358029954724,0.48018762096454404,0.5964611158967149,0.39940071156198576,0.35616210244663044,0.5113103003260141,0.31512992545534746,0.6320853757288187,0.6130184301277738,0.39198556069724777,0.3995972031837268,0.5092700022280967,0.26981136546496326,0.5907367742353098,0.5204941386318519,0.4738875159165472,0.4197006722643468,0.4271320199017633,0.23452904704152056,0.6092360728552952,0.5185643679559573,0.24745652487801548,0.601693196163544,0.4164249555256387,0.5052125106992211,0.5429559032632196,0.38949102579541217,0.5393315510316792,0.5401353813619844,0.5428607676013502,0.4282384680771267,0.33183660737364096,0.2848948046409512,0.6154331137255991,0.5086643761319439,0.5908787132130484,0.5396016299471289,0.5665089235352052,0.5352335028502312,0.41115486943652235,0.2948303191995785,0.4762951208243656,0.23637691574480502,0.4558753577174138,0.3439517085866821,0.30177013198121644,0.63395416060778,0.47897709791693766,0.2100911410680834,0.3468620721445308,0.422195980441749,0.41901561232195716,0.5297868595800039,0.2901559165447643,0.07238908508284213,0.5058171317855981,0.6503347166101583,0.4958876906228723,0.39745246871089923,0.5324673922126372,0.4109153312579338,0.31823155171087425,0.6249919309016001,0.7004093019790161,0.3980673440772179,0.36048385860105997,0.7006921884854989,0.6138810470224831,1.0,0.3855866080945099,0.25326219010922446,0.26556088610924045,0.46866744017714357,0.6037032767146323,0.30368318400131755,0.6017799545066307,0.6467238418203739,0.39937201556958263,0.2392124130989377,0.2838330188229105,0.6155592200803264,0.8240372287647331,0.4567129946193147,0.38350851910486483,0.3061402506576053,0.36791383206372225,0.5242346003952689,0.6672904270252495,0.5832802819384588,0.26778174643178293,0.7162288184946637,0.5743539673200253,0.5626462165378143,0.2781785197272061,0.5492724756746867,0.20330502918687685,0.45033287520984544,0.7115288397089794,0.6939401586868786,0.44945147158849375,0.25161325048353994,0.23656017166519655
416,0.44536460000674727,0.3979398429949158,0.26849952538283306,0.3923837210322336,0.4484525989692312,0.4087128014899097,0.241259280614632,0.2602031874906291,0.6478953637571194,0.40475659808743863,0.5547198797978892,0.6551905122146361,0.2795935291798173,0.6229632725635946,0.43479434707594766,0.6812956202899249,0.6976039159695144,0.1916877155343713,0.18789042729133767,0.5167382078677731,0.4787087548177052,0.2630519592538745,0.456979776517066,0.7565801022623418,0.40296151668227964,0.23261023735133657,0.2584954024379387,0.4650345350685741,0.3857229944093695,0.43649072797844923,0.4762407258892434,0.5986094462104654,0.2524026249304583,0.5601477094607821,0.3715565077946911,0.3177611160466688,0.336060783813964,0.21241130728402147,0.5734688103469565,0.2694201955427143,0.8617111494525118,0.3341931801255667,0.35250883662543386,0.5398335425718663,0.43604733165683823,0.33072276779884535,0.43514015803924255,0.22518790827610677,0.2486568330183409,0.3251535929377013,0.31150515088080666,0.3463943843697478,0.42992259850913206,0.44781657052979623,0.2731153675561945,0.3851531195458816,0.3869943513819831,0.6375775109215875,0.49312674022099257,0.36472650891557845,0.25590189708468813,0.4908232712100177,0.1986671550694094,0.5021725378003503,0.25923014436495506,0.19138543333336622,0.37395520934748894,0.37158655641769084,0.5478942695308457,0.450086075712394,0.4743882058926845,0.5194291989286157,0.21549703712711976,0.3554801241033795,0.6369380409080221,0.21763272092195637,0.5848329561900055,0.32409550264203874,0.27330587369390946,0.2135814087151436,0.2607187217598016,0.28689835941908376,0.6064700340311542,0.2350451565583223,0.34618868928061186,0.4491250168314306,0.30930760496923815,0.4493537204300087,0.18100255826472636,0.31368771099621895,0.3774555276844942,0.331168563241121,0.29250727745136756,0.14367189891349932,0.20627972339003753,0.366320433865583,0.4265747083421725,0.21649584877624195,0.27153182874016973,0.24413030174169803,0.49543714691398255,0.4325410299387807,0.2443868684190159,0.26883424246797233,0.35084187351708407,0.24859008170046032,0.37956862402191177,0.2256424680633843,0.4429325035736905,0.4706062935991431,0.29186408726251845,0.34025144131380813,0.5441539259523445,0.5222759846767551,0.490064520375301,0.2755359539381977,0.22542309031812607,0.4222124770729619,0.49034530614738747,0.12437393559833149,0.2815648201399265,0.32364923086603237,0.537794443115845,0.5098583690743872,0.6926229743120693,0.44164463296752243,0.21887216630006012,0.41032050363828787,0.43873157025208914,0.6622533767213781,0.4874231917796774,0.746677287227608,0.3855866080945099,1.0,0.755159390184079,0.7650404101604619,0.5417804919128016,0.2532041416631511,0.7859628620987011,0.6011328309406736,0.3506008302733057,0.43930543657382853,0.501240896565935,0.6158931707307096,0.3347403942470335,0.3115486365858788,0.6130294491723449,0.6401717167060006,0.49711698125715625,0.5853296243424047,0.4379701393806327,0.5361254036952527,0.28130819542968416,0.5237238846656896,0.23222692952236143,0.47302672846308796,0.1790886169821368,0.2823896277917569,0.29846776185617707,0.6044752073746179,0.640231443740726,0.3364492124785914,0.26892568491110463,0.6930104679794956,0.6472738175014863,0.41023482133501743
417,0.332093898454594,0.49352382986267956,0.2835536106072457,0.3288017112008703,0.48163865699497677,0.2959771014697287,0.2612872470410452,0.3339666571069465,0.644510147115458,0.24632862308461193,0.5384931533902994,0.8376018891315626,0.10559888780689462,0.6586904822437895,0.5191509675751662,0.7004684493845781,0.6520451657474037,0.2775733223723857,0.29877264881014287,0.546357539798142,0.4954568055816667,0.43422718702361485,0.34039786956997076,0.6280596606858249,0.2574740239287334,0.3022824030913915,0.3228491339002224,0.682150817911638,0.37462989493712,0.26728046418709384,0.4926728498311851,0.5057670791419702,0.2685561392634878,0.5870378270821908,0.4000836335137855,0.25750598417523407,0.24777135521167198,0.29906978467336737,0.3719161608008782,0.32913853442339985,0.8096306722991491,0.26533515510620065,0.30150048905395854,0.725326277348747,0.3833951662610492,0.40104939287890906,0.3772629139442787,0.4156448772368483,0.30019921174330466,0.3471321205118408,0.30958557534226666,0.3136771280330952,0.5260853830600131,0.422376417761282,0.24383760584617425,0.3373505812325721,0.32930007753828816,0.5994399601752777,0.43836063542521925,0.4108281146094041,0.23256961037875348,0.5546796440631825,0.2457169377568735,0.5652322819726869,0.3162709073198515,0.30108835111622645,0.35551558084668655,0.3377889324507132,0.5302663512646222,0.39926628877703674,0.5211085160679496,0.5088195365480859,0.22266888581452504,0.4329683252471933,0.3999152403863173,0.2958074132008643,0.4558953610827886,0.318837719721812,0.27943839620599675,0.31004962578893236,0.3426248406085889,0.2661072897662451,0.5862862853950448,0.1577031209900749,0.3515573235574229,0.448166817761016,0.22409346675411673,0.3772054729778241,0.2899718126236714,0.3277886600125236,0.43361132363854904,0.3339125055612763,0.24239077530581804,0.24818186801381165,0.3002881642031434,0.31900898739363104,0.4476864169220939,0.165233384244822,0.23623994423470027,0.27927725315498486,0.5528430430672578,0.39661672105437656,0.29581300345133676,0.4378952049856686,0.4610918196316304,0.2715848773366337,0.5211923583250606,0.27372177242986373,0.33857443263425385,0.4544392625613895,0.14852387570124237,0.20112253138172226,0.48416821777113883,0.4964716324417409,0.2942605661713007,0.2923934700181942,0.27749310048300024,0.4605631777922691,0.6902374669885394,0.28547363073682885,0.18024188126256843,0.2655329364873142,0.48643379358158956,0.5036248628360301,0.6630393317921812,0.4390224313864084,0.19130472738709325,0.3770167945094284,0.6505364520108954,0.6784262836253414,0.19639459146069319,0.4932935767803176,0.25326219010922446,0.755159390184079,1.0,0.8575994678929437,0.4749132229569807,0.18854442383196146,0.6906796904868491,0.6077269882982399,0.45423820396811554,0.5237242980129868,0.5561718847920374,0.6032201188941446,0.27702965735236806,0.307841376407188,0.6532645715380666,0.6149154475063013,0.4049226089615804,0.676347759480605,0.4525225941825267,0.5094666212650355,0.23514351254302354,0.6331705284788732,0.11120290261217446,0.6050785548219269,0.186693454262855,0.5246622341697941,0.3137543771335455,0.6179683181987237,0.6530519069103388,0.29807266525357895,0.10879497356793316,0.6445667611346988,0.6517122885385023,0.5566288191126212
419,0.3787042809304099,0.44943794319494623,0.25193131974109195,0.30418034387792237,0.45976698878618216,0.2165091285652384,0.19479830902162482,0.1422110394143799,0.51408138279346,0.2101023410507406,0.6370696239267936,0.7051239601220034,0.1487722188133531,0.6541177111129219,0.5686276468301401,0.6042519600120052,0.7520232438569268,0.07680380867749892,0.10286288173114046,0.4323596902151,0.46099684555433285,0.25496513064145077,0.3291030466865098,0.7149733931123341,0.3340816703592707,0.22255189868813455,0.26177004513163027,0.4914075216153596,0.37482709336368514,0.25710989415239327,0.6362238680854648,0.5722630157562598,0.19756970371020696,0.7294708411686951,0.3861640175110025,0.18697016423604806,0.18373657762504694,0.2123245310286283,0.4372458798720717,0.07984280433345696,0.8535119059422844,0.2262060630740949,0.389529925463971,0.6104275414764837,0.28414608446057354,0.4957356991512719,0.44222777617024944,0.3023376238038667,0.27384546362278667,0.34729389248588527,0.3311560438614721,0.2696148724312,0.6216489363307607,0.40159797984123013,0.20649790165239984,0.4234409070564952,0.30519094606931807,0.7311600294411384,0.5667618346605717,0.43852724825376044,0.14047396964163644,0.5880162169414003,0.22703083372293853,0.5330357190575112,0.3050072285970269,0.1436809786822596,0.3016197130439198,0.32578543999076665,0.5890604326208836,0.4339891337674977,0.5379617224653884,0.42894129012159465,0.13038840458003131,0.35724207194112745,0.45895742263423434,0.16497228758873214,0.5994801693956614,0.3361092965083158,0.2295588856121797,0.17074397572468056,0.20898601217484705,0.4277787846319551,0.7477486504146786,0.3126668595689075,0.3962528564040095,0.49971880108255673,0.3022447425833181,0.4651489093911912,0.14084664745131986,0.3706985002422276,0.41218147067209787,0.25820995009418707,0.1942412431783886,0.23465309054295025,0.1954914569003286,0.32651766792673775,0.5000940628116652,0.287368188326673,0.22099480326229606,0.18088471928237318,0.6865479163156248,0.38299488808585663,0.20756662653386676,0.27369247797703977,0.4564064467383089,0.25936147001834997,0.5686023869323718,0.17999935528069616,0.5617952170661282,0.5954248794447158,0.2581369092521209,0.30047519799251005,0.6913909590710252,0.5544898170422667,0.44072223194611576,0.3163610284997578,0.18548732181270744,0.44903234071663567,0.6081047346711335,0.10842287354386076,0.2632396941100431,0.40720367236096305,0.6129516414388534,0.4208937093538856,0.5969625597740497,0.6289966240559093,0.1380885581333846,0.35766839797640926,0.6164457061267962,0.8230762370614744,0.1511629678663522,0.4899899321060086,0.26556088610924045,0.7650404101604619,0.8575994678929437,1.0,0.6799363891101227,0.2207049099416225,0.774609737872352,0.47141796441189376,0.41254974336066813,0.6219261793863754,0.66469973831918,0.6884915396296325,0.16920977622407726,0.2569340102777285,0.6496110529856728,0.5966608384375927,0.44815557728623834,0.6594480336466018,0.3158078034756837,0.3588525668593351,0.2095642225624844,0.6989442380283474,0.22463842952668794,0.4329900657551853,0.19899921939027138,0.40632105649064004,0.24093430182557396,0.7571106396610368,0.7813038615233976,0.2811647472542359,0.22122918288155743,0.7501966038055501,0.7209358032091142,0.5209846418065369
420,0.4187081271242106,0.3923296535550771,0.303143800348513,0.3207763424036598,0.3894588014798088,0.32949579178251076,0.32507888429291704,0.2693087766372752,0.3624694724623409,0.3596232068115959,0.6365963316894098,0.35477626536808693,0.31701877735085776,0.42216834004437975,0.6013091592862516,0.35155693589013537,0.7320231382207031,0.16127619403878996,0.1420570958407969,0.4049175821587409,0.3138419175801489,0.3806025530085181,0.3768356258162354,0.575549239853212,0.429313908704805,0.27390296776602074,0.2989865717576341,0.40845503561914637,0.45976639308621137,0.3316651628194122,0.6289304079370741,0.4361923384074841,0.23363353947502244,0.6534309288397957,0.3872600118321029,0.29678486345709143,0.30342362058427524,0.22242010429843034,0.4170952193050829,0.10972096885268803,0.5189347874762391,0.3665434946607642,0.5069965701067173,0.4698203803276473,0.3012922643516832,0.6554069142579357,0.44919160838044764,0.4212636681287052,0.3248116525299604,0.5374413588995998,0.3917622567215192,0.34559683316057405,0.53676507340499,0.3260357452481802,0.2172739979223447,0.5835545792231478,0.4649946740434616,0.7071286307261408,0.7028437294165705,0.519243289392374,0.2650086516654944,0.45988977666843006,0.3318538508613842,0.5157404537266137,0.44788582159126333,0.28319386673077557,0.39206333189988707,0.4216709619877317,0.5767146455701387,0.4556752530956284,0.4550156017656194,0.47734096146078014,0.22897816217271597,0.43713820839619033,0.4615584709092079,0.20612880217233426,0.5252285528017605,0.4532552038940534,0.3357235489271479,0.3207826577623544,0.3245156808011716,0.5514722956143552,0.6966096931822904,0.4460260887577715,0.45973502570690805,0.47917727557362616,0.39129379589960367,0.5612497300011972,0.23431701648505107,0.38018649669441495,0.33777669685138245,0.3097148539108699,0.34498533502972284,0.3382178499398787,0.36912386975863887,0.38665472814937185,0.4601573327168472,0.39109816247312834,0.3109692256792094,0.24923179708498766,0.6755819490734633,0.3585028688166278,0.3590148569336551,0.2154370980043196,0.47589143556099656,0.33607304071138366,0.5136583277184578,0.31402710155010666,0.6566006096787582,0.526186161327462,0.40249697147858876,0.38671782148886996,0.6954080968979143,0.5992510422256161,0.5356968925553377,0.42339149125811415,0.26538905857115686,0.4134158573326305,0.4752285005083107,0.19731272725640453,0.38306569147088276,0.47625575969651335,0.554663178315692,0.3064744077311553,0.32214901948525293,0.5511314952276836,0.28212109583592565,0.45525649092102477,0.5857865829919253,0.8021233857508001,0.24344969436604985,0.4797166682298267,0.46866744017714357,0.5417804919128016,0.4749132229569807,0.6799363891101227,1.0,0.3360356386698783,0.6783454418337136,0.5077656938175966,0.5077748023642077,0.6097024457336099,0.5755589551259871,0.6036019999704318,0.35551932623676075,0.41576484711496975,0.5874696970713995,0.5602564011789966,0.4161262048476031,0.6299375761953062,0.33258776439298304,0.48371618692052065,0.31478718584241716,0.5792895435025239,0.3937966219235661,0.3973211306087915,0.35466141618494434,0.34430809204813995,0.36619278820705514,0.6777741253128762,0.7205946151142348,0.5203875743939711,0.39341930535601854,0.7252593108970986,0.5828644485566804,0.4914452823791302
425,0.44888361108419994,0.40309925467742835,0.5758287693240731,0.5904572209804606,0.43051176762695986,0.49604723181361593,0.5387245554870338,0.6118632370415564,0.46795700086880754,0.6242615256290318,0.2767943569886577,0.3129226620458727,0.6396874276613495,0.4080164732387947,0.3929532952553393,0.3447472286146462,0.2107466273003637,0.6671097916237737,0.6208470740520876,0.4030777442186527,0.5616460479097597,0.5158002256963976,0.479736663112207,0.17462157791292177,0.4912592512571208,0.5105011289171135,0.5211953949837234,0.24945198269431879,0.43313121303496593,0.5253675622079677,0.2704082485842554,0.2861852441941932,0.5335895864748076,0.19625492448549048,0.34477538691530685,0.8076090702478259,0.8157821208835893,0.49624919616441954,0.3883672980096799,0.6278773861406437,0.17152051623252715,0.6042262556622371,0.542819901531761,0.21255713318646988,0.6991184266502315,0.5130292920284008,0.5174454181650077,0.5126542563086736,0.5522829568591824,0.653166928637049,0.48339357343330036,0.6203912488397276,0.3200086360275274,0.4046329863772724,0.5596709543049208,0.5275936813075991,0.6397123062042664,0.24084060192264387,0.407542257403124,0.5233520577628188,0.6905685131171031,0.22612023830225597,0.5403875050120667,0.3884675172420335,0.5680929868919857,0.6712157715270155,0.5703826411860352,0.5225672102802174,0.34389748358724426,0.45695321502744346,0.4082467573557212,0.36822197154248953,0.5910653514612496,0.4301498685441317,0.4335518033138607,0.6642785286925545,0.3232092033582683,0.6235350005015817,0.6352566073350006,0.6249356772149687,0.6651814536805795,0.5287623549321027,0.22636806929457337,0.5981813283183828,0.4753392840518594,0.33004151083053546,0.4862299408950971,0.3720106070573901,0.6211201715461899,0.4209158349192245,0.3455367407780493,0.536810447978521,0.5797501327605146,0.4850807310531994,0.637745336982112,0.4745031574234275,0.4521596624659919,0.5534889830141188,0.5561830703790478,0.5879435090193423,0.2672148707264163,0.7052855901461441,0.5598276897804082,0.5014856955685201,0.3800185464540061,0.5822914313662981,0.2383969659205994,0.6590522691385536,0.46267041375309165,0.35155688794457396,0.6216101894091716,0.5829231261306261,0.2800989773758965,0.31479947356667143,0.5044506920921714,0.6410306737107845,0.5317113079521036,0.26494514469277347,0.2694706044163706,0.64265492818144,0.6052148752263399,0.4981041041471933,0.4806159671245816,0.5442556238759857,0.3249965315652763,0.31130013125921824,0.7368818903354454,0.5473428874401285,0.36009060915046853,0.21267728024810054,0.6040844184220224,0.3714656714090896,0.6037032767146323,0.2532041416631511,0.18854442383196146,0.2207049099416225,0.3360356386698783,1.0,0.17744297959749739,0.3528234022714437,0.4195252145791685,0.3089676623622528,0.26883636212578604,0.22092118899821223,0.6655315582956522,0.5954099906860885,0.29945376708568316,0.26108402616486526,0.36599913532160877,0.2579683983970435,0.4730026016167317,0.4472675287698363,0.6338394498771247,0.28036162375263063,0.6264102129216135,0.393835449314399,0.5705093442341563,0.4872052455500857,0.520090042923691,0.19014687135514569,0.2040209363198197,0.6327236116804478,0.6392543345010454,0.25091107983757543,0.21493396821161923,0.2687641228662495
428,0.3406274377304833,0.4586593419609357,0.16277237477430473,0.2977883432110645,0.42971416349459757,0.3921724941129769,0.17607821128832418,0.13656071312014822,0.3639679843127589,0.25360758230995173,0.6480666526231948,0.517678546266623,0.1271436490938537,0.4192179598682956,0.5965255457034243,0.42415291393684135,0.8268008392020946,0.04626161096196625,0.07560164522657865,0.4394437095156085,0.2613445185456972,0.22337878370597522,0.30149480263183037,0.9309773105548775,0.3945460652405743,0.18202517522785727,0.30548046711402593,0.4925605349144834,0.3970299075017781,0.4502512553874423,0.6243125699666634,0.7947456494894825,0.165904899719208,0.7616612121906952,0.3850303380804767,0.1652000133412576,0.1970299820106205,0.1692761857223763,0.6597712101635564,0.07412763937206093,0.8637576634337835,0.2185286315692258,0.36580784922286985,0.6371552271267451,0.2681239586962228,0.4496545589502511,0.4646464210915929,0.24867987334755062,0.25415655985599134,0.30668929104018783,0.35711081516536103,0.19419790281043986,0.6215339549473076,0.5516818940700026,0.15542314884590605,0.33834074478277315,0.2754718422018466,0.7674180532948441,0.5398509569385641,0.4332757121804015,0.12002151375570186,0.5695972840200842,0.14167834312772565,0.49045760705769487,0.26664171236634077,0.10271912821049928,0.27239212669990454,0.27980156764840386,0.6497656416205642,0.43986804460384354,0.5595943084985269,0.4520006190008011,0.09882385573348748,0.32009261852769033,0.6776121044041958,0.1137816461554302,0.7513860004546551,0.2678053544410073,0.23768401525432734,0.10999023939805898,0.1654358532400879,0.39058715771831165,0.7629261542423833,0.28055419497491463,0.3798380177295708,0.6282754587854736,0.3095055573545018,0.4963095011200657,0.11650347730329334,0.4065697502937091,0.4371367413186085,0.27397135331155553,0.14788505986589673,0.19475623240993123,0.1461559263106963,0.3617593248523461,0.4466332120679838,0.20807694172623156,0.16803856934399783,0.15467996092252306,0.723797635451162,0.15061541270316237,0.168495098830028,0.21122913990295875,0.4246345961929149,0.1803205196782778,0.5561083918961051,0.10606205285520023,0.521998992311272,0.5456395189049041,0.19538599178749289,0.359316058114198,0.7173294376515191,0.5671976920326619,0.6124787122949149,0.2886112622612078,0.14807394652060327,0.4708679790461838,0.5696007215762213,0.041578104612953574,0.22394819181874864,0.3831445059651754,0.40943171703605996,0.2061906691943416,0.5707573035145009,0.6004396255949227,0.08657749503379672,0.29773313748354835,0.5802510877810513,0.849219249093336,0.37901988910905254,0.7515070935453094,0.30368318400131755,0.7859628620987011,0.6906796904868491,0.774609737872352,0.6783454418337136,0.17744297959749739,1.0,0.5692724696978894,0.3236578302937183,0.5871633206650182,0.6784208051851124,0.7392735154342236,0.1947638741089547,0.23761013525153624,0.6608340089089418,0.7890371450326752,0.6016756732311596,0.7227739566663552,0.3614612369353226,0.43647109939595574,0.17936854323026402,0.6698327107106813,0.21468643595430298,0.4916583746414295,0.17867059643000122,0.3756156657919193,0.29507561919695197,0.7955891227369063,0.8271719808204967,0.26466783944872385,0.22250163989741656,0.8225712743521231,0.8253672244369487,0.5187456015768515
437,0.3137396357061573,0.4686235526403842,0.21700881978494907,0.48227698142611775,0.4565522085839717,0.4608279245493906,0.5562541328544215,0.5297240095175866,0.6045577784817414,0.48084825701655665,0.45824928218918337,0.4681287569729611,0.351877218931549,0.4723732296749408,0.3966072524420299,0.5354618681082505,0.6396807927422521,0.45143680431584243,0.4245860404194722,0.4726716192232709,0.4282548837262909,0.47054850635985,0.40939464719715907,0.4293389745216739,0.46157431202789606,0.4840480821208718,0.308916892791169,0.44095452402421786,0.514764314411869,0.4288996995867339,0.33715129236138175,0.4054252931419219,0.49260124984582887,0.418737904653772,0.4513339783151312,0.40798764419700867,0.4958066768407021,0.40872135486911987,0.3186765589379563,0.4935657980021336,0.46027904794048213,0.3844387948833844,0.4638622942381754,0.492134550915782,0.4046286876673373,0.619894837103677,0.351392242064868,0.41329954085440884,0.519173194971739,0.4581588406112743,0.4100733652606847,0.4838169411609863,0.36998029292187573,0.42841192049170107,0.46568937025431345,0.38518555906758223,0.47158936340558877,0.5413835722484268,0.4097060370945982,0.3557972408347027,0.3369664475597252,0.412628000098647,0.4019231517990701,0.5969581431565911,0.5804512078475019,0.4646083583204178,0.4969374900422775,0.5846292023677309,0.5433162757843043,0.40539580201395153,0.38754970250543064,0.6618788397362703,0.48922626737313213,0.5967590962791386,0.5168764825680703,0.38472714456291035,0.32787929652489545,0.432892073501189,0.3788702715801041,0.3732668379813815,0.5097034231623354,0.3584158016849851,0.4663961249393639,0.31718848007564693,0.44854802968287166,0.2745907025401102,0.28535332582262385,0.45788555926429886,0.351212767935182,0.4284479124667887,0.4036527898485427,0.3600683319263775,0.460706220888662,0.41493610954639704,0.3937498843107446,0.2751189401610785,0.18050604145873228,0.20540853039611404,0.34101448565473613,0.46870226366624224,0.42259107645352634,0.35841097642613695,0.5391175860960047,0.3554054877000095,0.4493745543043106,0.19048554685507035,0.38245331301526875,0.3884134004124059,0.3228233710253926,0.28537540475603473,0.2921381839956998,0.23613462502103866,0.4267502185755387,0.4622908116338861,0.3471742939350758,0.38801162159153757,0.481756058676057,0.4117414505303257,0.4308569019029186,0.3373361899927466,0.26608121928471024,0.3096809725645047,0.4470734299519644,0.5339207051505588,0.5719559290024769,0.2536753816960272,0.2619610420428353,0.6189079887656161,0.5126165990248217,0.5601406434367429,0.48993230516960473,0.6214474453673882,0.6017799545066307,0.6011328309406736,0.6077269882982399,0.47141796441189376,0.5077656938175966,0.3528234022714437,0.5692724696978894,1.0,0.48610433263593444,0.48472545871056094,0.3415743921505523,0.5153008724044229,0.47703343930592684,0.6236545746923634,0.4063411855782725,0.6190281461074123,0.34658655713831554,0.7991620295590737,0.48556561180819025,0.5979015253021965,0.23906175885220643,0.49212398452858386,0.3333174681676892,0.7229854174261402,0.4171375109270745,0.47290563929998775,0.6518478329937278,0.4706458095061965,0.5089522946881038,0.6572417299255561,0.34810489940037626,0.688647038447815,0.455157682761265,0.5240693207479402
447,0.4725073059099645,0.3799440035691379,0.5365839418735509,0.415605213710521,0.35768821062910827,0.471178452328475,0.5209779570536744,0.46484544117008864,0.45043271878872454,0.5495090223104119,0.5967398577372396,0.414480973175141,0.5622183059493242,0.3512706549598916,0.3996950631568388,0.4998016227649827,0.37246957721017276,0.5342675441427999,0.5552480468922096,0.5924938354179172,0.3451470868625113,0.47627543972999004,0.5360779065454238,0.2555205916767298,0.30083434351716826,0.574212845398652,0.2952421645964388,0.4445405672116121,0.4349610529824666,0.3645654596818935,0.3711448367537352,0.2824391952108532,0.5613230819658535,0.24195042846527867,0.5129823359197399,0.48638117118466384,0.45546199698453027,0.6859716064958121,0.38210624140584404,0.503138089316647,0.26368878902391524,0.46135827661778783,0.6232951355628655,0.2982276820859035,0.49887887646354034,0.5461671996997315,0.4956322962170326,0.5548551178520335,0.4722848788303777,0.5694041037826055,0.40517596912228254,0.4658394815720359,0.452321617102732,0.48938736543143535,0.5352525350608104,0.807462649936721,0.5306943017722662,0.47551649004572016,0.43680957095500994,0.1901831088356445,0.42197777546650017,0.450042329820295,0.6876284071708134,0.7501653007732514,0.6989069723819819,0.44808705404165905,0.4996521180189625,0.4674509099718591,0.2548486684123678,0.4102159652781523,0.21310696282511116,0.6317644061533645,0.6233686311766602,0.4900208285101726,0.22852848654112862,0.46506257502855014,0.31034503067583397,0.4908572357125591,0.3111269502170389,0.5534293360784259,0.39497417189943634,0.41472159314385915,0.2661388999288155,0.49844541956298516,0.4434567126218391,0.5737178586201128,0.512825276906324,0.3770986034050545,0.5884025818892944,0.4114978256593487,0.4346315108313876,0.3675017461535982,0.565785336968958,0.6971711141128031,0.4593941354489975,0.532263398188261,0.32234917741519176,0.6035153758548859,0.6167728592579187,0.5850346224991914,0.5356849713168468,0.37738072811211004,0.6196528475274202,0.5789686131663021,0.4398686376882174,0.5329530753349385,0.5040536543225957,0.48205801984774765,0.3334116488958907,0.36063747993624506,0.4814802200673031,0.4218931998886353,0.21500161287282593,0.3788082988004715,0.32019657579527067,0.30412052060597905,0.6484615752865803,0.5084985182594428,0.43617895852731625,0.6036850158436968,0.49662411195743233,0.4155923035193763,0.27799276049117505,0.49070631723964464,0.3850837008504736,0.4003247057746279,0.4434551360999981,0.7166331628662705,0.5691508480265378,0.4635625447670908,0.42074743760450617,0.382738310313921,0.6467238418203739,0.3506008302733057,0.45423820396811554,0.41254974336066813,0.5077748023642077,0.4195252145791685,0.3236578302937183,0.48610433263593444,1.0,0.6967578319191958,0.3187974092134943,0.2837056744537172,0.31920605199804014,0.7176067795097358,0.526480670107126,0.5290041414642419,0.5127833824117669,0.44993974309869345,0.3660365471872069,0.5232531344743405,0.44819751235189975,0.42381770561105997,0.41359411959111336,0.492924149537768,0.5645949189891359,0.3488920838567453,0.41519105098272835,0.22946480231242147,0.47412705326657256,0.6396702582923715,0.3962144997212666,0.32922301491821027,0.32058022628938654,0.4231153524862413
451,0.3405876694940444,0.4079562725280416,0.29507018757694903,0.23785793437886316,0.3485231218479271,0.32540356732606196,0.3839154363168517,0.20729907169963918,0.3279746712915512,0.30638116257786474,0.7045097109482723,0.357907990832407,0.2782000125145945,0.3911627886393884,0.6102494034172765,0.36889159404065486,0.5641971606076106,0.2709972246864128,0.33543899253816334,0.49756137412575163,0.17350944909347932,0.2801443639240324,0.3628631096550283,0.4574716467874547,0.36189095932105997,0.40086819932863715,0.32545273302412125,0.41588493197578497,0.2296182620406821,0.29205819793156595,0.49939528228524727,0.4991548255107512,0.41015894717754875,0.5102164364582118,0.6245583871094191,0.2205125890161529,0.2364294594741813,0.5105619604227559,0.4357766961991715,0.28495270631295183,0.4398333168082281,0.2728564207175904,0.5108349050403191,0.5308026394772148,0.2300303498323194,0.6338434667426586,0.4963105374405197,0.3973524620156914,0.4640566430683878,0.4049433967407906,0.5524986470646407,0.33704905917810646,0.6839956686980815,0.5616718025423818,0.4625327109273719,0.6244644427966936,0.41574361142656935,0.7181286872158418,0.5463218866934034,0.34707866251566133,0.20556590301682337,0.6875749881575703,0.5094027505219259,0.7085535897725079,0.6180056415646367,0.23847872438394546,0.3023798671993366,0.3543717877402292,0.48010835756075637,0.39281466427668366,0.46264928522775695,0.6242935336846639,0.4382800594397517,0.41810499904264997,0.30954609846653997,0.3429436096508732,0.5090738595730193,0.32683154527410574,0.3261032193778427,0.40674433612835675,0.2810986631302483,0.4062744340249957,0.49943609410255363,0.46056585865594274,0.4395549610042811,0.6285022330874537,0.43124085575406085,0.3409504206289561,0.4735139380855636,0.43490630462153,0.5581311459073579,0.2469284699312828,0.3044631315878138,0.5588830657539561,0.3548769805992495,0.5010951562945205,0.47861094519808567,0.4082649253029247,0.4273518261984227,0.32557245631036924,0.7477091010682562,0.20108890839483606,0.33443190044087556,0.46188210541741564,0.49126687235807087,0.3745488673183396,0.7372215786768812,0.26354538396668853,0.4791272662588465,0.5178814980227505,0.3651689351344007,0.3922171018593379,0.5129080830622734,0.3698737784393736,0.45134256346789847,0.2823726596944447,0.4759561745513962,0.6570219045053514,0.5468395148046272,0.39737220715629235,0.32307718337497127,0.4895046247036694,0.371144050931377,0.25646168962301197,0.2985926517156473,0.625728425768765,0.22842584783960893,0.6367881662432366,0.6637743470294322,0.6888782729179084,0.19800525294167778,0.41952688071178823,0.39937201556958263,0.43930543657382853,0.5237242980129868,0.6219261793863754,0.6097024457336099,0.3089676623622528,0.5871633206650182,0.48472545871056094,0.6967578319191958,1.0,0.6113955098802027,0.42035782581595676,0.07155041165116524,0.5460306056564829,0.6228696411476147,0.6863003996790936,0.5775179242417625,0.7149079493533056,0.2248115336451087,0.29671077865500406,0.32226349202092863,0.657484894053937,0.3006306928407362,0.5397440270164151,0.5247497707016976,0.5128468741729357,0.3097562702441259,0.47901531599844105,0.7391896927895795,0.4623366372464747,0.3428399527266116,0.5586207541620235,0.6092532021687722,0.5413177153120259
452,0.3138059575333411,0.45285850264958727,0.2875179531538443,0.29589080839761106,0.6550660475864017,0.2682828168197432,0.24022157138714284,0.1692717840826312,0.23041524311297362,0.19468872295331635,0.6053663861659004,0.4401729871842616,0.21204679735406345,0.41598564727430787,0.6308772397760238,0.3603638399290793,0.6249570291676598,0.1725744694685393,0.19183551095274906,0.3717460905934964,0.26462988017584277,0.27325806489489485,0.3158093387866207,0.670565717942782,0.46487784791720244,0.3299820597616565,0.44360518330407567,0.4885817526662314,0.33479765578283827,0.33809260053831214,0.6428299912346364,0.6676405283753551,0.2784222536049015,0.7209456740674469,0.5367192935331992,0.192040887963681,0.23738411745273766,0.3196773610737545,0.505201854383259,0.16055292545520253,0.6387336747093142,0.2502352519148332,0.36187189874531644,0.6129630806059699,0.2738414093347912,0.4099715728535542,0.4543207698276541,0.3319550033951403,0.404721176549397,0.2560911458229305,0.5309074811651511,0.23578789424922092,0.8702915141510437,0.4729864554291313,0.26306911586375453,0.3377697451467495,0.23857868920084857,0.6865409820862831,0.7416149343960987,0.46647740566415785,0.22833635210448053,0.6915460214535019,0.28083600988046653,0.40013079930959405,0.3314511112650561,0.1608915738334167,0.2727766217599645,0.24962305754860278,0.6332726231964964,0.44529563335602246,0.6187035903950291,0.4093874499476817,0.21213211037691176,0.3133205137601816,0.43596167122700946,0.2171107971879831,0.63227713129399,0.2777765701957085,0.3389878965529276,0.266135566888138,0.19916660186542876,0.37620191447130147,0.6868967073421475,0.4118246731154281,0.41359169188871736,0.5751708116984305,0.4371345712020597,0.4327306075365338,0.27248024554453487,0.49555893692270603,0.5363281135784327,0.3525915205365905,0.18785965831348428,0.3537656404458555,0.2378693094563488,0.3731620831649945,0.6147781618616199,0.3573829168651561,0.26878959263676605,0.23828671732635026,0.702935557350651,0.19826491224804343,0.21110297570266323,0.35085169017656237,0.47815660883552263,0.3222633236127816,0.7296165957636911,0.17921391188216618,0.5438801988314252,0.6451232548551455,0.3111747454227697,0.3678802601585364,0.6686378386809003,0.49667091903422167,0.5614649572881935,0.3287825767309807,0.3218988196940044,0.5867691105465596,0.5449261565987015,0.23859566076973282,0.3754984731532873,0.4879498915429188,0.46782777099723816,0.22337792064365636,0.37494650945439667,0.718996917924131,0.24098344697119242,0.2598932730576582,0.5617538115229327,0.6636805768851054,0.21027270138275506,0.46167650000239285,0.2392124130989377,0.501240896565935,0.5561718847920374,0.66469973831918,0.5755589551259871,0.26883636212578604,0.6784208051851124,0.3415743921505523,0.3187974092134943,0.6113955098802027,1.0,0.6195334456353934,0.16796660106873468,0.2541386283990017,0.5872400670127678,0.5533457160406047,0.5037892664682243,0.5855229744515594,0.31586382599045,0.27174773712760725,0.3001800909106481,0.8438028057851383,0.3645939333663342,0.3990678259260085,0.37491739945981484,0.5227841984666397,0.2615772684594174,0.7077190364305485,0.7365531409570905,0.19718318154783843,0.35398814824672853,0.5989786311109666,0.7108066977306753,0.5467414878550674
459,0.4963988071419682,0.5008081608763592,0.24167858541718495,0.36494400566810375,0.4240689506195484,0.33915409046793654,0.36164798586692765,0.27578828555852897,0.34072500039855885,0.2414494900904452,0.5943656057161013,0.5569718524873352,0.33282970567507486,0.4870927438928425,0.3964952706836338,0.5686958774381133,0.7518517049487613,0.11840047389630046,0.1835259638760644,0.38443361368123374,0.35118605496864475,0.3382971313480243,0.39024897111688694,0.8044241361642597,0.5392984520730659,0.30556903856399625,0.3942124744721811,0.5753485611831879,0.7126436084562199,0.3473395283404569,0.8124859795127962,0.5816832743566194,0.2855863155314144,0.8898896526726259,0.4680032155314914,0.25470716194107135,0.273021188994063,0.3131650574664656,0.5667549188352803,0.16693289362284572,0.7539682345691687,0.2514657749552489,0.2595053178849385,0.6837917092390778,0.348257338542303,0.3553154758042286,0.32603370894776684,0.36721371979923956,0.31837708234969836,0.30119836143355583,0.3882523725409178,0.25064163557475655,0.5614383845171141,0.38458902053392896,0.2693304881798337,0.3155618726619379,0.20485816284012176,0.6201404665842595,0.45854148504995873,0.5215775818107035,0.2346139236177641,0.579815999982107,0.2723311707365451,0.42154332083794677,0.17020769896150384,0.23045531948172837,0.267861907703245,0.4643308939109625,0.5250491000178221,0.35498833862407864,0.5742307312239878,0.3022967079544078,0.2382561597962709,0.48438695732090753,0.5367922584288509,0.16304497773317822,0.5508521981886854,0.25869638796661787,0.30918522977376667,0.1746581201839477,0.2765668474185012,0.5901271973158869,0.896357030811403,0.40054271232105965,0.4510620219813054,0.43956650063062774,0.4915155426210076,0.7521181668581061,0.1873530368365817,0.522506022559902,0.4032544918484789,0.3474762982215249,0.2543597598925695,0.28451757657678206,0.23170610716974274,0.2453546277135801,0.4394841927548552,0.39129556182588643,0.25047397094753665,0.21091666435461673,0.5685325396157199,0.2425975996576612,0.3782526016588669,0.24389810632152392,0.45843643127354916,0.24585524877704606,0.5540505850341064,0.1847301261115125,0.660833077794932,0.5333776636825637,0.35251362540956965,0.24942080335845335,0.8414186018473141,0.7700096144302209,0.4262489009240988,0.3590426417259457,0.23646497210894962,0.4703948487708665,0.6514711600917626,0.11414298311031555,0.36905908286321576,0.5151529390115368,0.46774951146323174,0.3004760591864286,0.5039497588975783,0.6746498723003342,0.17440098390662837,0.23019978397644955,0.39365446253728237,0.780191786454898,0.2912581871275324,0.5182596317044932,0.2838330188229105,0.6158931707307096,0.6032201188941446,0.6884915396296325,0.6036019999704318,0.22092118899821223,0.7392735154342236,0.5153008724044229,0.2837056744537172,0.42035782581595676,0.6195334456353934,1.0,0.3789337110774086,0.14168333559943433,0.553786037975595,0.47315528491417436,0.3974708431738895,0.6459696369766753,0.5712988765117745,0.4742332488109344,0.3011991945492146,0.581375407206558,0.3790535398446535,0.37789288498710594,0.2406776288630994,0.3380353273002548,0.4489926070628806,0.9215882382935504,0.6734929084267907,0.23118513167054797,0.39441436721004064,0.7610833065931173,0.6436357857811361,0.6330155066392433
466,0.5380165918816714,0.42901152713960855,0.5891963593529218,0.6482960499995134,0.483975970299241,0.5344313536222743,0.6057934042584324,0.8300878730682606,0.6254936815376968,0.6302889368450633,0.20967534579756542,0.40784871181881177,0.6829321384225584,0.42812492080981435,0.3509713517848182,0.44602883941862975,0.30393907434722867,0.7587722138000471,0.7005820029626518,0.5045025437029065,0.707821376800429,0.7122738040297198,0.5469302241906894,0.24122998782636065,0.4945259851165008,0.45975975241713063,0.6174371474065288,0.4731185407039098,0.6568411860588201,0.5310512000408669,0.3720737066289613,0.20888847796614207,0.469247491753765,0.306648090263299,0.22234397165682382,0.7124380947279831,0.6722163832343137,0.4058950698110687,0.3551638681893475,0.742999227310222,0.23112788488286956,0.6923057055722777,0.4618347877057435,0.3735728657518727,0.6275209503396479,0.38934918274616015,0.35315833244677985,0.6239724479672711,0.39546790115685926,0.7139222029538268,0.29861764085881837,0.6095157052756657,0.1824915654330466,0.28086339258840304,0.4630108982033312,0.4108212010775367,0.6940255022805112,0.1589306683795067,0.37470085299943257,0.6559985845001162,0.8212806253583622,0.09033825383188865,0.43169090651402187,0.2509422793532061,0.396025784361028,0.8121091909835687,0.61367602210676,0.5950684279179179,0.3404614656743764,0.48860295612947935,0.4538424201090565,0.31133460881320374,0.514563521527751,0.5237342522819171,0.47398728332616236,0.6537655688256753,0.2187827293907842,0.6518864491352685,0.7176691280844386,0.6366237882800647,0.7708561095440315,0.5714763883421918,0.3403407284208297,0.5086685332251514,0.48307931845126384,0.1822268095732023,0.465748557886537,0.5596376310406914,0.6412273425187413,0.4381773555211669,0.2577605550855333,0.7085280321081466,0.6284754387645887,0.3923209287361681,0.742215960148243,0.3319867845813439,0.4477584996826786,0.5264730014121044,0.47092737991571765,0.5337062001349869,0.14523125640357176,0.7850405324395024,0.6197587885507413,0.5574396987208494,0.3449849394991036,0.5714259925158546,0.07683083242277268,0.702626955701905,0.4752031793866771,0.23786535248047888,0.5806678007170586,0.45029271660446707,0.343870243020454,0.47768396129748525,0.36111240352869695,0.6625658576732141,0.42112631240619514,0.18485336791575727,0.39780134518956467,0.6223808852506267,0.5747660019225047,0.423187638026871,0.4914056098926505,0.6160387346653398,0.4418271350288735,0.19838010920863397,0.8060612287333664,0.407621612663805,0.25927009605905005,0.22111232367622705,0.6680371689638018,0.36969237662808946,0.6155592200803264,0.3347403942470335,0.27702965735236806,0.16920977622407726,0.35551932623676075,0.6655315582956522,0.1947638741089547,0.47703343930592684,0.31920605199804014,0.07155041165116524,0.16796660106873468,0.3789337110774086,1.0,0.47418931901946365,0.32806329966529946,0.1695245132523455,0.24263078255599058,0.23062436736198122,0.7824032010282903,0.7542877578534237,0.7281905087553144,0.1910645923557609,0.6076638229896028,0.4809975311575554,0.4298609731251376,0.4111493257830517,0.6498871822123345,0.3155224790988589,0.11409821653007317,0.5897271097399153,0.5871854261509024,0.33013232523289926,0.16446710085038863,0.3297006211843533
468,0.3625001780168852,0.2853470345910272,0.4999846547265314,0.5149422092392614,0.4761975024859074,0.5201483863758896,0.6455992753163655,0.6236962406543186,0.5277785798725061,0.6046047627812191,0.42859042596023345,0.2802233158802875,0.5994512447853049,0.37854501314993705,0.4289286667479696,0.4016917749065929,0.40522335215055105,0.64476734131029,0.6556679454788259,0.49433340308591234,0.472782696856136,0.4696198161823694,0.46711246182399363,0.1474114437153068,0.49501791623406527,0.6997113111968698,0.38391755150124196,0.2685866040712387,0.40535985298061034,0.5086007081758457,0.2046802216373161,0.3126668316878283,0.7027275608921197,0.12317639549571302,0.5440124496721109,0.5174989378250923,0.6206560292982025,0.6708273861563001,0.32376520290791944,0.6782663373916249,0.15314630946249758,0.5510549202599719,0.7121429190743471,0.195864198617107,0.47727463148341137,0.6879174719157126,0.5207562445586296,0.41406903554554525,0.6431383356775711,0.6099609653269357,0.559384496832297,0.645288116731262,0.373428831329944,0.4826878508010155,0.7181178598940114,0.6422099755811398,0.6183603213879988,0.40952914214234803,0.33579092827268625,0.26319076759334986,0.5511282331999616,0.41672204344770875,0.6469404035850828,0.6112472851230215,0.809516288077081,0.6028917483599494,0.6074772049544833,0.5484862823496449,0.3551596734873055,0.4765719006058593,0.23296823858541577,0.74511763294864,0.7362768918831208,0.5666745914295755,0.34832715529465696,0.60865466981894,0.24588150168423017,0.546360027719389,0.44798733158047244,0.5682480719860403,0.5510980750016777,0.29572085417371086,0.1398531486196744,0.4799902311544557,0.48859702006358974,0.3584925060693084,0.47200406302783743,0.3188837312238494,0.5778207731013323,0.4011659945311604,0.4341381276070902,0.4188621728309716,0.5798621914390758,0.6485678553596819,0.5366058904721045,0.4500546061226717,0.24658624752500613,0.4989764016124486,0.5558874685026318,0.6324363215920302,0.44800444841195153,0.5342851722533983,0.6199836771909372,0.4869335597195892,0.406451628990143,0.45505713161007755,0.389476758985232,0.5868442099726763,0.2626435531474728,0.3152121279070189,0.5846100707976636,0.5172482631421864,0.11459335357690593,0.21704724792589605,0.3840306179276529,0.3956994031580539,0.6830025581569272,0.4269393852611872,0.18478701362426664,0.6290083933455703,0.5661429296017082,0.4161370282188246,0.4004584497326085,0.5481384600751021,0.3950783580841012,0.2549350938472669,0.5507076547077491,0.8271951793152691,0.5130274605264763,0.29467564259710943,0.5888927322303531,0.5413545524631628,0.8240372287647331,0.3115486365858788,0.307841376407188,0.2569340102777285,0.41576484711496975,0.5954099906860885,0.23761013525153624,0.6236545746923634,0.7176067795097358,0.5460306056564829,0.2541386283990017,0.14168333559943433,0.47418931901946365,1.0,0.38590981192551826,0.45181223064658904,0.3640108500396767,0.46381118255041953,0.37739525568936716,0.5386037673167237,0.475575503123957,0.3287404390044949,0.5897668999194916,0.5926165433579307,0.703561324417064,0.44906808467944626,0.6175697100664203,0.11184208320692024,0.3844100278028789,0.8569214078053273,0.571502263440198,0.357730356365227,0.2449490811496406,0.33659714169622507
473,0.4229578971132337,0.3706300789965883,0.46544708513352895,0.2527021748872201,0.4054244822499764,0.21050637356824464,0.14546164884773677,0.2739297708397805,0.44224792767654075,0.30971455068602594,0.7452381960507454,0.5370903673762073,0.30093206198309863,0.3581449468659799,0.7245071548810809,0.4315984351354104,0.6882922333633813,0.3236332869774411,0.3728703350793811,0.7570464113820683,0.33151397181623704,0.29778269863577644,0.4135165536482527,0.5770069691140312,0.36751858159128226,0.2368843529320424,0.5509540529091386,0.596302834128181,0.29842462079556487,0.2626837764926401,0.5390362968600428,0.45912410074890353,0.2389879236472087,0.5586123509835452,0.47678791396739545,0.2977875482739169,0.23831221847504225,0.32746034868518037,0.5170587417955387,0.3571545383148945,0.5820880571986954,0.28811610097152707,0.4640426838615138,0.6413864984195037,0.46389232818723375,0.2878728779887799,0.43849941603616893,0.3587697959060855,0.2382027056606817,0.49513542696783197,0.37111318901122425,0.231992051412777,0.6352992041836882,0.2731595048855743,0.2647841216832719,0.5646960326908803,0.5740876729440214,0.7401377765688771,0.48802593512857506,0.4173389111313852,0.40404822360735637,0.5496435810383445,0.24997457902811335,0.5938518845615879,0.3616624499017574,0.22044730645598412,0.3066539034324679,0.2293655261789661,0.48044328590262886,0.5061993188120704,0.5926464768982818,0.4997584900788109,0.2209589637861974,0.14192370009139033,0.3524247297106281,0.3505866564983096,0.4438528741287362,0.31323822098597937,0.43971850550484615,0.385538799201247,0.20971173851692576,0.2830070626348663,0.5509305936476525,0.29424933300221945,0.35805691731280864,0.42777141614641306,0.4654822285878087,0.41145917680139144,0.4206707027995827,0.3681238824680464,0.42081946163122674,0.4816249368232965,0.17958783038222903,0.27419604433589845,0.24711053201876781,0.29305135920527997,0.6957684568669468,0.38947778538151956,0.34215811904986765,0.2349481653634065,0.7332969665448632,0.24740055365016173,0.15570016147075794,0.5000478793099832,0.2942123870514709,0.39821186445075735,0.5164358134430194,0.21304062790080763,0.3897746338316321,0.5171177770986821,0.31525380633345457,0.23817713770631482,0.5049290942980544,0.3970940784837663,0.3895177173608805,0.3195694205959119,0.21580527700513236,0.4968255254075105,0.6153203337641184,0.36382976299939207,0.35679198917198635,0.35523896510973973,0.2588375875247639,0.19161445189306786,0.35527923929706373,0.5543653961818209,0.4116711043259453,0.42237470998364607,0.6545122533637683,0.6938434778524992,0.25986186347474816,0.5481143582303762,0.4567129946193147,0.6130294491723449,0.6532645715380666,0.6496110529856728,0.5874696970713995,0.29945376708568316,0.6608340089089418,0.4063411855782725,0.526480670107126,0.6228696411476147,0.5872400670127678,0.553786037975595,0.32806329966529946,0.38590981192551826,1.0,0.5557618409185183,0.4366997285869116,0.5383672092035753,0.5652135687103583,0.6193982845031428,0.5156182104440254,0.5702327528963664,0.2836188366598678,0.6187471131804534,0.23063586494620844,0.44997198928668836,0.13586754794475972,0.5578340667383059,0.792456055214431,0.28133286330482743,0.3389584171327745,0.6560726842304525,0.6463637370509397,0.32857065879981295
477,0.2747996522352499,0.47323610184819276,0.23798841088724482,0.2594165802532066,0.39823678870410945,0.44535159973031246,0.26867053124906065,0.2158691415708966,0.4204257318854963,0.3722750890729848,0.5492050451209811,0.4482578656167363,0.2404059494296235,0.3775921296840655,0.4986667624688176,0.37958067056087985,0.5470418380833358,0.297295026787281,0.31880990650398056,0.457458419241744,0.20146600130429781,0.31649876713968667,0.37790820881679466,0.6882620588288584,0.3990641100557842,0.38533093526096507,0.31609995677216224,0.45253892811879376,0.30340939026657754,0.5406495988583465,0.38598308068913023,0.738936787247161,0.4140210079243294,0.45897356761882324,0.5349436840216257,0.23393824452948173,0.312716913779976,0.4115752257779885,0.6079681074892329,0.29196135409337376,0.6698016918395293,0.27803215162900086,0.3791802042578354,0.5409511647987735,0.30781889301265564,0.496473470770861,0.4175288699248717,0.3730174117143367,0.41827161789567724,0.24553883702114004,0.4217698356357187,0.321017192843702,0.5331232379848576,0.6979008762104202,0.32309072082270507,0.4390342045167339,0.3739064058847183,0.6456021972066588,0.4643293830446117,0.28442119679231415,0.1867761037075809,0.5874778467731194,0.34681937037063015,0.6626483942489338,0.44000602985904436,0.20632241802830342,0.3226196183603145,0.3111862934446332,0.5454166586700246,0.41227291205727645,0.5229637728985415,0.6012914061989005,0.3571897861751394,0.4009788755417405,0.5419651475160774,0.27846590850959446,0.6735909368999742,0.3071676423278828,0.31526691358711467,0.3044083317529289,0.2410644088042947,0.2790379296921396,0.4953409090953428,0.3638513872009815,0.4351147822863254,0.7007231588807759,0.3154192085594839,0.34145792544063935,0.350289045098115,0.42722431416090145,0.5127337454020819,0.3471594104546905,0.27913460943778623,0.4276478515951495,0.20913441715381315,0.5074596420022985,0.3562563065245436,0.25323136778665134,0.312909547742772,0.3650312188788704,0.5910061620449008,0.17202222843136883,0.2838781495645861,0.338370218409702,0.47905255305574257,0.22803869625359513,0.6025507946030837,0.20842113474086327,0.31120348684136157,0.46256772206349916,0.250355988723877,0.3868000955658695,0.46628443618385584,0.4427012061224386,0.5994189088735599,0.2649383433083746,0.4008186642371455,0.552172701703351,0.5008336500424821,0.27405358628024834,0.23685000841584325,0.42509704750680016,0.3823857863247928,0.3194705837289018,0.5551597968541762,0.4852014173615699,0.19159447840109572,0.48570628748534705,0.633570894053191,0.6413301392761467,0.46588490418592676,0.696947271726596,0.38350851910486483,0.6401717167060006,0.6149154475063013,0.5966608384375927,0.5602564011789966,0.26108402616486526,0.7890371450326752,0.6190281461074123,0.5290041414642419,0.6863003996790936,0.5533457160406047,0.47315528491417436,0.1695245132523455,0.45181223064658904,0.5557618409185183,1.0,0.7187478382145609,0.6750267600528178,0.25623230326930047,0.35944137639746143,0.23750066971791123,0.5963435718684446,0.24235193608816305,0.6061353925860362,0.4128575867706312,0.532167209629678,0.36192510914182674,0.51383318814687,0.6828501547659331,0.34061045752342267,0.3425325136684551,0.5919499350965276,0.6809894642912073,0.4717187904341821
480,0.4314895303701603,0.38533124897830634,0.348490005109665,0.3574565598732246,0.3833549460224673,0.5794158460846275,0.41212557390332216,0.3048274646594332,0.32473123939584636,0.42311512626239556,0.4392190514316836,0.40141985725224305,0.3907064169576203,0.43927918616927625,0.3556989345210165,0.3754870378003029,0.327930430885604,0.40521105465880014,0.41985760073340594,0.3486093383648647,0.2797159181583797,0.38800659931825743,0.4374115114994552,0.6258953931318954,0.30395805861259384,0.46383346314214047,0.4425076852056785,0.4429725931632029,0.2633132437439226,0.5224532267153915,0.47531355230327066,0.6103359255465421,0.47373992298878825,0.48748001218783366,0.5795783193837545,0.36680739930861084,0.33288120233116514,0.5182370932562448,0.6886109273330062,0.3444557377742309,0.5767372850969676,0.3845467373672464,0.2876460456450459,0.497375764567346,0.3448387941216117,0.389317228033802,0.49396678496644403,0.4589175725380435,0.43517420260927686,0.2430408511761663,0.5241807163115968,0.2905592688409583,0.4830201316637211,0.7159693323111909,0.42280288186163817,0.4307294955431628,0.35383823318419716,0.40741401141178296,0.4290521004789158,0.298144290071352,0.259481744756303,0.5802605470228871,0.490658200176865,0.5244176158042019,0.3889953107785442,0.3408999046822292,0.2847050341083126,0.42485614336876343,0.4430233260315288,0.40191327287606204,0.40439483235899254,0.41271353883089446,0.4451271578994075,0.40841641432736486,0.571052193334041,0.349701800771979,0.6530515350093952,0.3718028114986841,0.3340254681080108,0.4541488235352944,0.29533092639363273,0.45861935533141907,0.436581373450743,0.4550888128608408,0.39567911713971615,0.7617583977809285,0.5242833319600985,0.4106402382094415,0.47046663216023343,0.4658128675051604,0.49489340991142167,0.33861051490616034,0.42805045600816427,0.6104530075902497,0.35199017145099104,0.6746331484713004,0.5163868862610288,0.5342191923804276,0.5207897390005901,0.4453289725874288,0.5029310011413004,0.25089596842500417,0.4212507680948977,0.5721762472419861,0.465032337598254,0.39701843184845875,0.645429245258476,0.3304826968003214,0.4135836110261988,0.41956398544982165,0.3363475292961482,0.4945254526215948,0.4530873397109243,0.4261483169844772,0.6439143003301936,0.31729793666551315,0.4661865966186477,0.6365474001645826,0.545401277628457,0.43706755967212757,0.3726826694454329,0.4359629882313198,0.337470389436047,0.38999336630280523,0.5457738133046055,0.4895903416773603,0.3325001630499843,0.3695958330262109,0.5332951804325621,0.45804957217784265,0.49757721191065757,0.5354007405694813,0.3061402506576053,0.49711698125715625,0.4049226089615804,0.44815557728623834,0.4161262048476031,0.36599913532160877,0.6016756732311596,0.34658655713831554,0.5127833824117669,0.5775179242417625,0.5037892664682243,0.3974708431738895,0.24263078255599058,0.3640108500396767,0.4366997285869116,0.7187478382145609,1.0,0.4204198857246371,0.3387951350379481,0.2920402932669241,0.4485839432175786,0.531968890659461,0.3860512209857325,0.3869657282129988,0.5341783984237698,0.442205001362604,0.39999327596394374,0.4565130585745798,0.4763707715092509,0.30937840789263477,0.4163628310395865,0.38548856714363133,0.5562681414205133,0.5383950947975381
484,0.26483914843094064,0.48315395589368887,0.13535900603974355,0.34531990606945184,0.3915585561419124,0.3606333798909621,0.43004375139430284,0.304896936822404,0.4472776876261353,0.28093802188099704,0.6255988650774906,0.4641140420742944,0.13817561902677225,0.49771628913216415,0.5457625455596854,0.48380477922478893,0.7274871846786264,0.22475458052972122,0.2517826371223781,0.4370380744134505,0.2621612090974844,0.3851564143545254,0.34094637104813486,0.5858860124703879,0.3842498957516045,0.39809612733490296,0.28027920320369115,0.525167761435423,0.4258494314263501,0.29364395354685213,0.5457294959334886,0.5139398079625517,0.37370802535393743,0.639224862116869,0.5318815059066038,0.19472945813337844,0.26859332802624764,0.34910714439770174,0.36981972048691947,0.2799693730476061,0.5816086874129275,0.2537550920794427,0.40192775142726817,0.6712231741307726,0.2640239443244805,0.6555564611302831,0.4081017164445061,0.37726279488167236,0.4630110072014263,0.3846136490201062,0.5071790455425129,0.3333785695770099,0.5987092400998204,0.5146560560519896,0.40094627320573806,0.3667154308207624,0.3494159088580794,0.6866987375882663,0.5154331669912955,0.4323215479306098,0.14372160204100182,0.6117286638501105,0.32586863705634617,0.6200584619081545,0.545256943562676,0.29936743628688156,0.3144762433083723,0.5049078836739904,0.6041949836284,0.37154780296700474,0.46671120338692745,0.559162851058598,0.3279933780741915,0.5464843940556074,0.4715816563061158,0.28189512509943854,0.4432173378989942,0.33149334828394417,0.3067215481355825,0.2873862809713008,0.39602887701082273,0.3948134024206521,0.6512914063358012,0.25044263734662087,0.3992619337275426,0.44888447595808934,0.23437481805462634,0.474333056498504,0.27101115103823237,0.4147111274374104,0.48414666564646547,0.19251232210440028,0.2827866334319911,0.33287516094219677,0.3097447847140394,0.3054002206011711,0.3404631246648987,0.13958625200366198,0.2584017702523198,0.2576757234716229,0.6215812983252298,0.2319972531880874,0.38172783789590936,0.3088256229052699,0.5617018729603087,0.17102147019189984,0.6378472261161183,0.24496213161996822,0.47820837923876525,0.45349268339852933,0.19888093996372222,0.2423627412528397,0.6535434433221081,0.47790181145105604,0.4187388393152478,0.3098233058126806,0.37142886466721475,0.489156600293135,0.5768104818380329,0.22133650570399654,0.17443466104763056,0.36043648816393625,0.4716306198901177,0.34304447373181285,0.49652845331694,0.4799975362007111,0.10695856663824248,0.5165544633625566,0.6193751513449978,0.7616300030878351,0.21499497022281147,0.5508055135090666,0.36791383206372225,0.5853296243424047,0.676347759480605,0.6594480336466018,0.6299375761953062,0.2579683983970435,0.7227739566663552,0.7991620295590737,0.44993974309869345,0.7149079493533056,0.5855229744515594,0.6459696369766753,0.23062436736198122,0.46381118255041953,0.5383672092035753,0.6750267600528178,0.4204198857246371,1.0,0.3716720623349931,0.4390255250960951,0.12609912176802418,0.6957727465112157,0.22945091426946732,0.5709978713832446,0.36545734755881,0.5020689840369014,0.5047208958926218,0.650240020362176,0.7134610426078494,0.5147179147789012,0.2564640612109445,0.7905692277276459,0.6475392294946496,0.6319867826804515
490,0.5418448871736753,0.4370961826483971,0.5866004660510175,0.5005921040461343,0.40852591061536925,0.46812418876555817,0.5373149801498931,0.7048542656495412,0.5172829866955525,0.4961061851172826,0.4021413619294534,0.5328427661782691,0.5269127746885104,0.34114176296851806,0.3857903250240198,0.5696364395515199,0.4680854471938919,0.566098772806301,0.6425889592567473,0.6673640649289663,0.6588452495520675,0.6147699274830449,0.5086255763333438,0.415737166651458,0.42663315140735164,0.3762265956986296,0.6810739415386442,0.6287583037387778,0.6828166269013873,0.40390838697969733,0.602997689079472,0.2973241136487945,0.3644323101309941,0.497488481938695,0.3969808447250245,0.5748967812015064,0.5235597037171077,0.41876645605796314,0.4783308893186068,0.6352161317448577,0.4262024682621343,0.4780900106007272,0.34322134693600514,0.576202821413197,0.5626008869196234,0.273759515441426,0.39038854255844235,0.6304084227523903,0.21952544334825325,0.6333896602029722,0.2570830871628629,0.5018738397158161,0.3925335445039586,0.26914501519255674,0.3809978361386407,0.4115345445884583,0.48293156484144784,0.2426557309677722,0.2705618638427441,0.5314075038907021,0.6290713507506605,0.22278319465964533,0.3420369051761857,0.3228278930797672,0.2962697392634312,0.616296998000659,0.46727439175938235,0.4747216161112285,0.34373570380986573,0.4381399687321291,0.4461220545225647,0.25670455855810165,0.4128255025983675,0.4352528539061071,0.4018995408003098,0.5236838292139269,0.233678140253925,0.45625622783213193,0.5697498857093509,0.5093424634959788,0.5444759881517975,0.5202274195823029,0.48036365197685327,0.3742488280639662,0.47995057943509334,0.22339100801750214,0.5522999987477698,0.6130361761552215,0.5886234945724479,0.4644535206706684,0.3372322676047048,0.5925495522601449,0.46202123474834444,0.3744394920104641,0.5621298239224546,0.2640918418417522,0.4751709553807951,0.44678844023742537,0.42318986656218294,0.43012091662783203,0.3280458966393703,0.5587662345071286,0.5414672987345226,0.5231009126048055,0.2987120516490241,0.48991373979006625,0.26473903970319945,0.482920127941057,0.4251854170442231,0.28615281103785956,0.38997903075575263,0.29152825772932467,0.42647475767214904,0.5179451877873367,0.26753340498252204,0.4671267918288511,0.335712728232329,0.2872070302961207,0.5381616617269285,0.5574667497629389,0.43962034575957737,0.35111183014374703,0.3686025802198871,0.47201942326972857,0.5447479371782267,0.267916310746362,0.5767166693765753,0.29602472399661184,0.28352115534061295,0.38498748699908747,0.5272583844997958,0.41705083121081454,0.5242346003952689,0.4379701393806327,0.4525225941825267,0.3158078034756837,0.33258776439298304,0.4730026016167317,0.3614612369353226,0.48556561180819025,0.3660365471872069,0.2248115336451087,0.31586382599045,0.5712988765117745,0.7824032010282903,0.37739525568936716,0.5652135687103583,0.25623230326930047,0.3387951350379481,0.3716720623349931,1.0,0.8172940241622048,0.6532537168226761,0.3351253777260412,0.4396535050316624,0.49986016837737657,0.3480465965911689,0.3405150370557596,0.5265036967428139,0.45154085917446085,0.2816309920873242,0.4208533459668898,0.44161345482303416,0.42377685143209176,0.31032819626249086,0.3908578868212763
491,0.5127204446024246,0.4316985617614911,0.5401217004290717,0.5352414336176762,0.4867676005000723,0.45682793880664985,0.4801794746521346,0.6720213482052955,0.6615446402811773,0.561666515415534,0.49871695406106675,0.5038231918759755,0.48918646979982705,0.3354549797261481,0.49556066701051804,0.5574303738412156,0.6002060862879584,0.5370720942595392,0.5883363158737802,0.750616892237437,0.6307206625722634,0.5764710342947195,0.5531272818547452,0.36450052676480355,0.42039405673360297,0.3589302463793021,0.5800214866143685,0.5494310925463248,0.6116555146192878,0.41597164458149766,0.4376063674443441,0.24904156267963384,0.33280452865375715,0.36474045905747937,0.286900403248008,0.6148789577016991,0.5586734389354808,0.385744654643287,0.4466601135715467,0.6051170249827025,0.3869264075847907,0.531107403255959,0.5027360135495618,0.4650725866903727,0.612310764027697,0.3843815376749958,0.4148316931572613,0.5686760700739606,0.19201929330494125,0.6850566502058657,0.22759547475172523,0.48051433550743794,0.3536584149916787,0.24445380083253293,0.30360638361354036,0.5170151692777691,0.6253279276972343,0.40949830491321054,0.34795561541474695,0.4288552920615092,0.5817343878604289,0.1747182053910999,0.28146186937880746,0.4412656219745569,0.41145979375802066,0.5764089579189173,0.5346589889130904,0.4090371461896493,0.40281645391951876,0.5299883744405056,0.3916470568979505,0.47981809446039936,0.3517823179704678,0.40324564674251206,0.35156378039813363,0.4533913866542345,0.2042760016480007,0.553494177198378,0.5036478042591777,0.4382719597330138,0.510870593548447,0.37337668580863026,0.34833821155397127,0.294481653301951,0.4378025745791905,0.2097275027462864,0.4449665883170896,0.5340196963900135,0.49443115526349546,0.34023182765025595,0.30744284965831004,0.6114637427641723,0.48682225963691966,0.31406188157726217,0.5048259555557115,0.2588412878574114,0.39132391906004493,0.3838801347286491,0.40314534919118344,0.4510274411805241,0.40566735266022613,0.532223142627714,0.4845063226155493,0.4513577255004504,0.2987836947213381,0.49212727453008864,0.15610644937367374,0.4996134717546402,0.3180540025311554,0.2558813619732296,0.3486036857081702,0.2854177592351882,0.322867969917914,0.47227104405000797,0.21975661277157205,0.43057223685118057,0.32082490919278733,0.23814877410272223,0.4432735981243783,0.469437298275981,0.4136866054464969,0.2749208282568284,0.3695183421394489,0.49147606229489976,0.46449628267332926,0.18861662145146624,0.5392704291609758,0.4515205028542153,0.3994217822617468,0.48653105952117504,0.5298759938838703,0.5645790214560261,0.6672904270252495,0.5361254036952527,0.5094666212650355,0.3588525668593351,0.48371618692052065,0.4472675287698363,0.43647109939595574,0.5979015253021965,0.5232531344743405,0.29671077865500406,0.27174773712760725,0.4742332488109344,0.7542877578534237,0.5386037673167237,0.6193982845031428,0.35944137639746143,0.2920402932669241,0.4390255250960951,0.8172940241622048,1.0,0.5931155793695886,0.3168859685975546,0.3919443835748441,0.6126347944607372,0.3113529724755861,0.2677701234448788,0.500277455835131,0.34709941670555805,0.41063441540907986,0.5723651063161224,0.37784163640653234,0.5379381827501434,0.31695764625567757,0.30181214563721814
495,0.5924309660510108,0.38238468417401805,0.6697769465606025,0.465669809948164,0.41760638526587557,0.43434187669257923,0.4640393527322322,0.5862499726135869,0.47213485603783145,0.5813311422959522,0.4045793569954531,0.3803566553429465,0.7270189379119123,0.33055172168377744,0.5272812816133243,0.3717823753489193,0.24038513016041146,0.7172950124982718,0.75276244931914,0.6204405068700047,0.6084240307654594,0.52899137996987,0.5111303621278531,0.2531122177178302,0.5294356387599248,0.47925277304488567,0.7264629160130159,0.42011576441099263,0.4496730289300792,0.4844526118061431,0.36148262665492004,0.2741736632202461,0.49914763060089196,0.30666447932869484,0.4130293969322252,0.6729885942867722,0.5653287600213429,0.5274806906898498,0.49831299227412296,0.6855531822558701,0.21734438094430514,0.577037968129384,0.4954106493745467,0.33257667181450906,0.5359209013913045,0.2744489982624761,0.4271182994971954,0.5531601120796854,0.3723249032453567,0.6073942949511354,0.42198490482390505,0.4778523955773304,0.35224170670998733,0.359280782956167,0.459348691391153,0.5851239424517107,0.7092566467502457,0.3004543280213239,0.3648398703148915,0.5347243270194921,0.7770700331206915,0.2675147872153772,0.49886703653412257,0.3718300188592447,0.43190478776909824,0.6465323044040252,0.4646284688395878,0.38362811454791884,0.28738543655386617,0.4786784740564538,0.5282365525756859,0.3292427331475817,0.5267074289712432,0.2942488237461442,0.39031105120370846,0.6395960401195788,0.26780383789080986,0.5335401405267017,0.7312713572953187,0.6674227735742098,0.5448172316784167,0.49853987813744416,0.25573863829511034,0.5915402735226427,0.4543669575125358,0.3367008776745168,0.7461668922927037,0.579842181470247,0.7519141249507376,0.48761284452805453,0.34614677375594866,0.7467307979124826,0.5064693608060831,0.5517235545280554,0.593429813837902,0.4521778902685816,0.6648280227193917,0.6936984246864384,0.586299212100058,0.5023986174317974,0.3436408848607728,0.5981327778685126,0.4702805036828077,0.6687290934596285,0.25697439572609493,0.6824116901600787,0.2823740673263257,0.5823744492907599,0.39540092554028405,0.3397973307013772,0.6213594788478012,0.44908289970420423,0.28276332182942676,0.3203016474703454,0.40211262415544347,0.5507352105708485,0.4754725279822247,0.42032460199294064,0.44840285601424745,0.7036827219310859,0.5651103283051575,0.4651743912872731,0.41188682966664925,0.4322633537612724,0.2961770363164164,0.3837339443750957,0.8320880023331985,0.40056863900898976,0.43105264323897596,0.2218279373285988,0.5586820268714953,0.3540494666345664,0.5832802819384588,0.28130819542968416,0.23514351254302354,0.2095642225624844,0.31478718584241716,0.6338394498771247,0.17936854323026402,0.23906175885220643,0.44819751235189975,0.32226349202092863,0.3001800909106481,0.3011991945492146,0.7281905087553144,0.475575503123957,0.5156182104440254,0.23750066971791123,0.4485839432175786,0.12609912176802418,0.6532537168226761,0.5931155793695886,1.0,0.21207952581109787,0.6315262608053445,0.44693525196311085,0.509943641720956,0.4629822580375563,0.41220738773964494,0.2690992375290585,0.27631780698586766,0.41800660020471575,0.6159507261651649,0.21190950740672537,0.24613484876587283,0.2354143476288307
497,0.3517458178427344,0.4311030671847243,0.25503685294194844,0.34017238710019804,0.6146967684786824,0.24638204218356707,0.27328606573947267,0.2423198555008706,0.36167009514043996,0.247223390877976,0.5847632512623921,0.47767973232213634,0.1541630507943066,0.4854379859889165,0.5140330508475605,0.42880184225288726,0.6356824590611234,0.19879922183866328,0.20991243292995782,0.42895026082248755,0.26103792127384995,0.3784256400839018,0.3455940720580952,0.6109565618384936,0.3203149594530339,0.34264828483154086,0.3164795907442103,0.5452831600157848,0.287829325863185,0.20141826972159504,0.5866970385795941,0.5448755701478889,0.30414586130314913,0.643781417311926,0.46433214683235374,0.18812571588107377,0.19057855110015345,0.30434526317726535,0.39882911742068095,0.23143585469732156,0.6205594523409188,0.253203816750685,0.35561692165064285,0.6532566195956745,0.3257045058581457,0.5600070107412705,0.44885300556941177,0.34840092156294045,0.35249394400360834,0.30426878215911457,0.4505746059448662,0.26578240153363897,0.8149735930987024,0.4483953985065974,0.36063185622969113,0.3807858899084351,0.33260605871689936,0.6451046940684544,0.7589040986529473,0.4462929676429832,0.1780610866289667,0.6438372862640434,0.3332514670980179,0.546303161183728,0.3954745451797395,0.2137869262889025,0.31885409331709524,0.4281845770202439,0.5590897276827311,0.4405320644327859,0.5168549003909486,0.47058276568043444,0.2848324407279413,0.4291661361537437,0.4322909070253286,0.28796158957911144,0.5345546140465783,0.3687320111277127,0.24944473852984614,0.2828581977607327,0.2969043059446064,0.3819583791692134,0.6668978272298274,0.27264097892791006,0.40095237577685494,0.5040133891595966,0.27979409713779907,0.38949835815222467,0.2485922857150119,0.35856561635255535,0.493881082538675,0.2795842178102982,0.2942897394318767,0.31769545956640477,0.30423257041155083,0.4183162705077625,0.474027341537076,0.2903357466096222,0.28684306129445886,0.24140779149219593,0.6294850136714212,0.26019268942577073,0.2764568753245109,0.3808458352013784,0.5232001325378111,0.2753661116542978,0.6514348598696247,0.2561568168160686,0.5251811278685411,0.559831542662828,0.26469573548510233,0.31834719773658166,0.6255322445234678,0.45525996418379344,0.43327291377358723,0.3092993524518661,0.2842006528919235,0.49311310258257607,0.5820615997151928,0.23336225595892102,0.2731769331562205,0.4298089366291954,0.4242802947162183,0.27220308335049725,0.4441041010141675,0.5742951134436913,0.1618589507756745,0.39098459019645937,0.584171344505994,0.6955381085546304,0.18592021464281328,0.46448562913294755,0.26778174643178293,0.5237238846656896,0.6331705284788732,0.6989442380283474,0.5792895435025239,0.28036162375263063,0.6698327107106813,0.49212398452858386,0.42381770561105997,0.657484894053937,0.8438028057851383,0.581375407206558,0.1910645923557609,0.3287404390044949,0.5702327528963664,0.5963435718684446,0.531968890659461,0.6957727465112157,0.3351253777260412,0.3168859685975546,0.21207952581109787,1.0,0.23822953203173797,0.4681547626205635,0.3478737779674759,0.4875050637255881,0.3440139257445256,0.665043472582206,0.676297954833146,0.3218342062986747,0.2483844158355687,0.6832087579081166,0.6804695491460961,0.5720277438723715
499,0.41619477737992217,0.35714311362188933,0.5667492901394302,0.5485480146096672,0.38726476411017163,0.49523496330572153,0.5441991249491385,0.49704747862496157,0.336185568810593,0.5522304489112411,0.3774869328028304,0.20916882284528576,0.831614571281729,0.38298372237887623,0.4129474211773285,0.35473540766174694,0.31328297744349903,0.6009669071277066,0.5612175946356757,0.3827411471612604,0.541324816474747,0.3568203470298319,0.464693934188207,0.2575359857601018,0.7213858301686007,0.609574519753958,0.6261052785425392,0.219909935972622,0.6133855230243637,0.6524091530314315,0.44106348386360306,0.41277804366121773,0.6161444636438467,0.35630199431061166,0.5057423703646868,0.548840662767651,0.6649003219372734,0.5993703240385168,0.500406216289812,0.5623977139021132,0.23219153475460924,0.5811788726666762,0.6558721357422987,0.1648922961793538,0.48008862200081603,0.44546625528014244,0.44099179229933294,0.37085831539854197,0.6095983173874077,0.5024710231293548,0.5963192912167765,0.5442143229732725,0.3829688367534257,0.45766012266234085,0.6979345216003547,0.5627814719613703,0.5493134305055195,0.3643380845346208,0.3673829294635518,0.44306221627026343,0.6802902329367977,0.37663377629271017,0.6470858762465723,0.3409598853536885,0.5484795046802052,0.514021781215247,0.5057595079180657,0.4251835840685493,0.366551589445298,0.4801666680396211,0.4841314559761458,0.4314945116565389,0.6394785892249781,0.44993446228927364,0.40645270605902917,0.5870668981605721,0.4508472700628091,0.5313808308545326,0.6425901484903034,0.5438898940117262,0.4732510610575369,0.559231636164838,0.3495190500959378,0.7687364677545648,0.4979447930154058,0.3525858723408273,0.7469571525547076,0.5193800846699539,0.5644545397740195,0.7557525814407244,0.4020633488085469,0.6247626082359397,0.507908175429835,0.6522365522646355,0.47752901755441657,0.4421286239388964,0.45611216137108457,0.7868518455930378,0.5117379229049666,0.5754968604613222,0.42522365766947845,0.5672926349742321,0.5444161621163777,0.44455454705321096,0.38470767140409584,0.5401428485061227,0.4044924764101948,0.47721163652529935,0.46408481073648866,0.4007369869009983,0.750795571624461,0.5462403754508272,0.38676359412023664,0.4416899847005511,0.576672760235519,0.47254967600420933,0.6358574446130733,0.41685913107424927,0.17726147901962597,0.5463905597734876,0.750419366295374,0.695590286488028,0.5504523436542844,0.5072808596272185,0.3491278228088751,0.500595336866887,0.6729514834106733,0.49408661382591,0.29062050509762266,0.2598050679166246,0.6784642964465163,0.4459299644022444,0.7162288184946637,0.23222692952236143,0.11120290261217446,0.22463842952668794,0.3937966219235661,0.6264102129216135,0.21468643595430298,0.3333174681676892,0.41359411959111336,0.3006306928407362,0.3645939333663342,0.3790535398446535,0.6076638229896028,0.5897668999194916,0.2836188366598678,0.24235193608816305,0.3860512209857325,0.22945091426946732,0.4396535050316624,0.3919443835748441,0.6315262608053445,0.23822953203173797,1.0,0.4137703484889311,0.6665840746917229,0.4133059795147598,0.5654825114684552,0.3385044761407079,0.3612827350583553,0.5193444908352924,0.8020355404942912,0.3095664582007164,0.25301595124150034,0.3634589015452677
501,0.2862559058722683,0.5026203761316603,0.3924390425314581,0.3701565104477593,0.5046173571427623,0.37942076299622424,0.37636620369259144,0.5360439228823697,0.540501917589939,0.43533302304654575,0.48602579228545584,0.47254291489622063,0.3581334413705077,0.3724342773900709,0.5768907830358685,0.4282699598728999,0.5043787695798722,0.6253338875255596,0.5797393255893497,0.5908242388514324,0.4746117373276766,0.4870624772670347,0.3493428252944617,0.33823110319116656,0.41822798210758544,0.40068887724544666,0.5435250713654154,0.495850327784892,0.3337004245672822,0.42227709471881963,0.269195519806938,0.40166308091845854,0.4369414985783514,0.295667782145459,0.5105969974971535,0.41869985155125833,0.46049023722725263,0.44629779162884664,0.37431580750783006,0.6414272377860268,0.40136002538323257,0.40558083801995315,0.44345517804154466,0.5506982396184417,0.4113736425442792,0.5280391943699914,0.34399791593248663,0.48428210110077274,0.47385142270351555,0.4529951567540085,0.4252765764912896,0.4138783079458821,0.41146841292261993,0.36967211787325155,0.4686823184527641,0.38316520640816953,0.6001558439928911,0.5374244610576964,0.3289931761288882,0.3363531476487306,0.4899797905817499,0.42722417546825575,0.4334877707780143,0.6014184134737219,0.5099121804216648,0.47245117696418654,0.4563867855202499,0.3631616562456297,0.4822763404895563,0.4921228223438123,0.5871559943174189,0.601979862205035,0.46720910375254654,0.37236662887502214,0.30218507186616433,0.5668553292964118,0.4053343042405267,0.4162458585950134,0.5195434549109321,0.5107321264452748,0.4709428042817139,0.18720817033566192,0.28423205618422687,0.3730420971902182,0.45358443676114124,0.3273098054567319,0.3573985656479871,0.2900203482343652,0.5480420413147455,0.40890152355779025,0.4537068991962073,0.5754612337347909,0.38196985093768765,0.4589413682933654,0.4673608740835839,0.3098366406086456,0.4118817370103095,0.2920294171783301,0.3876169384800687,0.4657771549241554,0.47835070117142764,0.3523932564329546,0.3755837584493744,0.5208607063333777,0.3183831806442128,0.32560183951081034,0.42747730283657515,0.3642441837480865,0.15002070001932485,0.3060761192743466,0.26524760554087873,0.2742272192877717,0.25750068391981284,0.33278170731693374,0.34344517958108917,0.42070109010621815,0.4609696164299447,0.4814118568540364,0.4785612659435202,0.538178654479712,0.2879228371348114,0.33226178234652454,0.3319763486514559,0.4357725509007765,0.46583671150424155,0.29468998111866734,0.4348197295288066,0.568451140343787,0.6588815360440725,0.47304688798072636,0.454188760259119,0.563699448438187,0.5743539673200253,0.47302672846308796,0.6050785548219269,0.4329900657551853,0.3973211306087915,0.393835449314399,0.4916583746414295,0.7229854174261402,0.492924149537768,0.5397440270164151,0.3990678259260085,0.37789288498710594,0.4809975311575554,0.5926165433579307,0.6187471131804534,0.6061353925860362,0.3869657282129988,0.5709978713832446,0.49986016837737657,0.6126347944607372,0.44693525196311085,0.4681547626205635,0.4137703484889311,1.0,0.4596669639351082,0.6442502506702792,0.46322228360652007,0.31526540284174276,0.5435146895051697,0.47500624668215724,0.41471489247258064,0.4941447403862712,0.4733222128211405,0.43476529420058996
503,0.37298837208368923,0.322135435420396,0.4771671668513773,0.47166207243912994,0.41134591495663375,0.519630147612602,0.6752295443434408,0.5733762519279344,0.36068933792934266,0.49166368776729463,0.3101762668834731,0.28058884139483026,0.6371203178148441,0.3676188871052898,0.34929929637771395,0.35173866574097334,0.22376830426524344,0.6606363978469594,0.6816533259746611,0.3182629938795468,0.4412474720937293,0.5307255640180453,0.4410587150989731,0.19095108739999445,0.560537817667109,0.7527752800380274,0.4889680216472754,0.35953561672249157,0.38117174630157136,0.46143070701929223,0.3263395959137796,0.3989320837747983,0.7502541828340137,0.2610928294775154,0.697929223228404,0.4614177691488715,0.5652527459617425,0.7656295210111901,0.38866073026847836,0.6636652092007098,0.1920447797571939,0.4840698762958768,0.5019036155684935,0.3104712246282936,0.3964663731952057,0.5975128557795888,0.45020226631008986,0.5638642718732836,0.7832901302532729,0.38457550235674315,0.7536562209628471,0.5912285839634001,0.3853083593881421,0.5280891450552789,0.7141304729327949,0.43752807578595865,0.39097022365813144,0.3030492065633529,0.36562140629585305,0.32807383342723495,0.5203607999448173,0.556819174966128,0.7434386744160585,0.4771197617341988,0.6683740090203096,0.5949797126628411,0.462244655220559,0.5724644706706711,0.42287823899613025,0.46114420278020835,0.3527502369992802,0.6051579371935094,0.7800897930330104,0.553619210259696,0.3263409741745896,0.6359618283578565,0.378677148863401,0.46610879538747707,0.46369185196216933,0.6577142384731548,0.5327829129656168,0.43231535661372505,0.2787891149146974,0.6289631779841092,0.44814010616163336,0.4830751665657456,0.5893510722001583,0.38331974989621387,0.6715799397033626,0.5394570836983124,0.6013528446685574,0.5313052138756548,0.5746400024529352,0.8265302994061164,0.6089251651613536,0.5394078579852021,0.39214084600385407,0.574778686320448,0.5900091605141875,0.6570536331967147,0.3722575063397371,0.46990266634916456,0.675140999035581,0.5561568044591125,0.516333483755313,0.49494018118666017,0.6244028509923728,0.5273077704254489,0.3573293531459832,0.44051171589663285,0.6050443948453187,0.48433727462996734,0.30959952019421344,0.3274003945424998,0.45826667187789655,0.41187606055083237,0.808860446983751,0.6561234726377334,0.32410428411966274,0.6985366037497588,0.6072043459692525,0.5472538442731407,0.5069467721726242,0.5557096513222742,0.3617177566492584,0.4356907260383609,0.5500707826549036,0.5688609815166806,0.4027719409298711,0.1854374302822846,0.522558091460749,0.3779727499515242,0.5626462165378143,0.1790886169821368,0.186693454262855,0.19899921939027138,0.35466141618494434,0.5705093442341563,0.17867059643000122,0.4171375109270745,0.5645949189891359,0.5247497707016976,0.37491739945981484,0.2406776288630994,0.4298609731251376,0.703561324417064,0.23063586494620844,0.4128575867706312,0.5341783984237698,0.36545734755881,0.3480465965911689,0.3113529724755861,0.509943641720956,0.3478737779674759,0.6665840746917229,0.4596669639351082,1.0,0.5581513097826931,0.7013042072938906,0.2477035524286909,0.29471290740060996,0.6443923694532177,0.6586682659963119,0.19418350329155798,0.2823004945623116,0.5303582920880339
506,0.19853534606047013,0.5231053469854001,0.3757614047661991,0.36704334061426286,0.5673049195219422,0.3547927256563751,0.38935514910240376,0.5288805151210008,0.38298950785457697,0.3273521586511433,0.3155578375722268,0.46723920784885786,0.3013816768842656,0.4541251898955099,0.5574966246997866,0.2971345217803527,0.311043855859963,0.6003565572089216,0.5583282348737163,0.3808366130251527,0.3575767163004592,0.5616625905347706,0.2650630880979169,0.34874398383136584,0.5013215196399456,0.5286542072445418,0.546091632050127,0.5139777138799054,0.30261333958079306,0.45178120515966746,0.2829133845683678,0.5104909566732526,0.4800028473615782,0.3474609452758354,0.557890728890716,0.3227576600544836,0.4022140458049418,0.45611602341305557,0.2647779794860038,0.6034413385618288,0.36965450700728864,0.3678247457147713,0.3381194688606551,0.6164618757526592,0.3551170633117675,0.5176052861014895,0.3896002290370967,0.5748203844093037,0.7025313020880151,0.3971996110997291,0.6141478376690828,0.45298763185610497,0.44777117824554835,0.5387452384334837,0.5009168989948694,0.30027623727586106,0.5034368022786592,0.4611476672633003,0.4327196360526898,0.5891672401408846,0.5635611721765362,0.5829075591060142,0.5414594157390269,0.4729425433350968,0.49672143526036444,0.5483470226763951,0.466572149641561,0.40510460365086004,0.5457586317117626,0.38921898874751387,0.7254804832773066,0.4931555498898688,0.5337882612731648,0.4636792324496428,0.4114238501467321,0.6687950571068412,0.49949836599785336,0.4136813588068471,0.6495422442528,0.6330198824205848,0.6383607035510784,0.31237598477164275,0.3854691512233105,0.49090802385418564,0.43477580598039167,0.4561738795005835,0.33928876576960226,0.2995196395680919,0.5680427216778737,0.4784387084488091,0.5224175837968185,0.5592738465099882,0.3554668111067792,0.5291891337275088,0.5448868650655729,0.42103419940610887,0.5771368323758845,0.3518355627681358,0.34036235312649876,0.47481351677131617,0.369257374519867,0.41449730470390744,0.40794782220511705,0.5929704612083105,0.512408458936989,0.4620792629344328,0.613315853044529,0.5064509653201485,0.3169297091938045,0.4653464920858633,0.4354118679683274,0.4119020299344745,0.3932313057375679,0.33275344513232485,0.49828651001142354,0.5070089376973319,0.5986005850960042,0.5200656903696589,0.5370220505014215,0.6556224182817091,0.3798181708897177,0.47334924947476387,0.4707947564032886,0.4046056849624201,0.3407878789064761,0.5064708716013382,0.5505169836758412,0.46141665618086686,0.6651352882168233,0.34975153798836517,0.3534073506103475,0.34429057873490826,0.2781785197272061,0.2823896277917569,0.5246622341697941,0.40632105649064004,0.34430809204813995,0.4872052455500857,0.3756156657919193,0.47290563929998775,0.3488920838567453,0.5128468741729357,0.5227841984666397,0.3380353273002548,0.4111493257830517,0.44906808467944626,0.44997198928668836,0.532167209629678,0.442205001362604,0.5020689840369014,0.3405150370557596,0.2677701234448788,0.4629822580375563,0.4875050637255881,0.4133059795147598,0.6442502506702792,0.5581513097826931,1.0,0.44687746527142347,0.3994792500703642,0.4233949724956791,0.3639352226957724,0.4583093846332926,0.3639852803734492,0.47569636697352685,0.5353616675517164
509,0.4233959729538518,0.3723830618012589,0.35059329512617043,0.5175189268706144,0.49755117272200877,0.5899183376870261,0.8060928821611906,0.7540129401055964,0.557134155059568,0.49872097174386015,0.1835095461846182,0.38830268639466003,0.5691528201894445,0.524041266976506,0.21151809026919544,0.5252042010318303,0.38600651891448107,0.6113832639244777,0.6362959803499126,0.27251327491133553,0.5667030910908593,0.6128983566676078,0.4792996033477317,0.3173911071264416,0.5045619152466745,0.6331398689663509,0.40749314218684707,0.4724950177045739,0.6282718662743998,0.45785909452381013,0.41191644709249015,0.32085830336093124,0.6381689511576062,0.39815448424829947,0.5233374897605365,0.5239830177757694,0.5784514652480914,0.6355478433178854,0.3727219266167472,0.636791399271836,0.31570920828690563,0.5332566255714503,0.40110040151352294,0.4464179348859949,0.4379616414012522,0.6094112241863915,0.3443598423343398,0.5846784972499707,0.5932256237599234,0.4718179081497359,0.5943073411853691,0.6146945139680153,0.2899531541779963,0.4645196217106963,0.6258399396487115,0.28183227954294987,0.36721601093375134,0.19978707705986593,0.33455281831203504,0.4477918708791815,0.48783285935025045,0.39015609490370406,0.5837461335548313,0.36864775787449544,0.50841298825288,0.7328900944080897,0.52041634227598,0.6976420231157306,0.3983218515652505,0.4362469937803469,0.2882685921285867,0.49003481942533045,0.6361073246740665,0.7037575375270864,0.4399714208689438,0.5808897525703057,0.2530736149377971,0.493902939051822,0.40643964129482846,0.48289461431159364,0.6873720289205869,0.571349587071317,0.40651661299164277,0.4823936271217279,0.5356113190017504,0.3241274076733426,0.44053826095704585,0.5869093996491364,0.5540004185008164,0.4702050456505931,0.5247178626126267,0.42734491457850554,0.6352196653784532,0.6501223409944308,0.6558113184054991,0.3597627300539371,0.1900783290513758,0.424774462664811,0.47809137763553966,0.6253582738155922,0.23784331802456704,0.5381282000608184,0.7852282466334424,0.4573639542856207,0.5156722623096528,0.3801605248866851,0.38005723407780856,0.5944400188521557,0.45881490063555275,0.2535589829842502,0.4606945528179886,0.3856496823106792,0.42649570212947474,0.4414290009469555,0.3602302515578829,0.43969379623524896,0.5966244782374575,0.46299214352290463,0.38504892177725364,0.5206400403827679,0.4676201339286058,0.40184842995311537,0.5140180292232248,0.6517246447613918,0.5372925473846323,0.22619138148906312,0.42420511632432295,0.510546546494645,0.3011836460011848,0.2788490925147252,0.5632093742229745,0.40007768693605283,0.5492724756746867,0.29846776185617707,0.3137543771335455,0.24093430182557396,0.36619278820705514,0.520090042923691,0.29507561919695197,0.6518478329937278,0.41519105098272835,0.3097562702441259,0.2615772684594174,0.4489926070628806,0.6498871822123345,0.6175697100664203,0.13586754794475972,0.36192510914182674,0.39999327596394374,0.5047208958926218,0.5265036967428139,0.500277455835131,0.41220738773964494,0.3440139257445256,0.5654825114684552,0.46322228360652007,0.7013042072938906,0.44687746527142347,1.0,0.39825141833705774,0.17778886002053323,0.7066693472549986,0.5406416858057601,0.4135437356739057,0.2551827952761916,0.5959811796417969
515,0.456346814657952,0.4699205250318738,0.19752367696165193,0.34910404628350655,0.4370880470410591,0.26830834345772187,0.29997290603543114,0.19242359766276526,0.28291903389185413,0.14904921167309226,0.586390130805289,0.5396818772812885,0.26963868231018856,0.5020507293858995,0.49682805494694166,0.4644807542957926,0.7858498069995296,0.07084374055761623,0.08721925619451736,0.33195865663809665,0.2979443130151764,0.32052459203507866,0.34280078218664933,0.8406028375378976,0.4955485456052733,0.273326130349474,0.358403564324025,0.5958951808318085,0.5730593571574274,0.2850421957771332,0.8353375842720598,0.650904829408775,0.26059105419434,0.9684608225621919,0.45025224254342,0.18161571877371613,0.1960380715646879,0.2477618512644559,0.5240533880713392,0.08476263804065311,0.7749678326326759,0.24525072301811504,0.31295024226233614,0.7107473111854105,0.29956484801266314,0.3973313462847273,0.3525774357806285,0.3255785488043431,0.33562355919257597,0.2538409406702369,0.42175711108615344,0.189917206185585,0.575856570285376,0.39460221460415656,0.22324218650334265,0.29087375792141046,0.19835870121403945,0.693647349205593,0.5630839616335725,0.5812167524044742,0.18790619200988798,0.6598535591354509,0.23658738985537975,0.38671517589078996,0.15756660369047143,0.1761452455127324,0.26823270060485505,0.435668844886852,0.6264719598459543,0.4053384906424618,0.6189482176596564,0.33527397084423777,0.17424188972984356,0.4556168887018609,0.597918158708349,0.12923496912965438,0.625705298520547,0.26695377102064693,0.2887264896210141,0.13712562347880092,0.2380120599895414,0.5901056183493583,0.9705201580637566,0.41550401300435524,0.40419286944619437,0.4902485926895176,0.4532540200179255,0.6928854906499212,0.1416268612297176,0.5229936632411515,0.4485777586336874,0.332916795084955,0.22291125447341475,0.26098496986679054,0.23577558059372034,0.27950453224197636,0.5433307101527295,0.3777396730973447,0.19547958719967778,0.15891745141804384,0.6525987028651787,0.21838180037343816,0.29851035674814835,0.26864633552729766,0.5048242019794869,0.2297634352418763,0.6432770411913659,0.15755441723890876,0.7501500469714582,0.6199887227771478,0.35389860032145626,0.2662372354116018,0.9218762601930335,0.7697969342747168,0.4842171103431609,0.35046215376901046,0.22222641256015135,0.5470228181992748,0.6636429925924479,0.08264969223623263,0.3640760090198285,0.5349920504616423,0.49557472285202625,0.26012854755398335,0.44904959772036257,0.7680747086611237,0.17540665360012525,0.180043641813598,0.4621546727417555,0.8356256594587829,0.21587887729917343,0.4661747591830022,0.20330502918687685,0.6044752073746179,0.6179683181987237,0.7571106396610368,0.6777741253128762,0.19014687135514569,0.7955891227369063,0.4706458095061965,0.22946480231242147,0.47901531599844105,0.7077190364305485,0.9215882382935504,0.3155224790988589,0.11184208320692024,0.5578340667383059,0.51383318814687,0.4565130585745798,0.650240020362176,0.45154085917446085,0.34709941670555805,0.2690992375290585,0.665043472582206,0.3385044761407079,0.31526540284174276,0.2477035524286909,0.3994792500703642,0.39825141833705774,1.0,0.7511860275650606,0.1998985905144787,0.35979215134238285,0.7938997094271516,0.7350312020671003,0.6673555229196343
516,0.3231851111794168,0.4170905170744444,0.23018646677827495,0.29229914924996264,0.39209370767406826,0.17005259056004807,0.11140254068487145,0.035449354226419275,0.3168756896026103,0.21131596687025989,0.8271964724966892,0.4432231450723698,0.26712622819088166,0.37831414692775966,0.7391355840726013,0.3616067019913227,0.837139489818161,0.10845074679768611,0.1287951749261032,0.555756448633956,0.2020756173591875,0.15554840050545138,0.29329861203563573,0.7055646594617949,0.5157679647464957,0.31196025761780444,0.3992221982242482,0.4327371629029327,0.32410491604179625,0.31851789025055466,0.6054817220890706,0.6674307451719267,0.2924814470936824,0.7315480743925517,0.51808439710493,0.1239622587766904,0.21392023677863659,0.28599714555629285,0.5485973659257201,0.12005172701127764,0.6833105200271575,0.2120044432507172,0.5572963653700027,0.5577615810146479,0.29883435697223637,0.4478614312352326,0.451148367487058,0.1771280985743086,0.3621825160653349,0.3011728136885003,0.4716574333922882,0.163600506274592,0.6908756843661228,0.43192624603711827,0.2655155716905069,0.5244637852936287,0.3977960387007859,0.939819294868126,0.5512952115080395,0.37624030472383946,0.19883448122352923,0.710008560667398,0.23967726363444802,0.6145815334339452,0.42131455595417305,0.022623720121289305,0.2680439800576601,0.22201908885060156,0.649841613117043,0.47099067377763226,0.6338720730917032,0.5895916372722803,0.19760540246210218,0.25287154378312676,0.44758035153965414,0.1706005683966327,0.6486335552980904,0.28279048564055176,0.31265761592739166,0.1922234213358402,0.06860747695809523,0.3335598136598774,0.7125503463167823,0.4099577667794771,0.3534892842129672,0.5202827442061426,0.45908698943452053,0.4192353808037861,0.16982356144796348,0.53182387396034,0.46000239683329835,0.3399491775330584,0.10586263072355111,0.29009349687522,0.06777155242889586,0.2998338751821905,0.5786453156169011,0.3685413750104578,0.2315975697122249,0.1778701731582617,0.905022556403768,0.11373908998874996,0.08567734544387778,0.2811037620770708,0.3905614144696776,0.24738491158152637,0.6990902283969307,0.05389203244204417,0.5004260956042572,0.6351819291329033,0.3460883775916411,0.2918301988062787,0.6726258258605414,0.5247408917652763,0.4956060845416632,0.24557369893207476,0.2612744150180395,0.5814726990589841,0.4915540465235786,0.12415021269008725,0.3899912271089347,0.5341093996793327,0.38318054425597536,0.1438066211218631,0.3770871820233985,0.7788484972296431,0.18508753866020067,0.4431857335755014,0.7035386765864188,0.8716638980444346,0.22487318714626742,0.6575736497477835,0.45033287520984544,0.640231443740726,0.6530519069103388,0.7813038615233976,0.7205946151142348,0.2040209363198197,0.8271719808204967,0.5089522946881038,0.47412705326657256,0.7391896927895795,0.7365531409570905,0.6734929084267907,0.11409821653007317,0.3844100278028789,0.792456055214431,0.6828501547659331,0.4763707715092509,0.7134610426078494,0.2816309920873242,0.41063441540907986,0.27631780698586766,0.676297954833146,0.3612827350583553,0.5435146895051697,0.29471290740060996,0.4233949724956791,0.17778886002053323,0.7511860275650606,1.0,0.2679483764694662,0.3694592476496411,0.8191753544307427,0.7958956992259008,0.4624260309219024
517,0.455598755261054,0.3261416865760124,0.4714172922052807,0.5644344005578056,0.47185050080008706,0.6279296791781225,0.7779213702481258,0.6958956752967731,0.5848217054727921,0.640753113236334,0.34765550160746644,0.34643867936246797,0.5409789951371118,0.4597724691888131,0.36425580727611595,0.4357141777282169,0.43290159136068296,0.5988815172860905,0.5614323200672561,0.39180476234670814,0.5418960143328029,0.5953326552529739,0.48351071747358576,0.17298833205440842,0.3635674184033346,0.5933255654531029,0.3254245098017376,0.3216284090356136,0.5024207117754649,0.4535820951667484,0.2999806909680237,0.21034137501390407,0.6161596501363684,0.2034602069028897,0.3875640464589868,0.5850636794414278,0.5936954442580931,0.5869603386092311,0.28079752560661,0.5963674568807996,0.14992141314466,0.6057880998183041,0.6501883301311695,0.2269043587618332,0.442383614342289,0.7920115656542414,0.47918485780353387,0.5304804088098233,0.5857837578332784,0.7416927927104904,0.49878697918727843,0.6706473556039314,0.3108987442967369,0.40498296545926593,0.6254463772204532,0.5948911373094755,0.5941491425500129,0.3068442590887622,0.4415814590281917,0.4263520436347761,0.5017959646728671,0.2611958416157488,0.5798243667512095,0.5442324858067094,0.7728555898341776,0.7403905863177213,0.6214886227144181,0.6809484137189874,0.36252143617562604,0.4620744363926621,0.14393426025796052,0.6132841071620624,0.6436296083000789,0.6369055951230465,0.4413596169899868,0.5735004110040076,0.21765448276855703,0.5926252246374367,0.4030964910307067,0.5697594808862935,0.6926509747777767,0.5033197480549629,0.23177293788168202,0.4390077240684695,0.480078678213222,0.3023020661731124,0.38238127192046867,0.4181498422552001,0.5311179096228659,0.2684235340796204,0.3555174667630361,0.3558316262230533,0.664149192069601,0.5643674967226293,0.6931825642641266,0.46528633518790014,0.2147433866325214,0.43351472945818936,0.5556119059636161,0.5952837332095853,0.33677988700815686,0.6266501940472763,0.7715032468575482,0.40993944247756003,0.46472217182394704,0.4674741500038858,0.2638292988531415,0.6881813881711687,0.43982487849878626,0.25385896193221125,0.52602745046775,0.49561808714164024,0.24338594554407006,0.3691945553328804,0.35962046759383137,0.5346357204985765,0.6202098312335725,0.3481204930132285,0.28689304226870566,0.5863844106869378,0.5106121012583678,0.31992771183339086,0.4868913393253782,0.6286531452485146,0.37503535675996214,0.161983930072797,0.5336484169146417,0.7493572448596623,0.4182774988325564,0.3657409807555056,0.5325280521984199,0.4271561335009231,0.7115288397089794,0.3364492124785914,0.29807266525357895,0.2811647472542359,0.5203875743939711,0.6327236116804478,0.26466783944872385,0.6572417299255561,0.6396702582923715,0.4623366372464747,0.19718318154783843,0.23118513167054797,0.5897271097399153,0.8569214078053273,0.28133286330482743,0.34061045752342267,0.30937840789263477,0.5147179147789012,0.4208533459668898,0.5723651063161224,0.41800660020471575,0.3218342062986747,0.5193444908352924,0.47500624668215724,0.6443923694532177,0.3639352226957724,0.7066693472549986,0.1998985905144787,0.2679483764694662,1.0,0.5013550835914884,0.41028342237955406,0.1971198165848172,0.45116093726858664
518,0.49412208140749897,0.4314238248462162,0.5337838733375209,0.5034540610610055,0.37886016920985327,0.5092240559069776,0.564867900854485,0.47492999159938903,0.3348244622701997,0.5721095897597273,0.3736055899883102,0.17858768938408598,0.8409330577949823,0.40088792631817183,0.36263786275400883,0.30681398814301625,0.27714833299095865,0.5842415585608982,0.5237014346887363,0.4107478377803878,0.4737924816727436,0.3844687242827787,0.5165736904059173,0.2497489062169344,0.7014814536033009,0.5404887733018271,0.6367177348102167,0.1715270262597448,0.546156360941417,0.6482071534036095,0.40659028003657954,0.4103764985488182,0.6265954600258172,0.3846398513265574,0.5266686984213288,0.5269714559409913,0.6245064409626855,0.5982990038310305,0.4584653126568025,0.5493069020502689,0.22890973603891338,0.5916503161374873,0.6167436273052521,0.1834664126094696,0.48502128097838115,0.4476354249730964,0.44046722145337835,0.3774102733745016,0.6209504000019015,0.4631258005012498,0.6100593061984596,0.5809777464645716,0.3662312239028269,0.3864506141637285,0.6359599929187705,0.5650977440233247,0.616884603362572,0.409939360013251,0.36384365200495106,0.47142671971762395,0.6833915213208286,0.3615099513704301,0.5911767474716488,0.3461535736156028,0.5316397897303917,0.5030635345145498,0.4949569117419806,0.49231637314180937,0.3629836095287725,0.4496990288492293,0.4408422158668933,0.4205131088170873,0.7005658843979319,0.42956834956431295,0.44707304191298214,0.5450947546257758,0.4629080141820816,0.4774759731068723,0.6770666950201589,0.5135323550890081,0.48619889276312617,0.6190685148637588,0.35528491554427205,0.8054286034939886,0.5680513424543272,0.32692480179132355,0.6802651122738137,0.4829868932903348,0.5104332553605551,0.6635766426007474,0.4373553524784408,0.591045474952382,0.5308031056355978,0.579027108831592,0.46040796008101015,0.4426511797964001,0.5105197771928816,0.7512604103459544,0.5537741601943745,0.5615462961988085,0.42118370688360907,0.5627108609546123,0.5290213938312774,0.4185742463549795,0.35012475348633937,0.49014831149614857,0.39118417564116414,0.4738868883790042,0.5296545964085893,0.4050936985751573,0.7775382900359828,0.5698053179775545,0.4311190961468527,0.44980852837599905,0.5766408798733195,0.5796509454511197,0.6082567659507028,0.44701501900747,0.16110013017420138,0.578274710802704,0.7791672175405974,0.7000593089035387,0.47386972555426876,0.518598927120823,0.3061658664736722,0.5631504499692523,0.7337228904231377,0.5621969432530318,0.28035333624240355,0.2706392831043332,0.6795160009703922,0.41354071371106826,0.6939401586868786,0.26892568491110463,0.10879497356793316,0.22122918288155743,0.39341930535601854,0.6392543345010454,0.22250163989741656,0.34810489940037626,0.3962144997212666,0.3428399527266116,0.35398814824672853,0.39441436721004064,0.5871854261509024,0.571502263440198,0.3389584171327745,0.3425325136684551,0.4163628310395865,0.2564640612109445,0.44161345482303416,0.37784163640653234,0.6159507261651649,0.2483844158355687,0.8020355404942912,0.41471489247258064,0.6586682659963119,0.4583093846332926,0.5406416858057601,0.35979215134238285,0.3694592476496411,0.5013550835914884,1.0,0.3192843158717379,0.2679212945191322,0.37553881560658386
521,0.3835838615829931,0.4232488003107747,0.1739475675160764,0.3825987772606746,0.45663033206042725,0.242881307992507,0.25786389639066826,0.23957703863429852,0.4913570823029958,0.27998832086694503,0.7043363516532892,0.4802562967221,0.22082184691313891,0.5252331408567819,0.5895506243025406,0.47005216452168735,0.8899954561453624,0.09483679694358577,0.13286607064148043,0.5173199632269104,0.33247603651864943,0.2884448365223285,0.37030702341914834,0.7077015626085474,0.4984713231792893,0.2937686363765443,0.3547965531912616,0.4924523189733083,0.4858887350427027,0.3077033868859716,0.631111476629474,0.5705270449834766,0.2599607715685203,0.7504710312091822,0.3594924270976542,0.20864133664826673,0.2604531297983439,0.19715335694851577,0.45885654769076334,0.16561168132659315,0.6852904919884202,0.2867774463669839,0.4632981016341456,0.6103274304634019,0.39019143573223536,0.5342953360775125,0.41073618235671405,0.2132285686689755,0.3090864497640157,0.4363479314418121,0.37789201040164394,0.25827618612874065,0.5934433450636685,0.33405697860961747,0.25320211375031393,0.40554020837743343,0.42398759600406843,0.8119044428687273,0.5678756941355613,0.5201585946413421,0.21565094493831904,0.5478027679145124,0.15500345298191634,0.5130696085336198,0.35208511517853114,0.1815186826309893,0.36608145360311906,0.4097093467748066,0.6329714197725491,0.4875780335849475,0.566669984657688,0.5626334448316097,0.17558426927671805,0.3995706678746521,0.5539593768170727,0.1576816683532673,0.5184476243890666,0.35001555960027614,0.31477007752078456,0.14129610083666716,0.26865409440101484,0.4576598916345597,0.7724377331725492,0.28856467645102074,0.4249289528346917,0.35570748510789907,0.3187431853064692,0.5598723048863524,0.12629292186154994,0.41620312224889333,0.41237211914946337,0.3195009524422905,0.20051675149413084,0.16870248343570313,0.18456478593370634,0.21085261780862669,0.42734331879998283,0.25623177219622495,0.13641115666755071,0.18689918856827015,0.724642853992758,0.26182787678929104,0.2373776652434138,0.21732778101905104,0.42254308982014466,0.20360377308704697,0.46418110292428255,0.18114348796716828,0.5710553678790549,0.5112754606763937,0.322579935529933,0.24608957705665013,0.7317704582361386,0.5749858213184589,0.4615462765299913,0.32083381184189763,0.1478963725059376,0.38403020570012947,0.4989676847138785,0.048440056006447525,0.32198043087261713,0.4496126458547467,0.4709770312667665,0.2542259127636233,0.48155757433243485,0.5668991183924882,0.16518311394904117,0.4256502559466474,0.5216715968551698,0.8487799425617525,0.27705965311190756,0.659242959360796,0.44945147158849375,0.6930104679794956,0.6445667611346988,0.7501966038055501,0.7252593108970986,0.25091107983757543,0.8225712743521231,0.688647038447815,0.32922301491821027,0.5586207541620235,0.5989786311109666,0.7610833065931173,0.33013232523289926,0.357730356365227,0.6560726842304525,0.5919499350965276,0.38548856714363133,0.7905692277276459,0.42377685143209176,0.5379381827501434,0.21190950740672537,0.6832087579081166,0.3095664582007164,0.4941447403862712,0.19418350329155798,0.3639852803734492,0.4135437356739057,0.7938997094271516,0.8191753544307427,0.41028342237955406,0.3192843158717379,1.0,0.7015689620936648,0.5048702119122426
523,0.3246202121239848,0.4350798290429651,0.21734907565415046,0.28903410266469237,0.41817501167943627,0.265665744025839,0.15437428643646592,0.128329705622544,0.32507341561168707,0.2159917484780718,0.6240459753173482,0.5045769144219618,0.16350420106843278,0.4450401869012778,0.6107293533643863,0.3896008380507935,0.7005032486261277,0.14300681893924289,0.16294532320626004,0.4239856546684161,0.24040667232632296,0.24726969856318448,0.29493365510323677,0.77982615025618,0.4250892911445779,0.287909802338584,0.3696073216250132,0.5081491150632496,0.2860939748918624,0.3472703499939797,0.5751673545643687,0.7178462863813309,0.24942349328037683,0.7085359688149392,0.46445216081840845,0.15502109232308842,0.19368723732289633,0.2453863437955222,0.5625378097795171,0.16909892739732885,0.7594526078897633,0.22283043718134832,0.3527432529373201,0.645366064231269,0.2917043769413401,0.3974233838965372,0.4298377604078082,0.24121008536454805,0.3459237062012074,0.23325956923113167,0.4597493147840712,0.4043674433628033,0.6265462853923384,0.5086481408794843,0.25839684691966314,0.3166667776900698,0.28567840313487186,0.7427971943426765,0.5389732922598356,0.4598427066885361,0.18978224331574248,0.6773489170439891,0.23257121673408654,0.47817080271126444,0.3024923128609278,0.11415307486785475,0.25778065899941943,0.29327690331166045,0.6485449880116159,0.444590302943712,0.6163971846860112,0.4500675929905894,0.18956432536039428,0.3085364387352333,0.5520216602815473,0.22024284835038943,0.6707570358513593,0.2662034379280435,0.30811506313061454,0.2253349517806074,0.18522666820586703,0.3355147792767895,0.7135408723641976,0.3131835155473513,0.3478594194641914,0.5987012716237698,0.3420523806460676,0.4122252847347183,0.20756327360010046,0.44388018453390465,0.4880318404486607,0.3296392858136339,0.15776706006650787,0.2605824049431751,0.17542406559357826,0.37018548028614373,0.5456219931031325,0.2643778528318362,0.23356077660725916,0.18109118395205145,0.7091483010763232,0.1713431795063522,0.12556047552436309,0.32956685374197087,0.4433374739035981,0.23656416341354064,0.6693347125245557,0.14230059400065065,0.4949552897306664,0.6075985703713718,0.2667166315369054,0.3351339866473806,0.6666742540048703,0.4717396155385829,0.54192674194964,0.3033700777362538,0.22695793642252465,0.5630343308459181,0.5730287461824393,0.14865007558452487,0.27724689426989824,0.4513091015797892,0.40845121847400734,0.1885444537673042,0.49359712121398114,0.6690077776887249,0.17270034302023785,0.3068615218111112,0.607451877531314,0.7285487937198023,0.27309692158561005,0.6082435595566973,0.25161325048353994,0.6472738175014863,0.6517122885385023,0.7209358032091142,0.5828644485566804,0.21493396821161923,0.8253672244369487,0.455157682761265,0.32058022628938654,0.6092532021687722,0.7108066977306753,0.6436357857811361,0.16446710085038863,0.2449490811496406,0.6463637370509397,0.6809894642912073,0.5562681414205133,0.6475392294946496,0.31032819626249086,0.31695764625567757,0.24613484876587283,0.6804695491460961,0.25301595124150034,0.4733222128211405,0.2823004945623116,0.47569636697352685,0.2551827952761916,0.7350312020671003,0.7958956992259008,0.1971198165848172,0.2679212945191322,0.7015689620936648,1.0,0.5111375919622041
526,0.40664890252914127,0.4396241359090153,0.2855434650767289,0.4043410401887234,0.4586803628543216,0.5514258361859431,0.6027670183959117,0.47371546411867715,0.35552297647616943,0.2557103299368905,0.3876437253024958,0.4681905578938511,0.27136729180608893,0.5517305456979351,0.35807889795374526,0.4445285638515493,0.5157434876149194,0.3587232268777019,0.3125384666131807,0.27865775206150284,0.3330659045020914,0.5678848120790703,0.36121136026986633,0.5472461138437786,0.3622171634618574,0.4528092140182873,0.3469581900673053,0.6825633993675058,0.5139901751776637,0.3512081412436647,0.6498351487596473,0.48175562575306136,0.40325159901190993,0.6952269490502558,0.5824291786828842,0.2950930685193355,0.2926010383358433,0.5081923824062786,0.33265875234992176,0.3302929491319735,0.520171878438134,0.3701576886599233,0.2787947796413775,0.6880123607020577,0.28724664761649665,0.577106321694405,0.3787477241134527,0.5592322158808073,0.5864710948795917,0.32635058925913196,0.6213017566380215,0.38718441450925056,0.46336438488030607,0.5234993494344848,0.44517562530662413,0.290313335564977,0.19699986874532754,0.4271238769242667,0.42039981353934436,0.47893068981343456,0.20925127959984804,0.6491023205923494,0.5037095422817555,0.47535540845054847,0.41505981561496663,0.4651729464564517,0.3592107314704982,0.6001872273381355,0.5138126163694274,0.3803499272335219,0.39101597258288046,0.49730696791109325,0.49094727881674705,0.6732523233520813,0.4518863700295582,0.3473943602832552,0.4437918336871701,0.3469156028946428,0.2507293301241613,0.36153340353184266,0.4894886290743735,0.5654451114298693,0.6152058974116352,0.36269292673288883,0.4428834172500402,0.5267788963216742,0.3986195141803923,0.5394837325222874,0.35861265168863155,0.4740055468496555,0.5506513916273026,0.2926025793985967,0.46665789908191935,0.4856413154588419,0.5270727182105808,0.4588623169915509,0.42039633203168675,0.3813029856626267,0.3817304986923773,0.37904257512645556,0.4904590723042263,0.3075190624742072,0.6031281584871808,0.4372741131620097,0.5803801545918117,0.2907790094968791,0.6680815884695125,0.3781882798595053,0.5816226021429893,0.4342469931619557,0.27361266361816494,0.3260583663496949,0.6241141540840263,0.6384481281717007,0.3632701213046458,0.41398112350273886,0.49673280221349936,0.6589057805347667,0.6293567045035432,0.4040331494301021,0.371456517655611,0.3991881615787937,0.4288909910586073,0.4577694614710995,0.49114716099501077,0.5146672879169361,0.24248997802706782,0.3901306001928967,0.4680954634950915,0.5630947634709889,0.2427619631119935,0.31873952399908395,0.23656017166519655,0.41023482133501743,0.5566288191126212,0.5209846418065369,0.4914452823791302,0.2687641228662495,0.5187456015768515,0.5240693207479402,0.4231153524862413,0.5413177153120259,0.5467414878550674,0.6330155066392433,0.3297006211843533,0.33659714169622507,0.32857065879981295,0.4717187904341821,0.5383950947975381,0.6319867826804515,0.3908578868212763,0.30181214563721814,0.2354143476288307,0.5720277438723715,0.3634589015452677,0.43476529420058996,0.5303582920880339,0.5353616675517164,0.5959811796417969,0.6673555229196343,0.4624260309219024,0.45116093726858664,0.37553881560658386,0.5048702119122426,0.5111375919622041,1.0
